Nr odczytu;Data czas;Energia;T zewn.;V wiatr;Wilg.;Zachm;Dlug. dnia;Typ dnia;Pora roku;

-;czas;kWh;'C;m/s;%;oktan;godz.;-;-;

1;2015.09.01 00:00:00;0,000;0,000;0,000;0,000;0,000;13,750;1,000;3,000;

2;2015.09.01 01:00:00;0,000;0,000;0,000;0,000;0,000;13,750;1,000;3,000;

3;2015.09.01 02:00:00;0,000;0,000;0,000;0,000;0,000;13,750;1,000;3,000;

4;2015.09.01 03:00:00;0,000;0,000;0,000;0,000;0,000;13,750;1,000;3,000;

5;2015.09.01 04:00:00;0,000;0,000;0,000;0,000;0,000;13,750;1,000;3,000;

6;2015.09.01 05:00:00;0,000;0,000;0,000;0,000;0,000;13,750;1,000;3,000;

7;2015.09.01 06:00:00;0,000;0,000;0,000;0,000;0,000;13,750;1,000;3,000;

8;2015.09.01 07:00:00;0,000;0,000;0,000;0,000;0,000;13,750;1,000;3,000;

9;2015.09.01 08:00:00;0,000;0,000;0,000;0,000;0,000;13,750;1,000;3,000;

10;2015.09.01 09:00:00;0,000;0,000;0,000;0,000;0,000;13,750;1,000;3,000;

11;2015.09.01 10:00:00;0,000;0,000;0,000;0,000;0,000;13,750;1,000;3,000;

12;2015.09.01 11:00:00;0,000;0,000;0,000;0,000;0,000;13,750;1,000;3,000;

13;2015.09.01 12:00:00;0,000;0,000;0,000;0,000;0,000;13,750;1,000;3,000;

14;2015.09.01 13:00:00;0,000;0,000;0,000;0,000;0,000;13,750;1,000;3,000;

15;2015.09.01 14:00:00;0,000;0,000;0,000;0,000;0,000;13,750;1,000;3,000;

16;2015.09.01 15:00:00;0,000;0,000;0,000;0,000;0,000;13,750;1,000;3,000;

17;2015.09.01 16:00:00;0,000;0,000;0,000;0,000;0,000;13,750;1,000;3,000;

18;2015.09.01 17:00:00;0,000;0,000;0,000;0,000;0,000;13,750;1,000;3,000;

19;2015.09.01 18:00:00;0,000;0,000;0,000;0,000;0,000;13,750;1,000;3,000;

20;2015.09.01 19:00:00;0,000;0,000;0,000;0,000;0,000;13,750;1,000;3,000;

21;2015.09.01 20:00:00;0,000;0,000;0,000;0,000;0,000;13,750;1,000;3,000;

22;2015.09.01 21:00:00;0,000;0,000;0,000;0,000;0,000;13,750;1,000;3,000;

23;2015.09.01 22:00:00;0,000;0,000;0,000;0,000;0,000;13,750;1,000;3,000;

24;2015.09.01 23:00:00;0,000;0,000;0,000;0,000;0,000;13,750;1,000;3,000;

25;2015.09.02 00:00:00;0,000;0,000;0,000;0,000;0,000;13,683;1,000;3,000;

26;2015.09.02 01:00:00;0,000;0,000;0,000;0,000;0,000;13,683;1,000;3,000;

27;2015.09.02 02:00:00;0,000;0,000;0,000;0,000;0,000;13,683;1,000;3,000;

28;2015.09.02 03:00:00;0,000;0,000;0,000;0,000;0,000;13,683;1,000;3,000;

29;2015.09.02 04:00:00;0,000;0,000;0,000;0,000;0,000;13,683;1,000;3,000;

30;2015.09.02 05:00:00;0,000;0,000;0,000;0,000;0,000;13,683;1,000;3,000;

31;2015.09.02 06:00:00;0,000;0,000;0,000;0,000;0,000;13,683;1,000;3,000;

32;2015.09.02 07:00:00;0,000;0,000;0,000;0,000;0,000;13,683;1,000;3,000;

33;2015.09.02 08:00:00;0,000;0,000;0,000;0,000;0,000;13,683;1,000;3,000;

34;2015.09.02 09:00:00;0,000;0,000;0,000;0,000;0,000;13,683;1,000;3,000;

35;2015.09.02 10:00:00;0,000;0,000;0,000;0,000;0,000;13,683;1,000;3,000;

36;2015.09.02 11:00:00;0,000;0,000;0,000;0,000;0,000;13,683;1,000;3,000;

37;2015.09.02 12:00:00;0,000;0,000;0,000;0,000;0,000;13,683;1,000;3,000;

38;2015.09.02 13:00:00;0,000;0,000;0,000;0,000;0,000;13,683;1,000;3,000;

39;2015.09.02 14:00:00;0,000;0,000;0,000;0,000;0,000;13,683;1,000;3,000;

40;2015.09.02 15:00:00;0,000;0,000;0,000;0,000;0,000;13,683;1,000;3,000;

41;2015.09.02 16:00:00;0,000;0,000;0,000;0,000;0,000;13,683;1,000;3,000;

42;2015.09.02 17:00:00;0,000;0,000;0,000;0,000;0,000;13,683;1,000;3,000;

43;2015.09.02 18:00:00;0,000;0,000;0,000;0,000;0,000;13,683;1,000;3,000;

44;2015.09.02 19:00:00;0,000;0,000;0,000;0,000;0,000;13,683;1,000;3,000;

45;2015.09.02 20:00:00;0,000;0,000;0,000;0,000;0,000;13,683;1,000;3,000;

46;2015.09.02 21:00:00;0,000;0,000;0,000;0,000;0,000;13,683;1,000;3,000;

47;2015.09.02 22:00:00;0,000;0,000;0,000;0,000;0,000;13,683;1,000;3,000;

48;2015.09.02 23:00:00;0,000;0,000;0,000;0,000;0,000;13,683;1,000;3,000;

49;2015.09.03 00:00:00;0,000;0,000;0,000;0,000;0,000;13,617;1,000;3,000;

50;2015.09.03 01:00:00;0,000;0,000;0,000;0,000;0,000;13,617;1,000;3,000;

51;2015.09.03 02:00:00;0,000;0,000;0,000;0,000;0,000;13,617;1,000;3,000;

52;2015.09.03 03:00:00;0,000;0,000;0,000;0,000;0,000;13,617;1,000;3,000;

53;2015.09.03 04:00:00;0,000;0,000;0,000;0,000;0,000;13,617;1,000;3,000;

54;2015.09.03 05:00:00;0,000;0,000;0,000;0,000;0,000;13,617;1,000;3,000;

55;2015.09.03 06:00:00;0,000;0,000;0,000;0,000;0,000;13,617;1,000;3,000;

56;2015.09.03 07:00:00;0,000;0,000;0,000;0,000;0,000;13,617;1,000;3,000;

57;2015.09.03 08:00:00;0,000;0,000;0,000;0,000;0,000;13,617;1,000;3,000;

58;2015.09.03 09:00:00;0,000;0,000;0,000;0,000;0,000;13,617;1,000;3,000;

59;2015.09.03 10:00:00;0,000;0,000;0,000;0,000;0,000;13,617;1,000;3,000;

60;2015.09.03 11:00:00;0,000;0,000;0,000;0,000;0,000;13,617;1,000;3,000;

61;2015.09.03 12:00:00;0,000;0,000;0,000;0,000;0,000;13,617;1,000;3,000;

62;2015.09.03 13:00:00;0,000;0,000;0,000;0,000;0,000;13,617;1,000;3,000;

63;2015.09.03 14:00:00;0,000;0,000;0,000;0,000;0,000;13,617;1,000;3,000;

64;2015.09.03 15:00:00;0,000;0,000;0,000;0,000;0,000;13,617;1,000;3,000;

65;2015.09.03 16:00:00;0,000;0,000;0,000;0,000;0,000;13,617;1,000;3,000;

66;2015.09.03 17:00:00;0,000;0,000;0,000;0,000;0,000;13,617;1,000;3,000;

67;2015.09.03 18:00:00;0,000;0,000;0,000;0,000;0,000;13,617;1,000;3,000;

68;2015.09.03 19:00:00;0,000;0,000;0,000;0,000;0,000;13,617;1,000;3,000;

69;2015.09.03 20:00:00;0,000;0,000;0,000;0,000;0,000;13,617;1,000;3,000;

70;2015.09.03 21:00:00;0,000;0,000;0,000;0,000;0,000;13,617;1,000;3,000;

71;2015.09.03 22:00:00;0,000;0,000;0,000;0,000;0,000;13,617;1,000;3,000;

72;2015.09.03 23:00:00;0,000;0,000;0,000;0,000;0,000;13,617;1,000;3,000;

73;2015.09.04 00:00:00;0,000;0,000;0,000;0,000;0,000;13,533;2,000;3,000;

74;2015.09.04 01:00:00;0,000;0,000;0,000;0,000;0,000;13,533;2,000;3,000;

75;2015.09.04 02:00:00;0,000;0,000;0,000;0,000;0,000;13,533;2,000;3,000;

76;2015.09.04 03:00:00;0,000;0,000;0,000;0,000;0,000;13,533;2,000;3,000;

77;2015.09.04 04:00:00;0,000;0,000;0,000;0,000;0,000;13,533;2,000;3,000;

78;2015.09.04 05:00:00;0,000;0,000;0,000;0,000;0,000;13,533;2,000;3,000;

79;2015.09.04 06:00:00;0,000;0,000;0,000;0,000;0,000;13,533;2,000;3,000;

80;2015.09.04 07:00:00;0,000;0,000;0,000;0,000;0,000;13,533;2,000;3,000;

81;2015.09.04 08:00:00;0,000;0,000;0,000;0,000;0,000;13,533;2,000;3,000;

82;2015.09.04 09:00:00;0,000;0,000;0,000;0,000;0,000;13,533;2,000;3,000;

83;2015.09.04 10:00:00;0,000;0,000;0,000;0,000;0,000;13,533;2,000;3,000;

84;2015.09.04 11:00:00;0,000;0,000;0,000;0,000;0,000;13,533;2,000;3,000;

85;2015.09.04 12:00:00;0,000;0,000;0,000;0,000;0,000;13,533;2,000;3,000;

86;2015.09.04 13:00:00;0,000;0,000;0,000;0,000;0,000;13,533;2,000;3,000;

87;2015.09.04 14:00:00;0,000;0,000;0,000;0,000;0,000;13,533;2,000;3,000;

88;2015.09.04 15:00:00;0,000;0,000;0,000;0,000;0,000;13,533;2,000;3,000;

89;2015.09.04 16:00:00;0,000;0,000;0,000;0,000;0,000;13,533;2,000;3,000;

90;2015.09.04 17:00:00;0,000;0,000;0,000;0,000;0,000;13,533;2,000;3,000;

91;2015.09.04 18:00:00;0,000;0,000;0,000;0,000;0,000;13,533;2,000;3,000;

92;2015.09.04 19:00:00;0,000;0,000;0,000;0,000;0,000;13,533;2,000;3,000;

93;2015.09.04 20:00:00;0,000;0,000;0,000;0,000;0,000;13,533;2,000;3,000;

94;2015.09.04 21:00:00;0,000;0,000;0,000;0,000;0,000;13,533;2,000;3,000;

95;2015.09.04 22:00:00;0,000;0,000;0,000;0,000;0,000;13,533;2,000;3,000;

96;2015.09.04 23:00:00;0,000;0,000;0,000;0,000;0,000;13,533;2,000;3,000;

97;2015.09.05 00:00:00;0,000;0,000;0,000;0,000;0,000;13,483;3,000;3,000;

98;2015.09.05 01:00:00;0,000;0,000;0,000;0,000;0,000;13,483;3,000;3,000;

99;2015.09.05 02:00:00;0,000;0,000;0,000;0,000;0,000;13,483;3,000;3,000;

100;2015.09.05 03:00:00;0,000;0,000;0,000;0,000;0,000;13,483;3,000;3,000;

101;2015.09.05 04:00:00;0,000;0,000;0,000;0,000;0,000;13,483;3,000;3,000;

102;2015.09.05 05:00:00;0,000;0,000;0,000;0,000;0,000;13,483;3,000;3,000;

103;2015.09.05 06:00:00;0,000;0,000;0,000;0,000;0,000;13,483;3,000;3,000;

104;2015.09.05 07:00:00;0,000;0,000;0,000;0,000;0,000;13,483;3,000;3,000;

105;2015.09.05 08:00:00;0,000;0,000;0,000;0,000;0,000;13,483;3,000;3,000;

106;2015.09.05 09:00:00;0,000;0,000;0,000;0,000;0,000;13,483;3,000;3,000;

107;2015.09.05 10:00:00;0,000;0,000;0,000;0,000;0,000;13,483;3,000;3,000;

108;2015.09.05 11:00:00;0,000;0,000;0,000;0,000;0,000;13,483;3,000;3,000;

109;2015.09.05 12:00:00;0,000;0,000;0,000;0,000;0,000;13,483;3,000;3,000;

110;2015.09.05 13:00:00;0,000;0,000;0,000;0,000;0,000;13,483;3,000;3,000;

111;2015.09.05 14:00:00;0,000;0,000;0,000;0,000;0,000;13,483;3,000;3,000;

112;2015.09.05 15:00:00;0,000;0,000;0,000;0,000;0,000;13,483;3,000;3,000;

113;2015.09.05 16:00:00;0,000;0,000;0,000;0,000;0,000;13,483;3,000;3,000;

114;2015.09.05 17:00:00;0,000;0,000;0,000;0,000;0,000;13,483;3,000;3,000;

115;2015.09.05 18:00:00;0,000;0,000;0,000;0,000;0,000;13,483;3,000;3,000;

116;2015.09.05 19:00:00;0,000;0,000;0,000;0,000;0,000;13,483;3,000;3,000;

117;2015.09.05 20:00:00;0,000;0,000;0,000;0,000;0,000;13,483;3,000;3,000;

118;2015.09.05 21:00:00;0,000;0,000;0,000;0,000;0,000;13,483;3,000;3,000;

119;2015.09.05 22:00:00;0,000;0,000;0,000;0,000;0,000;13,483;3,000;3,000;

120;2015.09.05 23:00:00;0,000;0,000;0,000;0,000;0,000;13,483;3,000;3,000;

121;2015.09.06 00:00:00;0,000;0,000;0,000;0,000;0,000;13,400;4,000;3,000;

122;2015.09.06 01:00:00;0,000;0,000;0,000;0,000;0,000;13,400;4,000;3,000;

123;2015.09.06 02:00:00;0,000;0,000;0,000;0,000;0,000;13,400;4,000;3,000;

124;2015.09.06 03:00:00;0,000;0,000;0,000;0,000;0,000;13,400;4,000;3,000;

125;2015.09.06 04:00:00;0,000;0,000;0,000;0,000;0,000;13,400;4,000;3,000;

126;2015.09.06 05:00:00;0,000;0,000;0,000;0,000;0,000;13,400;4,000;3,000;

127;2015.09.06 06:00:00;0,000;0,000;0,000;0,000;0,000;13,400;4,000;3,000;

128;2015.09.06 07:00:00;0,000;0,000;0,000;0,000;0,000;13,400;4,000;3,000;

129;2015.09.06 08:00:00;0,000;0,000;0,000;0,000;0,000;13,400;4,000;3,000;

130;2015.09.06 09:00:00;0,000;0,000;0,000;0,000;0,000;13,400;4,000;3,000;

131;2015.09.06 10:00:00;0,000;0,000;0,000;0,000;0,000;13,400;4,000;3,000;

132;2015.09.06 11:00:00;0,000;0,000;0,000;0,000;0,000;13,400;4,000;3,000;

133;2015.09.06 12:00:00;0,000;0,000;0,000;0,000;0,000;13,400;4,000;3,000;

134;2015.09.06 13:00:00;0,000;0,000;0,000;0,000;0,000;13,400;4,000;3,000;

135;2015.09.06 14:00:00;0,000;0,000;0,000;0,000;0,000;13,400;4,000;3,000;

136;2015.09.06 15:00:00;0,000;0,000;0,000;0,000;0,000;13,400;4,000;3,000;

137;2015.09.06 16:00:00;0,000;0,000;0,000;0,000;0,000;13,400;4,000;3,000;

138;2015.09.06 17:00:00;0,000;0,000;0,000;0,000;0,000;13,400;4,000;3,000;

139;2015.09.06 18:00:00;0,000;0,000;0,000;0,000;0,000;13,400;4,000;3,000;

140;2015.09.06 19:00:00;0,000;0,000;0,000;0,000;0,000;13,400;4,000;3,000;

141;2015.09.06 20:00:00;0,000;0,000;0,000;0,000;0,000;13,400;4,000;3,000;

142;2015.09.06 21:00:00;0,000;0,000;0,000;0,000;0,000;13,400;4,000;3,000;

143;2015.09.06 22:00:00;0,000;0,000;0,000;0,000;0,000;13,400;4,000;3,000;

144;2015.09.06 23:00:00;0,000;0,000;0,000;0,000;0,000;13,400;4,000;3,000;

145;2015.09.07 00:00:00;0,000;0,000;0,000;0,000;0,000;13,333;1,000;3,000;

146;2015.09.07 01:00:00;0,000;0,000;0,000;0,000;0,000;13,333;1,000;3,000;

147;2015.09.07 02:00:00;0,000;0,000;0,000;0,000;0,000;13,333;1,000;3,000;

148;2015.09.07 03:00:00;0,000;0,000;0,000;0,000;0,000;13,333;1,000;3,000;

149;2015.09.07 04:00:00;0,000;0,000;0,000;0,000;0,000;13,333;1,000;3,000;

150;2015.09.07 05:00:00;0,000;0,000;0,000;0,000;0,000;13,333;1,000;3,000;

151;2015.09.07 06:00:00;0,000;0,000;0,000;0,000;0,000;13,333;1,000;3,000;

152;2015.09.07 07:00:00;0,000;0,000;0,000;0,000;0,000;13,333;1,000;3,000;

153;2015.09.07 08:00:00;0,000;0,000;0,000;0,000;0,000;13,333;1,000;3,000;

154;2015.09.07 09:00:00;0,000;0,000;0,000;0,000;0,000;13,333;1,000;3,000;

155;2015.09.07 10:00:00;0,000;0,000;0,000;0,000;0,000;13,333;1,000;3,000;

156;2015.09.07 11:00:00;0,000;0,000;0,000;0,000;0,000;13,333;1,000;3,000;

157;2015.09.07 12:00:00;0,000;0,000;0,000;0,000;0,000;13,333;1,000;3,000;

158;2015.09.07 13:00:00;0,000;0,000;0,000;0,000;0,000;13,333;1,000;3,000;

159;2015.09.07 14:00:00;0,000;0,000;0,000;0,000;0,000;13,333;1,000;3,000;

160;2015.09.07 15:00:00;0,000;0,000;0,000;0,000;0,000;13,333;1,000;3,000;

161;2015.09.07 16:00:00;0,000;0,000;0,000;0,000;0,000;13,333;1,000;3,000;

162;2015.09.07 17:00:00;0,000;0,000;0,000;0,000;0,000;13,333;1,000;3,000;

163;2015.09.07 18:00:00;0,000;0,000;0,000;0,000;0,000;13,333;1,000;3,000;

164;2015.09.07 19:00:00;0,000;0,000;0,000;0,000;0,000;13,333;1,000;3,000;

165;2015.09.07 20:00:00;0,000;0,000;0,000;0,000;0,000;13,333;1,000;3,000;

166;2015.09.07 21:00:00;0,000;0,000;0,000;0,000;0,000;13,333;1,000;3,000;

167;2015.09.07 22:00:00;0,000;0,000;0,000;0,000;0,000;13,333;1,000;3,000;

168;2015.09.07 23:00:00;0,000;0,000;0,000;0,000;0,000;13,333;1,000;3,000;

169;2015.09.08 00:00:00;0,000;0,000;0,000;0,000;0,000;13,250;1,000;3,000;

170;2015.09.08 01:00:00;0,000;0,000;0,000;0,000;0,000;13,250;1,000;3,000;

171;2015.09.08 02:00:00;0,000;0,000;0,000;0,000;0,000;13,250;1,000;3,000;

172;2015.09.08 03:00:00;0,000;0,000;0,000;0,000;0,000;13,250;1,000;3,000;

173;2015.09.08 04:00:00;0,000;0,000;0,000;0,000;0,000;13,250;1,000;3,000;

174;2015.09.08 05:00:00;0,000;0,000;0,000;0,000;0,000;13,250;1,000;3,000;

175;2015.09.08 06:00:00;0,000;0,000;0,000;0,000;0,000;13,250;1,000;3,000;

176;2015.09.08 07:00:00;0,000;0,000;0,000;0,000;0,000;13,250;1,000;3,000;

177;2015.09.08 08:00:00;0,000;0,000;0,000;0,000;0,000;13,250;1,000;3,000;

178;2015.09.08 09:00:00;0,000;0,000;0,000;0,000;0,000;13,250;1,000;3,000;

179;2015.09.08 10:00:00;0,000;0,000;0,000;0,000;0,000;13,250;1,000;3,000;

180;2015.09.08 11:00:00;0,000;0,000;0,000;0,000;0,000;13,250;1,000;3,000;

181;2015.09.08 12:00:00;0,000;0,000;0,000;0,000;0,000;13,250;1,000;3,000;

182;2015.09.08 13:00:00;0,000;0,000;0,000;0,000;0,000;13,250;1,000;3,000;

183;2015.09.08 14:00:00;0,000;0,000;0,000;0,000;0,000;13,250;1,000;3,000;

184;2015.09.08 15:00:00;0,000;0,000;0,000;0,000;0,000;13,250;1,000;3,000;

185;2015.09.08 16:00:00;0,000;0,000;0,000;0,000;0,000;13,250;1,000;3,000;

186;2015.09.08 17:00:00;0,000;0,000;0,000;0,000;0,000;13,250;1,000;3,000;

187;2015.09.08 18:00:00;0,000;0,000;0,000;0,000;0,000;13,250;1,000;3,000;

188;2015.09.08 19:00:00;0,000;0,000;0,000;0,000;0,000;13,250;1,000;3,000;

189;2015.09.08 20:00:00;0,000;0,000;0,000;0,000;0,000;13,250;1,000;3,000;

190;2015.09.08 21:00:00;0,000;0,000;0,000;0,000;0,000;13,250;1,000;3,000;

191;2015.09.08 22:00:00;0,000;0,000;0,000;0,000;0,000;13,250;1,000;3,000;

192;2015.09.08 23:00:00;0,000;0,000;0,000;0,000;0,000;13,250;1,000;3,000;

193;2015.09.09 00:00:00;0,000;0,000;0,000;0,000;0,000;13,183;1,000;3,000;

194;2015.09.09 01:00:00;0,000;0,000;0,000;0,000;0,000;13,183;1,000;3,000;

195;2015.09.09 02:00:00;0,000;0,000;0,000;0,000;0,000;13,183;1,000;3,000;

196;2015.09.09 03:00:00;0,000;0,000;0,000;0,000;0,000;13,183;1,000;3,000;

197;2015.09.09 04:00:00;0,000;0,000;0,000;0,000;0,000;13,183;1,000;3,000;

198;2015.09.09 05:00:00;0,000;0,000;0,000;0,000;0,000;13,183;1,000;3,000;

199;2015.09.09 06:00:00;0,000;0,000;0,000;0,000;0,000;13,183;1,000;3,000;

200;2015.09.09 07:00:00;0,000;0,000;0,000;0,000;0,000;13,183;1,000;3,000;

201;2015.09.09 08:00:00;0,000;0,000;0,000;0,000;0,000;13,183;1,000;3,000;

202;2015.09.09 09:00:00;0,000;0,000;0,000;0,000;0,000;13,183;1,000;3,000;

203;2015.09.09 10:00:00;0,000;0,000;0,000;0,000;0,000;13,183;1,000;3,000;

204;2015.09.09 11:00:00;0,000;0,000;0,000;0,000;0,000;13,183;1,000;3,000;

205;2015.09.09 12:00:00;0,000;0,000;0,000;0,000;0,000;13,183;1,000;3,000;

206;2015.09.09 13:00:00;0,000;0,000;0,000;0,000;0,000;13,183;1,000;3,000;

207;2015.09.09 14:00:00;0,000;0,000;0,000;0,000;0,000;13,183;1,000;3,000;

208;2015.09.09 15:00:00;0,000;0,000;0,000;0,000;0,000;13,183;1,000;3,000;

209;2015.09.09 16:00:00;0,000;0,000;0,000;0,000;0,000;13,183;1,000;3,000;

210;2015.09.09 17:00:00;0,000;0,000;0,000;0,000;0,000;13,183;1,000;3,000;

211;2015.09.09 18:00:00;0,000;0,000;0,000;0,000;0,000;13,183;1,000;3,000;

212;2015.09.09 19:00:00;0,000;0,000;0,000;0,000;0,000;13,183;1,000;3,000;

213;2015.09.09 20:00:00;0,000;0,000;0,000;0,000;0,000;13,183;1,000;3,000;

214;2015.09.09 21:00:00;0,000;0,000;0,000;0,000;0,000;13,183;1,000;3,000;

215;2015.09.09 22:00:00;0,000;0,000;0,000;0,000;0,000;13,183;1,000;3,000;

216;2015.09.09 23:00:00;0,000;0,000;0,000;0,000;0,000;13,183;1,000;3,000;

217;2015.09.10 00:00:00;0,000;0,000;0,000;0,000;0,000;13,117;1,000;3,000;

218;2015.09.10 01:00:00;0,000;0,000;0,000;0,000;0,000;13,117;1,000;3,000;

219;2015.09.10 02:00:00;0,000;0,000;0,000;0,000;0,000;13,117;1,000;3,000;

220;2015.09.10 03:00:00;0,000;0,000;0,000;0,000;0,000;13,117;1,000;3,000;

221;2015.09.10 04:00:00;0,000;0,000;0,000;0,000;0,000;13,117;1,000;3,000;

222;2015.09.10 05:00:00;0,000;0,000;0,000;0,000;0,000;13,117;1,000;3,000;

223;2015.09.10 06:00:00;0,000;0,000;0,000;0,000;0,000;13,117;1,000;3,000;

224;2015.09.10 07:00:00;0,000;0,000;0,000;0,000;0,000;13,117;1,000;3,000;

225;2015.09.10 08:00:00;0,000;0,000;0,000;0,000;0,000;13,117;1,000;3,000;

226;2015.09.10 09:00:00;0,000;0,000;0,000;0,000;0,000;13,117;1,000;3,000;

227;2015.09.10 10:00:00;0,000;0,000;0,000;0,000;0,000;13,117;1,000;3,000;

228;2015.09.10 11:00:00;0,000;0,000;0,000;0,000;0,000;13,117;1,000;3,000;

229;2015.09.10 12:00:00;0,000;0,000;0,000;0,000;0,000;13,117;1,000;3,000;

230;2015.09.10 13:00:00;0,000;0,000;0,000;0,000;0,000;13,117;1,000;3,000;

231;2015.09.10 14:00:00;0,000;0,000;0,000;0,000;0,000;13,117;1,000;3,000;

232;2015.09.10 15:00:00;0,000;0,000;0,000;0,000;0,000;13,117;1,000;3,000;

233;2015.09.10 16:00:00;0,000;0,000;0,000;0,000;0,000;13,117;1,000;3,000;

234;2015.09.10 17:00:00;0,000;0,000;0,000;0,000;0,000;13,117;1,000;3,000;

235;2015.09.10 18:00:00;0,000;0,000;0,000;0,000;0,000;13,117;1,000;3,000;

236;2015.09.10 19:00:00;0,000;0,000;0,000;0,000;0,000;13,117;1,000;3,000;

237;2015.09.10 20:00:00;0,000;0,000;0,000;0,000;0,000;13,117;1,000;3,000;

238;2015.09.10 21:00:00;0,000;0,000;0,000;0,000;0,000;13,117;1,000;3,000;

239;2015.09.10 22:00:00;0,000;0,000;0,000;0,000;0,000;13,117;1,000;3,000;

240;2015.09.10 23:00:00;0,000;0,000;0,000;0,000;0,000;13,117;1,000;3,000;

241;2015.09.11 00:00:00;0,000;0,000;0,000;0,000;0,000;13,050;2,000;3,000;

242;2015.09.11 01:00:00;0,000;0,000;0,000;0,000;0,000;13,050;2,000;3,000;

243;2015.09.11 02:00:00;0,000;0,000;0,000;0,000;0,000;13,050;2,000;3,000;

244;2015.09.11 03:00:00;0,000;0,000;0,000;0,000;0,000;13,050;2,000;3,000;

245;2015.09.11 04:00:00;0,000;0,000;0,000;0,000;0,000;13,050;2,000;3,000;

246;2015.09.11 05:00:00;0,000;0,000;0,000;0,000;0,000;13,050;2,000;3,000;

247;2015.09.11 06:00:00;0,000;0,000;0,000;0,000;0,000;13,050;2,000;3,000;

248;2015.09.11 07:00:00;0,000;0,000;0,000;0,000;0,000;13,050;2,000;3,000;

249;2015.09.11 08:00:00;0,000;0,000;0,000;0,000;0,000;13,050;2,000;3,000;

250;2015.09.11 09:00:00;0,000;0,000;0,000;0,000;0,000;13,050;2,000;3,000;

251;2015.09.11 10:00:00;0,000;0,000;0,000;0,000;0,000;13,050;2,000;3,000;

252;2015.09.11 11:00:00;0,000;0,000;0,000;0,000;0,000;13,050;2,000;3,000;

253;2015.09.11 12:00:00;0,000;0,000;0,000;0,000;0,000;13,050;2,000;3,000;

254;2015.09.11 13:00:00;0,000;0,000;0,000;0,000;0,000;13,050;2,000;3,000;

255;2015.09.11 14:00:00;0,000;0,000;0,000;0,000;0,000;13,050;2,000;3,000;

256;2015.09.11 15:00:00;0,000;0,000;0,000;0,000;0,000;13,050;2,000;3,000;

257;2015.09.11 16:00:00;0,000;0,000;0,000;0,000;0,000;13,050;2,000;3,000;

258;2015.09.11 17:00:00;0,000;0,000;0,000;0,000;0,000;13,050;2,000;3,000;

259;2015.09.11 18:00:00;0,000;0,000;0,000;0,000;0,000;13,050;2,000;3,000;

260;2015.09.11 19:00:00;0,000;0,000;0,000;0,000;0,000;13,050;2,000;3,000;

261;2015.09.11 20:00:00;0,000;0,000;0,000;0,000;0,000;13,050;2,000;3,000;

262;2015.09.11 21:00:00;0,000;0,000;0,000;0,000;0,000;13,050;2,000;3,000;

263;2015.09.11 22:00:00;0,000;0,000;0,000;0,000;0,000;13,050;2,000;3,000;

264;2015.09.11 23:00:00;0,000;0,000;0,000;0,000;0,000;13,050;2,000;3,000;

265;2015.09.12 00:00:00;0,000;0,000;0,000;0,000;0,000;12,967;3,000;3,000;

266;2015.09.12 01:00:00;0,000;0,000;0,000;0,000;0,000;12,967;3,000;3,000;

267;2015.09.12 02:00:00;0,000;0,000;0,000;0,000;0,000;12,967;3,000;3,000;

268;2015.09.12 03:00:00;0,000;0,000;0,000;0,000;0,000;12,967;3,000;3,000;

269;2015.09.12 04:00:00;0,000;0,000;0,000;0,000;0,000;12,967;3,000;3,000;

270;2015.09.12 05:00:00;0,000;0,000;0,000;0,000;0,000;12,967;3,000;3,000;

271;2015.09.12 06:00:00;0,000;0,000;0,000;0,000;0,000;12,967;3,000;3,000;

272;2015.09.12 07:00:00;0,000;0,000;0,000;0,000;0,000;12,967;3,000;3,000;

273;2015.09.12 08:00:00;0,000;0,000;0,000;0,000;0,000;12,967;3,000;3,000;

274;2015.09.12 09:00:00;0,000;0,000;0,000;0,000;0,000;12,967;3,000;3,000;

275;2015.09.12 10:00:00;0,000;0,000;0,000;0,000;0,000;12,967;3,000;3,000;

276;2015.09.12 11:00:00;0,000;0,000;0,000;0,000;0,000;12,967;3,000;3,000;

277;2015.09.12 12:00:00;0,000;0,000;0,000;0,000;0,000;12,967;3,000;3,000;

278;2015.09.12 13:00:00;0,000;0,000;0,000;0,000;0,000;12,967;3,000;3,000;

279;2015.09.12 14:00:00;0,000;0,000;0,000;0,000;0,000;12,967;3,000;3,000;

280;2015.09.12 15:00:00;0,000;0,000;0,000;0,000;0,000;12,967;3,000;3,000;

281;2015.09.12 16:00:00;0,000;0,000;0,000;0,000;0,000;12,967;3,000;3,000;

282;2015.09.12 17:00:00;0,000;0,000;0,000;0,000;0,000;12,967;3,000;3,000;

283;2015.09.12 18:00:00;0,000;0,000;0,000;0,000;0,000;12,967;3,000;3,000;

284;2015.09.12 19:00:00;0,000;0,000;0,000;0,000;0,000;12,967;3,000;3,000;

285;2015.09.12 20:00:00;0,000;0,000;0,000;0,000;0,000;12,967;3,000;3,000;

286;2015.09.12 21:00:00;0,000;0,000;0,000;0,000;0,000;12,967;3,000;3,000;

287;2015.09.12 22:00:00;0,000;0,000;0,000;0,000;0,000;12,967;3,000;3,000;

288;2015.09.12 23:00:00;0,000;0,000;0,000;0,000;0,000;12,967;3,000;3,000;

289;2015.09.13 00:00:00;0,000;0,000;0,000;0,000;0,000;12,900;4,000;3,000;

290;2015.09.13 01:00:00;0,000;0,000;0,000;0,000;0,000;12,900;4,000;3,000;

291;2015.09.13 02:00:00;0,000;0,000;0,000;0,000;0,000;12,900;4,000;3,000;

292;2015.09.13 03:00:00;0,000;0,000;0,000;0,000;0,000;12,900;4,000;3,000;

293;2015.09.13 04:00:00;0,000;0,000;0,000;0,000;0,000;12,900;4,000;3,000;

294;2015.09.13 05:00:00;0,000;0,000;0,000;0,000;0,000;12,900;4,000;3,000;

295;2015.09.13 06:00:00;0,000;0,000;0,000;0,000;0,000;12,900;4,000;3,000;

296;2015.09.13 07:00:00;0,000;0,000;0,000;0,000;0,000;12,900;4,000;3,000;

297;2015.09.13 08:00:00;0,000;0,000;0,000;0,000;0,000;12,900;4,000;3,000;

298;2015.09.13 09:00:00;0,000;0,000;0,000;0,000;0,000;12,900;4,000;3,000;

299;2015.09.13 10:00:00;0,000;0,000;0,000;0,000;0,000;12,900;4,000;3,000;

300;2015.09.13 11:00:00;0,000;0,000;0,000;0,000;0,000;12,900;4,000;3,000;

301;2015.09.13 12:00:00;0,000;0,000;0,000;0,000;0,000;12,900;4,000;3,000;

302;2015.09.13 13:00:00;0,000;0,000;0,000;0,000;0,000;12,900;4,000;3,000;

303;2015.09.13 14:00:00;0,000;0,000;0,000;0,000;0,000;12,900;4,000;3,000;

304;2015.09.13 15:00:00;0,000;0,000;0,000;0,000;0,000;12,900;4,000;3,000;

305;2015.09.13 16:00:00;0,000;0,000;0,000;0,000;0,000;12,900;4,000;3,000;

306;2015.09.13 17:00:00;0,000;0,000;0,000;0,000;0,000;12,900;4,000;3,000;

307;2015.09.13 18:00:00;0,000;0,000;0,000;0,000;0,000;12,900;4,000;3,000;

308;2015.09.13 19:00:00;0,000;0,000;0,000;0,000;0,000;12,900;4,000;3,000;

309;2015.09.13 20:00:00;0,000;0,000;0,000;0,000;0,000;12,900;4,000;3,000;

310;2015.09.13 21:00:00;0,000;0,000;0,000;0,000;0,000;12,900;4,000;3,000;

311;2015.09.13 22:00:00;0,000;0,000;0,000;0,000;0,000;12,900;4,000;3,000;

312;2015.09.13 23:00:00;0,000;0,000;0,000;0,000;0,000;12,900;4,000;3,000;

313;2015.09.14 00:00:00;0,000;0,000;0,000;0,000;0,000;12,817;1,000;3,000;

314;2015.09.14 01:00:00;0,000;0,000;0,000;0,000;0,000;12,817;1,000;3,000;

315;2015.09.14 02:00:00;0,000;0,000;0,000;0,000;0,000;12,817;1,000;3,000;

316;2015.09.14 03:00:00;0,000;0,000;0,000;0,000;0,000;12,817;1,000;3,000;

317;2015.09.14 04:00:00;0,000;0,000;0,000;0,000;0,000;12,817;1,000;3,000;

318;2015.09.14 05:00:00;0,000;0,000;0,000;0,000;0,000;12,817;1,000;3,000;

319;2015.09.14 06:00:00;0,000;0,000;0,000;0,000;0,000;12,817;1,000;3,000;

320;2015.09.14 07:00:00;0,000;0,000;0,000;0,000;0,000;12,817;1,000;3,000;

321;2015.09.14 08:00:00;0,000;0,000;0,000;0,000;0,000;12,817;1,000;3,000;

322;2015.09.14 09:00:00;0,000;0,000;0,000;0,000;0,000;12,817;1,000;3,000;

323;2015.09.14 10:00:00;0,000;0,000;0,000;0,000;0,000;12,817;1,000;3,000;

324;2015.09.14 11:00:00;0,000;0,000;0,000;0,000;0,000;12,817;1,000;3,000;

325;2015.09.14 12:00:00;0,000;0,000;0,000;0,000;0,000;12,817;1,000;3,000;

326;2015.09.14 13:00:00;0,000;0,000;0,000;0,000;0,000;12,817;1,000;3,000;

327;2015.09.14 14:00:00;0,000;0,000;0,000;0,000;0,000;12,817;1,000;3,000;

328;2015.09.14 15:00:00;0,000;0,000;0,000;0,000;0,000;12,817;1,000;3,000;

329;2015.09.14 16:00:00;0,000;0,000;0,000;0,000;0,000;12,817;1,000;3,000;

330;2015.09.14 17:00:00;0,000;0,000;0,000;0,000;0,000;12,817;1,000;3,000;

331;2015.09.14 18:00:00;0,000;0,000;0,000;0,000;0,000;12,817;1,000;3,000;

332;2015.09.14 19:00:00;0,000;0,000;0,000;0,000;0,000;12,817;1,000;3,000;

333;2015.09.14 20:00:00;0,000;0,000;0,000;0,000;0,000;12,817;1,000;3,000;

334;2015.09.14 21:00:00;0,000;0,000;0,000;0,000;0,000;12,817;1,000;3,000;

335;2015.09.14 22:00:00;0,000;0,000;0,000;0,000;0,000;12,817;1,000;3,000;

336;2015.09.14 23:00:00;0,000;0,000;0,000;0,000;0,000;12,817;1,000;3,000;

337;2015.09.15 00:00:00;0,000;0,000;0,000;0,000;0,000;12,767;1,000;3,000;

338;2015.09.15 01:00:00;0,000;0,000;0,000;0,000;0,000;12,767;1,000;3,000;

339;2015.09.15 02:00:00;0,000;0,000;0,000;0,000;0,000;12,767;1,000;3,000;

340;2015.09.15 03:00:00;0,000;0,000;0,000;0,000;0,000;12,767;1,000;3,000;

341;2015.09.15 04:00:00;0,000;0,000;0,000;0,000;0,000;12,767;1,000;3,000;

342;2015.09.15 05:00:00;0,000;0,000;0,000;0,000;0,000;12,767;1,000;3,000;

343;2015.09.15 06:00:00;0,000;0,000;0,000;0,000;0,000;12,767;1,000;3,000;

344;2015.09.15 07:00:00;0,000;0,000;0,000;0,000;0,000;12,767;1,000;3,000;

345;2015.09.15 08:00:00;0,000;0,000;0,000;0,000;0,000;12,767;1,000;3,000;

346;2015.09.15 09:00:00;0,000;0,000;0,000;0,000;0,000;12,767;1,000;3,000;

347;2015.09.15 10:00:00;0,000;0,000;0,000;0,000;0,000;12,767;1,000;3,000;

348;2015.09.15 11:00:00;0,000;0,000;0,000;0,000;0,000;12,767;1,000;3,000;

349;2015.09.15 12:00:00;0,000;0,000;0,000;0,000;0,000;12,767;1,000;3,000;

350;2015.09.15 13:00:00;0,000;0,000;0,000;0,000;0,000;12,767;1,000;3,000;

351;2015.09.15 14:00:00;0,000;0,000;0,000;0,000;0,000;12,767;1,000;3,000;

352;2015.09.15 15:00:00;0,000;0,000;0,000;0,000;0,000;12,767;1,000;3,000;

353;2015.09.15 16:00:00;0,000;0,000;0,000;0,000;0,000;12,767;1,000;3,000;

354;2015.09.15 17:00:00;0,000;0,000;0,000;0,000;0,000;12,767;1,000;3,000;

355;2015.09.15 18:00:00;0,000;0,000;0,000;0,000;0,000;12,767;1,000;3,000;

356;2015.09.15 19:00:00;0,000;0,000;0,000;0,000;0,000;12,767;1,000;3,000;

357;2015.09.15 20:00:00;0,000;0,000;0,000;0,000;0,000;12,767;1,000;3,000;

358;2015.09.15 21:00:00;0,000;0,000;0,000;0,000;0,000;12,767;1,000;3,000;

359;2015.09.15 22:00:00;0,000;0,000;0,000;0,000;0,000;12,767;1,000;3,000;

360;2015.09.15 23:00:00;0,000;0,000;0,000;0,000;0,000;12,767;1,000;3,000;

361;2015.09.16 00:00:00;0,000;0,000;0,000;0,000;0,000;12,683;1,000;3,000;

362;2015.09.16 01:00:00;0,000;0,000;0,000;0,000;0,000;12,683;1,000;3,000;

363;2015.09.16 02:00:00;0,000;0,000;0,000;0,000;0,000;12,683;1,000;3,000;

364;2015.09.16 03:00:00;0,000;0,000;0,000;0,000;0,000;12,683;1,000;3,000;

365;2015.09.16 04:00:00;0,000;0,000;0,000;0,000;0,000;12,683;1,000;3,000;

366;2015.09.16 05:00:00;0,000;0,000;0,000;0,000;0,000;12,683;1,000;3,000;

367;2015.09.16 06:00:00;0,000;0,000;0,000;0,000;0,000;12,683;1,000;3,000;

368;2015.09.16 07:00:00;0,000;0,000;0,000;0,000;0,000;12,683;1,000;3,000;

369;2015.09.16 08:00:00;0,000;0,000;0,000;0,000;0,000;12,683;1,000;3,000;

370;2015.09.16 09:00:00;0,000;0,000;0,000;0,000;0,000;12,683;1,000;3,000;

371;2015.09.16 10:00:00;0,000;0,000;0,000;0,000;0,000;12,683;1,000;3,000;

372;2015.09.16 11:00:00;0,000;0,000;0,000;0,000;0,000;12,683;1,000;3,000;

373;2015.09.16 12:00:00;0,000;0,000;0,000;0,000;0,000;12,683;1,000;3,000;

374;2015.09.16 13:00:00;0,000;0,000;0,000;0,000;0,000;12,683;1,000;3,000;

375;2015.09.16 14:00:00;0,000;0,000;0,000;0,000;0,000;12,683;1,000;3,000;

376;2015.09.16 15:00:00;0,000;0,000;0,000;0,000;0,000;12,683;1,000;3,000;

377;2015.09.16 16:00:00;0,000;0,000;0,000;0,000;0,000;12,683;1,000;3,000;

378;2015.09.16 17:00:00;0,000;0,000;0,000;0,000;0,000;12,683;1,000;3,000;

379;2015.09.16 18:00:00;0,000;0,000;0,000;0,000;0,000;12,683;1,000;3,000;

380;2015.09.16 19:00:00;0,000;0,000;0,000;0,000;0,000;12,683;1,000;3,000;

381;2015.09.16 20:00:00;0,000;0,000;0,000;0,000;0,000;12,683;1,000;3,000;

382;2015.09.16 21:00:00;0,000;0,000;0,000;0,000;0,000;12,683;1,000;3,000;

383;2015.09.16 22:00:00;0,000;0,000;0,000;0,000;0,000;12,683;1,000;3,000;

384;2015.09.16 23:00:00;0,000;0,000;0,000;0,000;0,000;12,683;1,000;3,000;

385;2015.09.17 00:00:00;0,000;0,000;0,000;0,000;0,000;12,617;1,000;3,000;

386;2015.09.17 01:00:00;0,000;0,000;0,000;0,000;0,000;12,617;1,000;3,000;

387;2015.09.17 02:00:00;0,000;0,000;0,000;0,000;0,000;12,617;1,000;3,000;

388;2015.09.17 03:00:00;0,000;0,000;0,000;0,000;0,000;12,617;1,000;3,000;

389;2015.09.17 04:00:00;0,000;0,000;0,000;0,000;0,000;12,617;1,000;3,000;

390;2015.09.17 05:00:00;0,000;0,000;0,000;0,000;0,000;12,617;1,000;3,000;

391;2015.09.17 06:00:00;0,000;0,000;0,000;0,000;0,000;12,617;1,000;3,000;

392;2015.09.17 07:00:00;0,000;0,000;0,000;0,000;0,000;12,617;1,000;3,000;

393;2015.09.17 08:00:00;0,000;0,000;0,000;0,000;0,000;12,617;1,000;3,000;

394;2015.09.17 09:00:00;0,000;0,000;0,000;0,000;0,000;12,617;1,000;3,000;

395;2015.09.17 10:00:00;0,000;0,000;0,000;0,000;0,000;12,617;1,000;3,000;

396;2015.09.17 11:00:00;0,000;0,000;0,000;0,000;0,000;12,617;1,000;3,000;

397;2015.09.17 12:00:00;0,000;0,000;0,000;0,000;0,000;12,617;1,000;3,000;

398;2015.09.17 13:00:00;0,000;0,000;0,000;0,000;0,000;12,617;1,000;3,000;

399;2015.09.17 14:00:00;0,000;0,000;0,000;0,000;0,000;12,617;1,000;3,000;

400;2015.09.17 15:00:00;0,000;0,000;0,000;0,000;0,000;12,617;1,000;3,000;

401;2015.09.17 16:00:00;0,000;0,000;0,000;0,000;0,000;12,617;1,000;3,000;

402;2015.09.17 17:00:00;0,000;0,000;0,000;0,000;0,000;12,617;1,000;3,000;

403;2015.09.17 18:00:00;0,000;0,000;0,000;0,000;0,000;12,617;1,000;3,000;

404;2015.09.17 19:00:00;0,000;0,000;0,000;0,000;0,000;12,617;1,000;3,000;

405;2015.09.17 20:00:00;0,000;0,000;0,000;0,000;0,000;12,617;1,000;3,000;

406;2015.09.17 21:00:00;0,000;0,000;0,000;0,000;0,000;12,617;1,000;3,000;

407;2015.09.17 22:00:00;0,000;0,000;0,000;0,000;0,000;12,617;1,000;3,000;

408;2015.09.17 23:00:00;0,000;0,000;0,000;0,000;0,000;12,617;1,000;3,000;

409;2015.09.18 00:00:00;0,000;0,000;0,000;0,000;0,000;12,533;2,000;3,000;

410;2015.09.18 01:00:00;0,000;0,000;0,000;0,000;0,000;12,533;2,000;3,000;

411;2015.09.18 02:00:00;0,000;0,000;0,000;0,000;0,000;12,533;2,000;3,000;

412;2015.09.18 03:00:00;0,000;0,000;0,000;0,000;0,000;12,533;2,000;3,000;

413;2015.09.18 04:00:00;0,000;0,000;0,000;0,000;0,000;12,533;2,000;3,000;

414;2015.09.18 05:00:00;0,000;0,000;0,000;0,000;0,000;12,533;2,000;3,000;

415;2015.09.18 06:00:00;0,000;0,000;0,000;0,000;0,000;12,533;2,000;3,000;

416;2015.09.18 07:00:00;0,000;0,000;0,000;0,000;0,000;12,533;2,000;3,000;

417;2015.09.18 08:00:00;0,000;0,000;0,000;0,000;0,000;12,533;2,000;3,000;

418;2015.09.18 09:00:00;0,000;0,000;0,000;0,000;0,000;12,533;2,000;3,000;

419;2015.09.18 10:00:00;0,000;0,000;0,000;0,000;0,000;12,533;2,000;3,000;

420;2015.09.18 11:00:00;0,000;0,000;0,000;0,000;0,000;12,533;2,000;3,000;

421;2015.09.18 12:00:00;0,000;0,000;0,000;0,000;0,000;12,533;2,000;3,000;

422;2015.09.18 13:00:00;0,000;0,000;0,000;0,000;0,000;12,533;2,000;3,000;

423;2015.09.18 14:00:00;0,000;0,000;0,000;0,000;0,000;12,533;2,000;3,000;

424;2015.09.18 15:00:00;0,000;0,000;0,000;0,000;0,000;12,533;2,000;3,000;

425;2015.09.18 16:00:00;0,000;0,000;0,000;0,000;0,000;12,533;2,000;3,000;

426;2015.09.18 17:00:00;0,000;0,000;0,000;0,000;0,000;12,533;2,000;3,000;

427;2015.09.18 18:00:00;0,000;0,000;0,000;0,000;0,000;12,533;2,000;3,000;

428;2015.09.18 19:00:00;0,000;0,000;0,000;0,000;0,000;12,533;2,000;3,000;

429;2015.09.18 20:00:00;0,000;0,000;0,000;0,000;0,000;12,533;2,000;3,000;

430;2015.09.18 21:00:00;0,000;0,000;0,000;0,000;0,000;12,533;2,000;3,000;

431;2015.09.18 22:00:00;0,000;0,000;0,000;0,000;0,000;12,533;2,000;3,000;

432;2015.09.18 23:00:00;0,000;0,000;0,000;0,000;0,000;12,533;2,000;3,000;

433;2015.09.19 00:00:00;0,000;0,000;0,000;0,000;0,000;12,467;3,000;3,000;

434;2015.09.19 01:00:00;0,000;0,000;0,000;0,000;0,000;12,467;3,000;3,000;

435;2015.09.19 02:00:00;0,000;0,000;0,000;0,000;0,000;12,467;3,000;3,000;

436;2015.09.19 03:00:00;0,000;0,000;0,000;0,000;0,000;12,467;3,000;3,000;

437;2015.09.19 04:00:00;0,000;0,000;0,000;0,000;0,000;12,467;3,000;3,000;

438;2015.09.19 05:00:00;0,000;0,000;0,000;0,000;0,000;12,467;3,000;3,000;

439;2015.09.19 06:00:00;0,000;0,000;0,000;0,000;0,000;12,467;3,000;3,000;

440;2015.09.19 07:00:00;0,000;0,000;0,000;0,000;0,000;12,467;3,000;3,000;

441;2015.09.19 08:00:00;0,000;0,000;0,000;0,000;0,000;12,467;3,000;3,000;

442;2015.09.19 09:00:00;0,000;0,000;0,000;0,000;0,000;12,467;3,000;3,000;

443;2015.09.19 10:00:00;0,000;0,000;0,000;0,000;0,000;12,467;3,000;3,000;

444;2015.09.19 11:00:00;0,000;0,000;0,000;0,000;0,000;12,467;3,000;3,000;

445;2015.09.19 12:00:00;0,000;0,000;0,000;0,000;0,000;12,467;3,000;3,000;

446;2015.09.19 13:00:00;0,000;0,000;0,000;0,000;0,000;12,467;3,000;3,000;

447;2015.09.19 14:00:00;0,000;0,000;0,000;0,000;0,000;12,467;3,000;3,000;

448;2015.09.19 15:00:00;0,000;0,000;0,000;0,000;0,000;12,467;3,000;3,000;

449;2015.09.19 16:00:00;0,000;0,000;0,000;0,000;0,000;12,467;3,000;3,000;

450;2015.09.19 17:00:00;0,000;0,000;0,000;0,000;0,000;12,467;3,000;3,000;

451;2015.09.19 18:00:00;0,000;0,000;0,000;0,000;0,000;12,467;3,000;3,000;

452;2015.09.19 19:00:00;0,000;0,000;0,000;0,000;0,000;12,467;3,000;3,000;

453;2015.09.19 20:00:00;0,000;0,000;0,000;0,000;0,000;12,467;3,000;3,000;

454;2015.09.19 21:00:00;0,000;0,000;0,000;0,000;0,000;12,467;3,000;3,000;

455;2015.09.19 22:00:00;0,000;0,000;0,000;0,000;0,000;12,467;3,000;3,000;

456;2015.09.19 23:00:00;0,000;0,000;0,000;0,000;0,000;12,467;3,000;3,000;

457;2015.09.20 00:00:00;0,000;0,000;0,000;0,000;0,000;12,400;4,000;3,000;

458;2015.09.20 01:00:00;0,000;0,000;0,000;0,000;0,000;12,400;4,000;3,000;

459;2015.09.20 02:00:00;0,000;0,000;0,000;0,000;0,000;12,400;4,000;3,000;

460;2015.09.20 03:00:00;0,000;0,000;0,000;0,000;0,000;12,400;4,000;3,000;

461;2015.09.20 04:00:00;0,000;0,000;0,000;0,000;0,000;12,400;4,000;3,000;

462;2015.09.20 05:00:00;0,000;0,000;0,000;0,000;0,000;12,400;4,000;3,000;

463;2015.09.20 06:00:00;0,000;0,000;0,000;0,000;0,000;12,400;4,000;3,000;

464;2015.09.20 07:00:00;0,000;0,000;0,000;0,000;0,000;12,400;4,000;3,000;

465;2015.09.20 08:00:00;0,000;0,000;0,000;0,000;0,000;12,400;4,000;3,000;

466;2015.09.20 09:00:00;0,000;0,000;0,000;0,000;0,000;12,400;4,000;3,000;

467;2015.09.20 10:00:00;0,000;0,000;0,000;0,000;0,000;12,400;4,000;3,000;

468;2015.09.20 11:00:00;0,000;0,000;0,000;0,000;0,000;12,400;4,000;3,000;

469;2015.09.20 12:00:00;0,000;0,000;0,000;0,000;0,000;12,400;4,000;3,000;

470;2015.09.20 13:00:00;0,000;0,000;0,000;0,000;0,000;12,400;4,000;3,000;

471;2015.09.20 14:00:00;0,000;0,000;0,000;0,000;0,000;12,400;4,000;3,000;

472;2015.09.20 15:00:00;0,000;0,000;0,000;0,000;0,000;12,400;4,000;3,000;

473;2015.09.20 16:00:00;0,000;0,000;0,000;0,000;0,000;12,400;4,000;3,000;

474;2015.09.20 17:00:00;0,000;0,000;0,000;0,000;0,000;12,400;4,000;3,000;

475;2015.09.20 18:00:00;0,000;0,000;0,000;0,000;0,000;12,400;4,000;3,000;

476;2015.09.20 19:00:00;0,000;0,000;0,000;0,000;0,000;12,400;4,000;3,000;

477;2015.09.20 20:00:00;0,000;0,000;0,000;0,000;0,000;12,400;4,000;3,000;

478;2015.09.20 21:00:00;0,000;0,000;0,000;0,000;0,000;12,400;4,000;3,000;

479;2015.09.20 22:00:00;0,000;0,000;0,000;0,000;0,000;12,400;4,000;3,000;

480;2015.09.20 23:00:00;0,000;0,000;0,000;0,000;0,000;12,400;4,000;3,000;

481;2015.09.21 00:00:00;0,000;0,000;0,000;0,000;0,000;12,333;1,000;3,000;

482;2015.09.21 01:00:00;0,000;0,000;0,000;0,000;0,000;12,333;1,000;3,000;

483;2015.09.21 02:00:00;0,000;0,000;0,000;0,000;0,000;12,333;1,000;3,000;

484;2015.09.21 03:00:00;0,000;0,000;0,000;0,000;0,000;12,333;1,000;3,000;

485;2015.09.21 04:00:00;0,000;0,000;0,000;0,000;0,000;12,333;1,000;3,000;

486;2015.09.21 05:00:00;0,000;0,000;0,000;0,000;0,000;12,333;1,000;3,000;

487;2015.09.21 06:00:00;0,000;0,000;0,000;0,000;0,000;12,333;1,000;3,000;

488;2015.09.21 07:00:00;0,000;0,000;0,000;0,000;0,000;12,333;1,000;3,000;

489;2015.09.21 08:00:00;0,000;0,000;0,000;0,000;0,000;12,333;1,000;3,000;

490;2015.09.21 09:00:00;0,000;0,000;0,000;0,000;0,000;12,333;1,000;3,000;

491;2015.09.21 10:00:00;0,000;0,000;0,000;0,000;0,000;12,333;1,000;3,000;

492;2015.09.21 11:00:00;0,000;0,000;0,000;0,000;0,000;12,333;1,000;3,000;

493;2015.09.21 12:00:00;0,000;0,000;0,000;0,000;0,000;12,333;1,000;3,000;

494;2015.09.21 13:00:00;0,000;0,000;0,000;0,000;0,000;12,333;1,000;3,000;

495;2015.09.21 14:00:00;0,000;0,000;0,000;0,000;0,000;12,333;1,000;3,000;

496;2015.09.21 15:00:00;0,000;0,000;0,000;0,000;0,000;12,333;1,000;3,000;

497;2015.09.21 16:00:00;0,000;0,000;0,000;0,000;0,000;12,333;1,000;3,000;

498;2015.09.21 17:00:00;0,000;0,000;0,000;0,000;0,000;12,333;1,000;3,000;

499;2015.09.21 18:00:00;0,000;0,000;0,000;0,000;0,000;12,333;1,000;3,000;

500;2015.09.21 19:00:00;0,000;0,000;0,000;0,000;0,000;12,333;1,000;3,000;

501;2015.09.21 20:00:00;0,000;0,000;0,000;0,000;0,000;12,333;1,000;3,000;

502;2015.09.21 21:00:00;0,000;0,000;0,000;0,000;0,000;12,333;1,000;3,000;

503;2015.09.21 22:00:00;0,000;0,000;0,000;0,000;0,000;12,333;1,000;3,000;

504;2015.09.21 23:00:00;0,000;0,000;0,000;0,000;0,000;12,333;1,000;3,000;

505;2015.09.22 00:00:00;0,000;0,000;0,000;0,000;0,000;12,250;1,000;3,000;

506;2015.09.22 01:00:00;0,000;0,000;0,000;0,000;0,000;12,250;1,000;3,000;

507;2015.09.22 02:00:00;0,000;0,000;0,000;0,000;0,000;12,250;1,000;3,000;

508;2015.09.22 03:00:00;0,000;0,000;0,000;0,000;0,000;12,250;1,000;3,000;

509;2015.09.22 04:00:00;0,000;0,000;0,000;0,000;0,000;12,250;1,000;3,000;

510;2015.09.22 05:00:00;0,000;0,000;0,000;0,000;0,000;12,250;1,000;3,000;

511;2015.09.22 06:00:00;0,000;0,000;0,000;0,000;0,000;12,250;1,000;3,000;

512;2015.09.22 07:00:00;0,000;0,000;0,000;0,000;0,000;12,250;1,000;3,000;

513;2015.09.22 08:00:00;0,000;0,000;0,000;0,000;0,000;12,250;1,000;3,000;

514;2015.09.22 09:00:00;0,000;0,000;0,000;0,000;0,000;12,250;1,000;3,000;

515;2015.09.22 10:00:00;0,000;0,000;0,000;0,000;0,000;12,250;1,000;3,000;

516;2015.09.22 11:00:00;0,000;0,000;0,000;0,000;0,000;12,250;1,000;3,000;

517;2015.09.22 12:00:00;0,000;0,000;0,000;0,000;0,000;12,250;1,000;3,000;

518;2015.09.22 13:00:00;0,000;0,000;0,000;0,000;0,000;12,250;1,000;3,000;

519;2015.09.22 14:00:00;0,000;0,000;0,000;0,000;0,000;12,250;1,000;3,000;

520;2015.09.22 15:00:00;0,000;0,000;0,000;0,000;0,000;12,250;1,000;3,000;

521;2015.09.22 16:00:00;0,000;0,000;0,000;0,000;0,000;12,250;1,000;3,000;

522;2015.09.22 17:00:00;0,000;0,000;0,000;0,000;0,000;12,250;1,000;3,000;

523;2015.09.22 18:00:00;0,000;0,000;0,000;0,000;0,000;12,250;1,000;3,000;

524;2015.09.22 19:00:00;0,000;0,000;0,000;0,000;0,000;12,250;1,000;3,000;

525;2015.09.22 20:00:00;0,000;0,000;0,000;0,000;0,000;12,250;1,000;3,000;

526;2015.09.22 21:00:00;0,000;0,000;0,000;0,000;0,000;12,250;1,000;3,000;

527;2015.09.22 22:00:00;0,000;0,000;0,000;0,000;0,000;12,250;1,000;3,000;

528;2015.09.22 23:00:00;0,000;0,000;0,000;0,000;0,000;12,250;1,000;3,000;

529;2015.09.23 00:00:00;0,000;0,000;0,000;0,000;0,000;12,183;1,000;3,000;

530;2015.09.23 01:00:00;0,000;0,000;0,000;0,000;0,000;12,183;1,000;3,000;

531;2015.09.23 02:00:00;0,000;0,000;0,000;0,000;0,000;12,183;1,000;3,000;

532;2015.09.23 03:00:00;0,000;0,000;0,000;0,000;0,000;12,183;1,000;3,000;

533;2015.09.23 04:00:00;0,000;0,000;0,000;0,000;0,000;12,183;1,000;3,000;

534;2015.09.23 05:00:00;0,000;0,000;0,000;0,000;0,000;12,183;1,000;3,000;

535;2015.09.23 06:00:00;0,000;0,000;0,000;0,000;0,000;12,183;1,000;3,000;

536;2015.09.23 07:00:00;0,000;0,000;0,000;0,000;0,000;12,183;1,000;3,000;

537;2015.09.23 08:00:00;0,000;0,000;0,000;0,000;0,000;12,183;1,000;3,000;

538;2015.09.23 09:00:00;0,000;0,000;0,000;0,000;0,000;12,183;1,000;3,000;

539;2015.09.23 10:00:00;0,000;0,000;0,000;0,000;0,000;12,183;1,000;3,000;

540;2015.09.23 11:00:00;0,000;0,000;0,000;0,000;0,000;12,183;1,000;3,000;

541;2015.09.23 12:00:00;0,000;0,000;0,000;0,000;0,000;12,183;1,000;3,000;

542;2015.09.23 13:00:00;0,000;0,000;0,000;0,000;0,000;12,183;1,000;3,000;

543;2015.09.23 14:00:00;0,000;0,000;0,000;0,000;0,000;12,183;1,000;3,000;

544;2015.09.23 15:00:00;0,000;0,000;0,000;0,000;0,000;12,183;1,000;3,000;

545;2015.09.23 16:00:00;0,000;0,000;0,000;0,000;0,000;12,183;1,000;3,000;

546;2015.09.23 17:00:00;0,000;0,000;0,000;0,000;0,000;12,183;1,000;3,000;

547;2015.09.23 18:00:00;0,000;0,000;0,000;0,000;0,000;12,183;1,000;3,000;

548;2015.09.23 19:00:00;0,000;0,000;0,000;0,000;0,000;12,183;1,000;3,000;

549;2015.09.23 20:00:00;0,000;0,000;0,000;0,000;0,000;12,183;1,000;3,000;

550;2015.09.23 21:00:00;0,000;0,000;0,000;0,000;0,000;12,183;1,000;3,000;

551;2015.09.23 22:00:00;0,000;0,000;0,000;0,000;0,000;12,183;1,000;3,000;

552;2015.09.23 23:00:00;0,000;0,000;0,000;0,000;0,000;12,183;1,000;3,000;

553;2015.09.24 00:00:00;0,000;0,000;0,000;0,000;0,000;12,100;1,000;3,000;

554;2015.09.24 01:00:00;0,000;0,000;0,000;0,000;0,000;12,100;1,000;3,000;

555;2015.09.24 02:00:00;0,000;0,000;0,000;0,000;0,000;12,100;1,000;3,000;

556;2015.09.24 03:00:00;0,000;0,000;0,000;0,000;0,000;12,100;1,000;3,000;

557;2015.09.24 04:00:00;0,000;0,000;0,000;0,000;0,000;12,100;1,000;3,000;

558;2015.09.24 05:00:00;0,000;0,000;0,000;0,000;0,000;12,100;1,000;3,000;

559;2015.09.24 06:00:00;0,000;0,000;0,000;0,000;0,000;12,100;1,000;3,000;

560;2015.09.24 07:00:00;0,000;0,000;0,000;0,000;0,000;12,100;1,000;3,000;

561;2015.09.24 08:00:00;0,000;0,000;0,000;0,000;0,000;12,100;1,000;3,000;

562;2015.09.24 09:00:00;0,000;0,000;0,000;0,000;0,000;12,100;1,000;3,000;

563;2015.09.24 10:00:00;0,000;0,000;0,000;0,000;0,000;12,100;1,000;3,000;

564;2015.09.24 11:00:00;0,000;0,000;0,000;0,000;0,000;12,100;1,000;3,000;

565;2015.09.24 12:00:00;0,000;0,000;0,000;0,000;0,000;12,100;1,000;3,000;

566;2015.09.24 13:00:00;0,000;0,000;0,000;0,000;0,000;12,100;1,000;3,000;

567;2015.09.24 14:00:00;0,000;0,000;0,000;0,000;0,000;12,100;1,000;3,000;

568;2015.09.24 15:00:00;0,000;0,000;0,000;0,000;0,000;12,100;1,000;3,000;

569;2015.09.24 16:00:00;0,000;0,000;0,000;0,000;0,000;12,100;1,000;3,000;

570;2015.09.24 17:00:00;0,000;0,000;0,000;0,000;0,000;12,100;1,000;3,000;

571;2015.09.24 18:00:00;0,000;0,000;0,000;0,000;0,000;12,100;1,000;3,000;

572;2015.09.24 19:00:00;0,000;0,000;0,000;0,000;0,000;12,100;1,000;3,000;

573;2015.09.24 20:00:00;0,000;0,000;0,000;0,000;0,000;12,100;1,000;3,000;

574;2015.09.24 21:00:00;0,000;0,000;0,000;0,000;0,000;12,100;1,000;3,000;

575;2015.09.24 22:00:00;0,000;0,000;0,000;0,000;0,000;12,100;1,000;3,000;

576;2015.09.24 23:00:00;0,000;0,000;0,000;0,000;0,000;12,100;1,000;3,000;

577;2015.09.25 00:00:00;0,000;0,000;0,000;0,000;0,000;12,050;2,000;3,000;

578;2015.09.25 01:00:00;0,000;0,000;0,000;0,000;0,000;12,050;2,000;3,000;

579;2015.09.25 02:00:00;0,000;0,000;0,000;0,000;0,000;12,050;2,000;3,000;

580;2015.09.25 03:00:00;0,000;0,000;0,000;0,000;0,000;12,050;2,000;3,000;

581;2015.09.25 04:00:00;0,000;0,000;0,000;0,000;0,000;12,050;2,000;3,000;

582;2015.09.25 05:00:00;0,000;0,000;0,000;0,000;0,000;12,050;2,000;3,000;

583;2015.09.25 06:00:00;0,000;0,000;0,000;0,000;0,000;12,050;2,000;3,000;

584;2015.09.25 07:00:00;0,000;0,000;0,000;0,000;0,000;12,050;2,000;3,000;

585;2015.09.25 08:00:00;0,000;0,000;0,000;0,000;0,000;12,050;2,000;3,000;

586;2015.09.25 09:00:00;0,000;0,000;0,000;0,000;0,000;12,050;2,000;3,000;

587;2015.09.25 10:00:00;0,000;0,000;0,000;0,000;0,000;12,050;2,000;3,000;

588;2015.09.25 11:00:00;0,000;0,000;0,000;0,000;0,000;12,050;2,000;3,000;

589;2015.09.25 12:00:00;0,000;0,000;0,000;0,000;0,000;12,050;2,000;3,000;

590;2015.09.25 13:00:00;0,000;0,000;0,000;0,000;0,000;12,050;2,000;3,000;

591;2015.09.25 14:00:00;0,000;0,000;0,000;0,000;0,000;12,050;2,000;3,000;

592;2015.09.25 15:00:00;0,000;0,000;0,000;0,000;0,000;12,050;2,000;3,000;

593;2015.09.25 16:00:00;0,000;0,000;0,000;0,000;0,000;12,050;2,000;3,000;

594;2015.09.25 17:00:00;0,000;0,000;0,000;0,000;0,000;12,050;2,000;3,000;

595;2015.09.25 18:00:00;0,000;0,000;0,000;0,000;0,000;12,050;2,000;3,000;

596;2015.09.25 19:00:00;0,000;0,000;0,000;0,000;0,000;12,050;2,000;3,000;

597;2015.09.25 20:00:00;0,000;0,000;0,000;0,000;0,000;12,050;2,000;3,000;

598;2015.09.25 21:00:00;0,000;0,000;0,000;0,000;0,000;12,050;2,000;3,000;

599;2015.09.25 22:00:00;0,000;0,000;0,000;0,000;0,000;12,050;2,000;3,000;

600;2015.09.25 23:00:00;0,000;0,000;0,000;0,000;0,000;12,050;2,000;3,000;

601;2015.09.26 00:00:00;0,000;0,000;0,000;0,000;0,000;11,967;3,000;3,000;

602;2015.09.26 01:00:00;0,000;0,000;0,000;0,000;0,000;11,967;3,000;3,000;

603;2015.09.26 02:00:00;0,000;0,000;0,000;0,000;0,000;11,967;3,000;3,000;

604;2015.09.26 03:00:00;0,000;0,000;0,000;0,000;0,000;11,967;3,000;3,000;

605;2015.09.26 04:00:00;0,000;0,000;0,000;0,000;0,000;11,967;3,000;3,000;

606;2015.09.26 05:00:00;0,000;0,000;0,000;0,000;0,000;11,967;3,000;3,000;

607;2015.09.26 06:00:00;0,000;0,000;0,000;0,000;0,000;11,967;3,000;3,000;

608;2015.09.26 07:00:00;0,000;0,000;0,000;0,000;0,000;11,967;3,000;3,000;

609;2015.09.26 08:00:00;0,000;0,000;0,000;0,000;0,000;11,967;3,000;3,000;

610;2015.09.26 09:00:00;0,000;0,000;0,000;0,000;0,000;11,967;3,000;3,000;

611;2015.09.26 10:00:00;0,000;0,000;0,000;0,000;0,000;11,967;3,000;3,000;

612;2015.09.26 11:00:00;0,000;0,000;0,000;0,000;0,000;11,967;3,000;3,000;

613;2015.09.26 12:00:00;0,000;0,000;0,000;0,000;0,000;11,967;3,000;3,000;

614;2015.09.26 13:00:00;0,000;0,000;0,000;0,000;0,000;11,967;3,000;3,000;

615;2015.09.26 14:00:00;0,000;0,000;0,000;0,000;0,000;11,967;3,000;3,000;

616;2015.09.26 15:00:00;0,000;0,000;0,000;0,000;0,000;11,967;3,000;3,000;

617;2015.09.26 16:00:00;0,000;0,000;0,000;0,000;0,000;11,967;3,000;3,000;

618;2015.09.26 17:00:00;0,000;0,000;0,000;0,000;0,000;11,967;3,000;3,000;

619;2015.09.26 18:00:00;0,000;0,000;0,000;0,000;0,000;11,967;3,000;3,000;

620;2015.09.26 19:00:00;0,000;0,000;0,000;0,000;0,000;11,967;3,000;3,000;

621;2015.09.26 20:00:00;0,000;0,000;0,000;0,000;0,000;11,967;3,000;3,000;

622;2015.09.26 21:00:00;0,000;0,000;0,000;0,000;0,000;11,967;3,000;3,000;

623;2015.09.26 22:00:00;0,000;0,000;0,000;0,000;0,000;11,967;3,000;3,000;

624;2015.09.26 23:00:00;0,000;0,000;0,000;0,000;0,000;11,967;3,000;3,000;

625;2015.09.27 00:00:00;0,000;0,000;0,000;0,000;0,000;11,900;4,000;3,000;

626;2015.09.27 01:00:00;0,000;0,000;0,000;0,000;0,000;11,900;4,000;3,000;

627;2015.09.27 02:00:00;0,000;0,000;0,000;0,000;0,000;11,900;4,000;3,000;

628;2015.09.27 03:00:00;0,000;0,000;0,000;0,000;0,000;11,900;4,000;3,000;

629;2015.09.27 04:00:00;0,000;0,000;0,000;0,000;0,000;11,900;4,000;3,000;

630;2015.09.27 05:00:00;0,000;0,000;0,000;0,000;0,000;11,900;4,000;3,000;

631;2015.09.27 06:00:00;0,000;0,000;0,000;0,000;0,000;11,900;4,000;3,000;

632;2015.09.27 07:00:00;0,000;0,000;0,000;0,000;0,000;11,900;4,000;3,000;

633;2015.09.27 08:00:00;0,000;0,000;0,000;0,000;0,000;11,900;4,000;3,000;

634;2015.09.27 09:00:00;0,000;0,000;0,000;0,000;0,000;11,900;4,000;3,000;

635;2015.09.27 10:00:00;0,000;0,000;0,000;0,000;0,000;11,900;4,000;3,000;

636;2015.09.27 11:00:00;0,000;0,000;0,000;0,000;0,000;11,900;4,000;3,000;

637;2015.09.27 12:00:00;0,000;0,000;0,000;0,000;0,000;11,900;4,000;3,000;

638;2015.09.27 13:00:00;0,000;0,000;0,000;0,000;0,000;11,900;4,000;3,000;

639;2015.09.27 14:00:00;0,000;0,000;0,000;0,000;0,000;11,900;4,000;3,000;

640;2015.09.27 15:00:00;0,000;0,000;0,000;0,000;0,000;11,900;4,000;3,000;

641;2015.09.27 16:00:00;0,000;0,000;0,000;0,000;0,000;11,900;4,000;3,000;

642;2015.09.27 17:00:00;0,000;0,000;0,000;0,000;0,000;11,900;4,000;3,000;

643;2015.09.27 18:00:00;0,000;0,000;0,000;0,000;0,000;11,900;4,000;3,000;

644;2015.09.27 19:00:00;0,000;0,000;0,000;0,000;0,000;11,900;4,000;3,000;

645;2015.09.27 20:00:00;0,000;0,000;0,000;0,000;0,000;11,900;4,000;3,000;

646;2015.09.27 21:00:00;0,000;0,000;0,000;0,000;0,000;11,900;4,000;3,000;

647;2015.09.27 22:00:00;0,000;0,000;0,000;0,000;0,000;11,900;4,000;3,000;

648;2015.09.27 23:00:00;0,000;0,000;0,000;0,000;0,000;11,900;4,000;3,000;

649;2015.09.28 00:00:00;0,000;0,000;0,000;0,000;0,000;11,817;1,000;3,000;

650;2015.09.28 01:00:00;0,000;0,000;0,000;0,000;0,000;11,817;1,000;3,000;

651;2015.09.28 02:00:00;0,000;0,000;0,000;0,000;0,000;11,817;1,000;3,000;

652;2015.09.28 03:00:00;0,000;0,000;0,000;0,000;0,000;11,817;1,000;3,000;

653;2015.09.28 04:00:00;0,000;0,000;0,000;0,000;0,000;11,817;1,000;3,000;

654;2015.09.28 05:00:00;0,000;0,000;0,000;0,000;0,000;11,817;1,000;3,000;

655;2015.09.28 06:00:00;0,000;0,000;0,000;0,000;0,000;11,817;1,000;3,000;

656;2015.09.28 07:00:00;0,000;0,000;0,000;0,000;0,000;11,817;1,000;3,000;

657;2015.09.28 08:00:00;0,000;0,000;0,000;0,000;0,000;11,817;1,000;3,000;

658;2015.09.28 09:00:00;0,000;0,000;0,000;0,000;0,000;11,817;1,000;3,000;

659;2015.09.28 10:00:00;0,000;0,000;0,000;0,000;0,000;11,817;1,000;3,000;

660;2015.09.28 11:00:00;0,000;0,000;0,000;0,000;0,000;11,817;1,000;3,000;

661;2015.09.28 12:00:00;0,000;0,000;0,000;0,000;0,000;11,817;1,000;3,000;

662;2015.09.28 13:00:00;0,000;0,000;0,000;0,000;0,000;11,817;1,000;3,000;

663;2015.09.28 14:00:00;0,000;0,000;0,000;0,000;0,000;11,817;1,000;3,000;

664;2015.09.28 15:00:00;0,000;0,000;0,000;0,000;0,000;11,817;1,000;3,000;

665;2015.09.28 16:00:00;0,000;0,000;0,000;0,000;0,000;11,817;1,000;3,000;

666;2015.09.28 17:00:00;0,000;0,000;0,000;0,000;0,000;11,817;1,000;3,000;

667;2015.09.28 18:00:00;0,000;0,000;0,000;0,000;0,000;11,817;1,000;3,000;

668;2015.09.28 19:00:00;0,000;0,000;0,000;0,000;0,000;11,817;1,000;3,000;

669;2015.09.28 20:00:00;0,000;0,000;0,000;0,000;0,000;11,817;1,000;3,000;

670;2015.09.28 21:00:00;0,000;0,000;0,000;0,000;0,000;11,817;1,000;3,000;

671;2015.09.28 22:00:00;0,000;0,000;0,000;0,000;0,000;11,817;1,000;3,000;

672;2015.09.28 23:00:00;0,000;0,000;0,000;0,000;0,000;11,817;1,000;3,000;

673;2015.09.29 00:00:00;0,000;0,000;0,000;0,000;0,000;11,750;1,000;3,000;

674;2015.09.29 01:00:00;0,000;0,000;0,000;0,000;0,000;11,750;1,000;3,000;

675;2015.09.29 02:00:00;0,000;0,000;0,000;0,000;0,000;11,750;1,000;3,000;

676;2015.09.29 03:00:00;0,000;0,000;0,000;0,000;0,000;11,750;1,000;3,000;

677;2015.09.29 04:00:00;0,000;0,000;0,000;0,000;0,000;11,750;1,000;3,000;

678;2015.09.29 05:00:00;0,000;0,000;0,000;0,000;0,000;11,750;1,000;3,000;

679;2015.09.29 06:00:00;0,000;0,000;0,000;0,000;0,000;11,750;1,000;3,000;

680;2015.09.29 07:00:00;0,000;0,000;0,000;0,000;0,000;11,750;1,000;3,000;

681;2015.09.29 08:00:00;0,000;0,000;0,000;0,000;0,000;11,750;1,000;3,000;

682;2015.09.29 09:00:00;3,565;0,000;0,000;0,000;0,000;11,750;1,000;3,000;

683;2015.09.29 10:00:00;15,881;0,000;0,000;0,000;0,000;11,750;1,000;3,000;

684;2015.09.29 11:00:00;0,000;0,000;0,000;0,000;0,000;11,750;1,000;3,000;

685;2015.09.29 12:00:00;13,205;0,000;0,000;0,000;0,000;11,750;1,000;3,000;

686;2015.09.29 13:00:00;12,927;0,000;0,000;0,000;0,000;11,750;1,000;3,000;

687;2015.09.29 14:00:00;11,844;0,000;0,000;0,000;0,000;11,750;1,000;3,000;

688;2015.09.29 15:00:00;11,566;0,000;0,000;0,000;0,000;11,750;1,000;3,000;

689;2015.09.29 16:00:00;11,112;0,000;0,000;0,000;0,000;11,750;1,000;3,000;

690;2015.09.29 17:00:00;10,760;0,000;0,000;0,000;0,000;11,750;1,000;3,000;

691;2015.09.29 18:00:00;12,149;0,000;0,000;0,000;0,000;11,750;1,000;3,000;

692;2015.09.29 19:00:00;12,501;0,000;0,000;0,000;0,000;11,750;1,000;3,000;

693;2015.09.29 20:00:00;14,094;0,000;0,000;0,000;0,000;11,750;1,000;3,000;

694;2015.09.29 21:00:00;14,825;0,000;0,000;0,000;0,000;11,750;1,000;3,000;

695;2015.09.29 22:00:00;15,835;0,000;0,000;0,000;0,000;11,750;1,000;3,000;

696;2015.09.29 23:00:00;15,103;0,000;0,000;0,000;0,000;11,750;1,000;3,000;

697;2015.09.30 00:00:00;16,242;0,000;0,000;0,000;0,000;11,667;1,000;3,000;

698;2015.09.30 01:00:00;16,742;0,000;0,000;0,000;0,000;11,667;1,000;3,000;

699;2015.09.30 02:00:00;19,576;0,000;0,000;0,000;0,000;11,667;1,000;3,000;

700;2015.09.30 03:00:00;19,140;0,000;0,000;0,000;0,000;11,667;1,000;3,000;

701;2015.09.30 04:00:00;18,742;0,000;0,000;0,000;0,000;11,667;1,000;3,000;

702;2015.09.30 05:00:00;21,594;0,000;0,000;0,000;0,000;11,667;1,000;3,000;

703;2015.09.30 06:00:00;21,168;0,000;0,000;0,000;0,000;11,667;1,000;3,000;

704;2015.09.30 07:00:00;22,270;0,000;0,000;0,000;0,000;11,667;1,000;3,000;

705;2015.09.30 08:00:00;19,437;0,000;0,000;0,000;0,000;11,667;1,000;3,000;

706;2015.09.30 09:00:00;18,807;0,000;0,000;0,000;0,000;11,667;1,000;3,000;

707;2015.09.30 10:00:00;17,511;0,000;0,000;0,000;0,000;11,667;1,000;3,000;

708;2015.09.30 11:00:00;14,770;0,000;0,000;0,000;0,000;11,667;1,000;3,000;

709;2015.09.30 12:00:00;13,131;0,000;0,000;0,000;0,000;11,667;1,000;3,000;

710;2015.09.30 13:00:00;12,094;0,000;0,000;0,000;0,000;11,667;1,000;3,000;

711;2015.09.30 14:00:00;10,584;0,000;0,000;0,000;0,000;11,667;1,000;3,000;

712;2015.09.30 15:00:00;10,149;0,000;0,000;0,000;0,000;11,667;1,000;3,000;

713;2015.09.30 16:00:00;9,723;0,000;0,000;0,000;0,000;11,667;1,000;3,000;

714;2015.09.30 17:00:00;9,547;0,000;0,000;0,000;0,000;11,667;1,000;3,000;

715;2015.09.30 18:00:00;9,742;0,000;0,000;0,000;0,000;11,667;1,000;3,000;

716;2015.09.30 19:00:00;11,121;0,000;0,000;0,000;0,000;11,667;1,000;3,000;

717;2015.09.30 20:00:00;11,973;0,000;0,000;0,000;0,000;11,667;1,000;3,000;

718;2015.09.30 21:00:00;13,408;0,000;0,000;0,000;0,000;11,667;1,000;3,000;

719;2015.09.30 22:00:00;13,714;0,000;0,000;0,000;0,000;11,667;1,000;3,000;

720;2015.09.30 23:00:00;11,769;0,000;0,000;0,000;0,000;11,667;1,000;3,000;

721;2015.10.01 00:00:00;13,612;0,000;0,000;0,000;0,000;11,617;1,000;3,000;

722;2015.10.01 01:00:00;14,603;0,000;0,000;0,000;0,000;11,617;1,000;3,000;

723;2015.10.01 02:00:00;16,316;0,000;0,000;0,000;0,000;11,617;1,000;3,000;

724;2015.10.01 03:00:00;15,063;0,000;0,000;0,000;0,000;11,617;1,000;3,000;

725;2015.10.01 04:00:00;15,893;0,000;0,000;0,000;0,000;11,617;1,000;3,000;

726;2015.10.01 05:00:00;17,585;0,000;0,000;0,000;0,000;11,617;1,000;3,000;

727;2015.10.01 06:00:00;19,066;0,000;0,000;0,000;0,000;11,617;1,000;3,000;

728;2015.10.01 07:00:00;18,789;0,000;0,000;0,000;0,000;11,617;1,000;3,000;

729;2015.10.01 08:00:00;18,437;0,000;0,000;0,000;0,000;11,617;1,000;3,000;

730;2015.10.01 09:00:00;18,103;0,000;0,000;0,000;0,000;11,617;1,000;3,000;

731;2015.10.01 10:00:00;15,733;0,000;0,000;0,000;0,000;11,617;1,000;3,000;

732;2015.10.01 11:00:00;14,316;0,000;0,000;0,000;0,000;11,617;1,000;3,000;

733;2015.10.01 12:00:00;12,575;0,000;0,000;0,000;0,000;11,617;1,000;3,000;

734;2015.10.01 13:00:00;11,464;0,000;0,000;0,000;0,000;11,617;1,000;3,000;

735;2015.10.01 14:00:00;10,251;0,000;0,000;0,000;0,000;11,617;1,000;3,000;

736;2015.10.01 15:00:00;9,343;0,000;0,000;0,000;0,000;11,617;1,000;3,000;

737;2015.10.01 16:00:00;8,686;0,000;0,000;0,000;0,000;11,617;1,000;3,000;

738;2015.10.01 17:00:00;8,640;0,000;0,000;0,000;0,000;11,617;1,000;3,000;

739;2015.10.01 18:00:00;9,093;0,000;0,000;0,000;0,000;11,617;1,000;3,000;

740;2015.10.01 19:00:00;10,103;0,000;0,000;0,000;0,000;11,617;1,000;3,000;

741;2015.10.01 20:00:00;11,214;0,000;0,000;0,000;0,000;11,617;1,000;3,000;

742;2015.10.01 21:00:00;12,427;0,000;0,000;0,000;0,000;11,617;1,000;3,000;

743;2015.10.01 22:00:00;12,779;0,000;0,000;0,000;0,000;11,617;1,000;3,000;

744;2015.10.01 23:00:00;10,455;0,000;0,000;0,000;0,000;11,617;1,000;3,000;

745;2015.10.02 00:00:00;11,299;0,000;0,000;0,000;0,000;11,533;2,000;3,000;

746;2015.10.02 01:00:00;11,934;0,000;0,000;0,000;0,000;11,533;2,000;3,000;

747;2015.10.02 02:00:00;11,316;0,000;0,000;0,000;0,000;11,533;2,000;3,000;

748;2015.10.02 03:00:00;11,918;0,000;0,000;0,000;0,000;11,533;2,000;3,000;

749;2015.10.02 04:00:00;10,964;0,000;0,000;0,000;0,000;11,533;2,000;3,000;

750;2015.10.02 05:00:00;12,955;0,000;0,000;0,000;0,000;11,533;2,000;3,000;

751;2015.10.02 06:00:00;15,054;0,000;0,000;0,000;0,000;11,533;2,000;3,000;

752;2015.10.02 07:00:00;14,883;0,000;0,000;0,000;0,000;11,533;2,000;3,000;

753;2015.10.02 08:00:00;13,168;0,000;0,000;0,000;0,000;11,533;2,000;3,000;

754;2015.10.02 09:00:00;12,057;0,000;0,000;0,000;0,000;11,533;2,000;3,000;

755;2015.10.02 10:00:00;11,501;0,000;0,000;0,000;0,000;11,533;2,000;3,000;

756;2015.10.02 11:00:00;15,001;0,000;0,000;0,000;0,000;11,533;2,000;3,000;

757;2015.10.02 12:00:00;14,140;0,000;0,000;0,000;0,000;11,533;2,000;3,000;

758;2015.10.02 13:00:00;12,223;0,000;0,000;0,000;0,000;11,533;2,000;3,000;

759;2015.10.02 14:00:00;11,501;0,000;0,000;0,000;0,000;11,533;2,000;3,000;

760;2015.10.02 15:00:00;11,112;0,000;0,000;0,000;0,000;11,533;2,000;3,000;

761;2015.10.02 16:00:00;10,001;0,000;0,000;0,000;0,000;11,533;2,000;3,000;

762;2015.10.02 17:00:00;10,834;0,000;0,000;0,000;0,000;11,533;2,000;3,000;

763;2015.10.02 18:00:00;10,723;0,000;0,000;0,000;0,000;11,533;2,000;3,000;

764;2015.10.02 19:00:00;11,751;0,000;0,000;0,000;0,000;11,533;2,000;3,000;

765;2015.10.02 20:00:00;13,307;0,000;0,000;0,000;0,000;11,533;2,000;3,000;

766;2015.10.02 21:00:00;14,334;0,000;0,000;0,000;0,000;11,533;2,000;3,000;

767;2015.10.02 22:00:00;15,251;0,000;0,000;0,000;0,000;11,533;2,000;3,000;

768;2015.10.02 23:00:00;15,835;0,000;0,000;0,000;0,000;11,533;2,000;3,000;

769;2015.10.03 00:00:00;13,001;0,000;0,000;0,000;0,000;11,467;3,000;3,000;

770;2015.10.03 01:00:00;14,334;0,000;0,000;0,000;0,000;11,467;3,000;3,000;

771;2015.10.03 02:00:00;15,446;0,000;0,000;0,000;0,000;11,467;3,000;3,000;

772;2015.10.03 03:00:00;17,196;0,000;0,000;0,000;0,000;11,467;3,000;3,000;

773;2015.10.03 04:00:00;17,390;0,000;0,000;0,000;0,000;11,467;3,000;3,000;

774;2015.10.03 05:00:00;17,492;0,000;0,000;0,000;0,000;11,467;3,000;3,000;

775;2015.10.03 06:00:00;17,011;0,000;0,000;0,000;0,000;11,467;3,000;3,000;

776;2015.10.03 07:00:00;20,668;0,000;0,000;0,000;0,000;11,467;3,000;3,000;

777;2015.10.03 08:00:00;19,696;0,000;0,000;0,000;0,000;11,467;3,000;3,000;

778;2015.10.03 09:00:00;16,946;0,000;0,000;0,000;0,000;11,467;3,000;3,000;

779;2015.10.03 10:00:00;14,641;0,000;0,000;0,000;0,000;11,467;3,000;3,000;

780;2015.10.03 11:00:00;13,972;0,000;0,000;0,000;0,000;11,467;3,000;3,000;

781;2015.10.03 12:00:00;11,390;0,000;0,000;0,000;0,000;11,467;3,000;3,000;

782;2015.10.03 13:00:00;10,769;0,000;0,000;0,000;0,000;11,467;3,000;3,000;

783;2015.10.03 14:00:00;9,233;0,000;0,000;0,000;0,000;11,467;3,000;3,000;

784;2015.10.03 15:00:00;8,265;0,000;0,000;0,000;0,000;11,467;3,000;3,000;

785;2015.10.03 16:00:00;7,314;0,000;0,000;0,000;0,000;11,467;3,000;3,000;

786;2015.10.03 17:00:00;7,451;0,000;0,000;0,000;0,000;11,467;3,000;3,000;

787;2015.10.03 18:00:00;8,112;0,000;0,000;0,000;0,000;11,467;3,000;3,000;

788;2015.10.03 19:00:00;9,612;0,000;0,000;0,000;0,000;11,467;3,000;3,000;

789;2015.10.03 20:00:00;10,362;0,000;0,000;0,000;0,000;11,467;3,000;3,000;

790;2015.10.03 21:00:00;11,473;0,000;0,000;0,000;0,000;11,467;3,000;3,000;

791;2015.10.03 22:00:00;11,237;0,000;0,000;0,000;0,000;11,467;3,000;3,000;

792;2015.10.03 23:00:00;12,015;0,000;0,000;0,000;0,000;11,467;3,000;3,000;

793;2015.10.04 00:00:00;12,445;0,000;0,000;0,000;0,000;11,383;4,000;3,000;

794;2015.10.04 01:00:00;9,751;0,000;0,000;0,000;0,000;11,383;4,000;3,000;

795;2015.10.04 02:00:00;13,093;0,000;0,000;0,000;0,000;11,383;4,000;3,000;

796;2015.10.04 03:00:00;13,131;0,000;0,000;0,000;0,000;11,383;4,000;3,000;

797;2015.10.04 04:00:00;11,390;0,000;0,000;0,000;0,000;11,383;4,000;3,000;

798;2015.10.04 05:00:00;11,556;0,000;0,000;0,000;0,000;11,383;4,000;3,000;

799;2015.10.04 06:00:00;12,973;0,000;0,000;0,000;0,000;11,383;4,000;3,000;

800;2015.10.04 07:00:00;11,010;0,000;0,000;0,000;0,000;11,383;4,000;3,000;

801;2015.10.04 08:00:00;13,566;0,000;0,000;0,000;0,000;11,383;4,000;3,000;

802;2015.10.04 09:00:00;11,614;0,000;0,000;0,000;0,000;11,383;4,000;3,000;

803;2015.10.04 10:00:00;9,869;0,000;0,000;0,000;0,000;11,383;4,000;3,000;

804;2015.10.04 11:00:00;9,390;0,000;0,000;0,000;0,000;11,383;4,000;3,000;

805;2015.10.04 12:00:00;7,695;0,000;0,000;0,000;0,000;11,383;4,000;3,000;

806;2015.10.04 13:00:00;6,778;0,000;0,000;0,000;0,000;11,383;4,000;3,000;

807;2015.10.04 14:00:00;5,945;0,000;0,000;0,000;0,000;11,383;4,000;3,000;

808;2015.10.04 15:00:00;4,917;0,000;0,000;0,000;0,000;11,383;4,000;3,000;

809;2015.10.04 16:00:00;4,639;0,000;0,000;0,000;0,000;11,383;4,000;3,000;

810;2015.10.04 17:00:00;4,056;0,000;0,000;0,000;0,000;11,383;4,000;3,000;

811;2015.10.04 18:00:00;5,445;0,000;0,000;0,000;0,000;11,383;4,000;3,000;

812;2015.10.04 19:00:00;7,001;0,000;0,000;0,000;0,000;11,383;4,000;3,000;

813;2015.10.04 20:00:00;8,167;0,000;0,000;0,000;0,000;11,383;4,000;3,000;

814;2015.10.04 21:00:00;8,667;0,000;0,000;0,000;0,000;11,383;4,000;3,000;

815;2015.10.04 22:00:00;9,723;0,000;0,000;0,000;0,000;11,383;4,000;3,000;

816;2015.10.04 23:00:00;9,806;0,000;0,000;0,000;0,000;11,383;4,000;3,000;

817;2015.10.05 00:00:00;9,473;0,000;0,000;0,000;0,000;11,317;1,000;3,000;

818;2015.10.05 01:00:00;10,195;0,000;0,000;0,000;0,000;11,317;1,000;3,000;

819;2015.10.05 02:00:00;11,056;0,000;0,000;0,000;0,000;11,317;1,000;3,000;

820;2015.10.05 03:00:00;10,029;0,000;0,000;0,000;0,000;11,317;1,000;3,000;

821;2015.10.05 04:00:00;10,473;0,000;0,000;0,000;0,000;11,317;1,000;3,000;

822;2015.10.05 05:00:00;9,945;0,000;0,000;0,000;0,000;11,317;1,000;3,000;

823;2015.10.05 06:00:00;10,445;0,000;0,000;0,000;0,000;11,317;1,000;3,000;

824;2015.10.05 07:00:00;9,279;0,000;0,000;0,000;0,000;11,317;1,000;3,000;

825;2015.10.05 08:00:00;9,862;0,000;0,000;0,000;0,000;11,317;1,000;3,000;

826;2015.10.05 09:00:00;8,584;0,000;0,000;0,000;0,000;11,317;1,000;3,000;

827;2015.10.05 10:00:00;8,401;0,000;0,000;0,000;0,000;11,317;1,000;3,000;

828;2015.10.05 11:00:00;8,211;0,000;0,000;0,000;0,000;11,317;1,000;3,000;

829;2015.10.05 12:00:00;7,167;0,000;0,000;0,000;0,000;11,317;1,000;3,000;

830;2015.10.05 13:00:00;6,251;0,000;0,000;0,000;0,000;11,317;1,000;3,000;

831;2015.10.05 14:00:00;6,000;0,000;0,000;0,000;0,000;11,317;1,000;3,000;

832;2015.10.05 15:00:00;5,167;0,000;0,000;0,000;0,000;11,317;1,000;3,000;

833;2015.10.05 16:00:00;5,639;0,000;0,000;0,000;0,000;11,317;1,000;3,000;

834;2015.10.05 17:00:00;6,223;0,000;0,000;0,000;0,000;11,317;1,000;3,000;

835;2015.10.05 18:00:00;6,751;0,000;0,000;0,000;0,000;11,317;1,000;3,000;

836;2015.10.05 19:00:00;7,778;0,000;0,000;0,000;0,000;11,317;1,000;3,000;

837;2015.10.05 20:00:00;8,667;0,000;0,000;0,000;0,000;11,317;1,000;3,000;

838;2015.10.05 21:00:00;9,251;0,000;0,000;0,000;0,000;11,317;1,000;3,000;

839;2015.10.05 22:00:00;8,667;0,000;0,000;0,000;0,000;11,317;1,000;3,000;

840;2015.10.05 23:00:00;9,541;0,000;0,000;0,000;0,000;11,317;1,000;3,000;

841;2015.10.06 00:00:00;9,507;0,000;0,000;0,000;0,000;11,233;1,000;3,000;

842;2015.10.06 01:00:00;8,399;0,000;0,000;0,000;0,000;11,233;1,000;3,000;

843;2015.10.06 02:00:00;9,019;0,000;0,000;0,000;0,000;11,233;1,000;3,000;

844;2015.10.06 03:00:00;8,741;0,000;0,000;0,000;0,000;11,233;1,000;3,000;

845;2015.10.06 04:00:00;8,936;0,000;0,000;0,000;0,000;11,233;1,000;3,000;

846;2015.10.06 05:00:00;9,593;0,000;0,000;0,000;0,000;11,233;1,000;3,000;

847;2015.10.06 06:00:00;9,630;0,000;0,000;0,000;0,000;11,233;1,000;3,000;

848;2015.10.06 07:00:00;9,001;0,000;0,000;0,000;0,000;11,233;1,000;3,000;

849;2015.10.06 08:00:00;9,232;0,000;0,000;0,000;0,000;11,233;1,000;3,000;

850;2015.10.06 09:00:00;9,172;0,000;0,000;0,000;0,000;11,233;1,000;3,000;

851;2015.10.06 10:00:00;8,403;0,000;0,000;0,000;0,000;11,233;1,000;3,000;

852;2015.10.06 11:00:00;8,584;0,000;0,000;0,000;0,000;11,233;1,000;3,000;

853;2015.10.06 12:00:00;7,501;0,000;0,000;0,000;0,000;11,233;1,000;3,000;

854;2015.10.06 13:00:00;6,389;0,000;0,000;0,000;0,000;11,233;1,000;3,000;

855;2015.10.06 14:00:00;6,223;0,000;0,000;0,000;0,000;11,233;1,000;3,000;

856;2015.10.06 15:00:00;5,195;0,000;0,000;0,000;0,000;11,233;1,000;3,000;

857;2015.10.06 16:00:00;5,362;0,000;0,000;0,000;0,000;11,233;1,000;3,000;

858;2015.10.06 17:00:00;5,834;0,000;0,000;0,000;0,000;11,233;1,000;3,000;

859;2015.10.06 18:00:00;6,084;0,000;0,000;0,000;0,000;11,233;1,000;3,000;

860;2015.10.06 19:00:00;7,501;0,000;0,000;0,000;0,000;11,233;1,000;3,000;

861;2015.10.06 20:00:00;7,973;0,000;0,000;0,000;0,000;11,233;1,000;3,000;

862;2015.10.06 21:00:00;8,306;0,000;0,000;0,000;0,000;11,233;1,000;3,000;

863;2015.10.06 22:00:00;8,334;0,000;0,000;0,000;0,000;11,233;1,000;3,000;

864;2015.10.06 23:00:00;8,890;0,000;0,000;0,000;0,000;11,233;1,000;3,000;

865;2015.10.07 00:00:00;8,362;0,000;0,000;0,000;0,000;11,167;1,000;3,000;

866;2015.10.07 01:00:00;8,723;0,000;0,000;0,000;0,000;11,167;1,000;3,000;

867;2015.10.07 02:00:00;9,973;0,000;0,000;0,000;0,000;11,167;1,000;3,000;

868;2015.10.07 03:00:00;10,167;0,000;0,000;0,000;0,000;11,167;1,000;3,000;

869;2015.10.07 04:00:00;8,917;0,000;0,000;0,000;0,000;11,167;1,000;3,000;

870;2015.10.07 05:00:00;11,084;0,000;0,000;0,000;0,000;11,167;1,000;3,000;

871;2015.10.07 06:00:00;11,140;0,000;0,000;0,000;0,000;11,167;1,000;3,000;

872;2015.10.07 07:00:00;12,223;0,000;0,000;0,000;0,000;11,167;1,000;3,000;

873;2015.10.07 08:00:00;12,225;0,000;0,000;0,000;0,000;11,167;1,000;3,000;

874;2015.10.07 09:00:00;11,138;0,000;0,000;0,000;0,000;11,167;1,000;3,000;

875;2015.10.07 10:00:00;11,473;0,000;0,000;0,000;0,000;11,167;1,000;3,000;

876;2015.10.07 11:00:00;11,418;0,000;0,000;0,000;0,000;11,167;1,000;3,000;

877;2015.10.07 12:00:00;10,029;0,000;0,000;0,000;0,000;11,167;1,000;3,000;

878;2015.10.07 13:00:00;10,723;0,000;0,000;0,000;0,000;11,167;1,000;3,000;

879;2015.10.07 14:00:00;9,890;0,000;0,000;0,000;0,000;11,167;1,000;3,000;

880;2015.10.07 15:00:00;10,195;0,000;0,000;0,000;0,000;11,167;1,000;3,000;

881;2015.10.07 16:00:00;9,723;0,000;0,000;0,000;0,000;11,167;1,000;3,000;

882;2015.10.07 17:00:00;10,084;0,000;0,000;0,000;0,000;11,167;1,000;3,000;

883;2015.10.07 18:00:00;11,084;0,000;0,000;0,000;0,000;11,167;1,000;3,000;

884;2015.10.07 19:00:00;11,418;0,000;0,000;0,000;0,000;11,167;1,000;3,000;

885;2015.10.07 20:00:00;10,362;0,000;0,000;0,000;0,000;11,167;1,000;3,000;

886;2015.10.07 21:00:00;11,112;0,000;0,000;0,000;0,000;11,167;1,000;3,000;

887;2015.10.07 22:00:00;11,668;0,000;0,000;0,000;0,000;11,167;1,000;3,000;

888;2015.10.07 23:00:00;10,668;0,000;0,000;0,000;0,000;11,167;1,000;3,000;

889;2015.10.08 00:00:00;10,279;0,000;0,000;0,000;0,000;11,100;1,000;3,000;

890;2015.10.08 01:00:00;12,001;0,000;0,000;0,000;0,000;11,100;1,000;3,000;

891;2015.10.08 02:00:00;12,307;0,000;0,000;0,000;0,000;11,100;1,000;3,000;

892;2015.10.08 03:00:00;12,334;0,000;0,000;0,000;0,000;11,100;1,000;3,000;

893;2015.10.08 04:00:00;12,001;0,000;0,000;0,000;0,000;11,100;1,000;3,000;

894;2015.10.08 05:00:00;13,168;0,000;0,000;0,000;0,000;11,100;1,000;3,000;

895;2015.10.08 06:00:00;13,834;0,000;0,000;0,000;0,000;11,100;1,000;3,000;

896;2015.10.08 07:00:00;15,668;0,000;0,000;0,000;0,000;11,100;1,000;3,000;

897;2015.10.08 08:00:00;15,196;0,000;0,000;0,000;0,000;11,100;1,000;3,000;

898;2015.10.08 09:00:00;13,084;0,000;0,000;0,000;0,000;11,100;1,000;3,000;

899;2015.10.08 10:00:00;12,202;0,000;0,000;0,000;0,000;11,100;1,000;3,000;

900;2015.10.08 11:00:00;12,402;0,000;0,000;0,000;0,000;11,100;1,000;3,000;

901;2015.10.08 12:00:00;11,815;0,000;0,000;0,000;0,000;11,100;1,000;3,000;

902;2015.10.08 13:00:00;10,487;0,000;0,000;0,000;0,000;11,100;1,000;3,000;

903;2015.10.08 14:00:00;11,181;0,000;0,000;0,000;0,000;11,100;1,000;3,000;

904;2015.10.08 15:00:00;10,390;0,000;0,000;0,000;0,000;11,100;1,000;3,000;

905;2015.10.08 16:00:00;10,001;0,000;0,000;0,000;0,000;11,100;1,000;3,000;

906;2015.10.08 17:00:00;10,084;0,000;0,000;0,000;0,000;11,100;1,000;3,000;

907;2015.10.08 18:00:00;10,723;0,000;0,000;0,000;0,000;11,100;1,000;3,000;

908;2015.10.08 19:00:00;11,751;0,000;0,000;0,000;0,000;11,100;1,000;3,000;

909;2015.10.08 20:00:00;12,279;0,000;0,000;0,000;0,000;11,100;1,000;3,000;

910;2015.10.08 21:00:00;13,279;0,000;0,000;0,000;0,000;11,100;1,000;3,000;

911;2015.10.08 22:00:00;12,945;0,000;0,000;0,000;0,000;11,100;1,000;3,000;

912;2015.10.08 23:00:00;13,140;0,000;0,000;0,000;0,000;11,100;1,000;3,000;

913;2015.10.09 00:00:00;12,751;0,000;0,000;0,000;0,000;11,033;2,000;3,000;

914;2015.10.09 01:00:00;13,446;0,000;0,000;0,000;0,000;11,033;2,000;3,000;

915;2015.10.09 02:00:00;13,723;0,000;0,000;0,000;0,000;11,033;2,000;3,000;

916;2015.10.09 03:00:00;13,612;0,000;0,000;0,000;0,000;11,033;2,000;3,000;

917;2015.10.09 04:00:00;13,612;0,000;0,000;0,000;0,000;11,033;2,000;3,000;

918;2015.10.09 05:00:00;13,223;0,000;0,000;0,000;0,000;11,033;2,000;3,000;

919;2015.10.09 06:00:00;16,529;0,000;0,000;0,000;0,000;11,033;2,000;3,000;

920;2015.10.09 07:00:00;16,696;0,000;0,000;0,000;0,000;11,033;2,000;3,000;

921;2015.10.09 08:00:00;15,862;0,000;0,000;0,000;0,000;11,033;2,000;3,000;

922;2015.10.09 09:00:00;16,668;0,000;0,000;0,000;0,000;11,033;2,000;3,000;

923;2015.10.09 10:00:00;16,001;0,000;0,000;0,000;0,000;11,033;2,000;3,000;

924;2015.10.09 11:00:00;14,751;0,000;0,000;0,000;0,000;11,033;2,000;3,000;

925;2015.10.09 12:00:00;14,168;0,000;0,000;0,000;0,000;11,033;2,000;3,000;

926;2015.10.09 13:00:00;12,862;0,000;0,000;0,000;0,000;11,033;2,000;3,000;

927;2015.10.09 14:00:00;12,890;0,000;0,000;0,000;0,000;11,033;2,000;3,000;

928;2015.10.09 15:00:00;12,890;0,000;0,000;0,000;0,000;11,033;2,000;3,000;

929;2015.10.09 16:00:00;12,029;0,000;0,000;0,000;0,000;11,033;2,000;3,000;

930;2015.10.09 17:00:00;12,418;0,000;0,000;0,000;0,000;11,033;2,000;3,000;

931;2015.10.09 18:00:00;15,835;0,000;0,000;0,000;0,000;11,033;2,000;3,000;

932;2015.10.09 19:00:00;15,862;0,000;0,000;0,000;0,000;11,033;2,000;3,000;

933;2015.10.09 20:00:00;15,640;0,000;0,000;0,000;0,000;11,033;2,000;3,000;

934;2015.10.09 21:00:00;16,835;0,000;0,000;0,000;0,000;11,033;2,000;3,000;

935;2015.10.09 22:00:00;16,835;0,000;0,000;0,000;0,000;11,033;2,000;3,000;

936;2015.10.09 23:00:00;18,557;0,000;0,000;0,000;0,000;11,033;2,000;3,000;

937;2015.10.10 00:00:00;15,140;0,000;0,000;0,000;0,000;10,967;3,000;3,000;

938;2015.10.10 01:00:00;16,807;0,000;0,000;0,000;0,000;10,967;3,000;3,000;

939;2015.10.10 02:00:00;16,974;0,000;0,000;0,000;0,000;10,967;3,000;3,000;

940;2015.10.10 03:00:00;19,363;0,000;0,000;0,000;0,000;10,967;3,000;3,000;

941;2015.10.10 04:00:00;18,029;0,000;0,000;0,000;0,000;10,967;3,000;3,000;

942;2015.10.10 05:00:00;19,668;0,000;0,000;0,000;0,000;10,967;3,000;3,000;

943;2015.10.10 06:00:00;20,224;0,000;0,000;0,000;0,000;10,967;3,000;3,000;

944;2015.10.10 07:00:00;21,196;0,000;0,000;0,000;0,000;10,967;3,000;3,000;

945;2015.10.10 08:00:00;21,946;0,000;0,000;0,000;0,000;10,967;3,000;3,000;

946;2015.10.10 09:00:00;20,252;0,000;0,000;0,000;0,000;10,967;3,000;3,000;

947;2015.10.10 10:00:00;18,279;0,000;0,000;0,000;0,000;10,967;3,000;3,000;

948;2015.10.10 11:00:00;17,557;0,000;0,000;0,000;0,000;10,967;3,000;3,000;

949;2015.10.10 12:00:00;17,446;0,000;0,000;0,000;0,000;10,967;3,000;3,000;

950;2015.10.10 13:00:00;16,307;0,000;0,000;0,000;0,000;10,967;3,000;3,000;

951;2015.10.10 14:00:00;15,723;0,000;0,000;0,000;0,000;10,967;3,000;3,000;

952;2015.10.10 15:00:00;15,807;0,000;0,000;0,000;0,000;10,967;3,000;3,000;

953;2015.10.10 16:00:00;13,862;0,000;0,000;0,000;0,000;10,967;3,000;3,000;

954;2015.10.10 17:00:00;14,362;0,000;0,000;0,000;0,000;10,967;3,000;3,000;

955;2015.10.10 18:00:00;16,418;0,000;0,000;0,000;0,000;10,967;3,000;3,000;

956;2015.10.10 19:00:00;16,279;0,000;0,000;0,000;0,000;10,967;3,000;3,000;

957;2015.10.10 20:00:00;15,529;0,000;0,000;0,000;0,000;10,967;3,000;3,000;

958;2015.10.10 21:00:00;17,307;0,000;0,000;0,000;0,000;10,967;3,000;3,000;

959;2015.10.10 22:00:00;16,668;0,000;0,000;0,000;0,000;10,967;3,000;3,000;

960;2015.10.10 23:00:00;17,159;0,000;0,000;0,000;0,000;10,967;3,000;3,000;

961;2015.10.11 00:00:00;16,835;0,000;0,000;0,000;0,000;10,883;4,000;3,000;

962;2015.10.11 01:00:00;17,057;0,000;0,000;0,000;0,000;10,883;4,000;3,000;

963;2015.10.11 02:00:00;16,798;0,000;0,000;0,000;0,000;10,883;4,000;3,000;

964;2015.10.11 03:00:00;18,409;0,000;0,000;0,000;0,000;10,883;4,000;3,000;

965;2015.10.11 04:00:00;18,307;0,000;0,000;0,000;0,000;10,883;4,000;3,000;

966;2015.10.11 05:00:00;18,687;0,000;0,000;0,000;0,000;10,883;4,000;3,000;

967;2015.10.11 06:00:00;19,168;0,000;0,000;0,000;0,000;10,883;4,000;3,000;

968;2015.10.11 07:00:00;19,928;0,000;0,000;0,000;0,000;10,883;4,000;3,000;

969;2015.10.11 08:00:00;19,724;0,000;0,000;0,000;0,000;10,883;4,000;3,000;

970;2015.10.11 09:00:00;19,502;0,000;0,000;0,000;0,000;10,883;4,000;3,000;

971;2015.10.11 10:00:00;18,733;0,000;0,000;0,000;0,000;10,883;4,000;3,000;

972;2015.10.11 11:00:00;16,890;0,000;0,000;0,000;0,000;10,883;4,000;3,000;

973;2015.10.11 12:00:00;15,761;0,000;0,000;0,000;0,000;10,883;4,000;3,000;

974;2015.10.11 13:00:00;14,104;0,000;0,000;0,000;0,000;10,883;4,000;3,000;

975;2015.10.11 14:00:00;14,204;0,000;0,000;0,000;0,000;10,883;4,000;3,000;

976;2015.10.11 15:00:00;12,751;0,000;0,000;0,000;0,000;10,883;4,000;3,000;

977;2015.10.11 16:00:00;12,779;0,000;0,000;0,000;0,000;10,883;4,000;3,000;

978;2015.10.11 17:00:00;14,399;0,000;0,000;0,000;0,000;10,883;4,000;3,000;

979;2015.10.11 18:00:00;15,593;0,000;0,000;0,000;0,000;10,883;4,000;3,000;

980;2015.10.11 19:00:00;16,604;0,000;0,000;0,000;0,000;10,883;4,000;3,000;

981;2015.10.11 20:00:00;15,335;0,000;0,000;0,000;0,000;10,883;4,000;3,000;

982;2015.10.11 21:00:00;16,696;0,000;0,000;0,000;0,000;10,883;4,000;3,000;

983;2015.10.11 22:00:00;17,677;0,000;0,000;0,000;0,000;10,883;4,000;3,000;

984;2015.10.11 23:00:00;16,566;0,000;0,000;0,000;0,000;10,883;4,000;3,000;

985;2015.10.12 00:00:00;15,909;0,000;0,000;0,000;0,000;10,817;1,000;3,000;

986;2015.10.12 01:00:00;18,706;0,000;0,000;0,000;0,000;10,817;1,000;3,000;

987;2015.10.12 02:00:00;20,899;0,000;0,000;0,000;0,000;10,817;1,000;3,000;

988;2015.10.12 03:00:00;19,640;0,000;0,000;0,000;0,000;10,817;1,000;3,000;

989;2015.10.12 04:00:00;19,002;0,000;0,000;0,000;0,000;10,817;1,000;3,000;

990;2015.10.12 05:00:00;20,335;0,000;0,000;0,000;0,000;10,817;1,000;3,000;

991;2015.10.12 06:00:00;22,057;0,000;0,000;0,000;0,000;10,817;1,000;3,000;

992;2015.10.12 07:00:00;20,807;0,000;0,000;0,000;0,000;10,817;1,000;3,000;

993;2015.10.12 08:00:00;22,111;0,000;0,000;0,000;0,000;10,817;1,000;3,000;

994;2015.10.12 09:00:00;25,661;0,000;0,000;0,000;0,000;10,817;1,000;3,000;

995;2015.10.12 10:00:00;20,336;0,000;0,000;0,000;0,000;10,817;1,000;3,000;

996;2015.10.12 11:00:00;19,908;0,000;0,000;0,000;0,000;10,817;1,000;3,000;

997;2015.10.12 12:00:00;18,714;0,000;0,000;0,000;0,000;10,817;1,000;3,000;

998;2015.10.12 13:00:00;18,816;0,000;0,000;0,000;0,000;10,817;1,000;3,000;

999;2015.10.12 14:00:00;17,020;0,000;0,000;0,000;0,000;10,817;1,000;3,000;

1000;2015.10.12 15:00:00;15,668;0,000;0,000;0,000;0,000;10,817;1,000;3,000;

1001;2015.10.12 16:00:00;14,583;0,000;0,000;0,000;0,000;10,817;1,000;3,000;

1002;2015.10.12 17:00:00;21,430;0,000;0,000;0,000;0,000;10,817;1,000;3,000;

1003;2015.10.12 18:00:00;22,131;0,000;0,000;0,000;0,000;10,817;1,000;3,000;

1004;2015.10.12 19:00:00;17,927;0,000;0,000;0,000;0,000;10,817;1,000;3,000;

1005;2015.10.12 20:00:00;17,909;0,000;0,000;0,000;0,000;10,817;1,000;3,000;

1006;2015.10.12 21:00:00;19,360;0,000;0,000;0,000;0,000;10,817;1,000;3,000;

1007;2015.10.12 22:00:00;19,597;0,000;0,000;0,000;0,000;10,817;1,000;3,000;

1008;2015.10.12 23:00:00;18,076;0,000;0,000;0,000;0,000;10,817;1,000;3,000;

1009;2015.10.13 00:00:00;18,677;0,000;0,000;0,000;0,000;10,733;1,000;3,000;

1010;2015.10.13 01:00:00;18,613;0,000;0,000;0,000;0,000;10,733;1,000;3,000;

1011;2015.10.13 02:00:00;19,474;0,000;0,000;0,000;0,000;10,733;1,000;3,000;

1012;2015.10.13 03:00:00;19,594;0,000;0,000;0,000;0,000;10,733;1,000;3,000;

1013;2015.10.13 04:00:00;20,659;0,000;0,000;0,000;0,000;10,733;1,000;3,000;

1014;2015.10.13 05:00:00;20,279;0,000;0,000;0,000;0,000;10,733;1,000;3,000;

1015;2015.10.13 06:00:00;21,205;0,000;0,000;0,000;0,000;10,733;1,000;3,000;

1016;2015.10.13 07:00:00;20,724;0,000;0,000;0,000;0,000;10,733;1,000;3,000;

1017;2015.10.13 08:00:00;21,483;0,000;0,000;0,000;0,000;10,733;1,000;3,000;

1018;2015.10.13 09:00:00;20,113;0,000;0,000;0,000;0,000;10,733;1,000;3,000;

1019;2015.10.13 10:00:00;19,348;0,000;0,000;0,000;0,000;10,733;1,000;3,000;

1020;2015.10.13 11:00:00;19,606;0,000;0,000;0,000;0,000;10,733;1,000;3,000;

1021;2015.10.13 12:00:00;20,044;0,000;0,000;0,000;0,000;10,733;1,000;3,000;

1022;2015.10.13 13:00:00;18,239;0,000;0,000;0,000;0,000;10,733;1,000;3,000;

1023;2015.10.13 14:00:00;19,222;0,000;0,000;0,000;0,000;10,733;1,000;3,000;

1024;2015.10.13 15:00:00;19,467;0,000;0,000;0,000;0,000;10,733;1,000;3,000;

1025;2015.10.13 16:00:00;21,583;0,000;0,000;0,000;0,000;10,733;1,000;3,000;

1026;2015.10.13 17:00:00;21,219;0,000;0,000;0,000;0,000;10,733;1,000;3,000;

1027;2015.10.13 18:00:00;25,163;0,000;0,000;0,000;0,000;10,733;1,000;3,000;

1028;2015.10.13 19:00:00;23,123;0,000;0,000;0,000;0,000;10,733;1,000;3,000;

1029;2015.10.13 20:00:00;21,392;0,000;0,000;0,000;0,000;10,733;1,000;3,000;

1030;2015.10.13 21:00:00;21,141;0,000;0,000;0,000;0,000;10,733;1,000;3,000;

1031;2015.10.13 22:00:00;23,011;0,000;0,000;0,000;0,000;10,733;1,000;3,000;

1032;2015.10.13 23:00:00;19,326;0,000;0,000;0,000;0,000;10,733;1,000;3,000;

1033;2015.10.14 00:00:00;19,356;0,000;0,000;0,000;0,000;10,667;1,000;3,000;

1034;2015.10.14 01:00:00;20,369;0,000;0,000;0,000;0,000;10,667;1,000;3,000;

1035;2015.10.14 02:00:00;19,196;0,000;0,000;0,000;0,000;10,667;1,000;3,000;

1036;2015.10.14 03:00:00;20,724;0,000;0,000;0,000;0,000;10,667;1,000;3,000;

1037;2015.10.14 04:00:00;18,001;0,000;0,000;0,000;0,000;10,667;1,000;3,000;

1038;2015.10.14 05:00:00;19,809;0,000;0,000;0,000;0,000;10,667;1,000;3,000;

1039;2015.10.14 06:00:00;20,930;0,000;0,000;0,000;0,000;10,667;1,000;3,000;

1040;2015.10.14 07:00:00;21,095;0,000;0,000;0,000;0,000;10,667;1,000;3,000;

1041;2015.10.14 08:00:00;19,977;0,000;0,000;0,000;0,000;10,667;1,000;3,000;

1042;2015.10.14 09:00:00;18,501;0,000;0,000;0,000;0,000;10,667;1,000;3,000;

1043;2015.10.14 10:00:00;19,252;0,000;0,000;0,000;0,000;10,667;1,000;3,000;

1044;2015.10.14 11:00:00;18,085;0,000;0,000;0,000;0,000;10,667;1,000;3,000;

1045;2015.10.14 12:00:00;18,158;0,000;0,000;0,000;0,000;10,667;1,000;3,000;

1046;2015.10.14 13:00:00;17,234;0,000;0,000;0,000;0,000;10,667;1,000;3,000;

1047;2015.10.14 14:00:00;17,048;0,000;0,000;0,000;0,000;10,667;1,000;3,000;

1048;2015.10.14 15:00:00;16,927;0,000;0,000;0,000;0,000;10,667;1,000;3,000;

1049;2015.10.14 16:00:00;16,390;0,000;0,000;0,000;0,000;10,667;1,000;3,000;

1050;2015.10.14 17:00:00;18,474;0,000;0,000;0,000;0,000;10,667;1,000;3,000;

1051;2015.10.14 18:00:00;19,744;0,000;0,000;0,000;0,000;10,667;1,000;3,000;

1052;2015.10.14 19:00:00;18,676;0,000;0,000;0,000;0,000;10,667;1,000;3,000;

1053;2015.10.14 20:00:00;20,099;0,000;0,000;0,000;0,000;10,667;1,000;3,000;

1054;2015.10.14 21:00:00;20,376;0,000;0,000;0,000;0,000;10,667;1,000;3,000;

1055;2015.10.14 22:00:00;19,102;0,000;0,000;0,000;0,000;10,667;1,000;3,000;

1056;2015.10.14 23:00:00;17,512;0,000;0,000;0,000;0,000;10,667;1,000;3,000;

1057;2015.10.15 00:00:00;16,492;0,000;0,000;0,000;0,000;10,600;1,000;3,000;

1058;2015.10.15 01:00:00;16,603;0,000;0,000;0,000;0,000;10,600;1,000;3,000;

1059;2015.10.15 02:00:00;17,202;0,000;0,000;0,000;0,000;10,600;1,000;3,000;

1060;2015.10.15 03:00:00;17,801;0,000;0,000;0,000;0,000;10,600;1,000;3,000;

1061;2015.10.15 04:00:00;19,502;0,000;0,000;0,000;0,000;10,600;1,000;3,000;

1062;2015.10.15 05:00:00;19,770;0,000;0,000;0,000;0,000;10,600;1,000;3,000;

1063;2015.10.15 06:00:00;19,298;0,000;0,000;0,000;0,000;10,600;1,000;3,000;

1064;2015.10.15 07:00:00;19,724;0,000;0,000;0,000;0,000;10,600;1,000;3,000;

1065;2015.10.15 08:00:00;19,798;0,000;0,000;0,000;0,000;10,600;1,000;3,000;

1066;2015.10.15 09:00:00;19,974;0,000;0,000;0,000;0,000;10,600;1,000;3,000;

1067;2015.10.15 10:00:00;17,881;0,000;0,000;0,000;0,000;10,600;1,000;3,000;

1068;2015.10.15 11:00:00;17,474;0,000;0,000;0,000;0,000;10,600;1,000;3,000;

1069;2015.10.15 12:00:00;16,844;0,000;0,000;0,000;0,000;10,600;1,000;3,000;

1070;2015.10.15 13:00:00;16,770;0,000;0,000;0,000;0,000;10,600;1,000;3,000;

1071;2015.10.15 14:00:00;15,763;0,000;0,000;0,000;0,000;10,600;1,000;3,000;

1072;2015.10.15 15:00:00;15,851;0,000;0,000;0,000;0,000;10,600;1,000;3,000;

1073;2015.10.15 16:00:00;15,263;0,000;0,000;0,000;0,000;10,600;1,000;3,000;

1074;2015.10.15 17:00:00;17,240;0,000;0,000;0,000;0,000;10,600;1,000;3,000;

1075;2015.10.15 18:00:00;19,140;0,000;0,000;0,000;0,000;10,600;1,000;3,000;

1076;2015.10.15 19:00:00;16,411;0,000;0,000;0,000;0,000;10,600;1,000;3,000;

1077;2015.10.15 20:00:00;18,627;0,000;0,000;0,000;0,000;10,600;1,000;3,000;

1078;2015.10.15 21:00:00;17,450;0,000;0,000;0,000;0,000;10,600;1,000;3,000;

1079;2015.10.15 22:00:00;17,712;0,000;0,000;0,000;0,000;10,600;1,000;3,000;

1080;2015.10.15 23:00:00;14,260;0,000;0,000;0,000;0,000;10,600;1,000;3,000;

1081;2015.10.16 00:00:00;14,789;0,000;0,000;0,000;0,000;10,533;2,000;3,000;

1082;2015.10.16 01:00:00;15,655;0,000;0,000;0,000;0,000;10,533;2,000;3,000;

1083;2015.10.16 02:00:00;15,567;0,000;0,000;0,000;0,000;10,533;2,000;3,000;

1084;2015.10.16 03:00:00;15,180;0,000;0,000;0,000;0,000;10,533;2,000;3,000;

1085;2015.10.16 04:00:00;15,468;0,000;0,000;0,000;0,000;10,533;2,000;3,000;

1086;2015.10.16 05:00:00;15,720;0,000;0,000;0,000;0,000;10,533;2,000;3,000;

1087;2015.10.16 06:00:00;15,761;0,000;0,000;0,000;0,000;10,533;2,000;3,000;

1088;2015.10.16 07:00:00;16,390;0,000;0,000;0,000;0,000;10,533;2,000;3,000;

1089;2015.10.16 08:00:00;16,755;0,000;0,000;0,000;0,000;10,533;2,000;3,000;

1090;2015.10.16 09:00:00;16,482;0,000;0,000;0,000;0,000;10,533;2,000;3,000;

1091;2015.10.16 10:00:00;15,830;0,000;0,000;0,000;0,000;10,533;2,000;3,000;

1092;2015.10.16 11:00:00;15,835;0,000;0,000;0,000;0,000;10,533;2,000;3,000;

1093;2015.10.16 12:00:00;15,297;0,000;0,000;0,000;0,000;10,533;2,000;3,000;

1094;2015.10.16 13:00:00;15,643;0,000;0,000;0,000;0,000;10,533;2,000;3,000;

1095;2015.10.16 14:00:00;15,335;0,000;0,000;0,000;0,000;10,533;2,000;3,000;

1096;2015.10.16 15:00:00;14,538;0,000;0,000;0,000;0,000;10,533;2,000;3,000;

1097;2015.10.16 16:00:00;17,800;0,000;0,000;0,000;0,000;10,533;2,000;3,000;

1098;2015.10.16 17:00:00;17,789;0,000;0,000;0,000;0,000;10,533;2,000;3,000;

1099;2015.10.16 18:00:00;16,628;0,000;0,000;0,000;0,000;10,533;2,000;3,000;

1100;2015.10.16 19:00:00;17,430;0,000;0,000;0,000;0,000;10,533;2,000;3,000;

1101;2015.10.16 20:00:00;16,722;0,000;0,000;0,000;0,000;10,533;2,000;3,000;

1102;2015.10.16 21:00:00;15,505;0,000;0,000;0,000;0,000;10,533;2,000;3,000;

1103;2015.10.16 22:00:00;16,599;0,000;0,000;0,000;0,000;10,533;2,000;3,000;

1104;2015.10.16 23:00:00;15,936;0,000;0,000;0,000;0,000;10,533;2,000;3,000;

1105;2015.10.17 00:00:00;14,686;0,000;0,000;0,000;0,000;10,467;3,000;3,000;

1106;2015.10.17 01:00:00;15,362;0,000;0,000;0,000;0,000;10,467;3,000;3,000;

1107;2015.10.17 02:00:00;14,376;0,000;0,000;0,000;0,000;10,467;3,000;3,000;

1108;2015.10.17 03:00:00;14,793;0,000;0,000;0,000;0,000;10,467;3,000;3,000;

1109;2015.10.17 04:00:00;14,723;0,000;0,000;0,000;0,000;10,467;3,000;3,000;

1110;2015.10.17 05:00:00;14,288;0,000;0,000;0,000;0,000;10,467;3,000;3,000;

1111;2015.10.17 06:00:00;14,533;0,000;0,000;0,000;0,000;10,467;3,000;3,000;

1112;2015.10.17 07:00:00;15,581;0,000;0,000;0,000;0,000;10,467;3,000;3,000;

1113;2015.10.17 08:00:00;16,844;0,000;0,000;0,000;0,000;10,467;3,000;3,000;

1114;2015.10.17 09:00:00;15,705;0,000;0,000;0,000;0,000;10,467;3,000;3,000;

1115;2015.10.17 10:00:00;14,168;0,000;0,000;0,000;0,000;10,467;3,000;3,000;

1116;2015.10.17 11:00:00;14,899;0,000;0,000;0,000;0,000;10,467;3,000;3,000;

1117;2015.10.17 12:00:00;13,964;0,000;0,000;0,000;0,000;10,467;3,000;3,000;

1118;2015.10.17 13:00:00;12,815;0,000;0,000;0,000;0,000;10,467;3,000;3,000;

1119;2015.10.17 14:00:00;12,363;0,000;0,000;0,000;0,000;10,467;3,000;3,000;

1120;2015.10.17 15:00:00;12,399;0,000;0,000;0,000;0,000;10,467;3,000;3,000;

1121;2015.10.17 16:00:00;12,020;0,000;0,000;0,000;0,000;10,467;3,000;3,000;

1122;2015.10.17 17:00:00;15,788;0,000;0,000;0,000;0,000;10,467;3,000;3,000;

1123;2015.10.17 18:00:00;13,158;0,000;0,000;0,000;0,000;10,467;3,000;3,000;

1124;2015.10.17 19:00:00;14,066;0,000;0,000;0,000;0,000;10,467;3,000;3,000;

1125;2015.10.17 20:00:00;14,788;0,000;0,000;0,000;0,000;10,467;3,000;3,000;

1126;2015.10.17 21:00:00;14,645;0,000;0,000;0,000;0,000;10,467;3,000;3,000;

1127;2015.10.17 22:00:00;13,894;0,000;0,000;0,000;0,000;10,467;3,000;3,000;

1128;2015.10.17 23:00:00;13,011;0,000;0,000;0,000;0,000;10,467;3,000;3,000;

1129;2015.10.18 00:00:00;11,841;0,000;0,000;0,000;0,000;10,400;4,000;3,000;

1130;2015.10.18 01:00:00;11,827;0,000;0,000;0,000;0,000;10,400;4,000;3,000;

1131;2015.10.18 02:00:00;12,713;0,000;0,000;0,000;0,000;10,400;4,000;3,000;

1132;2015.10.18 03:00:00;12,085;0,000;0,000;0,000;0,000;10,400;4,000;3,000;

1133;2015.10.18 04:00:00;12,399;0,000;0,000;0,000;0,000;10,400;4,000;3,000;

1134;2015.10.18 05:00:00;13,260;0,000;0,000;0,000;0,000;10,400;4,000;3,000;

1135;2015.10.18 06:00:00;12,441;0,000;0,000;0,000;0,000;10,400;4,000;3,000;

1136;2015.10.18 07:00:00;12,440;0,000;0,000;0,000;0,000;10,400;4,000;3,000;

1137;2015.10.18 08:00:00;14,668;0,000;0,000;0,000;0,000;10,400;4,000;3,000;

1138;2015.10.18 09:00:00;13,587;0,000;0,000;0,000;0,000;10,400;4,000;3,000;

1139;2015.10.18 10:00:00;14,387;0,000;0,000;0,000;0,000;10,400;4,000;3,000;

1140;2015.10.18 11:00:00;14,576;0,000;0,000;0,000;0,000;10,400;4,000;3,000;

1141;2015.10.18 12:00:00;13,708;0,000;0,000;0,000;0,000;10,400;4,000;3,000;

1142;2015.10.18 13:00:00;14,524;0,000;0,000;0,000;0,000;10,400;4,000;3,000;

1143;2015.10.18 14:00:00;14,336;0,000;0,000;0,000;0,000;10,400;4,000;3,000;

1144;2015.10.18 15:00:00;12,922;0,000;0,000;0,000;0,000;10,400;4,000;3,000;

1145;2015.10.18 16:00:00;14,508;0,000;0,000;0,000;0,000;10,400;4,000;3,000;

1146;2015.10.18 17:00:00;13,435;0,000;0,000;0,000;0,000;10,400;4,000;3,000;

1147;2015.10.18 18:00:00;13,182;0,000;0,000;0,000;0,000;10,400;4,000;3,000;

1148;2015.10.18 19:00:00;13,821;0,000;0,000;0,000;0,000;10,400;4,000;3,000;

1149;2015.10.18 20:00:00;14,098;0,000;0,000;0,000;0,000;10,400;4,000;3,000;

1150;2015.10.18 21:00:00;14,242;0,000;0,000;0,000;0,000;10,400;4,000;3,000;

1151;2015.10.18 22:00:00;14,172;0,000;0,000;0,000;0,000;10,400;4,000;3,000;

1152;2015.10.18 23:00:00;12,473;0,000;0,000;0,000;0,000;10,400;4,000;3,000;

1153;2015.10.19 00:00:00;11,612;0,000;0,000;0,000;0,000;10,317;1,000;3,000;

1154;2015.10.19 01:00:00;13,316;0,000;0,000;0,000;0,000;10,317;1,000;3,000;

1155;2015.10.19 02:00:00;13,453;0,000;0,000;0,000;0,000;10,317;1,000;3,000;

1156;2015.10.19 03:00:00;13,234;0,000;0,000;0,000;0,000;10,317;1,000;3,000;

1157;2015.10.19 04:00:00;13,881;0,000;0,000;0,000;0,000;10,317;1,000;3,000;

1158;2015.10.19 05:00:00;13,529;0,000;0,000;0,000;0,000;10,317;1,000;3,000;

1159;2015.10.19 06:00:00;12,945;0,000;0,000;0,000;0,000;10,317;1,000;3,000;

1160;2015.10.19 07:00:00;13,168;0,000;0,000;0,000;0,000;10,317;1,000;3,000;

1161;2015.10.19 08:00:00;12,737;0,000;0,000;0,000;0,000;10,317;1,000;3,000;

1162;2015.10.19 09:00:00;12,737;0,000;0,000;0,000;0,000;10,317;1,000;3,000;

1163;2015.10.19 10:00:00;13,140;0,000;0,000;0,000;0,000;10,317;1,000;3,000;

1164;2015.10.19 11:00:00;13,140;0,000;0,000;0,000;0,000;10,317;1,000;3,000;

1165;2015.10.19 12:00:00;12,918;0,000;0,000;0,000;0,000;10,317;1,000;3,000;

1166;2015.10.19 13:00:00;11,186;0,000;0,000;0,000;0,000;10,317;1,000;3,000;

1167;2015.10.19 14:00:00;10,130;0,000;0,000;0,000;0,000;10,317;1,000;3,000;

1168;2015.10.19 15:00:00;12,019;0,000;0,000;0,000;0,000;10,317;1,000;3,000;

1169;2015.10.19 16:00:00;12,881;0,000;0,000;0,000;0,000;10,317;1,000;3,000;

1170;2015.10.19 17:00:00;13,084;0,000;0,000;0,000;0,000;10,317;1,000;3,000;

1171;2015.10.19 18:00:00;13,260;0,000;0,000;0,000;0,000;10,317;1,000;3,000;

1172;2015.10.19 19:00:00;12,695;0,000;0,000;0,000;0,000;10,317;1,000;3,000;

1173;2015.10.19 20:00:00;12,418;0,000;0,000;0,000;0,000;10,317;1,000;3,000;

1174;2015.10.19 21:00:00;11,751;0,000;0,000;0,000;0,000;10,317;1,000;3,000;

1175;2015.10.19 22:00:00;11,186;0,000;0,000;0,000;0,000;10,317;1,000;3,000;

1176;2015.10.19 23:00:00;11,269;0,000;0,000;0,000;0,000;10,317;1,000;3,000;

1177;2015.10.20 00:00:00;12,825;0,000;0,000;0,000;0,000;10,250;1,000;3,000;

1178;2015.10.20 01:00:00;13,316;0,000;0,000;0,000;0,000;10,250;1,000;3,000;

1179;2015.10.20 02:00:00;13,686;0,000;0,000;0,000;0,000;10,250;1,000;3,000;

1180;2015.10.20 03:00:00;13,816;0,000;0,000;0,000;0,000;10,250;1,000;3,000;

1181;2015.10.20 04:00:00;14,168;0,000;0,000;0,000;0,000;10,250;1,000;3,000;

1182;2015.10.20 05:00:00;14,723;0,000;0,000;0,000;0,000;10,250;1,000;3,000;

1183;2015.10.20 06:00:00;14,677;0,000;0,000;0,000;0,000;10,250;1,000;3,000;

1184;2015.10.20 07:00:00;15,881;0,000;0,000;0,000;0,000;10,250;1,000;3,000;

1185;2015.10.20 08:00:00;13,964;0,000;0,000;0,000;0,000;10,250;1,000;3,000;

1186;2015.10.20 09:00:00;14,372;0,000;0,000;0,000;0,000;10,250;1,000;3,000;

1187;2015.10.20 10:00:00;14,344;0,000;0,000;0,000;0,000;10,250;1,000;3,000;

1188;2015.10.20 11:00:00;13,510;0,000;0,000;0,000;0,000;10,250;1,000;3,000;

1189;2015.10.20 12:00:00;13,362;0,000;0,000;0,000;0,000;10,250;1,000;3,000;

1190;2015.10.20 13:00:00;15,580;0,000;0,000;0,000;0,000;10,250;1,000;3,000;

1191;2015.10.20 14:00:00;13,459;0,000;0,000;0,000;0,000;10,250;1,000;3,000;

1192;2015.10.20 15:00:00;13,158;0,000;0,000;0,000;0,000;10,250;1,000;3,000;

1193;2015.10.20 16:00:00;12,965;0,000;0,000;0,000;0,000;10,250;1,000;3,000;

1194;2015.10.20 17:00:00;13,538;0,000;0,000;0,000;0,000;10,250;1,000;3,000;

1195;2015.10.20 18:00:00;13,390;0,000;0,000;0,000;0,000;10,250;1,000;3,000;

1196;2015.10.20 19:00:00;14,862;0,000;0,000;0,000;0,000;10,250;1,000;3,000;

1197;2015.10.20 20:00:00;12,779;0,000;0,000;0,000;0,000;10,250;1,000;3,000;

1198;2015.10.20 21:00:00;13,890;0,000;0,000;0,000;0,000;10,250;1,000;3,000;

1199;2015.10.20 22:00:00;13,501;0,000;0,000;0,000;0,000;10,250;1,000;3,000;

1200;2015.10.20 23:00:00;11,418;0,000;0,000;0,000;0,000;10,250;1,000;3,000;

1201;2015.10.21 00:00:00;12,612;0,000;0,000;0,000;0,000;10,183;1,000;3,000;

1202;2015.10.21 01:00:00;13,390;0,000;0,000;0,000;0,000;10,183;1,000;3,000;

1203;2015.10.21 02:00:00;13,529;0,000;0,000;0,000;0,000;10,183;1,000;3,000;

1204;2015.10.21 03:00:00;12,668;0,000;0,000;0,000;0,000;10,183;1,000;3,000;

1205;2015.10.21 04:00:00;14,001;0,000;0,000;0,000;0,000;10,183;1,000;3,000;

1206;2015.10.21 05:00:00;12,945;0,000;0,000;0,000;0,000;10,183;1,000;3,000;

1207;2015.10.21 06:00:00;13,418;0,000;0,000;0,000;0,000;10,183;1,000;3,000;

1208;2015.10.21 07:00:00;14,168;0,000;0,000;0,000;0,000;10,183;1,000;3,000;

1209;2015.10.21 08:00:00;13,723;0,000;0,000;0,000;0,000;10,183;1,000;3,000;

1210;2015.10.21 09:00:00;13,529;0,000;0,000;0,000;0,000;10,183;1,000;3,000;

1211;2015.10.21 10:00:00;12,695;0,000;0,000;0,000;0,000;10,183;1,000;3,000;

1212;2015.10.21 11:00:00;12,140;0,000;0,000;0,000;0,000;10,183;1,000;3,000;

1213;2015.10.21 12:00:00;11,390;0,000;0,000;0,000;0,000;10,183;1,000;3,000;

1214;2015.10.21 13:00:00;11,124;0,000;0,000;0,000;0,000;10,183;1,000;3,000;

1215;2015.10.21 14:00:00;10,572;0,000;0,000;0,000;0,000;10,183;1,000;3,000;

1216;2015.10.21 15:00:00;11,640;0,000;0,000;0,000;0,000;10,183;1,000;3,000;

1217;2015.10.21 16:00:00;11,668;0,000;0,000;0,000;0,000;10,183;1,000;3,000;

1218;2015.10.21 17:00:00;11,881;0,000;0,000;0,000;0,000;10,183;1,000;3,000;

1219;2015.10.21 18:00:00;13,649;0,000;0,000;0,000;0,000;10,183;1,000;3,000;

1220;2015.10.21 19:00:00;12,890;0,000;0,000;0,000;0,000;10,183;1,000;3,000;

1221;2015.10.21 20:00:00;12,668;0,000;0,000;0,000;0,000;10,183;1,000;3,000;

1222;2015.10.21 21:00:00;13,251;0,000;0,000;0,000;0,000;10,183;1,000;3,000;

1223;2015.10.21 22:00:00;13,251;0,000;0,000;0,000;0,000;10,183;1,000;3,000;

1224;2015.10.21 23:00:00;12,418;0,000;0,000;0,000;0,000;10,183;1,000;3,000;

1225;2015.10.22 00:00:00;11,390;0,000;0,000;0,000;0,000;10,117;1,000;3,000;

1226;2015.10.22 01:00:00;12,945;0,000;0,000;0,000;0,000;10,117;1,000;3,000;

1227;2015.10.22 02:00:00;12,140;0,000;0,000;0,000;0,000;10,117;1,000;3,000;

1228;2015.10.22 03:00:00;13,584;0,000;0,000;0,000;0,000;10,117;1,000;3,000;

1229;2015.10.22 04:00:00;13,334;0,000;0,000;0,000;0,000;10,117;1,000;3,000;

1230;2015.10.22 05:00:00;13,529;0,000;0,000;0,000;0,000;10,117;1,000;3,000;

1231;2015.10.22 06:00:00;14,890;0,000;0,000;0,000;0,000;10,117;1,000;3,000;

1232;2015.10.22 07:00:00;13,612;0,000;0,000;0,000;0,000;10,117;1,000;3,000;

1233;2015.10.22 08:00:00;13,446;0,000;0,000;0,000;0,000;10,117;1,000;3,000;

1234;2015.10.22 09:00:00;13,334;0,000;0,000;0,000;0,000;10,117;1,000;3,000;

1235;2015.10.22 10:00:00;13,001;0,000;0,000;0,000;0,000;10,117;1,000;3,000;

1236;2015.10.22 11:00:00;12,112;0,000;0,000;0,000;0,000;10,117;1,000;3,000;

1237;2015.10.22 12:00:00;11,306;0,000;0,000;0,000;0,000;10,117;1,000;3,000;

1238;2015.10.22 13:00:00;11,306;0,000;0,000;0,000;0,000;10,117;1,000;3,000;

1239;2015.10.22 14:00:00;10,834;0,000;0,000;0,000;0,000;10,117;1,000;3,000;

1240;2015.10.22 15:00:00;10,751;0,000;0,000;0,000;0,000;10,117;1,000;3,000;

1241;2015.10.22 16:00:00;11,195;0,000;0,000;0,000;0,000;10,117;1,000;3,000;

1242;2015.10.22 17:00:00;13,168;0,000;0,000;0,000;0,000;10,117;1,000;3,000;

1243;2015.10.22 18:00:00;14,029;0,000;0,000;0,000;0,000;10,117;1,000;3,000;

1244;2015.10.22 19:00:00;13,257;0,000;0,000;0,000;0,000;10,117;1,000;3,000;

1245;2015.10.22 20:00:00;13,690;0,000;0,000;0,000;0,000;10,117;1,000;3,000;

1246;2015.10.22 21:00:00;13,057;0,000;0,000;0,000;0,000;10,117;1,000;3,000;

1247;2015.10.22 22:00:00;14,057;0,000;0,000;0,000;0,000;10,117;1,000;3,000;

1248;2015.10.22 23:00:00;12,612;0,000;0,000;0,000;0,000;10,117;1,000;3,000;

1249;2015.10.23 00:00:00;10,945;0,000;0,000;0,000;0,000;10,033;2,000;3,000;

1250;2015.10.23 01:00:00;10,918;0,000;0,000;0,000;0,000;10,033;2,000;3,000;

1251;2015.10.23 02:00:00;12,862;0,000;0,000;0,000;0,000;10,033;2,000;3,000;

1252;2015.10.23 03:00:00;12,334;0,000;0,000;0,000;0,000;10,033;2,000;3,000;

1253;2015.10.23 04:00:00;12,723;0,000;0,000;0,000;0,000;10,033;2,000;3,000;

1254;2015.10.23 05:00:00;11,547;0,000;0,000;0,000;0,000;10,033;2,000;3,000;

1255;2015.10.23 06:00:00;12,307;0,000;0,000;0,000;0,000;10,033;2,000;3,000;

1256;2015.10.23 07:00:00;11,982;0,000;0,000;0,000;0,000;10,033;2,000;3,000;

1257;2015.10.23 08:00:00;11,668;0,000;0,000;0,000;0,000;10,033;2,000;3,000;

1258;2015.10.23 09:00:00;11,788;0,000;0,000;0,000;0,000;10,033;2,000;3,000;

1259;2015.10.23 10:00:00;11,945;0,000;0,000;0,000;0,000;10,033;2,000;3,000;

1260;2015.10.23 11:00:00;10,892;0,000;0,000;0,000;0,000;10,033;2,000;3,000;

1261;2015.10.23 12:00:00;11,489;0,000;0,000;0,000;0,000;10,033;2,000;3,000;

1262;2015.10.23 13:00:00;11,029;0,000;0,000;0,000;0,000;10,033;2,000;3,000;

1263;2015.10.23 14:00:00;10,677;0,000;0,000;0,000;0,000;10,033;2,000;3,000;

1264;2015.10.23 15:00:00;12,344;0,000;0,000;0,000;0,000;10,033;2,000;3,000;

1265;2015.10.23 16:00:00;11,149;0,000;0,000;0,000;0,000;10,033;2,000;3,000;

1266;2015.10.23 17:00:00;11,260;0,000;0,000;0,000;0,000;10,033;2,000;3,000;

1267;2015.10.23 18:00:00;12,637;0,000;0,000;0,000;0,000;10,033;2,000;3,000;

1268;2015.10.23 19:00:00;14,523;0,000;0,000;0,000;0,000;10,033;2,000;3,000;

1269;2015.10.23 20:00:00;12,307;0,000;0,000;0,000;0,000;10,033;2,000;3,000;

1270;2015.10.23 21:00:00;12,816;0,000;0,000;0,000;0,000;10,033;2,000;3,000;

1271;2015.10.23 22:00:00;15,325;0,000;0,000;0,000;0,000;10,033;2,000;3,000;

1272;2015.10.23 23:00:00;13,686;0,000;0,000;0,000;0,000;10,033;2,000;3,000;

1273;2015.10.24 00:00:00;12,094;0,000;0,000;0,000;0,000;9,967;3,000;3,000;

1274;2015.10.24 01:00:00;13,714;0,000;0,000;0,000;0,000;9,967;3,000;3,000;

1275;2015.10.24 02:00:00;15,270;0,000;0,000;0,000;0,000;9,967;3,000;3,000;

1276;2015.10.24 03:00:00;14,529;0,000;0,000;0,000;0,000;9,967;3,000;3,000;

1277;2015.10.24 04:00:00;14,918;0,000;0,000;0,000;0,000;9,967;3,000;3,000;

1278;2015.10.24 05:00:00;14,686;0,000;0,000;0,000;0,000;9,967;3,000;3,000;

1279;2015.10.24 06:00:00;14,205;0,000;0,000;0,000;0,000;9,967;3,000;3,000;

1280;2015.10.24 07:00:00;14,529;0,000;0,000;0,000;0,000;9,967;3,000;3,000;

1281;2015.10.24 08:00:00;13,964;0,000;0,000;0,000;0,000;9,967;3,000;3,000;

1282;2015.10.24 09:00:00;14,409;0,000;0,000;0,000;0,000;9,967;3,000;3,000;

1283;2015.10.24 10:00:00;13,816;0,000;0,000;0,000;0,000;9,967;3,000;3,000;

1284;2015.10.24 11:00:00;14,279;0,000;0,000;0,000;0,000;9,967;3,000;3,000;

1285;2015.10.24 12:00:00;11,704;0,000;0,000;0,000;0,000;9,967;3,000;3,000;

1286;2015.10.24 13:00:00;11,917;0,000;0,000;0,000;0,000;9,967;3,000;3,000;

1287;2015.10.24 14:00:00;11,456;0,000;0,000;0,000;0,000;9,967;3,000;3,000;

1288;2015.10.24 15:00:00;11,029;0,000;0,000;0,000;0,000;9,967;3,000;3,000;

1289;2015.10.24 16:00:00;10,797;0,000;0,000;0,000;0,000;9,967;3,000;3,000;

1290;2015.10.24 17:00:00;11,075;0,000;0,000;0,000;0,000;9,967;3,000;3,000;

1291;2015.10.24 18:00:00;15,205;0,000;0,000;0,000;0,000;9,967;3,000;3,000;

1292;2015.10.24 19:00:00;13,807;0,000;0,000;0,000;0,000;9,967;3,000;3,000;

1293;2015.10.24 20:00:00;13,381;0,000;0,000;0,000;0,000;9,967;3,000;3,000;

1294;2015.10.24 21:00:00;14,918;0,000;0,000;0,000;0,000;9,967;3,000;3,000;

1295;2015.10.24 22:00:00;14,612;0,000;0,000;0,000;0,000;9,967;3,000;3,000;

1296;2015.10.24 23:00:00;15,511;0,000;0,000;0,000;0,000;9,967;3,000;3,000;

1297;2015.10.25 00:00:00;11,806;0,000;0,000;0,000;0,000;9,900;4,000;3,000;

1298;2015.10.25 01:00:00;4,519;0,000;0,000;0,000;0,000;9,900;4,000;3,000;

1299;2015.10.25 02:00:00;3,500;0,000;0,000;0,000;0,000;9,900;4,000;3,000;

1300;2015.10.25 03:00:00;2,963;0,000;0,000;0,000;0,000;9,900;4,000;3,000;

1301;2015.10.25 04:00:00;1,509;0,000;0,000;0,000;0,000;9,900;4,000;3,000;

1302;2015.10.25 05:00:00;1,389;0,000;0,000;0,000;0,000;9,900;4,000;3,000;

1303;2015.10.25 06:00:00;29,435;0,000;0,000;0,000;0,000;9,900;4,000;3,000;

1304;2015.10.25 07:00:00;19,115;0,000;0,000;0,000;0,000;9,900;4,000;3,000;

1305;2015.10.25 08:00:00;15,242;0,000;0,000;0,000;0,000;9,900;4,000;3,000;

1306;2015.10.25 09:00:00;14,624;0,000;0,000;0,000;0,000;9,900;4,000;3,000;

1307;2015.10.25 10:00:00;15,869;0,000;0,000;0,000;0,000;9,900;4,000;3,000;

1308;2015.10.25 11:00:00;14,242;0,000;0,000;0,000;0,000;9,900;4,000;3,000;

1309;2015.10.25 12:00:00;13,973;0,000;0,000;0,000;0,000;9,900;4,000;3,000;

1310;2015.10.25 13:00:00;13,566;0,000;0,000;0,000;0,000;9,900;4,000;3,000;

1311;2015.10.25 14:00:00;12,501;0,000;0,000;0,000;0,000;9,900;4,000;3,000;

1312;2015.10.25 15:00:00;12,269;0,000;0,000;0,000;0,000;9,900;4,000;3,000;

1313;2015.10.25 16:00:00;13,899;0,000;0,000;0,000;0,000;9,900;4,000;3,000;

1314;2015.10.25 17:00:00;15,548;0,000;0,000;0,000;0,000;9,900;4,000;3,000;

1315;2015.10.25 18:00:00;14,325;0,000;0,000;0,000;0,000;9,900;4,000;3,000;

1316;2015.10.25 19:00:00;14,890;0,000;0,000;0,000;0,000;9,900;4,000;3,000;

1317;2015.10.25 20:00:00;15,196;0,000;0,000;0,000;0,000;9,900;4,000;3,000;

1318;2015.10.25 21:00:00;15,557;0,000;0,000;0,000;0,000;9,900;4,000;3,000;

1319;2015.10.25 22:00:00;15,835;0,000;0,000;0,000;0,000;9,900;4,000;3,000;

1320;2015.10.25 23:00:00;14,112;0,000;0,000;0,000;0,000;9,900;4,000;3,000;

1321;2015.10.26 00:00:00;16,810;0,000;0,000;0,000;0,000;9,833;1,000;3,000;

1322;2015.10.26 01:00:00;15,294;0,000;0,000;0,000;0,000;9,833;1,000;3,000;

1323;2015.10.26 02:00:00;17,751;0,000;0,000;0,000;0,000;9,833;1,000;3,000;

1324;2015.10.26 03:00:00;16,427;0,000;0,000;0,000;0,000;9,833;1,000;3,000;

1325;2015.10.26 04:00:00;18,038;0,000;0,000;0,000;0,000;9,833;1,000;3,000;

1326;2015.10.26 05:00:00;16,724;0,000;0,000;0,000;0,000;9,833;1,000;3,000;

1327;2015.10.26 06:00:00;17,613;0,000;0,000;0,000;0,000;9,833;1,000;3,000;

1328;2015.10.26 07:00:00;17,501;0,000;0,000;0,000;0,000;9,833;1,000;3,000;

1329;2015.10.26 08:00:00;16,205;0,000;0,000;0,000;0,000;9,833;1,000;3,000;

1330;2015.10.26 09:00:00;15,168;0,000;0,000;0,000;0,000;9,833;1,000;3,000;

1331;2015.10.26 10:00:00;13,890;0,000;0,000;0,000;0,000;9,833;1,000;3,000;

1332;2015.10.26 11:00:00;13,242;0,000;0,000;0,000;0,000;9,833;1,000;3,000;

1333;2015.10.26 12:00:00;13,132;0,000;0,000;0,000;0,000;9,833;1,000;3,000;

1334;2015.10.26 13:00:00;11,879;0,000;0,000;0,000;0,000;9,833;1,000;3,000;

1335;2015.10.26 14:00:00;11,723;0,000;0,000;0,000;0,000;9,833;1,000;3,000;

1336;2015.10.26 15:00:00;13,075;0,000;0,000;0,000;0,000;9,833;1,000;3,000;

1337;2015.10.26 16:00:00;14,279;0,000;0,000;0,000;0,000;9,833;1,000;3,000;

1338;2015.10.26 17:00:00;16,816;0,000;0,000;0,000;0,000;9,833;1,000;3,000;

1339;2015.10.26 18:00:00;14,955;0,000;0,000;0,000;0,000;9,833;1,000;3,000;

1340;2015.10.26 19:00:00;15,603;0,000;0,000;0,000;0,000;9,833;1,000;3,000;

1341;2015.10.26 20:00:00;15,353;0,000;0,000;0,000;0,000;9,833;1,000;3,000;

1342;2015.10.26 21:00:00;16,520;0,000;0,000;0,000;0,000;9,833;1,000;3,000;

1343;2015.10.26 22:00:00;19,020;0,000;0,000;0,000;0,000;9,833;1,000;3,000;

1344;2015.10.26 23:00:00;18,529;0,000;0,000;0,000;0,000;9,833;1,000;3,000;

1345;2015.10.27 00:00:00;19,150;0,000;0,000;0,000;0,000;9,767;1,000;3,000;

1346;2015.10.27 01:00:00;19,474;0,000;0,000;0,000;0,000;9,767;1,000;3,000;

1347;2015.10.27 02:00:00;19,650;0,000;0,000;0,000;0,000;9,767;1,000;3,000;

1348;2015.10.27 03:00:00;20,529;0,000;0,000;0,000;0,000;9,767;1,000;3,000;

1349;2015.10.27 04:00:00;20,659;0,000;0,000;0,000;0,000;9,767;1,000;3,000;

1350;2015.10.27 05:00:00;21,039;0,000;0,000;0,000;0,000;9,767;1,000;3,000;

1351;2015.10.27 06:00:00;20,483;0,000;0,000;0,000;0,000;9,767;1,000;3,000;

1352;2015.10.27 07:00:00;20,812;0,000;0,000;0,000;0,000;9,767;1,000;3,000;

1353;2015.10.27 08:00:00;20,302;0,000;0,000;0,000;0,000;9,767;1,000;3,000;

1354;2015.10.27 09:00:00;21,363;0,000;0,000;0,000;0,000;9,767;1,000;3,000;

1355;2015.10.27 10:00:00;18,656;0,000;0,000;0,000;0,000;9,767;1,000;3,000;

1356;2015.10.27 11:00:00;19,347;0,000;0,000;0,000;0,000;9,767;1,000;3,000;

1357;2015.10.27 12:00:00;16,550;0,000;0,000;0,000;0,000;9,767;1,000;3,000;

1358;2015.10.27 13:00:00;15,595;0,000;0,000;0,000;0,000;9,767;1,000;3,000;

1359;2015.10.27 14:00:00;15,729;0,000;0,000;0,000;0,000;9,767;1,000;3,000;

1360;2015.10.27 15:00:00;14,538;0,000;0,000;0,000;0,000;9,767;1,000;3,000;

1361;2015.10.27 16:00:00;16,559;0,000;0,000;0,000;0,000;9,767;1,000;3,000;

1362;2015.10.27 17:00:00;17,214;0,000;0,000;0,000;0,000;9,767;1,000;3,000;

1363;2015.10.27 18:00:00;16,045;0,000;0,000;0,000;0,000;9,767;1,000;3,000;

1364;2015.10.27 19:00:00;17,970;0,000;0,000;0,000;0,000;9,767;1,000;3,000;

1365;2015.10.27 20:00:00;17,903;0,000;0,000;0,000;0,000;9,767;1,000;3,000;

1366;2015.10.27 21:00:00;17,742;0,000;0,000;0,000;0,000;9,767;1,000;3,000;

1367;2015.10.27 22:00:00;16,529;0,000;0,000;0,000;0,000;9,767;1,000;3,000;

1368;2015.10.27 23:00:00;15,862;0,000;0,000;0,000;0,000;9,767;1,000;3,000;

1369;2015.10.28 00:00:00;18,446;0,000;0,000;0,000;0,000;9,700;1,000;3,000;

1370;2015.10.28 01:00:00;18,557;0,000;0,000;0,000;0,000;9,700;1,000;3,000;

1371;2015.10.28 02:00:00;18,113;0,000;0,000;0,000;0,000;9,700;1,000;3,000;

1372;2015.10.28 03:00:00;19,130;0,000;0,000;0,000;0,000;9,700;1,000;3,000;

1373;2015.10.28 04:00:00;19,114;0,000;0,000;0,000;0,000;9,700;1,000;3,000;

1374;2015.10.28 05:00:00;18,308;0,000;0,000;0,000;0,000;9,700;1,000;3,000;

1375;2015.10.28 06:00:00;21,265;0,000;0,000;0,000;0,000;9,700;1,000;3,000;

1376;2015.10.28 07:00:00;17,469;0,000;0,000;0,000;0,000;9,700;1,000;3,000;

1377;2015.10.28 08:00:00;18,196;0,000;0,000;0,000;0,000;9,700;1,000;3,000;

1378;2015.10.28 09:00:00;17,058;0,000;0,000;0,000;0,000;9,700;1,000;3,000;

1379;2015.10.28 10:00:00;15,861;0,000;0,000;0,000;0,000;9,700;1,000;3,000;

1380;2015.10.28 11:00:00;15,219;0,000;0,000;0,000;0,000;9,700;1,000;3,000;

1381;2015.10.28 12:00:00;14,876;0,000;0,000;0,000;0,000;9,700;1,000;3,000;

1382;2015.10.28 13:00:00;13,926;0,000;0,000;0,000;0,000;9,700;1,000;3,000;

1383;2015.10.28 14:00:00;13,169;0,000;0,000;0,000;0,000;9,700;1,000;3,000;

1384;2015.10.28 15:00:00;13,205;0,000;0,000;0,000;0,000;9,700;1,000;3,000;

1385;2015.10.28 16:00:00;13,501;0,000;0,000;0,000;0,000;9,700;1,000;3,000;

1386;2015.10.28 17:00:00;13,711;0,000;0,000;0,000;0,000;9,700;1,000;3,000;

1387;2015.10.28 18:00:00;5,422;0,000;0,000;0,000;0,000;9,700;1,000;3,000;

1388;2015.10.28 19:00:00;3,831;0,000;0,000;0,000;0,000;9,700;1,000;3,000;

1389;2015.10.28 20:00:00;1,799;0,000;0,000;0,000;0,000;9,700;1,000;3,000;

1390;2015.10.28 21:00:00;0,516;0,000;0,000;0,000;0,000;9,700;1,000;3,000;

1391;2015.10.28 22:00:00;1,389;0,000;0,000;0,000;0,000;9,700;1,000;3,000;

1392;2015.10.28 23:00:00;8,727;0,000;0,000;0,000;0,000;9,700;1,000;3,000;

1393;2015.10.29 00:00:00;32,347;0,000;0,000;0,000;0,000;9,617;1,000;3,000;

1394;2015.10.29 01:00:00;22,763;0,000;0,000;0,000;0,000;9,617;1,000;3,000;

1395;2015.10.29 02:00:00;20,800;0,000;0,000;0,000;0,000;9,617;1,000;3,000;

1396;2015.10.29 03:00:00;18,603;0,000;0,000;0,000;0,000;9,617;1,000;3,000;

1397;2015.10.29 04:00:00;6,031;0,000;0,000;0,000;0,000;9,617;1,000;3,000;

1398;2015.10.29 05:00:00;3,192;0,000;0,000;0,000;0,000;9,617;1,000;3,000;

1399;2015.10.29 06:00:00;28,882;0,000;0,000;0,000;0,000;9,617;1,000;3,000;

1400;2015.10.29 07:00:00;19,316;0,000;0,000;0,000;0,000;9,617;1,000;3,000;

1401;2015.10.29 08:00:00;19,025;0,000;0,000;0,000;0,000;9,617;1,000;3,000;

1402;2015.10.29 09:00:00;12,922;0,000;0,000;0,000;0,000;9,617;1,000;3,000;

1403;2015.10.29 10:00:00;4,611;0,000;0,000;0,000;0,000;9,617;1,000;3,000;

1404;2015.10.29 11:00:00;20,336;0,000;0,000;0,000;0,000;9,617;1,000;3,000;

1405;2015.10.29 12:00:00;7,794;0,000;0,000;0,000;0,000;9,617;1,000;3,000;

1406;2015.10.29 13:00:00;18,678;0,000;0,000;0,000;0,000;9,617;1,000;3,000;

1407;2015.10.29 14:00:00;16,549;0,000;0,000;0,000;0,000;9,617;1,000;3,000;

1408;2015.10.29 15:00:00;18,399;0,000;0,000;0,000;0,000;9,617;1,000;3,000;

1409;2015.10.29 16:00:00;17,437;0,000;0,000;0,000;0,000;9,617;1,000;3,000;

1410;2015.10.29 17:00:00;19,853;0,000;0,000;0,000;0,000;9,617;1,000;3,000;

1411;2015.10.29 18:00:00;18,687;0,000;0,000;0,000;0,000;9,617;1,000;3,000;

1412;2015.10.29 19:00:00;18,925;0,000;0,000;0,000;0,000;9,617;1,000;3,000;

1413;2015.10.29 20:00:00;18,097;0,000;0,000;0,000;0,000;9,617;1,000;3,000;

1414;2015.10.29 21:00:00;18,097;0,000;0,000;0,000;0,000;9,617;1,000;3,000;

1415;2015.10.29 22:00:00;16,351;0,000;0,000;0,000;0,000;9,617;1,000;3,000;

1416;2015.10.29 23:00:00;14,909;0,000;0,000;0,000;0,000;9,617;1,000;3,000;

1417;2015.10.30 00:00:00;6,797;0,000;0,000;0,000;0,000;9,550;2,000;3,000;

1418;2015.10.30 01:00:00;3,000;0,000;0,000;0,000;0,000;9,550;2,000;3,000;

1419;2015.10.30 02:00:00;9,890;0,000;0,000;0,000;0,000;9,550;2,000;3,000;

1420;2015.10.30 03:00:00;25,409;0,000;0,000;0,000;0,000;9,550;2,000;3,000;

1421;2015.10.30 04:00:00;16,390;0,000;0,000;0,000;0,000;9,550;2,000;3,000;

1422;2015.10.30 05:00:00;18,816;0,000;0,000;0,000;0,000;9,550;2,000;3,000;

1423;2015.10.30 06:00:00;16,742;0,000;0,000;0,000;0,000;9,550;2,000;3,000;

1424;2015.10.30 07:00:00;16,186;0,000;0,000;0,000;0,000;9,550;2,000;3,000;

1425;2015.10.30 08:00:00;11,298;0,000;0,000;0,000;0,000;9,550;2,000;3,000;

1426;2015.10.30 09:00:00;3,562;0,000;0,000;0,000;0,000;9,550;2,000;3,000;

1427;2015.10.30 10:00:00;6,123;0,000;0,000;0,000;0,000;9,550;2,000;3,000;

1428;2015.10.30 11:00:00;21,341;0,000;0,000;0,000;0,000;9,550;2,000;3,000;

1429;2015.10.30 12:00:00;10,958;0,000;0,000;0,000;0,000;9,550;2,000;3,000;

1430;2015.10.30 13:00:00;3,714;0,000;0,000;0,000;0,000;9,550;2,000;3,000;

1431;2015.10.30 14:00:00;2,212;0,000;0,000;0,000;0,000;9,550;2,000;3,000;

1432;2015.10.30 15:00:00;19,765;0,000;0,000;0,000;0,000;9,550;2,000;3,000;

1433;2015.10.30 16:00:00;12,882;0,000;0,000;0,000;0,000;9,550;2,000;3,000;

1434;2015.10.30 17:00:00;12,882;0,000;0,000;0,000;0,000;9,550;2,000;3,000;

1435;2015.10.30 18:00:00;12,882;0,000;0,000;0,000;0,000;9,550;2,000;3,000;

1436;2015.10.30 19:00:00;12,882;0,000;0,000;0,000;0,000;9,550;2,000;3,000;

1437;2015.10.30 20:00:00;12,882;0,000;0,000;0,000;0,000;9,550;2,000;3,000;

1438;2015.10.30 21:00:00;12,882;0,000;0,000;0,000;0,000;9,550;2,000;3,000;

1439;2015.10.30 22:00:00;12,882;0,000;0,000;0,000;0,000;9,550;2,000;3,000;

1440;2015.10.30 23:00:00;12,882;0,000;0,000;0,000;0,000;9,550;2,000;3,000;

1441;2015.10.31 00:00:00;12,882;0,000;0,000;0,000;0,000;9,483;3,000;3,000;

1442;2015.10.31 01:00:00;12,882;0,000;0,000;0,000;0,000;9,483;3,000;3,000;

1443;2015.10.31 02:00:00;12,882;0,000;0,000;0,000;0,000;9,483;3,000;3,000;

1444;2015.10.31 03:00:00;12,882;0,000;0,000;0,000;0,000;9,483;3,000;3,000;

1445;2015.10.31 04:00:00;12,882;0,000;0,000;0,000;0,000;9,483;3,000;3,000;

1446;2015.10.31 05:00:00;12,882;0,000;0,000;0,000;0,000;9,483;3,000;3,000;

1447;2015.10.31 06:00:00;12,882;0,000;0,000;0,000;0,000;9,483;3,000;3,000;

1448;2015.10.31 07:00:00;12,882;0,000;0,000;0,000;0,000;9,483;3,000;3,000;

1449;2015.10.31 08:00:00;13,198;0,000;0,000;0,000;0,000;9,483;3,000;3,000;

1450;2015.10.31 09:00:00;18,287;0,000;0,000;0,000;0,000;9,483;3,000;3,000;

1451;2015.10.31 10:00:00;18,463;0,000;0,000;0,000;0,000;9,483;3,000;3,000;

1452;2015.10.31 11:00:00;18,877;0,000;0,000;0,000;0,000;9,483;3,000;3,000;

1453;2015.10.31 12:00:00;16,636;0,000;0,000;0,000;0,000;9,483;3,000;3,000;

1454;2015.10.31 13:00:00;15,337;0,000;0,000;0,000;0,000;9,483;3,000;3,000;

1455;2015.10.31 14:00:00;13,817;0,000;0,000;0,000;0,000;9,483;3,000;3,000;

1456;2015.10.31 15:00:00;14,444;0,000;0,000;0,000;0,000;9,483;3,000;3,000;

1457;2015.10.31 16:00:00;13,334;0,000;0,000;0,000;0,000;9,483;3,000;3,000;

1458;2015.10.31 17:00:00;15,717;0,000;0,000;0,000;0,000;9,483;3,000;3,000;

1459;2015.10.31 18:00:00;18,990;0,000;0,000;0,000;0,000;9,483;3,000;3,000;

1460;2015.10.31 19:00:00;16,779;0,000;0,000;0,000;0,000;9,483;3,000;3,000;

1461;2015.10.31 20:00:00;18,168;0,000;0,000;0,000;0,000;9,483;3,000;3,000;

1462;2015.10.31 21:00:00;19,184;0,000;0,000;0,000;0,000;9,483;3,000;3,000;

1463;2015.10.31 22:00:00;19,808;0,000;0,000;0,000;0,000;9,483;3,000;3,000;

1464;2015.10.31 23:00:00;15,234;0,000;0,000;0,000;0,000;9,483;3,000;3,000;

1465;2015.11.01 00:00:00;20,094;0,000;0,000;0,000;0,000;9,417;4,000;3,000;

1466;2015.11.01 01:00:00;16,946;0,000;0,000;0,000;0,000;9,417;4,000;3,000;

1467;2015.11.01 02:00:00;18,798;0,000;0,000;0,000;0,000;9,417;4,000;3,000;

1468;2015.11.01 03:00:00;19,539;0,000;0,000;0,000;0,000;9,417;4,000;3,000;

1469;2015.11.01 04:00:00;18,242;0,000;0,000;0,000;0,000;9,417;4,000;3,000;

1470;2015.11.01 05:00:00;19,446;0,000;0,000;0,000;0,000;9,417;4,000;3,000;

1471;2015.11.01 06:00:00;18,705;0,000;0,000;0,000;0,000;9,417;4,000;3,000;

1472;2015.11.01 07:00:00;20,094;0,000;0,000;0,000;0,000;9,417;4,000;3,000;

1473;2015.11.01 08:00:00;19,168;0,000;0,000;0,000;0,000;9,417;4,000;3,000;

1474;2015.11.01 09:00:00;17,964;0,000;0,000;0,000;0,000;9,417;4,000;3,000;

1475;2015.11.01 10:00:00;17,038;0,000;0,000;0,000;0,000;9,417;4,000;3,000;

1476;2015.11.01 11:00:00;15,649;0,000;0,000;0,000;0,000;9,417;4,000;3,000;

1477;2015.11.01 12:00:00;15,279;0,000;0,000;0,000;0,000;9,417;4,000;3,000;

1478;2015.11.01 13:00:00;14,029;0,000;0,000;0,000;0,000;9,417;4,000;3,000;

1479;2015.11.01 14:00:00;12,862;0,000;0,000;0,000;0,000;9,417;4,000;3,000;

1480;2015.11.01 15:00:00;13,612;0,000;0,000;0,000;0,000;9,417;4,000;3,000;

1481;2015.11.01 16:00:00;16,082;0,000;0,000;0,000;0,000;9,417;4,000;3,000;

1482;2015.11.01 17:00:00;16,233;0,000;0,000;0,000;0,000;9,417;4,000;3,000;

1483;2015.11.01 18:00:00;16,585;0,000;0,000;0,000;0,000;9,417;4,000;3,000;

1484;2015.11.01 19:00:00;18,383;0,000;0,000;0,000;0,000;9,417;4,000;3,000;

1485;2015.11.01 20:00:00;18,300;0,000;0,000;0,000;0,000;9,417;4,000;3,000;

1486;2015.11.01 21:00:00;17,357;0,000;0,000;0,000;0,000;9,417;4,000;3,000;

1487;2015.11.01 22:00:00;15,597;0,000;0,000;0,000;0,000;9,417;4,000;3,000;

1488;2015.11.01 23:00:00;14,751;0,000;0,000;0,000;0,000;9,417;4,000;3,000;

1489;2015.11.02 00:00:00;15,446;0,000;0,000;0,000;0,000;9,350;1,000;3,000;

1490;2015.11.02 01:00:00;15,446;0,000;0,000;0,000;0,000;9,350;1,000;3,000;

1491;2015.11.02 02:00:00;15,112;0,000;0,000;0,000;0,000;9,350;1,000;3,000;

1492;2015.11.02 03:00:00;15,112;0,000;0,000;0,000;0,000;9,350;1,000;3,000;

1493;2015.11.02 04:00:00;15,168;0,000;0,000;0,000;0,000;9,350;1,000;3,000;

1494;2015.11.02 05:00:00;15,112;0,000;0,000;0,000;0,000;9,350;1,000;3,000;

1495;2015.11.02 06:00:00;14,649;0,000;0,000;0,000;0,000;9,350;1,000;3,000;

1496;2015.11.02 07:00:00;14,353;0,000;0,000;0,000;0,000;9,350;1,000;3,000;

1497;2015.11.02 08:00:00;13,334;0,000;0,000;0,000;0,000;9,350;1,000;3,000;

1498;2015.11.02 09:00:00;13,612;0,000;0,000;0,000;0,000;9,350;1,000;3,000;

1499;2015.11.02 10:00:00;14,133;0,000;0,000;0,000;0,000;9,350;1,000;3,000;

1500;2015.11.02 11:00:00;14,203;0,000;0,000;0,000;0,000;9,350;1,000;3,000;

1501;2015.11.02 12:00:00;14,538;0,000;0,000;0,000;0,000;9,350;1,000;3,000;

1502;2015.11.02 13:00:00;13,705;0,000;0,000;0,000;0,000;9,350;1,000;3,000;

1503;2015.11.02 14:00:00;13,797;0,000;0,000;0,000;0,000;9,350;1,000;3,000;

1504;2015.11.02 15:00:00;13,149;0,000;0,000;0,000;0,000;9,350;1,000;3,000;

1505;2015.11.02 16:00:00;14,723;0,000;0,000;0,000;0,000;9,350;1,000;3,000;

1506;2015.11.02 17:00:00;13,538;0,000;0,000;0,000;0,000;9,350;1,000;3,000;

1507;2015.11.02 18:00:00;15,850;0,000;0,000;0,000;0,000;9,350;1,000;3,000;

1508;2015.11.02 19:00:00;16,208;0,000;0,000;0,000;0,000;9,350;1,000;3,000;

1509;2015.11.02 20:00:00;15,335;0,000;0,000;0,000;0,000;9,350;1,000;3,000;

1510;2015.11.02 21:00:00;14,723;0,000;0,000;0,000;0,000;9,350;1,000;3,000;

1511;2015.11.02 22:00:00;15,279;0,000;0,000;0,000;0,000;9,350;1,000;3,000;

1512;2015.11.02 23:00:00;13,057;0,000;0,000;0,000;0,000;9,350;1,000;3,000;

1513;2015.11.03 00:00:00;15,742;0,000;0,000;0,000;0,000;9,283;1,000;3,000;

1514;2015.11.03 01:00:00;14,816;0,000;0,000;0,000;0,000;9,283;1,000;3,000;

1515;2015.11.03 02:00:00;16,390;0,000;0,000;0,000;0,000;9,283;1,000;3,000;

1516;2015.11.03 03:00:00;17,131;0,000;0,000;0,000;0,000;9,283;1,000;3,000;

1517;2015.11.03 04:00:00;16,946;0,000;0,000;0,000;0,000;9,283;1,000;3,000;

1518;2015.11.03 05:00:00;17,316;0,000;0,000;0,000;0,000;9,283;1,000;3,000;

1519;2015.11.03 06:00:00;18,705;0,000;0,000;0,000;0,000;9,283;1,000;3,000;

1520;2015.11.03 07:00:00;17,224;0,000;0,000;0,000;0,000;9,283;1,000;3,000;

1521;2015.11.03 08:00:00;17,879;0,000;0,000;0,000;0,000;9,283;1,000;3,000;

1522;2015.11.03 09:00:00;17,985;0,000;0,000;0,000;0,000;9,283;1,000;3,000;

1523;2015.11.03 10:00:00;16,983;0,000;0,000;0,000;0,000;9,283;1,000;3,000;

1524;2015.11.03 11:00:00;15,557;0,000;0,000;0,000;0,000;9,283;1,000;3,000;

1525;2015.11.03 12:00:00;15,069;0,000;0,000;0,000;0,000;9,283;1,000;3,000;

1526;2015.11.03 13:00:00;14,945;0,000;0,000;0,000;0,000;9,283;1,000;3,000;

1527;2015.11.03 14:00:00;14,004;0,000;0,000;0,000;0,000;9,283;1,000;3,000;

1528;2015.11.03 15:00:00;14,080;0,000;0,000;0,000;0,000;9,283;1,000;3,000;

1529;2015.11.03 16:00:00;14,881;0,000;0,000;0,000;0,000;9,283;1,000;3,000;

1530;2015.11.03 17:00:00;18,232;0,000;0,000;0,000;0,000;9,283;1,000;3,000;

1531;2015.11.03 18:00:00;17,434;0,000;0,000;0,000;0,000;9,283;1,000;3,000;

1532;2015.11.03 19:00:00;17,161;0,000;0,000;0,000;0,000;9,283;1,000;3,000;

1533;2015.11.03 20:00:00;17,864;0,000;0,000;0,000;0,000;9,283;1,000;3,000;

1534;2015.11.03 21:00:00;18,440;0,000;0,000;0,000;0,000;9,283;1,000;3,000;

1535;2015.11.03 22:00:00;17,100;0,000;0,000;0,000;0,000;9,283;1,000;3,000;

1536;2015.11.03 23:00:00;16,224;0,000;0,000;0,000;0,000;9,283;1,000;3,000;

1537;2015.11.04 00:00:00;21,279;0,000;0,000;0,000;0,000;9,217;1,000;3,000;

1538;2015.11.04 01:00:00;17,446;0,000;0,000;0,000;0,000;9,217;1,000;3,000;

1539;2015.11.04 02:00:00;20,483;0,000;0,000;0,000;0,000;9,217;1,000;3,000;

1540;2015.11.04 03:00:00;19,002;0,000;0,000;0,000;0,000;9,217;1,000;3,000;

1541;2015.11.04 04:00:00;19,928;0,000;0,000;0,000;0,000;9,217;1,000;3,000;

1542;2015.11.04 05:00:00;21,039;0,000;0,000;0,000;0,000;9,217;1,000;3,000;

1543;2015.11.04 06:00:00;20,298;0,000;0,000;0,000;0,000;9,217;1,000;3,000;

1544;2015.11.04 07:00:00;20,779;0,000;0,000;0,000;0,000;9,217;1,000;3,000;

1545;2015.11.04 08:00:00;17,242;0,000;0,000;0,000;0,000;9,217;1,000;3,000;

1546;2015.11.04 09:00:00;18,705;0,000;0,000;0,000;0,000;9,217;1,000;3,000;

1547;2015.11.04 10:00:00;16,964;0,000;0,000;0,000;0,000;9,217;1,000;3,000;

1548;2015.11.04 11:00:00;17,247;0,000;0,000;0,000;0,000;9,217;1,000;3,000;

1549;2015.11.04 12:00:00;16,719;0,000;0,000;0,000;0,000;9,217;1,000;3,000;

1550;2015.11.04 13:00:00;16,483;0,000;0,000;0,000;0,000;9,217;1,000;3,000;

1551;2015.11.04 14:00:00;16,186;0,000;0,000;0,000;0,000;9,217;1,000;3,000;

1552;2015.11.04 15:00:00;23,206;0,000;0,000;0,000;0,000;9,217;1,000;3,000;

1553;2015.11.04 16:00:00;19,422;0,000;0,000;0,000;0,000;9,217;1,000;3,000;

1554;2015.11.04 17:00:00;19,303;0,000;0,000;0,000;0,000;9,217;1,000;3,000;

1555;2015.11.04 18:00:00;19,161;0,000;0,000;0,000;0,000;9,217;1,000;3,000;

1556;2015.11.04 19:00:00;19,250;0,000;0,000;0,000;0,000;9,217;1,000;3,000;

1557;2015.11.04 20:00:00;18,261;0,000;0,000;0,000;0,000;9,217;1,000;3,000;

1558;2015.11.04 21:00:00;17,946;0,000;0,000;0,000;0,000;9,217;1,000;3,000;

1559;2015.11.04 22:00:00;17,279;0,000;0,000;0,000;0,000;9,217;1,000;3,000;

1560;2015.11.04 23:00:00;16,001;0,000;0,000;0,000;0,000;9,217;1,000;3,000;

1561;2015.11.05 00:00:00;20,057;0,000;0,000;0,000;0,000;9,150;1,000;3,000;

1562;2015.11.05 01:00:00;17,112;0,000;0,000;0,000;0,000;9,150;1,000;3,000;

1563;2015.11.05 02:00:00;18,335;0,000;0,000;0,000;0,000;9,150;1,000;3,000;

1564;2015.11.05 03:00:00;18,946;0,000;0,000;0,000;0,000;9,150;1,000;3,000;

1565;2015.11.05 04:00:00;18,224;0,000;0,000;0,000;0,000;9,150;1,000;3,000;

1566;2015.11.05 05:00:00;20,057;0,000;0,000;0,000;0,000;9,150;1,000;3,000;

1567;2015.11.05 06:00:00;20,002;0,000;0,000;0,000;0,000;9,150;1,000;3,000;

1568;2015.11.05 07:00:00;18,636;0,000;0,000;0,000;0,000;9,150;1,000;3,000;

1569;2015.11.05 08:00:00;17,830;0,000;0,000;0,000;0,000;9,150;1,000;3,000;

1570;2015.11.05 09:00:00;19,113;0,000;0,000;0,000;0,000;9,150;1,000;3,000;

1571;2015.11.05 10:00:00;19,316;0,000;0,000;0,000;0,000;9,150;1,000;3,000;

1572;2015.11.05 11:00:00;16,033;0,000;0,000;0,000;0,000;9,150;1,000;3,000;

1573;2015.11.05 12:00:00;17,475;0,000;0,000;0,000;0,000;9,150;1,000;3,000;

1574;2015.11.05 13:00:00;17,488;0,000;0,000;0,000;0,000;9,150;1,000;3,000;

1575;2015.11.05 14:00:00;16,065;0,000;0,000;0,000;0,000;9,150;1,000;3,000;

1576;2015.11.05 15:00:00;17,168;0,000;0,000;0,000;0,000;9,150;1,000;3,000;

1577;2015.11.05 16:00:00;21,002;0,000;0,000;0,000;0,000;9,150;1,000;3,000;

1578;2015.11.05 17:00:00;20,057;0,000;0,000;0,000;0,000;9,150;1,000;3,000;

1579;2015.11.05 18:00:00;19,965;0,000;0,000;0,000;0,000;9,150;1,000;3,000;

1580;2015.11.05 19:00:00;20,687;0,000;0,000;0,000;0,000;9,150;1,000;3,000;

1581;2015.11.05 20:00:00;21,242;0,000;0,000;0,000;0,000;9,150;1,000;3,000;

1582;2015.11.05 21:00:00;19,482;0,000;0,000;0,000;0,000;9,150;1,000;3,000;

1583;2015.11.05 22:00:00;18,262;0,000;0,000;0,000;0,000;9,150;1,000;3,000;

1584;2015.11.05 23:00:00;19,446;0,000;0,000;0,000;0,000;9,150;1,000;3,000;

1585;2015.11.06 00:00:00;20,002;0,000;0,000;0,000;0,000;9,117;2,000;3,000;

1586;2015.11.06 01:00:00;20,557;0,000;0,000;0,000;0,000;9,117;2,000;3,000;

1587;2015.11.06 02:00:00;20,372;0,000;0,000;0,000;0,000;9,117;2,000;3,000;

1588;2015.11.06 03:00:00;20,048;0,000;0,000;0,000;0,000;9,117;2,000;3,000;

1589;2015.11.06 04:00:00;19,307;0,000;0,000;0,000;0,000;9,117;2,000;3,000;

1590;2015.11.06 05:00:00;21,668;0,000;0,000;0,000;0,000;9,117;2,000;3,000;

1591;2015.11.06 06:00:00;21,391;0,000;0,000;0,000;0,000;9,117;2,000;3,000;

1592;2015.11.06 07:00:00;20,580;0,000;0,000;0,000;0,000;9,117;2,000;3,000;

1593;2015.11.06 08:00:00;20,256;0,000;0,000;0,000;0,000;9,117;2,000;3,000;

1594;2015.11.06 09:00:00;18,687;0,000;0,000;0,000;0,000;9,117;2,000;3,000;

1595;2015.11.06 10:00:00;18,076;0,000;0,000;0,000;0,000;9,117;2,000;3,000;

1596;2015.11.06 11:00:00;18,409;0,000;0,000;0,000;0,000;9,117;2,000;3,000;

1597;2015.11.06 12:00:00;16,464;0,000;0,000;0,000;0,000;9,117;2,000;3,000;

1598;2015.11.06 13:00:00;17,167;0,000;0,000;0,000;0,000;9,117;2,000;3,000;

1599;2015.11.06 14:00:00;16,855;0,000;0,000;0,000;0,000;9,117;2,000;3,000;

1600;2015.11.06 15:00:00;16,668;0,000;0,000;0,000;0,000;9,117;2,000;3,000;

1601;2015.11.06 16:00:00;17,075;0,000;0,000;0,000;0,000;9,117;2,000;3,000;

1602;2015.11.06 17:00:00;17,389;0,000;0,000;0,000;0,000;9,117;2,000;3,000;

1603;2015.11.06 18:00:00;22,021;0,000;0,000;0,000;0,000;9,117;2,000;3,000;

1604;2015.11.06 19:00:00;19,353;0,000;0,000;0,000;0,000;9,117;2,000;3,000;

1605;2015.11.06 20:00:00;19,687;0,000;0,000;0,000;0,000;9,117;2,000;3,000;

1606;2015.11.06 21:00:00;18,020;0,000;0,000;0,000;0,000;9,117;2,000;3,000;

1607;2015.11.06 22:00:00;17,983;0,000;0,000;0,000;0,000;9,117;2,000;3,000;

1608;2015.11.06 23:00:00;14,631;0,000;0,000;0,000;0,000;9,117;2,000;3,000;

1609;2015.11.07 00:00:00;18,501;0,000;0,000;0,000;0,000;9,050;3,000;3,000;

1610;2015.11.07 01:00:00;16,742;0,000;0,000;0,000;0,000;9,050;3,000;3,000;

1611;2015.11.07 02:00:00;15,501;0,000;0,000;0,000;0,000;9,050;3,000;3,000;

1612;2015.11.07 03:00:00;15,001;0,000;0,000;0,000;0,000;9,050;3,000;3,000;

1613;2015.11.07 04:00:00;15,001;0,000;0,000;0,000;0,000;9,050;3,000;3,000;

1614;2015.11.07 05:00:00;14,723;0,000;0,000;0,000;0,000;9,050;3,000;3,000;

1615;2015.11.07 06:00:00;16,501;0,000;0,000;0,000;0,000;9,050;3,000;3,000;

1616;2015.11.07 07:00:00;17,168;0,000;0,000;0,000;0,000;9,050;3,000;3,000;

1617;2015.11.07 08:00:00;14,409;0,000;0,000;0,000;0,000;9,050;3,000;3,000;

1618;2015.11.07 09:00:00;15,668;0,000;0,000;0,000;0,000;9,050;3,000;3,000;

1619;2015.11.07 10:00:00;13,427;0,000;0,000;0,000;0,000;9,050;3,000;3,000;

1620;2015.11.07 11:00:00;13,890;0,000;0,000;0,000;0,000;9,050;3,000;3,000;

1621;2015.11.07 12:00:00;13,131;0,000;0,000;0,000;0,000;9,050;3,000;3,000;

1622;2015.11.07 13:00:00;11,742;0,000;0,000;0,000;0,000;9,050;3,000;3,000;

1623;2015.11.07 14:00:00;11,816;0,000;0,000;0,000;0,000;9,050;3,000;3,000;

1624;2015.11.07 15:00:00;11,239;0,000;0,000;0,000;0,000;9,050;3,000;3,000;

1625;2015.11.07 16:00:00;12,109;0,000;0,000;0,000;0,000;9,050;3,000;3,000;

1626;2015.11.07 17:00:00;13,935;0,000;0,000;0,000;0,000;9,050;3,000;3,000;

1627;2015.11.07 18:00:00;12,258;0,000;0,000;0,000;0,000;9,050;3,000;3,000;

1628;2015.11.07 19:00:00;12,131;0,000;0,000;0,000;0,000;9,050;3,000;3,000;

1629;2015.11.07 20:00:00;11,850;0,000;0,000;0,000;0,000;9,050;3,000;3,000;

1630;2015.11.07 21:00:00;12,491;0,000;0,000;0,000;0,000;9,050;3,000;3,000;

1631;2015.11.07 22:00:00;13,292;0,000;0,000;0,000;0,000;9,050;3,000;3,000;

1632;2015.11.07 23:00:00;9,908;0,000;0,000;0,000;0,000;9,050;3,000;3,000;

1633;2015.11.08 00:00:00;11,223;0,000;0,000;0,000;0,000;8,983;4,000;3,000;

1634;2015.11.08 01:00:00;9,501;0,000;0,000;0,000;0,000;8,983;4,000;3,000;

1635;2015.11.08 02:00:00;10,575;0,000;0,000;0,000;0,000;8,983;4,000;3,000;

1636;2015.11.08 03:00:00;9,834;0,000;0,000;0,000;0,000;8,983;4,000;3,000;

1637;2015.11.08 04:00:00;10,201;0,000;0,000;0,000;0,000;8,983;4,000;3,000;

1638;2015.11.08 05:00:00;11,116;0,000;0,000;0,000;0,000;8,983;4,000;3,000;

1639;2015.11.08 06:00:00;10,519;0,000;0,000;0,000;0,000;8,983;4,000;3,000;

1640;2015.11.08 07:00:00;12,131;0,000;0,000;0,000;0,000;8,983;4,000;3,000;

1641;2015.11.08 08:00:00;11,871;0,000;0,000;0,000;0,000;8,983;4,000;3,000;

1642;2015.11.08 09:00:00;12,019;0,000;0,000;0,000;0,000;8,983;4,000;3,000;

1643;2015.11.08 10:00:00;12,019;0,000;0,000;0,000;0,000;8,983;4,000;3,000;

1644;2015.11.08 11:00:00;11,492;0,000;0,000;0,000;0,000;8,983;4,000;3,000;

1645;2015.11.08 12:00:00;11,586;0,000;0,000;0,000;0,000;8,983;4,000;3,000;

1646;2015.11.08 13:00:00;11,464;0,000;0,000;0,000;0,000;8,983;4,000;3,000;

1647;2015.11.08 14:00:00;11,092;0,000;0,000;0,000;0,000;8,983;4,000;3,000;

1648;2015.11.08 15:00:00;12,075;0,000;0,000;0,000;0,000;8,983;4,000;3,000;

1649;2015.11.08 16:00:00;13,871;0,000;0,000;0,000;0,000;8,983;4,000;3,000;

1650;2015.11.08 17:00:00;13,276;0,000;0,000;0,000;0,000;8,983;4,000;3,000;

1651;2015.11.08 18:00:00;14,856;0,000;0,000;0,000;0,000;8,983;4,000;3,000;

1652;2015.11.08 19:00:00;14,723;0,000;0,000;0,000;0,000;8,983;4,000;3,000;

1653;2015.11.08 20:00:00;15,895;0,000;0,000;0,000;0,000;8,983;4,000;3,000;

1654;2015.11.08 21:00:00;15,078;0,000;0,000;0,000;0,000;8,983;4,000;3,000;

1655;2015.11.08 22:00:00;13,530;0,000;0,000;0,000;0,000;8,983;4,000;3,000;

1656;2015.11.08 23:00:00;12,779;0,000;0,000;0,000;0,000;8,983;4,000;3,000;

1657;2015.11.09 00:00:00;16,112;0,000;0,000;0,000;0,000;8,917;1,000;3,000;

1658;2015.11.09 01:00:00;14,390;0,000;0,000;0,000;0,000;8,917;1,000;3,000;

1659;2015.11.09 02:00:00;13,890;0,000;0,000;0,000;0,000;8,917;1,000;3,000;

1660;2015.11.09 03:00:00;13,686;0,000;0,000;0,000;0,000;8,917;1,000;3,000;

1661;2015.11.09 04:00:00;14,626;0,000;0,000;0,000;0,000;8,917;1,000;3,000;

1662;2015.11.09 05:00:00;14,339;0,000;0,000;0,000;0,000;8,917;1,000;3,000;

1663;2015.11.09 06:00:00;12,853;0,000;0,000;0,000;0,000;8,917;1,000;3,000;

1664;2015.11.09 07:00:00;10,085;0,000;0,000;0,000;0,000;8,917;1,000;3,000;

1665;2015.11.09 08:00:00;12,908;0,000;0,000;0,000;0,000;8,917;1,000;3,000;

1666;2015.11.09 09:00:00;11,865;0,000;0,000;0,000;0,000;8,917;1,000;3,000;

1667;2015.11.09 10:00:00;11,748;0,000;0,000;0,000;0,000;8,917;1,000;3,000;

1668;2015.11.09 11:00:00;10,127;0,000;0,000;0,000;0,000;8,917;1,000;3,000;

1669;2015.11.09 12:00:00;8,493;0,000;0,000;0,000;0,000;8,917;1,000;3,000;

1670;2015.11.09 13:00:00;11,187;0,000;0,000;0,000;0,000;8,917;1,000;3,000;

1671;2015.11.09 14:00:00;8,001;0,000;0,000;0,000;0,000;8,917;1,000;3,000;

1672;2015.11.09 15:00:00;11,747;0,000;0,000;0,000;0,000;8,917;1,000;3,000;

1673;2015.11.09 16:00:00;11,699;0,000;0,000;0,000;0,000;8,917;1,000;3,000;

1674;2015.11.09 17:00:00;10,556;0,000;0,000;0,000;0,000;8,917;1,000;3,000;

1675;2015.11.09 18:00:00;10,167;0,000;0,000;0,000;0,000;8,917;1,000;3,000;

1676;2015.11.09 19:00:00;10,464;0,000;0,000;0,000;0,000;8,917;1,000;3,000;

1677;2015.11.09 20:00:00;12,149;0,000;0,000;0,000;0,000;8,917;1,000;3,000;

1678;2015.11.09 21:00:00;12,529;0,000;0,000;0,000;0,000;8,917;1,000;3,000;

1679;2015.11.09 22:00:00;11,473;0,000;0,000;0,000;0,000;8,917;1,000;3,000;

1680;2015.11.09 23:00:00;10,612;0,000;0,000;0,000;0,000;8,917;1,000;3,000;

1681;2015.11.10 00:00:00;13,168;0,000;0,000;0,000;0,000;8,850;1,000;3,000;

1682;2015.11.10 01:00:00;11,779;0,000;0,000;0,000;0,000;8,850;1,000;3,000;

1683;2015.11.10 02:00:00;11,723;0,000;0,000;0,000;0,000;8,850;1,000;3,000;

1684;2015.11.10 03:00:00;11,362;0,000;0,000;0,000;0,000;8,850;1,000;3,000;

1685;2015.11.10 04:00:00;10,477;0,000;0,000;0,000;0,000;8,850;1,000;3,000;

1686;2015.11.10 05:00:00;13,819;0,000;0,000;0,000;0,000;8,850;1,000;3,000;

1687;2015.11.10 06:00:00;13,235;0,000;0,000;0,000;0,000;8,850;1,000;3,000;

1688;2015.11.10 07:00:00;11,945;0,000;0,000;0,000;0,000;8,850;1,000;3,000;

1689;2015.11.10 08:00:00;11,390;0,000;0,000;0,000;0,000;8,850;1,000;3,000;

1690;2015.11.10 09:00:00;11,345;0,000;0,000;0,000;0,000;8,850;1,000;3,000;

1691;2015.11.10 10:00:00;11,514;0,000;0,000;0,000;0,000;8,850;1,000;3,000;

1692;2015.11.10 11:00:00;10,971;0,000;0,000;0,000;0,000;8,850;1,000;3,000;

1693;2015.11.10 12:00:00;10,439;0,000;0,000;0,000;0,000;8,850;1,000;3,000;

1694;2015.11.10 13:00:00;10,643;0,000;0,000;0,000;0,000;8,850;1,000;3,000;

1695;2015.11.10 14:00:00;11,390;0,000;0,000;0,000;0,000;8,850;1,000;3,000;

1696;2015.11.10 15:00:00;10,448;0,000;0,000;0,000;0,000;8,850;1,000;3,000;

1697;2015.11.10 16:00:00;10,400;0,000;0,000;0,000;0,000;8,850;1,000;3,000;

1698;2015.11.10 17:00:00;10,279;0,000;0,000;0,000;0,000;8,850;1,000;3,000;

1699;2015.11.10 18:00:00;10,765;0,000;0,000;0,000;0,000;8,850;1,000;3,000;

1700;2015.11.10 19:00:00;10,080;0,000;0,000;0,000;0,000;8,850;1,000;3,000;

1701;2015.11.10 20:00:00;10,348;0,000;0,000;0,000;0,000;8,850;1,000;3,000;

1702;2015.11.10 21:00:00;10,056;0,000;0,000;0,000;0,000;8,850;1,000;3,000;

1703;2015.11.10 22:00:00;9,707;0,000;0,000;0,000;0,000;8,850;1,000;3,000;

1704;2015.11.10 23:00:00;7,905;0,000;0,000;0,000;0,000;8,850;1,000;3,000;

1705;2015.11.11 00:00:00;9,779;0,000;0,000;0,000;0,000;8,800;5,000;3,000;

1706;2015.11.11 01:00:00;10,167;0,000;0,000;0,000;0,000;8,800;5,000;3,000;

1707;2015.11.11 02:00:00;8,723;0,000;0,000;0,000;0,000;8,800;5,000;3,000;

1708;2015.11.11 03:00:00;10,140;0,000;0,000;0,000;0,000;8,800;5,000;3,000;

1709;2015.11.11 04:00:00;9,584;0,000;0,000;0,000;0,000;8,800;5,000;3,000;

1710;2015.11.11 05:00:00;10,167;0,000;0,000;0,000;0,000;8,800;5,000;3,000;

1711;2015.11.11 06:00:00;10,001;0,000;0,000;0,000;0,000;8,800;5,000;3,000;

1712;2015.11.11 07:00:00;9,934;0,000;0,000;0,000;0,000;8,800;5,000;3,000;

1713;2015.11.11 08:00:00;9,222;0,000;0,000;0,000;0,000;8,800;5,000;3,000;

1714;2015.11.11 09:00:00;9,758;0,000;0,000;0,000;0,000;8,800;5,000;3,000;

1715;2015.11.11 10:00:00;9,422;0,000;0,000;0,000;0,000;8,800;5,000;3,000;

1716;2015.11.11 11:00:00;10,001;0,000;0,000;0,000;0,000;8,800;5,000;3,000;

1717;2015.11.11 12:00:00;9,779;0,000;0,000;0,000;0,000;8,800;5,000;3,000;

1718;2015.11.11 13:00:00;10,242;0,000;0,000;0,000;0,000;8,800;5,000;3,000;

1719;2015.11.11 14:00:00;9,445;0,000;0,000;0,000;0,000;8,800;5,000;3,000;

1720;2015.11.11 15:00:00;9,723;0,000;0,000;0,000;0,000;8,800;5,000;3,000;

1721;2015.11.11 16:00:00;10,260;0,000;0,000;0,000;0,000;8,800;5,000;3,000;

1722;2015.11.11 17:00:00;9,271;0,000;0,000;0,000;0,000;8,800;5,000;3,000;

1723;2015.11.11 18:00:00;9,865;0,000;0,000;0,000;0,000;8,800;5,000;3,000;

1724;2015.11.11 19:00:00;9,517;0,000;0,000;0,000;0,000;8,800;5,000;3,000;

1725;2015.11.11 20:00:00;10,369;0,000;0,000;0,000;0,000;8,800;5,000;3,000;

1726;2015.11.11 21:00:00;9,797;0,000;0,000;0,000;0,000;8,800;5,000;3,000;

1727;2015.11.11 22:00:00;7,767;0,000;0,000;0,000;0,000;8,800;5,000;3,000;

1728;2015.11.11 23:00:00;8,460;0,000;0,000;0,000;0,000;8,800;5,000;3,000;

1729;2015.11.12 00:00:00;10,125;0,000;0,000;0,000;0,000;8,733;1,000;3,000;

1730;2015.11.12 01:00:00;11,168;0,000;0,000;0,000;0,000;8,733;1,000;3,000;

1731;2015.11.12 02:00:00;9,834;0,000;0,000;0,000;0,000;8,733;1,000;3,000;

1732;2015.11.12 03:00:00;9,501;0,000;0,000;0,000;0,000;8,733;1,000;3,000;

1733;2015.11.12 04:00:00;11,445;0,000;0,000;0,000;0,000;8,733;1,000;3,000;

1734;2015.11.12 05:00:00;11,612;0,000;0,000;0,000;0,000;8,733;1,000;3,000;

1735;2015.11.12 06:00:00;12,001;0,000;0,000;0,000;0,000;8,733;1,000;3,000;

1736;2015.11.12 07:00:00;11,612;0,000;0,000;0,000;0,000;8,733;1,000;3,000;

1737;2015.11.12 08:00:00;12,501;0,000;0,000;0,000;0,000;8,733;1,000;3,000;

1738;2015.11.12 09:00:00;12,501;0,000;0,000;0,000;0,000;8,733;1,000;3,000;

1739;2015.11.12 10:00:00;12,445;0,000;0,000;0,000;0,000;8,733;1,000;3,000;

1740;2015.11.12 11:00:00;11,940;0,000;0,000;0,000;0,000;8,733;1,000;3,000;

1741;2015.11.12 12:00:00;11,268;0,000;0,000;0,000;0,000;8,733;1,000;3,000;

1742;2015.11.12 13:00:00;10,556;0,000;0,000;0,000;0,000;8,733;1,000;3,000;

1743;2015.11.12 14:00:00;11,211;0,000;0,000;0,000;0,000;8,733;1,000;3,000;

1744;2015.11.12 15:00:00;10,457;0,000;0,000;0,000;0,000;8,733;1,000;3,000;

1745;2015.11.12 16:00:00;11,072;0,000;0,000;0,000;0,000;8,733;1,000;3,000;

1746;2015.11.12 17:00:00;12,445;0,000;0,000;0,000;0,000;8,733;1,000;3,000;

1747;2015.11.12 18:00:00;12,001;0,000;0,000;0,000;0,000;8,733;1,000;3,000;

1748;2015.11.12 19:00:00;12,334;0,000;0,000;0,000;0,000;8,733;1,000;3,000;

1749;2015.11.12 20:00:00;14,909;0,000;0,000;0,000;0,000;8,733;1,000;3,000;

1750;2015.11.12 21:00:00;15,141;0,000;0,000;0,000;0,000;8,733;1,000;3,000;

1751;2015.11.12 22:00:00;11,787;0,000;0,000;0,000;0,000;8,733;1,000;3,000;

1752;2015.11.12 23:00:00;13,390;0,000;0,000;0,000;0,000;8,733;1,000;3,000;

1753;2015.11.13 00:00:00;16,168;0,000;0,000;0,000;0,000;8,667;2,000;3,000;

1754;2015.11.13 01:00:00;15,918;0,000;0,000;0,000;0,000;8,667;2,000;3,000;

1755;2015.11.13 02:00:00;17,307;0,000;0,000;0,000;0,000;8,667;2,000;3,000;

1756;2015.11.13 03:00:00;16,446;0,000;0,000;0,000;0,000;8,667;2,000;3,000;

1757;2015.11.13 04:00:00;15,134;0,000;0,000;0,000;0,000;8,667;2,000;3,000;

1758;2015.11.13 05:00:00;18,514;0,000;0,000;0,000;0,000;8,667;2,000;3,000;

1759;2015.11.13 06:00:00;16,995;0,000;0,000;0,000;0,000;8,667;2,000;3,000;

1760;2015.11.13 07:00:00;16,260;0,000;0,000;0,000;0,000;8,667;2,000;3,000;

1761;2015.11.13 08:00:00;15,742;0,000;0,000;0,000;0,000;8,667;2,000;3,000;

1762;2015.11.13 09:00:00;14,979;0,000;0,000;0,000;0,000;8,667;2,000;3,000;

1763;2015.11.13 10:00:00;14,898;0,000;0,000;0,000;0,000;8,667;2,000;3,000;

1764;2015.11.13 11:00:00;13,211;0,000;0,000;0,000;0,000;8,667;2,000;3,000;

1765;2015.11.13 12:00:00;13,907;0,000;0,000;0,000;0,000;8,667;2,000;3,000;

1766;2015.11.13 13:00:00;12,649;0,000;0,000;0,000;0,000;8,667;2,000;3,000;

1767;2015.11.13 14:00:00;12,311;0,000;0,000;0,000;0,000;8,667;2,000;3,000;

1768;2015.11.13 15:00:00;13,483;0,000;0,000;0,000;0,000;8,667;2,000;3,000;

1769;2015.11.13 16:00:00;12,543;0,000;0,000;0,000;0,000;8,667;2,000;3,000;

1770;2015.11.13 17:00:00;10,982;0,000;0,000;0,000;0,000;8,667;2,000;3,000;

1771;2015.11.13 18:00:00;12,686;0,000;0,000;0,000;0,000;8,667;2,000;3,000;

1772;2015.11.13 19:00:00;12,664;0,000;0,000;0,000;0,000;8,667;2,000;3,000;

1773;2015.11.13 20:00:00;14,294;0,000;0,000;0,000;0,000;8,667;2,000;3,000;

1774;2015.11.13 21:00:00;12,489;0,000;0,000;0,000;0,000;8,667;2,000;3,000;

1775;2015.11.13 22:00:00;14,057;0,000;0,000;0,000;0,000;8,667;2,000;3,000;

1776;2015.11.13 23:00:00;9,501;0,000;0,000;0,000;0,000;8,667;2,000;3,000;

1777;2015.11.14 00:00:00;13,834;0,000;0,000;0,000;0,000;8,617;3,000;3,000;

1778;2015.11.14 01:00:00;12,834;0,000;0,000;0,000;0,000;8,617;3,000;3,000;

1779;2015.11.14 02:00:00;14,223;0,000;0,000;0,000;0,000;8,617;3,000;3,000;

1780;2015.11.14 03:00:00;15,557;0,000;0,000;0,000;0,000;8,617;3,000;3,000;

1781;2015.11.14 04:00:00;16,057;0,000;0,000;0,000;0,000;8,617;3,000;3,000;

1782;2015.11.14 05:00:00;15,890;0,000;0,000;0,000;0,000;8,617;3,000;3,000;

1783;2015.11.14 06:00:00;16,390;0,000;0,000;0,000;0,000;8,617;3,000;3,000;

1784;2015.11.14 07:00:00;16,279;0,000;0,000;0,000;0,000;8,617;3,000;3,000;

1785;2015.11.14 08:00:00;16,557;0,000;0,000;0,000;0,000;8,617;3,000;3,000;

1786;2015.11.14 09:00:00;16,168;0,000;0,000;0,000;0,000;8,617;3,000;3,000;

1787;2015.11.14 10:00:00;15,501;0,000;0,000;0,000;0,000;8,617;3,000;3,000;

1788;2015.11.14 11:00:00;17,160;0,000;0,000;0,000;0,000;8,617;3,000;3,000;

1789;2015.11.14 12:00:00;16,731;0,000;0,000;0,000;0,000;8,617;3,000;3,000;

1790;2015.11.14 13:00:00;16,376;0,000;0,000;0,000;0,000;8,617;3,000;3,000;

1791;2015.11.14 14:00:00;16,102;0,000;0,000;0,000;0,000;8,617;3,000;3,000;

1792;2015.11.14 15:00:00;17,428;0,000;0,000;0,000;0,000;8,617;3,000;3,000;

1793;2015.11.14 16:00:00;18,228;0,000;0,000;0,000;0,000;8,617;3,000;3,000;

1794;2015.11.14 17:00:00;17,935;0,000;0,000;0,000;0,000;8,617;3,000;3,000;

1795;2015.11.14 18:00:00;15,814;0,000;0,000;0,000;0,000;8,617;3,000;3,000;

1796;2015.11.14 19:00:00;17,785;0,000;0,000;0,000;0,000;8,617;3,000;3,000;

1797;2015.11.14 20:00:00;18,764;0,000;0,000;0,000;0,000;8,617;3,000;3,000;

1798;2015.11.14 21:00:00;18,788;0,000;0,000;0,000;0,000;8,617;3,000;3,000;

1799;2015.11.14 22:00:00;17,715;0,000;0,000;0,000;0,000;8,617;3,000;3,000;

1800;2015.11.14 23:00:00;14,302;0,000;0,000;0,000;0,000;8,617;3,000;3,000;

1801;2015.11.15 00:00:00;15,446;0,000;0,000;0,000;0,000;8,550;4,000;3,000;

1802;2015.11.15 01:00:00;16,112;0,000;0,000;0,000;0,000;8,550;4,000;3,000;

1803;2015.11.15 02:00:00;16,446;0,000;0,000;0,000;0,000;8,550;4,000;3,000;

1804;2015.11.15 03:00:00;15,335;0,000;0,000;0,000;0,000;8,550;4,000;3,000;

1805;2015.11.15 04:00:00;15,279;0,000;0,000;0,000;0,000;8,550;4,000;3,000;

1806;2015.11.15 05:00:00;16,279;0,000;0,000;0,000;0,000;8,550;4,000;3,000;

1807;2015.11.15 06:00:00;16,279;0,000;0,000;0,000;0,000;8,550;4,000;3,000;

1808;2015.11.15 07:00:00;16,946;0,000;0,000;0,000;0,000;8,550;4,000;3,000;

1809;2015.11.15 08:00:00;17,112;0,000;0,000;0,000;0,000;8,550;4,000;3,000;

1810;2015.11.15 09:00:00;15,446;0,000;0,000;0,000;0,000;8,550;4,000;3,000;

1811;2015.11.15 10:00:00;15,604;0,000;0,000;0,000;0,000;8,550;4,000;3,000;

1812;2015.11.15 11:00:00;16,663;0,000;0,000;0,000;0,000;8,550;4,000;3,000;

1813;2015.11.15 12:00:00;15,751;0,000;0,000;0,000;0,000;8,550;4,000;3,000;

1814;2015.11.15 13:00:00;17,095;0,000;0,000;0,000;0,000;8,550;4,000;3,000;

1815;2015.11.15 14:00:00;15,727;0,000;0,000;0,000;0,000;8,550;4,000;3,000;

1816;2015.11.15 15:00:00;15,754;0,000;0,000;0,000;0,000;8,550;4,000;3,000;

1817;2015.11.15 16:00:00;17,915;0,000;0,000;0,000;0,000;8,550;4,000;3,000;

1818;2015.11.15 17:00:00;15,008;0,000;0,000;0,000;0,000;8,550;4,000;3,000;

1819;2015.11.15 18:00:00;17,926;0,000;0,000;0,000;0,000;8,550;4,000;3,000;

1820;2015.11.15 19:00:00;17,300;0,000;0,000;0,000;0,000;8,550;4,000;3,000;

1821;2015.11.15 20:00:00;16,348;0,000;0,000;0,000;0,000;8,550;4,000;3,000;

1822;2015.11.15 21:00:00;17,147;0,000;0,000;0,000;0,000;8,550;4,000;3,000;

1823;2015.11.15 22:00:00;16,057;0,000;0,000;0,000;0,000;8,550;4,000;3,000;

1824;2015.11.15 23:00:00;14,303;0,000;0,000;0,000;0,000;8,550;4,000;3,000;

1825;2015.11.16 00:00:00;16,866;0,000;0,000;0,000;0,000;8,483;1,000;3,000;

1826;2015.11.16 01:00:00;18,335;0,000;0,000;0,000;0,000;8,483;1,000;3,000;

1827;2015.11.16 02:00:00;15,723;0,000;0,000;0,000;0,000;8,483;1,000;3,000;

1828;2015.11.16 03:00:00;18,224;0,000;0,000;0,000;0,000;8,483;1,000;3,000;

1829;2015.11.16 04:00:00;16,057;0,000;0,000;0,000;0,000;8,483;1,000;3,000;

1830;2015.11.16 05:00:00;18,057;0,000;0,000;0,000;0,000;8,483;1,000;3,000;

1831;2015.11.16 06:00:00;16,172;0,000;0,000;0,000;0,000;8,483;1,000;3,000;

1832;2015.11.16 07:00:00;18,164;0,000;0,000;0,000;0,000;8,483;1,000;3,000;

1833;2015.11.16 08:00:00;15,890;0,000;0,000;0,000;0,000;8,483;1,000;3,000;

1834;2015.11.16 09:00:00;17,140;0,000;0,000;0,000;0,000;8,483;1,000;3,000;

1835;2015.11.16 10:00:00;15,001;0,000;0,000;0,000;0,000;8,483;1,000;3,000;

1836;2015.11.16 11:00:00;13,994;0,000;0,000;0,000;0,000;8,483;1,000;3,000;

1837;2015.11.16 12:00:00;15,536;0,000;0,000;0,000;0,000;8,483;1,000;3,000;

1838;2015.11.16 13:00:00;15,317;0,000;0,000;0,000;0,000;8,483;1,000;3,000;

1839;2015.11.16 14:00:00;14,438;0,000;0,000;0,000;0,000;8,483;1,000;3,000;

1840;2015.11.16 15:00:00;13,836;0,000;0,000;0,000;0,000;8,483;1,000;3,000;

1841;2015.11.16 16:00:00;14,958;0,000;0,000;0,000;0,000;8,483;1,000;3,000;

1842;2015.11.16 17:00:00;17,068;0,000;0,000;0,000;0,000;8,483;1,000;3,000;

1843;2015.11.16 18:00:00;14,446;0,000;0,000;0,000;0,000;8,483;1,000;3,000;

1844;2015.11.16 19:00:00;13,800;0,000;0,000;0,000;0,000;8,483;1,000;3,000;

1845;2015.11.16 20:00:00;14,753;0,000;0,000;0,000;0,000;8,483;1,000;3,000;

1846;2015.11.16 21:00:00;13,579;0,000;0,000;0,000;0,000;8,483;1,000;3,000;

1847;2015.11.16 22:00:00;14,399;0,000;0,000;0,000;0,000;8,483;1,000;3,000;

1848;2015.11.16 23:00:00;12,005;0,000;0,000;0,000;0,000;8,483;1,000;3,000;

1849;2015.11.17 00:00:00;15,125;0,000;0,000;0,000;0,000;8,433;1,000;3,000;

1850;2015.11.17 01:00:00;14,213;0,000;0,000;0,000;0,000;8,433;1,000;3,000;

1851;2015.11.17 02:00:00;12,205;0,000;0,000;0,000;0,000;8,433;1,000;3,000;

1852;2015.11.17 03:00:00;13,660;0,000;0,000;0,000;0,000;8,433;1,000;3,000;

1853;2015.11.17 04:00:00;13,919;0,000;0,000;0,000;0,000;8,433;1,000;3,000;

1854;2015.11.17 05:00:00;15,612;0,000;0,000;0,000;0,000;8,433;1,000;3,000;

1855;2015.11.17 06:00:00;15,223;0,000;0,000;0,000;0,000;8,433;1,000;3,000;

1856;2015.11.17 07:00:00;13,948;0,000;0,000;0,000;0,000;8,433;1,000;3,000;

1857;2015.11.17 08:00:00;15,311;0,000;0,000;0,000;0,000;8,433;1,000;3,000;

1858;2015.11.17 09:00:00;13,295;0,000;0,000;0,000;0,000;8,433;1,000;3,000;

1859;2015.11.17 10:00:00;13,203;0,000;0,000;0,000;0,000;8,433;1,000;3,000;

1860;2015.11.17 11:00:00;14,193;0,000;0,000;0,000;0,000;8,433;1,000;3,000;

1861;2015.11.17 12:00:00;13,673;0,000;0,000;0,000;0,000;8,433;1,000;3,000;

1862;2015.11.17 13:00:00;13,109;0,000;0,000;0,000;0,000;8,433;1,000;3,000;

1863;2015.11.17 14:00:00;13,704;0,000;0,000;0,000;0,000;8,433;1,000;3,000;

1864;2015.11.17 15:00:00;14,592;0,000;0,000;0,000;0,000;8,433;1,000;3,000;

1865;2015.11.17 16:00:00;16,268;0,000;0,000;0,000;0,000;8,433;1,000;3,000;

1866;2015.11.17 17:00:00;15,095;0,000;0,000;0,000;0,000;8,433;1,000;3,000;

1867;2015.11.17 18:00:00;14,843;0,000;0,000;0,000;0,000;8,433;1,000;3,000;

1868;2015.11.17 19:00:00;15,039;0,000;0,000;0,000;0,000;8,433;1,000;3,000;

1869;2015.11.17 20:00:00;13,988;0,000;0,000;0,000;0,000;8,433;1,000;3,000;

1870;2015.11.17 21:00:00;13,756;0,000;0,000;0,000;0,000;8,433;1,000;3,000;

1871;2015.11.17 22:00:00;11,506;0,000;0,000;0,000;0,000;8,433;1,000;3,000;

1872;2015.11.17 23:00:00;11,421;0,000;0,000;0,000;0,000;8,433;1,000;3,000;

1873;2015.11.18 00:00:00;13,017;0,000;0,000;0,000;0,000;8,367;1,000;3,000;

1874;2015.11.18 01:00:00;11,626;0,000;0,000;0,000;0,000;8,367;1,000;3,000;

1875;2015.11.18 02:00:00;11,657;0,000;0,000;0,000;0,000;8,367;1,000;3,000;

1876;2015.11.18 03:00:00;11,631;0,000;0,000;0,000;0,000;8,367;1,000;3,000;

1877;2015.11.18 04:00:00;10,968;0,000;0,000;0,000;0,000;8,367;1,000;3,000;

1878;2015.11.18 05:00:00;13,200;0,000;0,000;0,000;0,000;8,367;1,000;3,000;

1879;2015.11.18 06:00:00;13,630;0,000;0,000;0,000;0,000;8,367;1,000;3,000;

1880;2015.11.18 07:00:00;12,770;0,000;0,000;0,000;0,000;8,367;1,000;3,000;

1881;2015.11.18 08:00:00;13,029;0,000;0,000;0,000;0,000;8,367;1,000;3,000;

1882;2015.11.18 09:00:00;13,131;0,000;0,000;0,000;0,000;8,367;1,000;3,000;

1883;2015.11.18 10:00:00;12,612;0,000;0,000;0,000;0,000;8,367;1,000;3,000;

1884;2015.11.18 11:00:00;13,334;0,000;0,000;0,000;0,000;8,367;1,000;3,000;

1885;2015.11.18 12:00:00;14,973;0,000;0,000;0,000;0,000;8,367;1,000;3,000;

1886;2015.11.18 13:00:00;14,529;0,000;0,000;0,000;0,000;8,367;1,000;3,000;

1887;2015.11.18 14:00:00;14,390;0,000;0,000;0,000;0,000;8,367;1,000;3,000;

1888;2015.11.18 15:00:00;15,886;0,000;0,000;0,000;0,000;8,367;1,000;3,000;

1889;2015.11.18 16:00:00;15,617;0,000;0,000;0,000;0,000;8,367;1,000;3,000;

1890;2015.11.18 17:00:00;16,333;0,000;0,000;0,000;0,000;8,367;1,000;3,000;

1891;2015.11.18 18:00:00;16,666;0,000;0,000;0,000;0,000;8,367;1,000;3,000;

1892;2015.11.18 19:00:00;16,450;0,000;0,000;0,000;0,000;8,367;1,000;3,000;

1893;2015.11.18 20:00:00;15,085;0,000;0,000;0,000;0,000;8,367;1,000;3,000;

1894;2015.11.18 21:00:00;16,525;0,000;0,000;0,000;0,000;8,367;1,000;3,000;

1895;2015.11.18 22:00:00;15,517;0,000;0,000;0,000;0,000;8,367;1,000;3,000;

1896;2015.11.18 23:00:00;13,211;0,000;0,000;0,000;0,000;8,367;1,000;3,000;

1897;2015.11.19 00:00:00;14,668;0,000;0,000;0,000;0,000;8,317;1,000;3,000;

1898;2015.11.19 01:00:00;15,279;0,000;0,000;0,000;0,000;8,317;1,000;3,000;

1899;2015.11.19 02:00:00;14,112;0,000;0,000;0,000;0,000;8,317;1,000;3,000;

1900;2015.11.19 03:00:00;14,668;0,000;0,000;0,000;0,000;8,317;1,000;3,000;

1901;2015.11.19 04:00:00;14,779;0,000;0,000;0,000;0,000;8,317;1,000;3,000;

1902;2015.11.19 05:00:00;14,390;0,000;0,000;0,000;0,000;8,317;1,000;3,000;

1903;2015.11.19 06:00:00;15,223;0,000;0,000;0,000;0,000;8,317;1,000;3,000;

1904;2015.11.19 07:00:00;14,390;0,000;0,000;0,000;0,000;8,317;1,000;3,000;

1905;2015.11.19 08:00:00;15,057;0,000;0,000;0,000;0,000;8,317;1,000;3,000;

1906;2015.11.19 09:00:00;13,668;0,000;0,000;0,000;0,000;8,317;1,000;3,000;

1907;2015.11.19 10:00:00;13,446;0,000;0,000;0,000;0,000;8,317;1,000;3,000;

1908;2015.11.19 11:00:00;13,890;0,000;0,000;0,000;0,000;8,317;1,000;3,000;

1909;2015.11.19 12:00:00;14,612;0,000;0,000;0,000;0,000;8,317;1,000;3,000;

1910;2015.11.19 13:00:00;14,020;0,000;0,000;0,000;0,000;8,317;1,000;3,000;

1911;2015.11.19 14:00:00;13,890;0,000;0,000;0,000;0,000;8,317;1,000;3,000;

1912;2015.11.19 15:00:00;14,038;0,000;0,000;0,000;0,000;8,317;1,000;3,000;

1913;2015.11.19 16:00:00;15,260;0,000;0,000;0,000;0,000;8,317;1,000;3,000;

1914;2015.11.19 17:00:00;15,647;0,000;0,000;0,000;0,000;8,317;1,000;3,000;

1915;2015.11.19 18:00:00;15,504;0,000;0,000;0,000;0,000;8,317;1,000;3,000;

1916;2015.11.19 19:00:00;15,927;0,000;0,000;0,000;0,000;8,317;1,000;3,000;

1917;2015.11.19 20:00:00;16,152;0,000;0,000;0,000;0,000;8,317;1,000;3,000;

1918;2015.11.19 21:00:00;16,017;0,000;0,000;0,000;0,000;8,317;1,000;3,000;

1919;2015.11.19 22:00:00;14,290;0,000;0,000;0,000;0,000;8,317;1,000;3,000;

1920;2015.11.19 23:00:00;12,295;0,000;0,000;0,000;0,000;8,317;1,000;3,000;

1921;2015.11.20 00:00:00;15,592;0,000;0,000;0,000;0,000;8,283;2,000;3,000;

1922;2015.11.20 01:00:00;15,473;0,000;0,000;0,000;0,000;8,283;2,000;3,000;

1923;2015.11.20 02:00:00;15,134;0,000;0,000;0,000;0,000;8,283;2,000;3,000;

1924;2015.11.20 03:00:00;14,797;0,000;0,000;0,000;0,000;8,283;2,000;3,000;

1925;2015.11.20 04:00:00;15,131;0,000;0,000;0,000;0,000;8,283;2,000;3,000;

1926;2015.11.20 05:00:00;17,687;0,000;0,000;0,000;0,000;8,283;2,000;3,000;

1927;2015.11.20 06:00:00;17,359;0,000;0,000;0,000;0,000;8,283;2,000;3,000;

1928;2015.11.20 07:00:00;17,705;0,000;0,000;0,000;0,000;8,283;2,000;3,000;

1929;2015.11.20 08:00:00;16,552;0,000;0,000;0,000;0,000;8,283;2,000;3,000;

1930;2015.11.20 09:00:00;14,429;0,000;0,000;0,000;0,000;8,283;2,000;3,000;

1931;2015.11.20 10:00:00;16,795;0,000;0,000;0,000;0,000;8,283;2,000;3,000;

1932;2015.11.20 11:00:00;19,057;0,000;0,000;0,000;0,000;8,283;2,000;3,000;

1933;2015.11.20 12:00:00;16,742;0,000;0,000;0,000;0,000;8,283;2,000;3,000;

1934;2015.11.20 13:00:00;15,465;0,000;0,000;0,000;0,000;8,283;2,000;3,000;

1935;2015.11.20 14:00:00;15,248;0,000;0,000;0,000;0,000;8,283;2,000;3,000;

1936;2015.11.20 15:00:00;18,105;0,000;0,000;0,000;0,000;8,283;2,000;3,000;

1937;2015.11.20 16:00:00;18,307;0,000;0,000;0,000;0,000;8,283;2,000;3,000;

1938;2015.11.20 17:00:00;17,224;0,000;0,000;0,000;0,000;8,283;2,000;3,000;

1939;2015.11.20 18:00:00;17,251;0,000;0,000;0,000;0,000;8,283;2,000;3,000;

1940;2015.11.20 19:00:00;22,582;0,000;0,000;0,000;0,000;8,283;2,000;3,000;

1941;2015.11.20 20:00:00;19,259;0,000;0,000;0,000;0,000;8,283;2,000;3,000;

1942;2015.11.20 21:00:00;19,374;0,000;0,000;0,000;0,000;8,283;2,000;3,000;

1943;2015.11.20 22:00:00;18,736;0,000;0,000;0,000;0,000;8,283;2,000;3,000;

1944;2015.11.20 23:00:00;14,977;0,000;0,000;0,000;0,000;8,283;2,000;3,000;

1945;2015.11.21 00:00:00;16,970;0,000;0,000;0,000;0,000;8,217;3,000;3,000;

1946;2015.11.21 01:00:00;18,410;0,000;0,000;0,000;0,000;8,217;3,000;3,000;

1947;2015.11.21 02:00:00;17,482;0,000;0,000;0,000;0,000;8,217;3,000;3,000;

1948;2015.11.21 03:00:00;18,029;0,000;0,000;0,000;0,000;8,217;3,000;3,000;

1949;2015.11.21 04:00:00;18,757;0,000;0,000;0,000;0,000;8,217;3,000;3,000;

1950;2015.11.21 05:00:00;16,951;0,000;0,000;0,000;0,000;8,217;3,000;3,000;

1951;2015.11.21 06:00:00;21,224;0,000;0,000;0,000;0,000;8,217;3,000;3,000;

1952;2015.11.21 07:00:00;21,750;0,000;0,000;0,000;0,000;8,217;3,000;3,000;

1953;2015.11.21 08:00:00;19,316;0,000;0,000;0,000;0,000;8,217;3,000;3,000;

1954;2015.11.21 09:00:00;18,983;0,000;0,000;0,000;0,000;8,217;3,000;3,000;

1955;2015.11.21 10:00:00;19,486;0,000;0,000;0,000;0,000;8,217;3,000;3,000;

1956;2015.11.21 11:00:00;17,660;0,000;0,000;0,000;0,000;8,217;3,000;3,000;

1957;2015.11.21 12:00:00;17,636;0,000;0,000;0,000;0,000;8,217;3,000;3,000;

1958;2015.11.21 13:00:00;17,224;0,000;0,000;0,000;0,000;8,217;3,000;3,000;

1959;2015.11.21 14:00:00;20,520;0,000;0,000;0,000;0,000;8,217;3,000;3,000;

1960;2015.11.21 15:00:00;20,168;0,000;0,000;0,000;0,000;8,217;3,000;3,000;

1961;2015.11.21 16:00:00;17,991;0,000;0,000;0,000;0,000;8,217;3,000;3,000;

1962;2015.11.21 17:00:00;18,980;0,000;0,000;0,000;0,000;8,217;3,000;3,000;

1963;2015.11.21 18:00:00;20,656;0,000;0,000;0,000;0,000;8,217;3,000;3,000;

1964;2015.11.21 19:00:00;20,826;0,000;0,000;0,000;0,000;8,217;3,000;3,000;

1965;2015.11.21 20:00:00;19,967;0,000;0,000;0,000;0,000;8,217;3,000;3,000;

1966;2015.11.21 21:00:00;20,688;0,000;0,000;0,000;0,000;8,217;3,000;3,000;

1967;2015.11.21 22:00:00;21,182;0,000;0,000;0,000;0,000;8,217;3,000;3,000;

1968;2015.11.21 23:00:00;19,076;0,000;0,000;0,000;0,000;8,217;3,000;3,000;

1969;2015.11.22 00:00:00;19,816;0,000;0,000;0,000;0,000;8,167;4,000;3,000;

1970;2015.11.22 01:00:00;19,631;0,000;0,000;0,000;0,000;8,167;4,000;3,000;

1971;2015.11.22 02:00:00;20,557;0,000;0,000;0,000;0,000;8,167;4,000;3,000;

1972;2015.11.22 03:00:00;20,557;0,000;0,000;0,000;0,000;8,167;4,000;3,000;

1973;2015.11.22 04:00:00;19,909;0,000;0,000;0,000;0,000;8,167;4,000;3,000;

1974;2015.11.22 05:00:00;19,909;0,000;0,000;0,000;0,000;8,167;4,000;3,000;

1975;2015.11.22 06:00:00;20,293;0,000;0,000;0,000;0,000;8,167;4,000;3,000;

1976;2015.11.22 07:00:00;21,973;0,000;0,000;0,000;0,000;8,167;4,000;3,000;

1977;2015.11.22 08:00:00;20,887;0,000;0,000;0,000;0,000;8,167;4,000;3,000;

1978;2015.11.22 09:00:00;19,885;0,000;0,000;0,000;0,000;8,167;4,000;3,000;

1979;2015.11.22 10:00:00;20,523;0,000;0,000;0,000;0,000;8,167;4,000;3,000;

1980;2015.11.22 11:00:00;20,652;0,000;0,000;0,000;0,000;8,167;4,000;3,000;

1981;2015.11.22 12:00:00;20,520;0,000;0,000;0,000;0,000;8,167;4,000;3,000;

1982;2015.11.22 13:00:00;20,094;0,000;0,000;0,000;0,000;8,167;4,000;3,000;

1983;2015.11.22 14:00:00;21,232;0,000;0,000;0,000;0,000;8,167;4,000;3,000;

1984;2015.11.22 15:00:00;24,513;0,000;0,000;0,000;0,000;8,167;4,000;3,000;

1985;2015.11.22 16:00:00;20,363;0,000;0,000;0,000;0,000;8,167;4,000;3,000;

1986;2015.11.22 17:00:00;22,807;0,000;0,000;0,000;0,000;8,167;4,000;3,000;

1987;2015.11.22 18:00:00;24,178;0,000;0,000;0,000;0,000;8,167;4,000;3,000;

1988;2015.11.22 19:00:00;21,363;0,000;0,000;0,000;0,000;8,167;4,000;3,000;

1989;2015.11.22 20:00:00;21,278;0,000;0,000;0,000;0,000;8,167;4,000;3,000;

1990;2015.11.22 21:00:00;21,278;0,000;0,000;0,000;0,000;8,167;4,000;3,000;

1991;2015.11.22 22:00:00;21,278;0,000;0,000;0,000;0,000;8,167;4,000;3,000;

1992;2015.11.22 23:00:00;16,523;0,000;0,000;0,000;0,000;8,167;4,000;3,000;

1993;2015.11.23 00:00:00;19,724;0,000;0,000;0,000;0,000;8,117;1,000;3,000;

1994;2015.11.23 01:00:00;20,687;0,000;0,000;0,000;0,000;8,117;1,000;3,000;

1995;2015.11.23 02:00:00;20,187;0,000;0,000;0,000;0,000;8,117;1,000;3,000;

1996;2015.11.23 03:00:00;19,572;0,000;0,000;0,000;0,000;8,117;1,000;3,000;

1997;2015.11.23 04:00:00;20,061;0,000;0,000;0,000;0,000;8,117;1,000;3,000;

1998;2015.11.23 05:00:00;20,835;0,000;0,000;0,000;0,000;8,117;1,000;3,000;

1999;2015.11.23 06:00:00;15,759;0,000;0,000;0,000;0,000;8,117;1,000;3,000;

2000;2015.11.23 07:00:00;14,948;0,000;0,000;0,000;0,000;8,117;1,000;3,000;

2001;2015.11.23 08:00:00;21,557;0,000;0,000;0,000;0,000;8,117;1,000;3,000;

2002;2015.11.23 09:00:00;20,724;0,000;0,000;0,000;0,000;8,117;1,000;3,000;

2003;2015.11.23 10:00:00;27,891;0,000;0,000;0,000;0,000;8,117;1,000;3,000;

2004;2015.11.23 11:00:00;22,063;0,000;0,000;0,000;0,000;8,117;1,000;3,000;

2005;2015.11.23 12:00:00;20,903;0,000;0,000;0,000;0,000;8,117;1,000;3,000;

2006;2015.11.23 13:00:00;19,344;0,000;0,000;0,000;0,000;8,117;1,000;3,000;

2007;2015.11.23 14:00:00;20,210;0,000;0,000;0,000;0,000;8,117;1,000;3,000;

2008;2015.11.23 15:00:00;23,335;0,000;0,000;0,000;0,000;8,117;1,000;3,000;

2009;2015.11.23 16:00:00;23,146;0,000;0,000;0,000;0,000;8,117;1,000;3,000;

2010;2015.11.23 17:00:00;23,570;0,000;0,000;0,000;0,000;8,117;1,000;3,000;

2011;2015.11.23 18:00:00;21,424;0,000;0,000;0,000;0,000;8,117;1,000;3,000;

2012;2015.11.23 19:00:00;23,002;0,000;0,000;0,000;0,000;8,117;1,000;3,000;

2013;2015.11.23 20:00:00;24,446;0,000;0,000;0,000;0,000;8,117;1,000;3,000;

2014;2015.11.23 21:00:00;23,137;0,000;0,000;0,000;0,000;8,117;1,000;3,000;

2015;2015.11.23 22:00:00;23,646;0,000;0,000;0,000;0,000;8,117;1,000;3,000;

2016;2015.11.23 23:00:00;21,370;0,000;0,000;0,000;0,000;8,117;1,000;3,000;

2017;2015.11.24 00:00:00;24,888;0,000;0,000;0,000;0,000;8,067;1,000;3,000;

2018;2015.11.24 01:00:00;23,938;0,000;0,000;0,000;0,000;8,067;1,000;3,000;

2019;2015.11.24 02:00:00;24,366;0,000;0,000;0,000;0,000;8,067;1,000;3,000;

2020;2015.11.24 03:00:00;24,334;0,000;0,000;0,000;0,000;8,067;1,000;3,000;

2021;2015.11.24 04:00:00;24,920;0,000;0,000;0,000;0,000;8,067;1,000;3,000;

2022;2015.11.24 05:00:00;27,195;0,000;0,000;0,000;0,000;8,067;1,000;3,000;

2023;2015.11.24 06:00:00;26,761;0,000;0,000;0,000;0,000;8,067;1,000;3,000;

2024;2015.11.24 07:00:00;24,268;0,000;0,000;0,000;0,000;8,067;1,000;3,000;

2025;2015.11.24 08:00:00;19,320;0,000;0,000;0,000;0,000;8,067;1,000;3,000;

2026;2015.11.24 09:00:00;6,260;0,000;0,000;0,000;0,000;8,067;1,000;3,000;

2027;2015.11.24 10:00:00;10,387;0,000;0,000;0,000;0,000;8,067;1,000;3,000;

2028;2015.11.24 11:00:00;28,575;0,000;0,000;0,000;0,000;8,067;1,000;3,000;

2029;2015.11.24 12:00:00;22,959;0,000;0,000;0,000;0,000;8,067;1,000;3,000;

2030;2015.11.24 13:00:00;22,971;0,000;0,000;0,000;0,000;8,067;1,000;3,000;

2031;2015.11.24 14:00:00;24,588;0,000;0,000;0,000;0,000;8,067;1,000;3,000;

2032;2015.11.24 15:00:00;14,297;0,000;0,000;0,000;0,000;8,067;1,000;3,000;

2033;2015.11.24 16:00:00;4,954;0,000;0,000;0,000;0,000;8,067;1,000;3,000;

2034;2015.11.24 17:00:00;17,180;0,000;0,000;0,000;0,000;8,067;1,000;3,000;

2035;2015.11.24 18:00:00;38,416;0,000;0,000;0,000;0,000;8,067;1,000;3,000;

2036;2015.11.24 19:00:00;29,938;0,000;0,000;0,000;0,000;8,067;1,000;3,000;

2037;2015.11.24 20:00:00;26,835;0,000;0,000;0,000;0,000;8,067;1,000;3,000;

2038;2015.11.24 21:00:00;28,137;0,000;0,000;0,000;0,000;8,067;1,000;3,000;

2039;2015.11.24 22:00:00;23,664;0,000;0,000;0,000;0,000;8,067;1,000;3,000;

2040;2015.11.24 23:00:00;21,399;0,000;0,000;0,000;0,000;8,067;1,000;3,000;

2041;2015.11.25 00:00:00;25,062;0,000;0,000;0,000;0,000;8,017;1,000;3,000;

2042;2015.11.25 01:00:00;25,162;0,000;0,000;0,000;0,000;8,017;1,000;3,000;

2043;2015.11.25 02:00:00;23,310;0,000;0,000;0,000;0,000;8,017;1,000;3,000;

2044;2015.11.25 03:00:00;24,113;0,000;0,000;0,000;0,000;8,017;1,000;3,000;

2045;2015.11.25 04:00:00;24,465;0,000;0,000;0,000;0,000;8,017;1,000;3,000;

2046;2015.11.25 05:00:00;26,206;0,000;0,000;0,000;0,000;8,017;1,000;3,000;

2047;2015.11.25 06:00:00;28,502;0,000;0,000;0,000;0,000;8,017;1,000;3,000;

2048;2015.11.25 07:00:00;25,033;0,000;0,000;0,000;0,000;8,017;1,000;3,000;

2049;2015.11.25 08:00:00;23,860;0,000;0,000;0,000;0,000;8,017;1,000;3,000;

2050;2015.11.25 09:00:00;24,502;0,000;0,000;0,000;0,000;8,017;1,000;3,000;

2051;2015.11.25 10:00:00;23,298;0,000;0,000;0,000;0,000;8,017;1,000;3,000;

2052;2015.11.25 11:00:00;22,391;0,000;0,000;0,000;0,000;8,017;1,000;3,000;

2053;2015.11.25 12:00:00;23,944;0,000;0,000;0,000;0,000;8,017;1,000;3,000;

2054;2015.11.25 13:00:00;22,041;0,000;0,000;0,000;0,000;8,017;1,000;3,000;

2055;2015.11.25 14:00:00;26,545;0,000;0,000;0,000;0,000;8,017;1,000;3,000;

2056;2015.11.25 15:00:00;27,610;0,000;0,000;0,000;0,000;8,017;1,000;3,000;

2057;2015.11.25 16:00:00;27,229;0,000;0,000;0,000;0,000;8,017;1,000;3,000;

2058;2015.11.25 17:00:00;25,721;0,000;0,000;0,000;0,000;8,017;1,000;3,000;

2059;2015.11.25 18:00:00;26,831;0,000;0,000;0,000;0,000;8,017;1,000;3,000;

2060;2015.11.25 19:00:00;27,502;0,000;0,000;0,000;0,000;8,017;1,000;3,000;

2061;2015.11.25 20:00:00;26,391;0,000;0,000;0,000;0,000;8,017;1,000;3,000;

2062;2015.11.25 21:00:00;24,111;0,000;0,000;0,000;0,000;8,017;1,000;3,000;

2063;2015.11.25 22:00:00;23,119;0,000;0,000;0,000;0,000;8,017;1,000;3,000;

2064;2015.11.25 23:00:00;23,119;0,000;0,000;0,000;0,000;8,017;1,000;3,000;

2065;2015.11.26 00:00:00;23,119;0,000;0,000;0,000;0,000;7,967;1,000;3,000;

2066;2015.11.26 01:00:00;23,119;0,000;0,000;0,000;0,000;7,967;1,000;3,000;

2067;2015.11.26 02:00:00;23,119;0,000;0,000;0,000;0,000;7,967;1,000;3,000;

2068;2015.11.26 03:00:00;23,119;0,000;0,000;0,000;0,000;7,967;1,000;3,000;

2069;2015.11.26 04:00:00;23,119;0,000;0,000;0,000;0,000;7,967;1,000;3,000;

2070;2015.11.26 05:00:00;23,119;0,000;0,000;0,000;0,000;7,967;1,000;3,000;

2071;2015.11.26 06:00:00;22,636;0,000;0,000;0,000;0,000;7,967;1,000;3,000;

2072;2015.11.26 07:00:00;22,783;0,000;0,000;0,000;0,000;7,967;1,000;3,000;

2073;2015.11.26 08:00:00;22,817;0,000;0,000;0,000;0,000;7,967;1,000;3,000;

2074;2015.11.26 09:00:00;21,780;0,000;0,000;0,000;0,000;7,967;1,000;3,000;

2075;2015.11.26 10:00:00;21,298;0,000;0,000;0,000;0,000;7,967;1,000;3,000;

2076;2015.11.26 11:00:00;21,057;0,000;0,000;0,000;0,000;7,967;1,000;3,000;

2077;2015.11.26 12:00:00;20,248;0,000;0,000;0,000;0,000;7,967;1,000;3,000;

2078;2015.11.26 13:00:00;20,282;0,000;0,000;0,000;0,000;7,967;1,000;3,000;

2079;2015.11.26 14:00:00;21,547;0,000;0,000;0,000;0,000;7,967;1,000;3,000;

2080;2015.11.26 15:00:00;20,412;0,000;0,000;0,000;0,000;7,967;1,000;3,000;

2081;2015.11.26 16:00:00;24,817;0,000;0,000;0,000;0,000;7,967;1,000;3,000;

2082;2015.11.26 17:00:00;22,488;0,000;0,000;0,000;0,000;7,967;1,000;3,000;

2083;2015.11.26 18:00:00;22,376;0,000;0,000;0,000;0,000;7,967;1,000;3,000;

2084;2015.11.26 19:00:00;22,313;0,000;0,000;0,000;0,000;7,967;1,000;3,000;

2085;2015.11.26 20:00:00;23,201;0,000;0,000;0,000;0,000;7,967;1,000;3,000;

2086;2015.11.26 21:00:00;21,946;0,000;0,000;0,000;0,000;7,967;1,000;3,000;

2087;2015.11.26 22:00:00;20,252;0,000;0,000;0,000;0,000;7,967;1,000;3,000;

2088;2015.11.26 23:00:00;19,965;0,000;0,000;0,000;0,000;7,967;1,000;3,000;

2089;2015.11.27 00:00:00;19,965;0,000;0,000;0,000;0,000;7,917;2,000;3,000;

2090;2015.11.27 01:00:00;19,338;0,000;0,000;0,000;0,000;7,917;2,000;3,000;

2091;2015.11.27 02:00:00;19,932;0,000;0,000;0,000;0,000;7,917;2,000;3,000;

2092;2015.11.27 03:00:00;21,522;0,000;0,000;0,000;0,000;7,917;2,000;3,000;

2093;2015.11.27 04:00:00;20,894;0,000;0,000;0,000;0,000;7,917;2,000;3,000;

2094;2015.11.27 05:00:00;22,890;0,000;0,000;0,000;0,000;7,917;2,000;3,000;

2095;2015.11.27 06:00:00;24,636;0,000;0,000;0,000;0,000;7,917;2,000;3,000;

2096;2015.11.27 07:00:00;23,706;0,000;0,000;0,000;0,000;7,917;2,000;3,000;

2097;2015.11.27 08:00:00;22,895;0,000;0,000;0,000;0,000;7,917;2,000;3,000;

2098;2015.11.27 09:00:00;23,427;0,000;0,000;0,000;0,000;7,917;2,000;3,000;

2099;2015.11.27 10:00:00;21,822;0,000;0,000;0,000;0,000;7,917;2,000;3,000;

2100;2015.11.27 11:00:00;20,516;0,000;0,000;0,000;0,000;7,917;2,000;3,000;

2101;2015.11.27 12:00:00;22,155;0,000;0,000;0,000;0,000;7,917;2,000;3,000;

2102;2015.11.27 13:00:00;20,002;0,000;0,000;0,000;0,000;7,917;2,000;3,000;

2103;2015.11.27 14:00:00;19,892;0,000;0,000;0,000;0,000;7,917;2,000;3,000;

2104;2015.11.27 15:00:00;21,193;0,000;0,000;0,000;0,000;7,917;2,000;3,000;

2105;2015.11.27 16:00:00;24,470;0,000;0,000;0,000;0,000;7,917;2,000;3,000;

2106;2015.11.27 17:00:00;25,235;0,000;0,000;0,000;0,000;7,917;2,000;3,000;

2107;2015.11.27 18:00:00;25,340;0,000;0,000;0,000;0,000;7,917;2,000;3,000;

2108;2015.11.27 19:00:00;26,139;0,000;0,000;0,000;0,000;7,917;2,000;3,000;

2109;2015.11.27 20:00:00;24,133;0,000;0,000;0,000;0,000;7,917;2,000;3,000;

2110;2015.11.27 21:00:00;22,965;0,000;0,000;0,000;0,000;7,917;2,000;3,000;

2111;2015.11.27 22:00:00;22,101;0,000;0,000;0,000;0,000;7,917;2,000;3,000;

2112;2015.11.27 23:00:00;20,440;0,000;0,000;0,000;0,000;7,917;2,000;3,000;

2113;2015.11.28 00:00:00;21,482;0,000;0,000;0,000;0,000;7,883;3,000;3,000;

2114;2015.11.28 01:00:00;22,725;0,000;0,000;0,000;0,000;7,883;3,000;3,000;

2115;2015.11.28 02:00:00;22,030;0,000;0,000;0,000;0,000;7,883;3,000;3,000;

2116;2015.11.28 03:00:00;22,780;0,000;0,000;0,000;0,000;7,883;3,000;3,000;

2117;2015.11.28 04:00:00;24,474;0,000;0,000;0,000;0,000;7,883;3,000;3,000;

2118;2015.11.28 05:00:00;23,310;0,000;0,000;0,000;0,000;7,883;3,000;3,000;

2119;2015.11.28 06:00:00;26,476;0,000;0,000;0,000;0,000;7,883;3,000;3,000;

2120;2015.11.28 07:00:00;26,424;0,000;0,000;0,000;0,000;7,883;3,000;3,000;

2121;2015.11.28 08:00:00;25,095;0,000;0,000;0,000;0,000;7,883;3,000;3,000;

2122;2015.11.28 09:00:00;25,280;0,000;0,000;0,000;0,000;7,883;3,000;3,000;

2123;2015.11.28 10:00:00;23,236;0,000;0,000;0,000;0,000;7,883;3,000;3,000;

2124;2015.11.28 11:00:00;22,840;0,000;0,000;0,000;0,000;7,883;3,000;3,000;

2125;2015.11.28 12:00:00;23,442;0,000;0,000;0,000;0,000;7,883;3,000;3,000;

2126;2015.11.28 13:00:00;22,451;0,000;0,000;0,000;0,000;7,883;3,000;3,000;

2127;2015.11.28 14:00:00;25,386;0,000;0,000;0,000;0,000;7,883;3,000;3,000;

2128;2015.11.28 15:00:00;27,113;0,000;0,000;0,000;0,000;7,883;3,000;3,000;

2129;2015.11.28 16:00:00;25,476;0,000;0,000;0,000;0,000;7,883;3,000;3,000;

2130;2015.11.28 17:00:00;25,476;0,000;0,000;0,000;0,000;7,883;3,000;3,000;

2131;2015.11.28 18:00:00;25,476;0,000;0,000;0,000;0,000;7,883;3,000;3,000;

2132;2015.11.28 19:00:00;25,476;0,000;0,000;0,000;0,000;7,883;3,000;3,000;

2133;2015.11.28 20:00:00;24,286;0,000;0,000;0,000;0,000;7,883;3,000;3,000;

2134;2015.11.28 21:00:00;24,125;0,000;0,000;0,000;0,000;7,883;3,000;3,000;

2135;2015.11.28 22:00:00;21,544;0,000;0,000;0,000;0,000;7,883;3,000;3,000;

2136;2015.11.28 23:00:00;19,150;0,000;0,000;0,000;0,000;7,883;3,000;3,000;

2137;2015.11.29 00:00:00;24,932;0,000;0,000;0,000;0,000;7,833;4,000;3,000;

2138;2015.11.29 01:00:00;23,487;0,000;0,000;0,000;0,000;7,833;4,000;3,000;

2139;2015.11.29 02:00:00;23,777;0,000;0,000;0,000;0,000;7,833;4,000;3,000;

2140;2015.11.29 03:00:00;24,360;0,000;0,000;0,000;0,000;7,833;4,000;3,000;

2141;2015.11.29 04:00:00;23,812;0,000;0,000;0,000;0,000;7,833;4,000;3,000;

2142;2015.11.29 05:00:00;23,764;0,000;0,000;0,000;0,000;7,833;4,000;3,000;

2143;2015.11.29 06:00:00;25,215;0,000;0,000;0,000;0,000;7,833;4,000;3,000;

2144;2015.11.29 07:00:00;27,214;0,000;0,000;0,000;0,000;7,833;4,000;3,000;

2145;2015.11.29 08:00:00;24,860;0,000;0,000;0,000;0,000;7,833;4,000;3,000;

2146;2015.11.29 09:00:00;23,666;0,000;0,000;0,000;0,000;7,833;4,000;3,000;

2147;2015.11.29 10:00:00;22,986;0,000;0,000;0,000;0,000;7,833;4,000;3,000;

2148;2015.11.29 11:00:00;21,279;0,000;0,000;0,000;0,000;7,833;4,000;3,000;

2149;2015.11.29 12:00:00;20,131;0,000;0,000;0,000;0,000;7,833;4,000;3,000;

2150;2015.11.29 13:00:00;21,483;0,000;0,000;0,000;0,000;7,833;4,000;3,000;

2151;2015.11.29 14:00:00;20,324;0,000;0,000;0,000;0,000;7,833;4,000;3,000;

2152;2015.11.29 15:00:00;23,232;0,000;0,000;0,000;0,000;7,833;4,000;3,000;

2153;2015.11.29 16:00:00;22,166;0,000;0,000;0,000;0,000;7,833;4,000;3,000;

2154;2015.11.29 17:00:00;23,423;0,000;0,000;0,000;0,000;7,833;4,000;3,000;

2155;2015.11.29 18:00:00;20,189;0,000;0,000;0,000;0,000;7,833;4,000;3,000;

2156;2015.11.29 19:00:00;20,926;0,000;0,000;0,000;0,000;7,833;4,000;3,000;

2157;2015.11.29 20:00:00;20,631;0,000;0,000;0,000;0,000;7,833;4,000;3,000;

2158;2015.11.29 21:00:00;20,262;0,000;0,000;0,000;0,000;7,833;4,000;3,000;

2159;2015.11.29 22:00:00;17,630;0,000;0,000;0,000;0,000;7,833;4,000;3,000;

2160;2015.11.29 23:00:00;18,011;0,000;0,000;0,000;0,000;7,833;4,000;3,000;

2161;2015.11.30 00:00:00;18,381;0,000;0,000;0,000;0,000;7,800;1,000;3,000;

2162;2015.11.30 01:00:00;18,701;0,000;0,000;0,000;0,000;7,800;1,000;3,000;

2163;2015.11.30 02:00:00;18,247;0,000;0,000;0,000;0,000;7,800;1,000;3,000;

2164;2015.11.30 03:00:00;18,464;0,000;0,000;0,000;0,000;7,800;1,000;3,000;

2165;2015.11.30 04:00:00;19,035;0,000;0,000;0,000;0,000;7,800;1,000;3,000;

2166;2015.11.30 05:00:00;19,800;0,000;0,000;0,000;0,000;7,800;1,000;3,000;

2167;2015.11.30 06:00:00;21,057;0,000;0,000;0,000;0,000;7,800;1,000;3,000;

2168;2015.11.30 07:00:00;22,050;0,000;0,000;0,000;0,000;7,800;1,000;3,000;

2169;2015.11.30 08:00:00;19,779;0,000;0,000;0,000;0,000;7,800;1,000;3,000;

2170;2015.11.30 09:00:00;20,113;0,000;0,000;0,000;0,000;7,800;1,000;3,000;

2171;2015.11.30 10:00:00;20,891;0,000;0,000;0,000;0,000;7,800;1,000;3,000;

2172;2015.11.30 11:00:00;21,891;0,000;0,000;0,000;0,000;7,800;1,000;3,000;

2173;2015.11.30 12:00:00;18,835;0,000;0,000;0,000;0,000;7,800;1,000;3,000;

2174;2015.11.30 13:00:00;19,491;0,000;0,000;0,000;0,000;7,800;1,000;3,000;

2175;2015.11.30 14:00:00;20,315;0,000;0,000;0,000;0,000;7,800;1,000;3,000;

2176;2015.11.30 15:00:00;20,164;0,000;0,000;0,000;0,000;7,800;1,000;3,000;

2177;2015.11.30 16:00:00;21,774;0,000;0,000;0,000;0,000;7,800;1,000;3,000;

2178;2015.11.30 17:00:00;23,087;0,000;0,000;0,000;0,000;7,800;1,000;3,000;

2179;2015.11.30 18:00:00;21,513;0,000;0,000;0,000;0,000;7,800;1,000;3,000;

2180;2015.11.30 19:00:00;22,643;0,000;0,000;0,000;0,000;7,800;1,000;3,000;

2181;2015.11.30 20:00:00;20,508;0,000;0,000;0,000;0,000;7,800;1,000;3,000;

2182;2015.11.30 21:00:00;18,772;0,000;0,000;0,000;0,000;7,800;1,000;3,000;

2183;2015.11.30 22:00:00;21,492;0,000;0,000;0,000;0,000;7,800;1,000;3,000;

2184;2015.11.30 23:00:00;20,955;0,000;0,000;0,000;0,000;7,800;1,000;3,000;

2185;2015.12.01 00:00:00;19,965;0,000;0,000;0,000;0,000;7,767;1,000;4,000;

2186;2015.12.01 01:00:00;21,891;0,000;0,000;0,000;0,000;7,767;1,000;4,000;

2187;2015.12.01 02:00:00;21,261;0,000;0,000;0,000;0,000;7,767;1,000;4,000;

2188;2015.12.01 03:00:00;21,391;0,000;0,000;0,000;0,000;7,767;1,000;4,000;

2189;2015.12.01 04:00:00;21,492;0,000;0,000;0,000;0,000;7,767;1,000;4,000;

2190;2015.12.01 05:00:00;23,196;0,000;0,000;0,000;0,000;7,767;1,000;4,000;

2191;2015.12.01 06:00:00;23,379;0,000;0,000;0,000;0,000;7,767;1,000;4,000;

2192;2015.12.01 07:00:00;22,726;0,000;0,000;0,000;0,000;7,767;1,000;4,000;

2193;2015.12.01 08:00:00;19,683;0,000;0,000;0,000;0,000;7,767;1,000;4,000;

2194;2015.12.01 09:00:00;21,709;0,000;0,000;0,000;0,000;7,767;1,000;4,000;

2195;2015.12.01 10:00:00;20,784;0,000;0,000;0,000;0,000;7,767;1,000;4,000;

2196;2015.12.01 11:00:00;19,849;0,000;0,000;0,000;0,000;7,767;1,000;4,000;

2197;2015.12.01 12:00:00;20,285;0,000;0,000;0,000;0,000;7,767;1,000;4,000;

2198;2015.12.01 13:00:00;20,024;0,000;0,000;0,000;0,000;7,767;1,000;4,000;

2199;2015.12.01 14:00:00;18,538;0,000;0,000;0,000;0,000;7,767;1,000;4,000;

2200;2015.12.01 15:00:00;21,858;0,000;0,000;0,000;0,000;7,767;1,000;4,000;

2201;2015.12.01 16:00:00;25,118;0,000;0,000;0,000;0,000;7,767;1,000;4,000;

2202;2015.12.01 17:00:00;22,604;0,000;0,000;0,000;0,000;7,767;1,000;4,000;

2203;2015.12.01 18:00:00;23,409;0,000;0,000;0,000;0,000;7,767;1,000;4,000;

2204;2015.12.01 19:00:00;23,113;0,000;0,000;0,000;0,000;7,767;1,000;4,000;

2205;2015.12.01 20:00:00;23,848;0,000;0,000;0,000;0,000;7,767;1,000;4,000;

2206;2015.12.01 21:00:00;21,295;0,000;0,000;0,000;0,000;7,767;1,000;4,000;

2207;2015.12.01 22:00:00;18,872;0,000;0,000;0,000;0,000;7,767;1,000;4,000;

2208;2015.12.01 23:00:00;19,733;0,000;0,000;0,000;0,000;7,767;1,000;4,000;

2209;2015.12.02 00:00:00;18,779;0,000;0,000;0,000;0,000;7,717;1,000;4,000;

2210;2015.12.02 01:00:00;19,933;0,000;0,000;0,000;0,000;7,717;1,000;4,000;

2211;2015.12.02 02:00:00;20,625;0,000;0,000;0,000;0,000;7,717;1,000;4,000;

2212;2015.12.02 03:00:00;19,215;0,000;0,000;0,000;0,000;7,717;1,000;4,000;

2213;2015.12.02 04:00:00;20,779;0,000;0,000;0,000;0,000;7,717;1,000;4,000;

2214;2015.12.02 05:00:00;21,104;0,000;0,000;0,000;0,000;7,717;1,000;4,000;

2215;2015.12.02 06:00:00;20,422;0,000;0,000;0,000;0,000;7,717;1,000;4,000;

2216;2015.12.02 07:00:00;20,848;0,000;0,000;0,000;0,000;7,717;1,000;4,000;

2217;2015.12.02 08:00:00;21,771;0,000;0,000;0,000;0,000;7,717;1,000;4,000;

2218;2015.12.02 09:00:00;19,881;0,000;0,000;0,000;0,000;7,717;1,000;4,000;

2219;2015.12.02 10:00:00;19,172;0,000;0,000;0,000;0,000;7,717;1,000;4,000;

2220;2015.12.02 11:00:00;22,590;0,000;0,000;0,000;0,000;7,717;1,000;4,000;

2221;2015.12.02 12:00:00;20,428;0,000;0,000;0,000;0,000;7,717;1,000;4,000;

2222;2015.12.02 13:00:00;19,168;0,000;0,000;0,000;0,000;7,717;1,000;4,000;

2223;2015.12.02 14:00:00;19,869;0,000;0,000;0,000;0,000;7,717;1,000;4,000;

2224;2015.12.02 15:00:00;21,375;0,000;0,000;0,000;0,000;7,717;1,000;4,000;

2225;2015.12.02 16:00:00;19,761;0,000;0,000;0,000;0,000;7,717;1,000;4,000;

2226;2015.12.02 17:00:00;19,779;0,000;0,000;0,000;0,000;7,717;1,000;4,000;

2227;2015.12.02 18:00:00;20,983;0,000;0,000;0,000;0,000;7,717;1,000;4,000;

2228;2015.12.02 19:00:00;20,164;0,000;0,000;0,000;0,000;7,717;1,000;4,000;

2229;2015.12.02 20:00:00;18,068;0,000;0,000;0,000;0,000;7,717;1,000;4,000;

2230;2015.12.02 21:00:00;18,776;0,000;0,000;0,000;0,000;7,717;1,000;4,000;

2231;2015.12.02 22:00:00;16,017;0,000;0,000;0,000;0,000;7,717;1,000;4,000;

2232;2015.12.02 23:00:00;15,020;0,000;0,000;0,000;0,000;7,717;1,000;4,000;

2233;2015.12.03 00:00:00;17,699;0,000;0,000;0,000;0,000;7,683;1,000;4,000;

2234;2015.12.03 01:00:00;17,788;0,000;0,000;0,000;0,000;7,683;1,000;4,000;

2235;2015.12.03 02:00:00;16,928;0,000;0,000;0,000;0,000;7,683;1,000;4,000;

2236;2015.12.03 03:00:00;16,928;0,000;0,000;0,000;0,000;7,683;1,000;4,000;

2237;2015.12.03 04:00:00;16,928;0,000;0,000;0,000;0,000;7,683;1,000;4,000;

2238;2015.12.03 05:00:00;17,319;0,000;0,000;0,000;0,000;7,683;1,000;4,000;

2239;2015.12.03 06:00:00;20,835;0,000;0,000;0,000;0,000;7,683;1,000;4,000;

2240;2015.12.03 07:00:00;20,835;0,000;0,000;0,000;0,000;7,683;1,000;4,000;

2241;2015.12.03 08:00:00;23,035;0,000;0,000;0,000;0,000;7,683;1,000;4,000;

2242;2015.12.03 09:00:00;19,052;0,000;0,000;0,000;0,000;7,683;1,000;4,000;

2243;2015.12.03 10:00:00;17,904;0,000;0,000;0,000;0,000;7,683;1,000;4,000;

2244;2015.12.03 11:00:00;17,941;0,000;0,000;0,000;0,000;7,683;1,000;4,000;

2245;2015.12.03 12:00:00;18,048;0,000;0,000;0,000;0,000;7,683;1,000;4,000;

2246;2015.12.03 13:00:00;17,687;0,000;0,000;0,000;0,000;7,683;1,000;4,000;

2247;2015.12.03 14:00:00;16,306;0,000;0,000;0,000;0,000;7,683;1,000;4,000;

2248;2015.12.03 15:00:00;19,993;0,000;0,000;0,000;0,000;7,683;1,000;4,000;

2249;2015.12.03 16:00:00;18,576;0,000;0,000;0,000;0,000;7,683;1,000;4,000;

2250;2015.12.03 17:00:00;17,075;0,000;0,000;0,000;0,000;7,683;1,000;4,000;

2251;2015.12.03 18:00:00;19,150;0,000;0,000;0,000;0,000;7,683;1,000;4,000;

2252;2015.12.03 19:00:00;18,897;0,000;0,000;0,000;0,000;7,683;1,000;4,000;

2253;2015.12.03 20:00:00;20,569;0,000;0,000;0,000;0,000;7,683;1,000;4,000;

2254;2015.12.03 21:00:00;19,772;0,000;0,000;0,000;0,000;7,683;1,000;4,000;

2255;2015.12.03 22:00:00;17,546;0,000;0,000;0,000;0,000;7,683;1,000;4,000;

2256;2015.12.03 23:00:00;17,627;0,000;0,000;0,000;0,000;7,683;1,000;4,000;

2257;2015.12.04 00:00:00;17,469;0,000;0,000;0,000;0,000;7,650;2,000;4,000;

2258;2015.12.04 01:00:00;20,465;0,000;0,000;0,000;0,000;7,650;2,000;4,000;

2259;2015.12.04 02:00:00;20,193;0,000;0,000;0,000;0,000;7,650;2,000;4,000;

2260;2015.12.04 03:00:00;19,162;0,000;0,000;0,000;0,000;7,650;2,000;4,000;

2261;2015.12.04 04:00:00;21,071;0,000;0,000;0,000;0,000;7,650;2,000;4,000;

2262;2015.12.04 05:00:00;21,157;0,000;0,000;0,000;0,000;7,650;2,000;4,000;

2263;2015.12.04 06:00:00;21,748;0,000;0,000;0,000;0,000;7,650;2,000;4,000;

2264;2015.12.04 07:00:00;20,764;0,000;0,000;0,000;0,000;7,650;2,000;4,000;

2265;2015.12.04 08:00:00;22,774;0,000;0,000;0,000;0,000;7,650;2,000;4,000;

2266;2015.12.04 09:00:00;21,588;0,000;0,000;0,000;0,000;7,650;2,000;4,000;

2267;2015.12.04 10:00:00;20,613;0,000;0,000;0,000;0,000;7,650;2,000;4,000;

2268;2015.12.04 11:00:00;20,687;0,000;0,000;0,000;0,000;7,650;2,000;4,000;

2269;2015.12.04 12:00:00;22,358;0,000;0,000;0,000;0,000;7,650;2,000;4,000;

2270;2015.12.04 13:00:00;20,497;0,000;0,000;0,000;0,000;7,650;2,000;4,000;

2271;2015.12.04 14:00:00;20,294;0,000;0,000;0,000;0,000;7,650;2,000;4,000;

2272;2015.12.04 15:00:00;20,820;0,000;0,000;0,000;0,000;7,650;2,000;4,000;

2273;2015.12.04 16:00:00;20,716;0,000;0,000;0,000;0,000;7,650;2,000;4,000;

2274;2015.12.04 17:00:00;19,569;0,000;0,000;0,000;0,000;7,650;2,000;4,000;

2275;2015.12.04 18:00:00;19,813;0,000;0,000;0,000;0,000;7,650;2,000;4,000;

2276;2015.12.04 19:00:00;19,712;0,000;0,000;0,000;0,000;7,650;2,000;4,000;

2277;2015.12.04 20:00:00;19,595;0,000;0,000;0,000;0,000;7,650;2,000;4,000;

2278;2015.12.04 21:00:00;21,130;0,000;0,000;0,000;0,000;7,650;2,000;4,000;

2279;2015.12.04 22:00:00;20,209;0,000;0,000;0,000;0,000;7,650;2,000;4,000;

2280;2015.12.04 23:00:00;16,029;0,000;0,000;0,000;0,000;7,650;2,000;4,000;

2281;2015.12.05 00:00:00;17,751;0,000;0,000;0,000;0,000;7,617;3,000;4,000;

2282;2015.12.05 01:00:00;21,025;0,000;0,000;0,000;0,000;7,617;3,000;4,000;

2283;2015.12.05 02:00:00;18,687;0,000;0,000;0,000;0,000;7,617;3,000;4,000;

2284;2015.12.05 03:00:00;19,144;0,000;0,000;0,000;0,000;7,617;3,000;4,000;

2285;2015.12.05 04:00:00;20,670;0,000;0,000;0,000;0,000;7,617;3,000;4,000;

2286;2015.12.05 05:00:00;17,918;0,000;0,000;0,000;0,000;7,617;3,000;4,000;

2287;2015.12.05 06:00:00;21,978;0,000;0,000;0,000;0,000;7,617;3,000;4,000;

2288;2015.12.05 07:00:00;20,576;0,000;0,000;0,000;0,000;7,617;3,000;4,000;

2289;2015.12.05 08:00:00;20,275;0,000;0,000;0,000;0,000;7,617;3,000;4,000;

2290;2015.12.05 09:00:00;21,437;0,000;0,000;0,000;0,000;7,617;3,000;4,000;

2291;2015.12.05 10:00:00;20,669;0,000;0,000;0,000;0,000;7,617;3,000;4,000;

2292;2015.12.05 11:00:00;18,524;0,000;0,000;0,000;0,000;7,617;3,000;4,000;

2293;2015.12.05 12:00:00;19,978;0,000;0,000;0,000;0,000;7,617;3,000;4,000;

2294;2015.12.05 13:00:00;19,316;0,000;0,000;0,000;0,000;7,617;3,000;4,000;

2295;2015.12.05 14:00:00;19,909;0,000;0,000;0,000;0,000;7,617;3,000;4,000;

2296;2015.12.05 15:00:00;21,798;0,000;0,000;0,000;0,000;7,617;3,000;4,000;

2297;2015.12.05 16:00:00;22,444;0,000;0,000;0,000;0,000;7,617;3,000;4,000;

2298;2015.12.05 17:00:00;21,634;0,000;0,000;0,000;0,000;7,617;3,000;4,000;

2299;2015.12.05 18:00:00;20,438;0,000;0,000;0,000;0,000;7,617;3,000;4,000;

2300;2015.12.05 19:00:00;19,843;0,000;0,000;0,000;0,000;7,617;3,000;4,000;

2301;2015.12.05 20:00:00;20,160;0,000;0,000;0,000;0,000;7,617;3,000;4,000;

2302;2015.12.05 21:00:00;20,658;0,000;0,000;0,000;0,000;7,617;3,000;4,000;

2303;2015.12.05 22:00:00;19,520;0,000;0,000;0,000;0,000;7,617;3,000;4,000;

2304;2015.12.05 23:00:00;16,446;0,000;0,000;0,000;0,000;7,617;3,000;4,000;

2305;2015.12.06 00:00:00;17,872;0,000;0,000;0,000;0,000;7,583;4,000;4,000;

2306;2015.12.06 01:00:00;17,279;0,000;0,000;0,000;0,000;7,583;4,000;4,000;

2307;2015.12.06 02:00:00;19,446;0,000;0,000;0,000;0,000;7,583;4,000;4,000;

2308;2015.12.06 03:00:00;17,242;0,000;0,000;0,000;0,000;7,583;4,000;4,000;

2309;2015.12.06 04:00:00;18,020;0,000;0,000;0,000;0,000;7,583;4,000;4,000;

2310;2015.12.06 05:00:00;20,094;0,000;0,000;0,000;0,000;7,583;4,000;4,000;

2311;2015.12.06 06:00:00;19,002;0,000;0,000;0,000;0,000;7,583;4,000;4,000;

2312;2015.12.06 07:00:00;19,539;0,000;0,000;0,000;0,000;7,583;4,000;4,000;

2313;2015.12.06 08:00:00;21,039;0,000;0,000;0,000;0,000;7,583;4,000;4,000;

2314;2015.12.06 09:00:00;18,835;0,000;0,000;0,000;0,000;7,583;4,000;4,000;

2315;2015.12.06 10:00:00;20,428;0,000;0,000;0,000;0,000;7,583;4,000;4,000;

2316;2015.12.06 11:00:00;18,613;0,000;0,000;0,000;0,000;7,583;4,000;4,000;

2317;2015.12.06 12:00:00;16,816;0,000;0,000;0,000;0,000;7,583;4,000;4,000;

2318;2015.12.06 13:00:00;18,557;0,000;0,000;0,000;0,000;7,583;4,000;4,000;

2319;2015.12.06 14:00:00;16,927;0,000;0,000;0,000;0,000;7,583;4,000;4,000;

2320;2015.12.06 15:00:00;20,020;0,000;0,000;0,000;0,000;7,583;4,000;4,000;

2321;2015.12.06 16:00:00;18,150;0,000;0,000;0,000;0,000;7,583;4,000;4,000;

2322;2015.12.06 17:00:00;17,779;0,000;0,000;0,000;0,000;7,583;4,000;4,000;

2323;2015.12.06 18:00:00;18,520;0,000;0,000;0,000;0,000;7,583;4,000;4,000;

2324;2015.12.06 19:00:00;19,446;0,000;0,000;0,000;0,000;7,583;4,000;4,000;

2325;2015.12.06 20:00:00;16,575;0,000;0,000;0,000;0,000;7,583;4,000;4,000;

2326;2015.12.06 21:00:00;16,668;0,000;0,000;0,000;0,000;7,583;4,000;4,000;

2327;2015.12.06 22:00:00;14,260;0,000;0,000;0,000;0,000;7,583;4,000;4,000;

2328;2015.12.06 23:00:00;13,057;0,000;0,000;0,000;0,000;7,583;4,000;4,000;

2329;2015.12.07 00:00:00;16,734;0,000;0,000;0,000;0,000;7,550;1,000;4,000;

2330;2015.12.07 01:00:00;13,750;0,000;0,000;0,000;0,000;7,550;1,000;4,000;

2331;2015.12.07 02:00:00;14,168;0,000;0,000;0,000;0,000;7,550;1,000;4,000;

2332;2015.12.07 03:00:00;15,335;0,000;0,000;0,000;0,000;7,550;1,000;4,000;

2333;2015.12.07 04:00:00;16,446;0,000;0,000;0,000;0,000;7,550;1,000;4,000;

2334;2015.12.07 05:00:00;14,483;0,000;0,000;0,000;0,000;7,550;1,000;4,000;

2335;2015.12.07 06:00:00;16,075;0,000;0,000;0,000;0,000;7,550;1,000;4,000;

2336;2015.12.07 07:00:00;17,192;0,000;0,000;0,000;0,000;7,550;1,000;4,000;

2337;2015.12.07 08:00:00;16,403;0,000;0,000;0,000;0,000;7,550;1,000;4,000;

2338;2015.12.07 09:00:00;16,001;0,000;0,000;0,000;0,000;7,550;1,000;4,000;

2339;2015.12.07 10:00:00;19,208;0,000;0,000;0,000;0,000;7,550;1,000;4,000;

2340;2015.12.07 11:00:00;17,665;0,000;0,000;0,000;0,000;7,550;1,000;4,000;

2341;2015.12.07 12:00:00;16,538;0,000;0,000;0,000;0,000;7,550;1,000;4,000;

2342;2015.12.07 13:00:00;16,872;0,000;0,000;0,000;0,000;7,550;1,000;4,000;

2343;2015.12.07 14:00:00;17,001;0,000;0,000;0,000;0,000;7,550;1,000;4,000;

2344;2015.12.07 15:00:00;19,073;0,000;0,000;0,000;0,000;7,550;1,000;4,000;

2345;2015.12.07 16:00:00;20,689;0,000;0,000;0,000;0,000;7,550;1,000;4,000;

2346;2015.12.07 17:00:00;22,780;0,000;0,000;0,000;0,000;7,550;1,000;4,000;

2347;2015.12.07 18:00:00;20,428;0,000;0,000;0,000;0,000;7,550;1,000;4,000;

2348;2015.12.07 19:00:00;22,650;0,000;0,000;0,000;0,000;7,550;1,000;4,000;

2349;2015.12.07 20:00:00;23,317;0,000;0,000;0,000;0,000;7,550;1,000;4,000;

2350;2015.12.07 21:00:00;22,131;0,000;0,000;0,000;0,000;7,550;1,000;4,000;

2351;2015.12.07 22:00:00;23,169;0,000;0,000;0,000;0,000;7,550;1,000;4,000;

2352;2015.12.07 23:00:00;20,705;0,000;0,000;0,000;0,000;7,550;1,000;4,000;

2353;2015.12.08 00:00:00;25,261;0,000;0,000;0,000;0,000;7,533;1,000;4,000;

2354;2015.12.08 01:00:00;23,409;0,000;0,000;0,000;0,000;7,533;1,000;4,000;

2355;2015.12.08 02:00:00;23,817;0,000;0,000;0,000;0,000;7,533;1,000;4,000;

2356;2015.12.08 03:00:00;23,891;0,000;0,000;0,000;0,000;7,533;1,000;4,000;

2357;2015.12.08 04:00:00;23,335;0,000;0,000;0,000;0,000;7,533;1,000;4,000;

2358;2015.12.08 05:00:00;25,298;0,000;0,000;0,000;0,000;7,533;1,000;4,000;

2359;2015.12.08 06:00:00;25,428;0,000;0,000;0,000;0,000;7,533;1,000;4,000;

2360;2015.12.08 07:00:00;25,484;0,000;0,000;0,000;0,000;7,533;1,000;4,000;

2361;2015.12.08 08:00:00;23,780;0,000;0,000;0,000;0,000;7,533;1,000;4,000;

2362;2015.12.08 09:00:00;24,243;0,000;0,000;0,000;0,000;7,533;1,000;4,000;

2363;2015.12.08 10:00:00;23,335;0,000;0,000;0,000;0,000;7,533;1,000;4,000;

2364;2015.12.08 11:00:00;21,668;0,000;0,000;0,000;0,000;7,533;1,000;4,000;

2365;2015.12.08 12:00:00;21,465;0,000;0,000;0,000;0,000;7,533;1,000;4,000;

2366;2015.12.08 13:00:00;20,446;0,000;0,000;0,000;0,000;7,533;1,000;4,000;

2367;2015.12.08 14:00:00;19,650;0,000;0,000;0,000;0,000;7,533;1,000;4,000;

2368;2015.12.08 15:00:00;22,409;0,000;0,000;0,000;0,000;7,533;1,000;4,000;

2369;2015.12.08 16:00:00;25,280;0,000;0,000;0,000;0,000;7,533;1,000;4,000;

2370;2015.12.08 17:00:00;25,267;0,000;0,000;0,000;0,000;7,533;1,000;4,000;

2371;2015.12.08 18:00:00;21,248;0,000;0,000;0,000;0,000;7,533;1,000;4,000;

2372;2015.12.08 19:00:00;24,232;0,000;0,000;0,000;0,000;7,533;1,000;4,000;

2373;2015.12.08 20:00:00;22,780;0,000;0,000;0,000;0,000;7,533;1,000;4,000;

2374;2015.12.08 21:00:00;22,039;0,000;0,000;0,000;0,000;7,533;1,000;4,000;

2375;2015.12.08 22:00:00;18,520;0,000;0,000;0,000;0,000;7,533;1,000;4,000;

2376;2015.12.08 23:00:00;16,131;0,000;0,000;0,000;0,000;7,533;1,000;4,000;

2377;2015.12.09 00:00:00;20,891;0,000;0,000;0,000;0,000;7,500;1,000;4,000;

2378;2015.12.09 01:00:00;19,705;0,000;0,000;0,000;0,000;7,500;1,000;4,000;

2379;2015.12.09 02:00:00;19,279;0,000;0,000;0,000;0,000;7,500;1,000;4,000;

2380;2015.12.09 03:00:00;20,298;0,000;0,000;0,000;0,000;7,500;1,000;4,000;

2381;2015.12.09 04:00:00;18,335;0,000;0,000;0,000;0,000;7,500;1,000;4,000;

2382;2015.12.09 05:00:00;23,094;0,000;0,000;0,000;0,000;7,500;1,000;4,000;

2383;2015.12.09 06:00:00;21,483;0,000;0,000;0,000;0,000;7,500;1,000;4,000;

2384;2015.12.09 07:00:00;21,502;0,000;0,000;0,000;0,000;7,500;1,000;4,000;

2385;2015.12.09 08:00:00;22,650;0,000;0,000;0,000;0,000;7,500;1,000;4,000;

2386;2015.12.09 09:00:00;21,351;0,000;0,000;0,000;0,000;7,500;1,000;4,000;

2387;2015.12.09 10:00:00;22,208;0,000;0,000;0,000;0,000;7,500;1,000;4,000;

2388;2015.12.09 11:00:00;21,946;0,000;0,000;0,000;0,000;7,500;1,000;4,000;

2389;2015.12.09 12:00:00;21,317;0,000;0,000;0,000;0,000;7,500;1,000;4,000;

2390;2015.12.09 13:00:00;20,835;0,000;0,000;0,000;0,000;7,500;1,000;4,000;

2391;2015.12.09 14:00:00;21,335;0,000;0,000;0,000;0,000;7,500;1,000;4,000;

2392;2015.12.09 15:00:00;23,317;0,000;0,000;0,000;0,000;7,500;1,000;4,000;

2393;2015.12.09 16:00:00;21,465;0,000;0,000;0,000;0,000;7,500;1,000;4,000;

2394;2015.12.09 17:00:00;20,720;0,000;0,000;0,000;0,000;7,500;1,000;4,000;

2395;2015.12.09 18:00:00;20,957;0,000;0,000;0,000;0,000;7,500;1,000;4,000;

2396;2015.12.09 19:00:00;23,544;0,000;0,000;0,000;0,000;7,500;1,000;4,000;

2397;2015.12.09 20:00:00;21,842;0,000;0,000;0,000;0,000;7,500;1,000;4,000;

2398;2015.12.09 21:00:00;23,520;0,000;0,000;0,000;0,000;7,500;1,000;4,000;

2399;2015.12.09 22:00:00;19,113;0,000;0,000;0,000;0,000;7,500;1,000;4,000;

2400;2015.12.09 23:00:00;20,502;0,000;0,000;0,000;0,000;7,500;1,000;4,000;

2401;2015.12.10 00:00:00;21,761;0,000;0,000;0,000;0,000;7,467;1,000;4,000;

2402;2015.12.10 01:00:00;22,039;0,000;0,000;0,000;0,000;7,467;1,000;4,000;

2403;2015.12.10 02:00:00;22,909;0,000;0,000;0,000;0,000;7,467;1,000;4,000;

2404;2015.12.10 03:00:00;22,909;0,000;0,000;0,000;0,000;7,467;1,000;4,000;

2405;2015.12.10 04:00:00;22,687;0,000;0,000;0,000;0,000;7,467;1,000;4,000;

2406;2015.12.10 05:00:00;25,113;0,000;0,000;0,000;0,000;7,467;1,000;4,000;

2407;2015.12.10 06:00:00;25,354;0,000;0,000;0,000;0,000;7,467;1,000;4,000;

2408;2015.12.10 07:00:00;26,317;0,000;0,000;0,000;0,000;7,467;1,000;4,000;

2409;2015.12.10 08:00:00;24,946;0,000;0,000;0,000;0,000;7,467;1,000;4,000;

2410;2015.12.10 09:00:00;23,224;0,000;0,000;0,000;0,000;7,467;1,000;4,000;

2411;2015.12.10 10:00:00;23,335;0,000;0,000;0,000;0,000;7,467;1,000;4,000;

2412;2015.12.10 11:00:00;22,489;0,000;0,000;0,000;0,000;7,467;1,000;4,000;

2413;2015.12.10 12:00:00;23,811;0,000;0,000;0,000;0,000;7,467;1,000;4,000;

2414;2015.12.10 13:00:00;20,900;0,000;0,000;0,000;0,000;7,467;1,000;4,000;

2415;2015.12.10 14:00:00;21,918;0,000;0,000;0,000;0,000;7,467;1,000;4,000;

2416;2015.12.10 15:00:00;25,039;0,000;0,000;0,000;0,000;7,467;1,000;4,000;

2417;2015.12.10 16:00:00;23,706;0,000;0,000;0,000;0,000;7,467;1,000;4,000;

2418;2015.12.10 17:00:00;23,706;0,000;0,000;0,000;0,000;7,467;1,000;4,000;

2419;2015.12.10 18:00:00;26,391;0,000;0,000;0,000;0,000;7,467;1,000;4,000;

2420;2015.12.10 19:00:00;24,187;0,000;0,000;0,000;0,000;7,467;1,000;4,000;

2421;2015.12.10 20:00:00;25,613;0,000;0,000;0,000;0,000;7,467;1,000;4,000;

2422;2015.12.10 21:00:00;24,206;0,000;0,000;0,000;0,000;7,467;1,000;4,000;

2423;2015.12.10 22:00:00;23,057;0,000;0,000;0,000;0,000;7,467;1,000;4,000;

2424;2015.12.10 23:00:00;21,279;0,000;0,000;0,000;0,000;7,467;1,000;4,000;

2425;2015.12.11 00:00:00;23,206;0,000;0,000;0,000;0,000;7,450;2,000;4,000;

2426;2015.12.11 01:00:00;22,909;0,000;0,000;0,000;0,000;7,450;2,000;4,000;

2427;2015.12.11 02:00:00;23,354;0,000;0,000;0,000;0,000;7,450;2,000;4,000;

2428;2015.12.11 03:00:00;22,928;0,000;0,000;0,000;0,000;7,450;2,000;4,000;

2429;2015.12.11 04:00:00;23,557;0,000;0,000;0,000;0,000;7,450;2,000;4,000;

2430;2015.12.11 05:00:00;26,428;0,000;0,000;0,000;0,000;7,450;2,000;4,000;

2431;2015.12.11 06:00:00;25,076;0,000;0,000;0,000;0,000;7,450;2,000;4,000;

2432;2015.12.11 07:00:00;24,502;0,000;0,000;0,000;0,000;7,450;2,000;4,000;

2433;2015.12.11 08:00:00;23,706;0,000;0,000;0,000;0,000;7,450;2,000;4,000;

2434;2015.12.11 09:00:00;25,058;0,000;0,000;0,000;0,000;7,450;2,000;4,000;

2435;2015.12.11 10:00:00;23,224;0,000;0,000;0,000;0,000;7,450;2,000;4,000;

2436;2015.12.11 11:00:00;23,835;0,000;0,000;0,000;0,000;7,450;2,000;4,000;

2437;2015.12.11 12:00:00;23,854;0,000;0,000;0,000;0,000;7,450;2,000;4,000;

2438;2015.12.11 13:00:00;22,928;0,000;0,000;0,000;0,000;7,450;2,000;4,000;

2439;2015.12.11 14:00:00;25,570;0,000;0,000;0,000;0,000;7,450;2,000;4,000;

2440;2015.12.11 15:00:00;25,129;0,000;0,000;0,000;0,000;7,450;2,000;4,000;

2441;2015.12.11 16:00:00;24,529;0,000;0,000;0,000;0,000;7,450;2,000;4,000;

2442;2015.12.11 17:00:00;25,206;0,000;0,000;0,000;0,000;7,450;2,000;4,000;

2443;2015.12.11 18:00:00;24,502;0,000;0,000;0,000;0,000;7,450;2,000;4,000;

2444;2015.12.11 19:00:00;23,575;0,000;0,000;0,000;0,000;7,450;2,000;4,000;

2445;2015.12.11 20:00:00;24,286;0,000;0,000;0,000;0,000;7,450;2,000;4,000;

2446;2015.12.11 21:00:00;24,367;0,000;0,000;0,000;0,000;7,450;2,000;4,000;

2447;2015.12.11 22:00:00;22,131;0,000;0,000;0,000;0,000;7,450;2,000;4,000;

2448;2015.12.11 23:00:00;20,353;0,000;0,000;0,000;0,000;7,450;2,000;4,000;

2449;2015.12.12 00:00:00;23,354;0,000;0,000;0,000;0,000;7,433;3,000;4,000;

2450;2015.12.12 01:00:00;21,891;0,000;0,000;0,000;0,000;7,433;3,000;4,000;

2451;2015.12.12 02:00:00;21,483;0,000;0,000;0,000;0,000;7,433;3,000;4,000;

2452;2015.12.12 03:00:00;23,261;0,000;0,000;0,000;0,000;7,433;3,000;4,000;

2453;2015.12.12 04:00:00;22,317;0,000;0,000;0,000;0,000;7,433;3,000;4,000;

2454;2015.12.12 05:00:00;23,039;0,000;0,000;0,000;0,000;7,433;3,000;4,000;

2455;2015.12.12 06:00:00;25,984;0,000;0,000;0,000;0,000;7,433;3,000;4,000;

2456;2015.12.12 07:00:00;24,613;0,000;0,000;0,000;0,000;7,433;3,000;4,000;

2457;2015.12.12 08:00:00;24,251;0,000;0,000;0,000;0,000;7,433;3,000;4,000;

2458;2015.12.12 09:00:00;23,346;0,000;0,000;0,000;0,000;7,433;3,000;4,000;

2459;2015.12.12 10:00:00;21,946;0,000;0,000;0,000;0,000;7,433;3,000;4,000;

2460;2015.12.12 11:00:00;22,224;0,000;0,000;0,000;0,000;7,433;3,000;4,000;

2461;2015.12.12 12:00:00;21,409;0,000;0,000;0,000;0,000;7,433;3,000;4,000;

2462;2015.12.12 13:00:00;22,502;0,000;0,000;0,000;0,000;7,433;3,000;4,000;

2463;2015.12.12 14:00:00;23,243;0,000;0,000;0,000;0,000;7,433;3,000;4,000;

2464;2015.12.12 15:00:00;24,232;0,000;0,000;0,000;0,000;7,433;3,000;4,000;

2465;2015.12.12 16:00:00;21,512;0,000;0,000;0,000;0,000;7,433;3,000;4,000;

2466;2015.12.12 17:00:00;22,085;0,000;0,000;0,000;0,000;7,433;3,000;4,000;

2467;2015.12.12 18:00:00;22,363;0,000;0,000;0,000;0,000;7,433;3,000;4,000;

2468;2015.12.12 19:00:00;22,594;0,000;0,000;0,000;0,000;7,433;3,000;4,000;

2469;2015.12.12 20:00:00;22,317;0,000;0,000;0,000;0,000;7,433;3,000;4,000;

2470;2015.12.12 21:00:00;23,354;0,000;0,000;0,000;0,000;7,433;3,000;4,000;

2471;2015.12.12 22:00:00;22,933;0,000;0,000;0,000;0,000;7,433;3,000;4,000;

2472;2015.12.12 23:00:00;20,015;0,000;0,000;0,000;0,000;7,433;3,000;4,000;

2473;2015.12.13 00:00:00;21,854;0,000;0,000;0,000;0,000;7,417;4,000;4,000;

2474;2015.12.13 01:00:00;20,335;0,000;0,000;0,000;0,000;7,417;4,000;4,000;

2475;2015.12.13 02:00:00;22,131;0,000;0,000;0,000;0,000;7,417;4,000;4,000;

2476;2015.12.13 03:00:00;21,372;0,000;0,000;0,000;0,000;7,417;4,000;4,000;

2477;2015.12.13 04:00:00;21,594;0,000;0,000;0,000;0,000;7,417;4,000;4,000;

2478;2015.12.13 05:00:00;22,317;0,000;0,000;0,000;0,000;7,417;4,000;4,000;

2479;2015.12.13 06:00:00;22,909;0,000;0,000;0,000;0,000;7,417;4,000;4,000;

2480;2015.12.13 07:00:00;24,095;0,000;0,000;0,000;0,000;7,417;4,000;4,000;

2481;2015.12.13 08:00:00;24,576;0,000;0,000;0,000;0,000;7,417;4,000;4,000;

2482;2015.12.13 09:00:00;25,132;0,000;0,000;0,000;0,000;7,417;4,000;4,000;

2483;2015.12.13 10:00:00;26,798;0,000;0,000;0,000;0,000;7,417;4,000;4,000;

2484;2015.12.13 11:00:00;24,699;0,000;0,000;0,000;0,000;7,417;4,000;4,000;

2485;2015.12.13 12:00:00;25,176;0,000;0,000;0,000;0,000;7,417;4,000;4,000;

2486;2015.12.13 13:00:00;23,983;0,000;0,000;0,000;0,000;7,417;4,000;4,000;

2487;2015.12.13 14:00:00;24,076;0,000;0,000;0,000;0,000;7,417;4,000;4,000;

2488;2015.12.13 15:00:00;25,597;0,000;0,000;0,000;0,000;7,417;4,000;4,000;

2489;2015.12.13 16:00:00;23,870;0,000;0,000;0,000;0,000;7,417;4,000;4,000;

2490;2015.12.13 17:00:00;23,743;0,000;0,000;0,000;0,000;7,417;4,000;4,000;

2491;2015.12.13 18:00:00;24,941;0,000;0,000;0,000;0,000;7,417;4,000;4,000;

2492;2015.12.13 19:00:00;26,026;0,000;0,000;0,000;0,000;7,417;4,000;4,000;

2493;2015.12.13 20:00:00;25,650;0,000;0,000;0,000;0,000;7,417;4,000;4,000;

2494;2015.12.13 21:00:00;24,909;0,000;0,000;0,000;0,000;7,417;4,000;4,000;

2495;2015.12.13 22:00:00;22,131;0,000;0,000;0,000;0,000;7,417;4,000;4,000;

2496;2015.12.13 23:00:00;19,631;0,000;0,000;0,000;0,000;7,417;4,000;4,000;

2497;2015.12.14 00:00:00;23,613;0,000;0,000;0,000;0,000;7,400;1,000;4,000;

2498;2015.12.14 01:00:00;23,428;0,000;0,000;0,000;0,000;7,400;1,000;4,000;

2499;2015.12.14 02:00:00;23,335;0,000;0,000;0,000;0,000;7,400;1,000;4,000;

2500;2015.12.14 03:00:00;23,428;0,000;0,000;0,000;0,000;7,400;1,000;4,000;

2501;2015.12.14 04:00:00;24,817;0,000;0,000;0,000;0,000;7,400;1,000;4,000;

2502;2015.12.14 05:00:00;25,280;0,000;0,000;0,000;0,000;7,400;1,000;4,000;

2503;2015.12.14 06:00:00;24,116;0,000;0,000;0,000;0,000;7,400;1,000;4,000;

2504;2015.12.14 07:00:00;26,722;0,000;0,000;0,000;0,000;7,400;1,000;4,000;

2505;2015.12.14 08:00:00;23,833;0,000;0,000;0,000;0,000;7,400;1,000;4,000;

2506;2015.12.14 09:00:00;24,319;0,000;0,000;0,000;0,000;7,400;1,000;4,000;

2507;2015.12.14 10:00:00;23,335;0,000;0,000;0,000;0,000;7,400;1,000;4,000;

2508;2015.12.14 11:00:00;23,686;0,000;0,000;0,000;0,000;7,400;1,000;4,000;

2509;2015.12.14 12:00:00;24,836;0,000;0,000;0,000;0,000;7,400;1,000;4,000;

2510;2015.12.14 13:00:00;27,780;0,000;0,000;0,000;0,000;7,400;1,000;4,000;

2511;2015.12.14 14:00:00;26,113;0,000;0,000;0,000;0,000;7,400;1,000;4,000;

2512;2015.12.14 15:00:00;26,333;0,000;0,000;0,000;0,000;7,400;1,000;4,000;

2513;2015.12.14 16:00:00;24,630;0,000;0,000;0,000;0,000;7,400;1,000;4,000;

2514;2015.12.14 17:00:00;26,636;0,000;0,000;0,000;0,000;7,400;1,000;4,000;

2515;2015.12.14 18:00:00;25,743;0,000;0,000;0,000;0,000;7,400;1,000;4,000;

2516;2015.12.14 19:00:00;25,869;0,000;0,000;0,000;0,000;7,400;1,000;4,000;

2517;2015.12.14 20:00:00;26,598;0,000;0,000;0,000;0,000;7,400;1,000;4,000;

2518;2015.12.14 21:00:00;28,383;0,000;0,000;0,000;0,000;7,400;1,000;4,000;

2519;2015.12.14 22:00:00;27,122;0,000;0,000;0,000;0,000;7,400;1,000;4,000;

2520;2015.12.14 23:00:00;22,594;0,000;0,000;0,000;0,000;7,400;1,000;4,000;

2521;2015.12.15 00:00:00;25,743;0,000;0,000;0,000;0,000;7,383;1,000;4,000;

2522;2015.12.15 01:00:00;25,465;0,000;0,000;0,000;0,000;7,383;1,000;4,000;

2523;2015.12.15 02:00:00;24,076;0,000;0,000;0,000;0,000;7,383;1,000;4,000;

2524;2015.12.15 03:00:00;24,817;0,000;0,000;0,000;0,000;7,383;1,000;4,000;

2525;2015.12.15 04:00:00;24,817;0,000;0,000;0,000;0,000;7,383;1,000;4,000;

2526;2015.12.15 05:00:00;28,243;0,000;0,000;0,000;0,000;7,383;1,000;4,000;

2527;2015.12.15 06:00:00;28,029;0,000;0,000;0,000;0,000;7,383;1,000;4,000;

2528;2015.12.15 07:00:00;28,179;0,000;0,000;0,000;0,000;7,383;1,000;4,000;

2529;2015.12.15 08:00:00;27,542;0,000;0,000;0,000;0,000;7,383;1,000;4,000;

2530;2015.12.15 09:00:00;25,648;0,000;0,000;0,000;0,000;7,383;1,000;4,000;

2531;2015.12.15 10:00:00;24,409;0,000;0,000;0,000;0,000;7,383;1,000;4,000;

2532;2015.12.15 11:00:00;25,187;0,000;0,000;0,000;0,000;7,383;1,000;4,000;

2533;2015.12.15 12:00:00;20,168;0,000;0,000;0,000;0,000;7,383;1,000;4,000;

2534;2015.12.15 13:00:00;24,446;0,000;0,000;0,000;0,000;7,383;1,000;4,000;

2535;2015.12.15 14:00:00;26,724;0,000;0,000;0,000;0,000;7,383;1,000;4,000;

2536;2015.12.15 15:00:00;28,947;0,000;0,000;0,000;0,000;7,383;1,000;4,000;

2537;2015.12.15 16:00:00;28,984;0,000;0,000;0,000;0,000;7,383;1,000;4,000;

2538;2015.12.15 17:00:00;29,465;0,000;0,000;0,000;0,000;7,383;1,000;4,000;

2539;2015.12.15 18:00:00;28,832;0,000;0,000;0,000;0,000;7,383;1,000;4,000;

2540;2015.12.15 19:00:00;29,395;0,000;0,000;0,000;0,000;7,383;1,000;4,000;

2541;2015.12.15 20:00:00;28,150;0,000;0,000;0,000;0,000;7,383;1,000;4,000;

2542;2015.12.15 21:00:00;27,799;0,000;0,000;0,000;0,000;7,383;1,000;4,000;

2543;2015.12.15 22:00:00;23,502;0,000;0,000;0,000;0,000;7,383;1,000;4,000;

2544;2015.12.15 23:00:00;22,965;0,000;0,000;0,000;0,000;7,383;1,000;4,000;

2545;2015.12.16 00:00:00;26,984;0,000;0,000;0,000;0,000;7,367;1,000;4,000;

2546;2015.12.16 01:00:00;25,891;0,000;0,000;0,000;0,000;7,367;1,000;4,000;

2547;2015.12.16 02:00:00;26,724;0,000;0,000;0,000;0,000;7,367;1,000;4,000;

2548;2015.12.16 03:00:00;26,298;0,000;0,000;0,000;0,000;7,367;1,000;4,000;

2549;2015.12.16 04:00:00;25,706;0,000;0,000;0,000;0,000;7,367;1,000;4,000;

2550;2015.12.16 05:00:00;28,336;0,000;0,000;0,000;0,000;7,367;1,000;4,000;

2551;2015.12.16 06:00:00;28,650;0,000;0,000;0,000;0,000;7,367;1,000;4,000;

2552;2015.12.16 07:00:00;26,372;0,000;0,000;0,000;0,000;7,367;1,000;4,000;

2553;2015.12.16 08:00:00;27,891;0,000;0,000;0,000;0,000;7,367;1,000;4,000;

2554;2015.12.16 09:00:00;25,002;0,000;0,000;0,000;0,000;7,367;1,000;4,000;

2555;2015.12.16 10:00:00;25,502;0,000;0,000;0,000;0,000;7,367;1,000;4,000;

2556;2015.12.16 11:00:00;24,539;0,000;0,000;0,000;0,000;7,367;1,000;4,000;

2557;2015.12.16 12:00:00;22,094;0,000;0,000;0,000;0,000;7,367;1,000;4,000;

2558;2015.12.16 13:00:00;28,706;0,000;0,000;0,000;0,000;7,367;1,000;4,000;

2559;2015.12.16 14:00:00;30,762;0,000;0,000;0,000;0,000;7,367;1,000;4,000;

2560;2015.12.16 15:00:00;30,339;0,000;0,000;0,000;0,000;7,367;1,000;4,000;

2561;2015.12.16 16:00:00;27,369;0,000;0,000;0,000;0,000;7,367;1,000;4,000;

2562;2015.12.16 17:00:00;28,283;0,000;0,000;0,000;0,000;7,367;1,000;4,000;

2563;2015.12.16 18:00:00;27,949;0,000;0,000;0,000;0,000;7,367;1,000;4,000;

2564;2015.12.16 19:00:00;26,831;0,000;0,000;0,000;0,000;7,367;1,000;4,000;

2565;2015.12.16 20:00:00;28,150;0,000;0,000;0,000;0,000;7,367;1,000;4,000;

2566;2015.12.16 21:00:00;25,558;0,000;0,000;0,000;0,000;7,367;1,000;4,000;

2567;2015.12.16 22:00:00;23,944;0,000;0,000;0,000;0,000;7,367;1,000;4,000;

2568;2015.12.16 23:00:00;22,023;0,000;0,000;0,000;0,000;7,367;1,000;4,000;

2569;2015.12.17 00:00:00;23,687;0,000;0,000;0,000;0,000;7,350;1,000;4,000;

2570;2015.12.17 01:00:00;23,743;0,000;0,000;0,000;0,000;7,350;1,000;4,000;

2571;2015.12.17 02:00:00;23,206;0,000;0,000;0,000;0,000;7,350;1,000;4,000;

2572;2015.12.17 03:00:00;23,391;0,000;0,000;0,000;0,000;7,350;1,000;4,000;

2573;2015.12.17 04:00:00;22,539;0,000;0,000;0,000;0,000;7,350;1,000;4,000;

2574;2015.12.17 05:00:00;24,520;0,000;0,000;0,000;0,000;7,350;1,000;4,000;

2575;2015.12.17 06:00:00;23,465;0,000;0,000;0,000;0,000;7,350;1,000;4,000;

2576;2015.12.17 07:00:00;22,261;0,000;0,000;0,000;0,000;7,350;1,000;4,000;

2577;2015.12.17 08:00:00;21,946;0,000;0,000;0,000;0,000;7,350;1,000;4,000;

2578;2015.12.17 09:00:00;22,706;0,000;0,000;0,000;0,000;7,350;1,000;4,000;

2579;2015.12.17 10:00:00;18,909;0,000;0,000;0,000;0,000;7,350;1,000;4,000;

2580;2015.12.17 11:00:00;15,853;0,000;0,000;0,000;0,000;7,350;1,000;4,000;

2581;2015.12.17 12:00:00;5,741;0,000;0,000;0,000;0,000;7,350;1,000;4,000;

2582;2015.12.17 13:00:00;18,520;0,000;0,000;0,000;0,000;7,350;1,000;4,000;

2583;2015.12.17 14:00:00;21,409;0,000;0,000;0,000;0,000;7,350;1,000;4,000;

2584;2015.12.17 15:00:00;21,428;0,000;0,000;0,000;0,000;7,350;1,000;4,000;

2585;2015.12.17 16:00:00;18,136;0,000;0,000;0,000;0,000;7,350;1,000;4,000;

2586;2015.12.17 17:00:00;17,626;0,000;0,000;0,000;0,000;7,350;1,000;4,000;

2587;2015.12.17 18:00:00;17,668;0,000;0,000;0,000;0,000;7,350;1,000;4,000;

2588;2015.12.17 19:00:00;17,409;0,000;0,000;0,000;0,000;7,350;1,000;4,000;

2589;2015.12.17 20:00:00;18,017;0,000;0,000;0,000;0,000;7,350;1,000;4,000;

2590;2015.12.17 21:00:00;17,467;0,000;0,000;0,000;0,000;7,350;1,000;4,000;

2591;2015.12.17 22:00:00;15,983;0,000;0,000;0,000;0,000;7,350;1,000;4,000;

2592;2015.12.17 23:00:00;13,186;0,000;0,000;0,000;0,000;7,350;1,000;4,000;

2593;2015.12.18 00:00:00;15,242;0,000;0,000;0,000;0,000;7,350;2,000;4,000;

2594;2015.12.18 01:00:00;16,983;0,000;0,000;0,000;0,000;7,350;2,000;4,000;

2595;2015.12.18 02:00:00;14,612;0,000;0,000;0,000;0,000;7,350;2,000;4,000;

2596;2015.12.18 03:00:00;15,872;0,000;0,000;0,000;0,000;7,350;2,000;4,000;

2597;2015.12.18 04:00:00;16,890;0,000;0,000;0,000;0,000;7,350;2,000;4,000;

2598;2015.12.18 05:00:00;17,279;0,000;0,000;0,000;0,000;7,350;2,000;4,000;

2599;2015.12.18 06:00:00;18,057;0,000;0,000;0,000;0,000;7,350;2,000;4,000;

2600;2015.12.18 07:00:00;17,372;0,000;0,000;0,000;0,000;7,350;2,000;4,000;

2601;2015.12.18 08:00:00;16,946;0,000;0,000;0,000;0,000;7,350;2,000;4,000;

2602;2015.12.18 09:00:00;16,390;0,000;0,000;0,000;0,000;7,350;2,000;4,000;

2603;2015.12.18 10:00:00;12,445;0,000;0,000;0,000;0,000;7,350;2,000;4,000;

2604;2015.12.18 11:00:00;16,038;0,000;0,000;0,000;0,000;7,350;2,000;4,000;

2605;2015.12.18 12:00:00;6,760;0,000;0,000;0,000;0,000;7,350;2,000;4,000;

2606;2015.12.18 13:00:00;15,438;0,000;0,000;0,000;0,000;7,350;2,000;4,000;

2607;2015.12.18 14:00:00;17,528;0,000;0,000;0,000;0,000;7,350;2,000;4,000;

2608;2015.12.18 15:00:00;17,279;0,000;0,000;0,000;0,000;7,350;2,000;4,000;

2609;2015.12.18 16:00:00;15,723;0,000;0,000;0,000;0,000;7,350;2,000;4,000;

2610;2015.12.18 17:00:00;15,557;0,000;0,000;0,000;0,000;7,350;2,000;4,000;

2611;2015.12.18 18:00:00;14,353;0,000;0,000;0,000;0,000;7,350;2,000;4,000;

2612;2015.12.18 19:00:00;16,853;0,000;0,000;0,000;0,000;7,350;2,000;4,000;

2613;2015.12.18 20:00:00;16,557;0,000;0,000;0,000;0,000;7,350;2,000;4,000;

2614;2015.12.18 21:00:00;17,557;0,000;0,000;0,000;0,000;7,350;2,000;4,000;

2615;2015.12.18 22:00:00;16,335;0,000;0,000;0,000;0,000;7,350;2,000;4,000;

2616;2015.12.18 23:00:00;11,853;0,000;0,000;0,000;0,000;7,350;2,000;4,000;

2617;2015.12.19 00:00:00;15,853;0,000;0,000;0,000;0,000;7,333;3,000;4,000;

2618;2015.12.19 01:00:00;13,649;0,000;0,000;0,000;0,000;7,333;3,000;4,000;

2619;2015.12.19 02:00:00;14,816;0,000;0,000;0,000;0,000;7,333;3,000;4,000;

2620;2015.12.19 03:00:00;15,575;0,000;0,000;0,000;0,000;7,333;3,000;4,000;

2621;2015.12.19 04:00:00;13,760;0,000;0,000;0,000;0,000;7,333;3,000;4,000;

2622;2015.12.19 05:00:00;16,724;0,000;0,000;0,000;0,000;7,333;3,000;4,000;

2623;2015.12.19 06:00:00;16,520;0,000;0,000;0,000;0,000;7,333;3,000;4,000;

2624;2015.12.19 07:00:00;18,724;0,000;0,000;0,000;0,000;7,333;3,000;4,000;

2625;2015.12.19 08:00:00;16,835;0,000;0,000;0,000;0,000;7,333;3,000;4,000;

2626;2015.12.19 09:00:00;16,538;0,000;0,000;0,000;0,000;7,333;3,000;4,000;

2627;2015.12.19 10:00:00;16,798;0,000;0,000;0,000;0,000;7,333;3,000;4,000;

2628;2015.12.19 11:00:00;16,335;0,000;0,000;0,000;0,000;7,333;3,000;4,000;

2629;2015.12.19 12:00:00;15,909;0,000;0,000;0,000;0,000;7,333;3,000;4,000;

2630;2015.12.19 13:00:00;16,342;0,000;0,000;0,000;0,000;7,333;3,000;4,000;

2631;2015.12.19 14:00:00;16,013;0,000;0,000;0,000;0,000;7,333;3,000;4,000;

2632;2015.12.19 15:00:00;16,687;0,000;0,000;0,000;0,000;7,333;3,000;4,000;

2633;2015.12.19 16:00:00;17,279;0,000;0,000;0,000;0,000;7,333;3,000;4,000;

2634;2015.12.19 17:00:00;15,761;0,000;0,000;0,000;0,000;7,333;3,000;4,000;

2635;2015.12.19 18:00:00;16,316;0,000;0,000;0,000;0,000;7,333;3,000;4,000;

2636;2015.12.19 19:00:00;16,575;0,000;0,000;0,000;0,000;7,333;3,000;4,000;

2637;2015.12.19 20:00:00;17,594;0,000;0,000;0,000;0,000;7,333;3,000;4,000;

2638;2015.12.19 21:00:00;17,298;0,000;0,000;0,000;0,000;7,333;3,000;4,000;

2639;2015.12.19 22:00:00;18,261;0,000;0,000;0,000;0,000;7,333;3,000;4,000;

2640;2015.12.19 23:00:00;12,853;0,000;0,000;0,000;0,000;7,333;3,000;4,000;

2641;2015.12.20 00:00:00;17,020;0,000;0,000;0,000;0,000;7,333;4,000;4,000;

2642;2015.12.20 01:00:00;15,075;0,000;0,000;0,000;0,000;7,333;4,000;4,000;

2643;2015.12.20 02:00:00;14,316;0,000;0,000;0,000;0,000;7,333;4,000;4,000;

2644;2015.12.20 03:00:00;14,094;0,000;0,000;0,000;0,000;7,333;4,000;4,000;

2645;2015.12.20 04:00:00;13,483;0,000;0,000;0,000;0,000;7,333;4,000;4,000;

2646;2015.12.20 05:00:00;14,631;0,000;0,000;0,000;0,000;7,333;4,000;4,000;

2647;2015.12.20 06:00:00;15,909;0,000;0,000;0,000;0,000;7,333;4,000;4,000;

2648;2015.12.20 07:00:00;17,557;0,000;0,000;0,000;0,000;7,333;4,000;4,000;

2649;2015.12.20 08:00:00;17,258;0,000;0,000;0,000;0,000;7,333;4,000;4,000;

2650;2015.12.20 09:00:00;18,023;0,000;0,000;0,000;0,000;7,333;4,000;4,000;

2651;2015.12.20 10:00:00;15,923;0,000;0,000;0,000;0,000;7,333;4,000;4,000;

2652;2015.12.20 11:00:00;17,284;0,000;0,000;0,000;0,000;7,333;4,000;4,000;

2653;2015.12.20 12:00:00;15,501;0,000;0,000;0,000;0,000;7,333;4,000;4,000;

2654;2015.12.20 13:00:00;14,164;0,000;0,000;0,000;0,000;7,333;4,000;4,000;

2655;2015.12.20 14:00:00;14,935;0,000;0,000;0,000;0,000;7,333;4,000;4,000;

2656;2015.12.20 15:00:00;16,025;0,000;0,000;0,000;0,000;7,333;4,000;4,000;

2657;2015.12.20 16:00:00;16,852;0,000;0,000;0,000;0,000;7,333;4,000;4,000;

2658;2015.12.20 17:00:00;13,933;0,000;0,000;0,000;0,000;7,333;4,000;4,000;

2659;2015.12.20 18:00:00;16,247;0,000;0,000;0,000;0,000;7,333;4,000;4,000;

2660;2015.12.20 19:00:00;15,577;0,000;0,000;0,000;0,000;7,333;4,000;4,000;

2661;2015.12.20 20:00:00;14,008;0,000;0,000;0,000;0,000;7,333;4,000;4,000;

2662;2015.12.20 21:00:00;16,253;0,000;0,000;0,000;0,000;7,333;4,000;4,000;

2663;2015.12.20 22:00:00;12,797;0,000;0,000;0,000;0,000;7,333;4,000;4,000;

2664;2015.12.20 23:00:00;10,668;0,000;0,000;0,000;0,000;7,333;4,000;4,000;

2665;2015.12.21 00:00:00;13,094;0,000;0,000;0,000;0,000;7,333;1,000;4,000;

2666;2015.12.21 01:00:00;12,631;0,000;0,000;0,000;0,000;7,333;1,000;4,000;

2667;2015.12.21 02:00:00;14,631;0,000;0,000;0,000;0,000;7,333;1,000;4,000;

2668;2015.12.21 03:00:00;13,909;0,000;0,000;0,000;0,000;7,333;1,000;4,000;

2669;2015.12.21 04:00:00;14,297;0,000;0,000;0,000;0,000;7,333;1,000;4,000;

2670;2015.12.21 05:00:00;13,483;0,000;0,000;0,000;0,000;7,333;1,000;4,000;

2671;2015.12.21 06:00:00;13,890;0,000;0,000;0,000;0,000;7,333;1,000;4,000;

2672;2015.12.21 07:00:00;13,260;0,000;0,000;0,000;0,000;7,333;1,000;4,000;

2673;2015.12.21 08:00:00;13,131;0,000;0,000;0,000;0,000;7,333;1,000;4,000;

2674;2015.12.21 09:00:00;13,334;0,000;0,000;0,000;0,000;7,333;1,000;4,000;

2675;2015.12.21 10:00:00;14,983;0,000;0,000;0,000;0,000;7,333;1,000;4,000;

2676;2015.12.21 11:00:00;14,316;0,000;0,000;0,000;0,000;7,333;1,000;4,000;

2677;2015.12.21 12:00:00;7,038;0,000;0,000;0,000;0,000;7,333;1,000;4,000;

2678;2015.12.21 13:00:00;2,926;0,000;0,000;0,000;0,000;7,333;1,000;4,000;

2679;2015.12.21 14:00:00;1,741;0,000;0,000;0,000;0,000;7,333;1,000;4,000;

2680;2015.12.21 15:00:00;1,160;0,000;0,000;0,000;0,000;7,333;1,000;4,000;

2681;2015.12.21 16:00:00;14,175;0,000;0,000;0,000;0,000;7,333;1,000;4,000;

2682;2015.12.21 17:00:00;21,650;0,000;0,000;0,000;0,000;7,333;1,000;4,000;

2683;2015.12.21 18:00:00;13,559;0,000;0,000;0,000;0,000;7,333;1,000;4,000;

2684;2015.12.21 19:00:00;14,962;0,000;0,000;0,000;0,000;7,333;1,000;4,000;

2685;2015.12.21 20:00:00;16,186;0,000;0,000;0,000;0,000;7,333;1,000;4,000;

2686;2015.12.21 21:00:00;14,872;0,000;0,000;0,000;0,000;7,333;1,000;4,000;

2687;2015.12.21 22:00:00;14,594;0,000;0,000;0,000;0,000;7,333;1,000;4,000;

2688;2015.12.21 23:00:00;13,483;0,000;0,000;0,000;0,000;7,333;1,000;4,000;

2689;2015.12.22 00:00:00;16,538;0,000;0,000;0,000;0,000;7,333;1,000;4,000;

2690;2015.12.22 01:00:00;16,501;0,000;0,000;0,000;0,000;7,333;1,000;4,000;

2691;2015.12.22 02:00:00;15,557;0,000;0,000;0,000;0,000;7,333;1,000;4,000;

2692;2015.12.22 03:00:00;14,723;0,000;0,000;0,000;0,000;7,333;1,000;4,000;

2693;2015.12.22 04:00:00;17,057;0,000;0,000;0,000;0,000;7,333;1,000;4,000;

2694;2015.12.22 05:00:00;17,094;0,000;0,000;0,000;0,000;7,333;1,000;4,000;

2695;2015.12.22 06:00:00;17,501;0,000;0,000;0,000;0,000;7,333;1,000;4,000;

2696;2015.12.22 07:00:00;17,224;0,000;0,000;0,000;0,000;7,333;1,000;4,000;

2697;2015.12.22 08:00:00;17,020;0,000;0,000;0,000;0,000;7,333;1,000;4,000;

2698;2015.12.22 09:00:00;16,538;0,000;0,000;0,000;0,000;7,333;1,000;4,000;

2699;2015.12.22 10:00:00;14,464;0,000;0,000;0,000;0,000;7,333;1,000;4,000;

2700;2015.12.22 11:00:00;17,613;0,000;0,000;0,000;0,000;7,333;1,000;4,000;

2701;2015.12.22 12:00:00;10,019;0,000;0,000;0,000;0,000;7,333;1,000;4,000;

2702;2015.12.22 13:00:00;4,186;0,000;0,000;0,000;0,000;7,333;1,000;4,000;

2703;2015.12.22 14:00:00;22,409;0,000;0,000;0,000;0,000;7,333;1,000;4,000;

2704;2015.12.22 15:00:00;16,575;0,000;0,000;0,000;0,000;7,333;1,000;4,000;

2705;2015.12.22 16:00:00;17,853;0,000;0,000;0,000;0,000;7,333;1,000;4,000;

2706;2015.12.22 17:00:00;18,409;0,000;0,000;0,000;0,000;7,333;1,000;4,000;

2707;2015.12.22 18:00:00;16,946;0,000;0,000;0,000;0,000;7,333;1,000;4,000;

2708;2015.12.22 19:00:00;16,946;0,000;0,000;0,000;0,000;7,333;1,000;4,000;

2709;2015.12.22 20:00:00;16,186;0,000;0,000;0,000;0,000;7,333;1,000;4,000;

2710;2015.12.22 21:00:00;15,705;0,000;0,000;0,000;0,000;7,333;1,000;4,000;

2711;2015.12.22 22:00:00;13,353;0,000;0,000;0,000;0,000;7,333;1,000;4,000;

2712;2015.12.22 23:00:00;10,945;0,000;0,000;0,000;0,000;7,333;1,000;4,000;

2713;2015.12.23 00:00:00;14,186;0,000;0,000;0,000;0,000;7,333;1,000;4,000;

2714;2015.12.23 01:00:00;12,927;0,000;0,000;0,000;0,000;7,333;1,000;4,000;

2715;2015.12.23 02:00:00;12,779;0,000;0,000;0,000;0,000;7,333;1,000;4,000;

2716;2015.12.23 03:00:00;12,575;0,000;0,000;0,000;0,000;7,333;1,000;4,000;

2717;2015.12.23 04:00:00;12,501;0,000;0,000;0,000;0,000;7,333;1,000;4,000;

2718;2015.12.23 05:00:00;15,594;0,000;0,000;0,000;0,000;7,333;1,000;4,000;

2719;2015.12.23 06:00:00;15,353;0,000;0,000;0,000;0,000;7,333;1,000;4,000;

2720;2015.12.23 07:00:00;14,594;0,000;0,000;0,000;0,000;7,333;1,000;4,000;

2721;2015.12.23 08:00:00;14,853;0,000;0,000;0,000;0,000;7,333;1,000;4,000;

2722;2015.12.23 09:00:00;13,834;0,000;0,000;0,000;0,000;7,333;1,000;4,000;

2723;2015.12.23 10:00:00;14,063;0,000;0,000;0,000;0,000;7,333;1,000;4,000;

2724;2015.12.23 11:00:00;13,717;0,000;0,000;0,000;0,000;7,333;1,000;4,000;

2725;2015.12.23 12:00:00;13,612;0,000;0,000;0,000;0,000;7,333;1,000;4,000;

2726;2015.12.23 13:00:00;13,408;0,000;0,000;0,000;0,000;7,333;1,000;4,000;

2727;2015.12.23 14:00:00;12,779;0,000;0,000;0,000;0,000;7,333;1,000;4,000;

2728;2015.12.23 15:00:00;13,890;0,000;0,000;0,000;0,000;7,333;1,000;4,000;

2729;2015.12.23 16:00:00;13,946;0,000;0,000;0,000;0,000;7,333;1,000;4,000;

2730;2015.12.23 17:00:00;15,075;0,000;0,000;0,000;0,000;7,333;1,000;4,000;

2731;2015.12.23 18:00:00;15,890;0,000;0,000;0,000;0,000;7,333;1,000;4,000;

2732;2015.12.23 19:00:00;15,557;0,000;0,000;0,000;0,000;7,333;1,000;4,000;

2733;2015.12.23 20:00:00;15,353;0,000;0,000;0,000;0,000;7,333;1,000;4,000;

2734;2015.12.23 21:00:00;16,390;0,000;0,000;0,000;0,000;7,333;1,000;4,000;

2735;2015.12.23 22:00:00;14,176;0,000;0,000;0,000;0,000;7,333;1,000;4,000;

2736;2015.12.23 23:00:00;13,671;0,000;0,000;0,000;0,000;7,333;1,000;4,000;

2737;2015.12.24 00:00:00;16,120;0,000;0,000;0,000;0,000;7,333;1,000;4,000;

2738;2015.12.24 01:00:00;17,464;0,000;0,000;0,000;0,000;7,333;1,000;4,000;

2739;2015.12.24 02:00:00;18,205;0,000;0,000;0,000;0,000;7,333;1,000;4,000;

2740;2015.12.24 03:00:00;16,483;0,000;0,000;0,000;0,000;7,333;1,000;4,000;

2741;2015.12.24 04:00:00;19,409;0,000;0,000;0,000;0,000;7,333;1,000;4,000;

2742;2015.12.24 05:00:00;19,502;0,000;0,000;0,000;0,000;7,333;1,000;4,000;

2743;2015.12.24 06:00:00;20,835;0,000;0,000;0,000;0,000;7,333;1,000;4,000;

2744;2015.12.24 07:00:00;20,298;0,000;0,000;0,000;0,000;7,333;1,000;4,000;

2745;2015.12.24 08:00:00;22,187;0,000;0,000;0,000;0,000;7,333;1,000;4,000;

2746;2015.12.24 09:00:00;21,557;0,000;0,000;0,000;0,000;7,333;1,000;4,000;

2747;2015.12.24 10:00:00;20,613;0,000;0,000;0,000;0,000;7,333;1,000;4,000;

2748;2015.12.24 11:00:00;18,446;0,000;0,000;0,000;0,000;7,333;1,000;4,000;

2749;2015.12.24 12:00:00;16,862;0,000;0,000;0,000;0,000;7,333;1,000;4,000;

2750;2015.12.24 13:00:00;18,418;0,000;0,000;0,000;0,000;7,333;1,000;4,000;

2751;2015.12.24 14:00:00;17,150;0,000;0,000;0,000;0,000;7,333;1,000;4,000;

2752;2015.12.24 15:00:00;17,779;0,000;0,000;0,000;0,000;7,333;1,000;4,000;

2753;2015.12.24 16:00:00;16,052;0,000;0,000;0,000;0,000;7,333;1,000;4,000;

2754;2015.12.24 17:00:00;18,469;0,000;0,000;0,000;0,000;7,333;1,000;4,000;

2755;2015.12.24 18:00:00;17,427;0,000;0,000;0,000;0,000;7,333;1,000;4,000;

2756;2015.12.24 19:00:00;17,298;0,000;0,000;0,000;0,000;7,333;1,000;4,000;

2757;2015.12.24 20:00:00;17,427;0,000;0,000;0,000;0,000;7,333;1,000;4,000;

2758;2015.12.24 21:00:00;16,131;0,000;0,000;0,000;0,000;7,333;1,000;4,000;

2759;2015.12.24 22:00:00;15,075;0,000;0,000;0,000;0,000;7,333;1,000;4,000;

2760;2015.12.24 23:00:00;13,501;0,000;0,000;0,000;0,000;7,333;1,000;4,000;

2761;2015.12.25 00:00:00;15,946;0,000;0,000;0,000;0,000;7,350;5,000;4,000;

2762;2015.12.25 01:00:00;14,797;0,000;0,000;0,000;0,000;7,350;5,000;4,000;

2763;2015.12.25 02:00:00;15,131;0,000;0,000;0,000;0,000;7,350;5,000;4,000;

2764;2015.12.25 03:00:00;15,075;0,000;0,000;0,000;0,000;7,350;5,000;4,000;

2765;2015.12.25 04:00:00;14,520;0,000;0,000;0,000;0,000;7,350;5,000;4,000;

2766;2015.12.25 05:00:00;17,687;0,000;0,000;0,000;0,000;7,350;5,000;4,000;

2767;2015.12.25 06:00:00;16,261;0,000;0,000;0,000;0,000;7,350;5,000;4,000;

2768;2015.12.25 07:00:00;16,038;0,000;0,000;0,000;0,000;7,350;5,000;4,000;

2769;2015.12.25 08:00:00;16,591;0,000;0,000;0,000;0,000;7,350;5,000;4,000;

2770;2015.12.25 09:00:00;16,874;0,000;0,000;0,000;0,000;7,350;5,000;4,000;

2771;2015.12.25 10:00:00;17,372;0,000;0,000;0,000;0,000;7,350;5,000;4,000;

2772;2015.12.25 11:00:00;17,150;0,000;0,000;0,000;0,000;7,350;5,000;4,000;

2773;2015.12.25 12:00:00;16,107;0,000;0,000;0,000;0,000;7,350;5,000;4,000;

2774;2015.12.25 13:00:00;16,544;0,000;0,000;0,000;0,000;7,350;5,000;4,000;

2775;2015.12.25 14:00:00;15,835;0,000;0,000;0,000;0,000;7,350;5,000;4,000;

2776;2015.12.25 15:00:00;16,927;0,000;0,000;0,000;0,000;7,350;5,000;4,000;

2777;2015.12.25 16:00:00;18,798;0,000;0,000;0,000;0,000;7,350;5,000;4,000;

2778;2015.12.25 17:00:00;19,465;0,000;0,000;0,000;0,000;7,350;5,000;4,000;

2779;2015.12.25 18:00:00;19,446;0,000;0,000;0,000;0,000;7,350;5,000;4,000;

2780;2015.12.25 19:00:00;19,242;0,000;0,000;0,000;0,000;7,350;5,000;4,000;

2781;2015.12.25 20:00:00;20,057;0,000;0,000;0,000;0,000;7,350;5,000;4,000;

2782;2015.12.25 21:00:00;18,631;0,000;0,000;0,000;0,000;7,350;5,000;4,000;

2783;2015.12.25 22:00:00;19,224;0,000;0,000;0,000;0,000;7,350;5,000;4,000;

2784;2015.12.25 23:00:00;16,094;0,000;0,000;0,000;0,000;7,350;5,000;4,000;

2785;2015.12.26 00:00:00;19,168;0,000;0,000;0,000;0,000;7,350;5,000;4,000;

2786;2015.12.26 01:00:00;17,890;0,000;0,000;0,000;0,000;7,350;5,000;4,000;

2787;2015.12.26 02:00:00;16,186;0,000;0,000;0,000;0,000;7,350;5,000;4,000;

2788;2015.12.26 03:00:00;19,150;0,000;0,000;0,000;0,000;7,350;5,000;4,000;

2789;2015.12.26 04:00:00;16,761;0,000;0,000;0,000;0,000;7,350;5,000;4,000;

2790;2015.12.26 05:00:00;16,242;0,000;0,000;0,000;0,000;7,350;5,000;4,000;

2791;2015.12.26 06:00:00;17,983;0,000;0,000;0,000;0,000;7,350;5,000;4,000;

2792;2015.12.26 07:00:00;15,372;0,000;0,000;0,000;0,000;7,350;5,000;4,000;

2793;2015.12.26 08:00:00;15,835;0,000;0,000;0,000;0,000;7,350;5,000;4,000;

2794;2015.12.26 09:00:00;15,890;0,000;0,000;0,000;0,000;7,350;5,000;4,000;

2795;2015.12.26 10:00:00;14,186;0,000;0,000;0,000;0,000;7,350;5,000;4,000;

2796;2015.12.26 11:00:00;15,409;0,000;0,000;0,000;0,000;7,350;5,000;4,000;

2797;2015.12.26 12:00:00;15,149;0,000;0,000;0,000;0,000;7,350;5,000;4,000;

2798;2015.12.26 13:00:00;14,223;0,000;0,000;0,000;0,000;7,350;5,000;4,000;

2799;2015.12.26 14:00:00;14,520;0,000;0,000;0,000;0,000;7,350;5,000;4,000;

2800;2015.12.26 15:00:00;14,242;0,000;0,000;0,000;0,000;7,350;5,000;4,000;

2801;2015.12.26 16:00:00;15,340;0,000;0,000;0,000;0,000;7,350;5,000;4,000;

2802;2015.12.26 17:00:00;14,663;0,000;0,000;0,000;0,000;7,350;5,000;4,000;

2803;2015.12.26 18:00:00;14,501;0,000;0,000;0,000;0,000;7,350;5,000;4,000;

2804;2015.12.26 19:00:00;15,557;0,000;0,000;0,000;0,000;7,350;5,000;4,000;

2805;2015.12.26 20:00:00;17,279;0,000;0,000;0,000;0,000;7,350;5,000;4,000;

2806;2015.12.26 21:00:00;16,668;0,000;0,000;0,000;0,000;7,350;5,000;4,000;

2807;2015.12.26 22:00:00;16,816;0,000;0,000;0,000;0,000;7,350;5,000;4,000;

2808;2015.12.26 23:00:00;13,946;0,000;0,000;0,000;0,000;7,350;5,000;4,000;

2809;2015.12.27 00:00:00;15,723;0,000;0,000;0,000;0,000;7,367;4,000;4,000;

2810;2015.12.27 01:00:00;16,575;0,000;0,000;0,000;0,000;7,367;4,000;4,000;

2811;2015.12.27 02:00:00;17,094;0,000;0,000;0,000;0,000;7,367;4,000;4,000;

2812;2015.12.27 03:00:00;16,261;0,000;0,000;0,000;0,000;7,367;4,000;4,000;

2813;2015.12.27 04:00:00;15,631;0,000;0,000;0,000;0,000;7,367;4,000;4,000;

2814;2015.12.27 05:00:00;15,001;0,000;0,000;0,000;0,000;7,367;4,000;4,000;

2815;2015.12.27 06:00:00;17,742;0,000;0,000;0,000;0,000;7,367;4,000;4,000;

2816;2015.12.27 07:00:00;17,798;0,000;0,000;0,000;0,000;7,367;4,000;4,000;

2817;2015.12.27 08:00:00;18,390;0,000;0,000;0,000;0,000;7,367;4,000;4,000;

2818;2015.12.27 09:00:00;17,242;0,000;0,000;0,000;0,000;7,367;4,000;4,000;

2819;2015.12.27 10:00:00;16,186;0,000;0,000;0,000;0,000;7,367;4,000;4,000;

2820;2015.12.27 11:00:00;15,983;0,000;0,000;0,000;0,000;7,367;4,000;4,000;

2821;2015.12.27 12:00:00;14,723;0,000;0,000;0,000;0,000;7,367;4,000;4,000;

2822;2015.12.27 13:00:00;15,205;0,000;0,000;0,000;0,000;7,367;4,000;4,000;

2823;2015.12.27 14:00:00;14,316;0,000;0,000;0,000;0,000;7,367;4,000;4,000;

2824;2015.12.27 15:00:00;14,242;0,000;0,000;0,000;0,000;7,367;4,000;4,000;

2825;2015.12.27 16:00:00;13,686;0,000;0,000;0,000;0,000;7,367;4,000;4,000;

2826;2015.12.27 17:00:00;14,983;0,000;0,000;0,000;0,000;7,367;4,000;4,000;

2827;2015.12.27 18:00:00;16,112;0,000;0,000;0,000;0,000;7,367;4,000;4,000;

2828;2015.12.27 19:00:00;15,557;0,000;0,000;0,000;0,000;7,367;4,000;4,000;

2829;2015.12.27 20:00:00;15,149;0,000;0,000;0,000;0,000;7,367;4,000;4,000;

2830;2015.12.27 21:00:00;14,446;0,000;0,000;0,000;0,000;7,367;4,000;4,000;

2831;2015.12.27 22:00:00;12,575;0,000;0,000;0,000;0,000;7,367;4,000;4,000;

2832;2015.12.27 23:00:00;11,445;0,000;0,000;0,000;0,000;7,367;4,000;4,000;

2833;2015.12.28 00:00:00;13,983;0,000;0,000;0,000;0,000;7,367;1,000;4,000;

2834;2015.12.28 01:00:00;14,686;0,000;0,000;0,000;0,000;7,367;1,000;4,000;

2835;2015.12.28 02:00:00;15,779;0,000;0,000;0,000;0,000;7,367;1,000;4,000;

2836;2015.12.28 03:00:00;15,149;0,000;0,000;0,000;0,000;7,367;1,000;4,000;

2837;2015.12.28 04:00:00;15,409;0,000;0,000;0,000;0,000;7,367;1,000;4,000;

2838;2015.12.28 05:00:00;15,557;0,000;0,000;0,000;0,000;7,367;1,000;4,000;

2839;2015.12.28 06:00:00;17,464;0,000;0,000;0,000;0,000;7,367;1,000;4,000;

2840;2015.12.28 07:00:00;17,211;0,000;0,000;0,000;0,000;7,367;1,000;4,000;

2841;2015.12.28 08:00:00;16,755;0,000;0,000;0,000;0,000;7,367;1,000;4,000;

2842;2015.12.28 09:00:00;13,427;0,000;0,000;0,000;0,000;7,367;1,000;4,000;

2843;2015.12.28 10:00:00;19,379;0,000;0,000;0,000;0,000;7,367;1,000;4,000;

2844;2015.12.28 11:00:00;16,718;0,000;0,000;0,000;0,000;7,367;1,000;4,000;

2845;2015.12.28 12:00:00;16,149;0,000;0,000;0,000;0,000;7,367;1,000;4,000;

2846;2015.12.28 13:00:00;18,197;0,000;0,000;0,000;0,000;7,367;1,000;4,000;

2847;2015.12.28 14:00:00;15,213;0,000;0,000;0,000;0,000;7,367;1,000;4,000;

2848;2015.12.28 15:00:00;20,226;0,000;0,000;0,000;0,000;7,367;1,000;4,000;

2849;2015.12.28 16:00:00;21,388;0,000;0,000;0,000;0,000;7,367;1,000;4,000;

2850;2015.12.28 17:00:00;21,020;0,000;0,000;0,000;0,000;7,367;1,000;4,000;

2851;2015.12.28 18:00:00;19,427;0,000;0,000;0,000;0,000;7,367;1,000;4,000;

2852;2015.12.28 19:00:00;22,538;0,000;0,000;0,000;0,000;7,367;1,000;4,000;

2853;2015.12.28 20:00:00;21,318;0,000;0,000;0,000;0,000;7,367;1,000;4,000;

2854;2015.12.28 21:00:00;20,187;0,000;0,000;0,000;0,000;7,367;1,000;4,000;

2855;2015.12.28 22:00:00;23,169;0,000;0,000;0,000;0,000;7,367;1,000;4,000;

2856;2015.12.28 23:00:00;18,497;0,000;0,000;0,000;0,000;7,367;1,000;4,000;

2857;2015.12.29 00:00:00;22,895;0,000;0,000;0,000;0,000;7,383;1,000;4,000;

2858;2015.12.29 01:00:00;21,946;0,000;0,000;0,000;0,000;7,383;1,000;4,000;

2859;2015.12.29 02:00:00;21,483;0,000;0,000;0,000;0,000;7,383;1,000;4,000;

2860;2015.12.29 03:00:00;21,483;0,000;0,000;0,000;0,000;7,383;1,000;4,000;

2861;2015.12.29 04:00:00;22,224;0,000;0,000;0,000;0,000;7,383;1,000;4,000;

2862;2015.12.29 05:00:00;24,076;0,000;0,000;0,000;0,000;7,383;1,000;4,000;

2863;2015.12.29 06:00:00;23,278;0,000;0,000;0,000;0,000;7,383;1,000;4,000;

2864;2015.12.29 07:00:00;24,133;0,000;0,000;0,000;0,000;7,383;1,000;4,000;

2865;2015.12.29 08:00:00;22,664;0,000;0,000;0,000;0,000;7,383;1,000;4,000;

2866;2015.12.29 09:00:00;22,332;0,000;0,000;0,000;0,000;7,383;1,000;4,000;

2867;2015.12.29 10:00:00;21,613;0,000;0,000;0,000;0,000;7,383;1,000;4,000;

2868;2015.12.29 11:00:00;23,630;0,000;0,000;0,000;0,000;7,383;1,000;4,000;

2869;2015.12.29 12:00:00;18,022;0,000;0,000;0,000;0,000;7,383;1,000;4,000;

2870;2015.12.29 13:00:00;26,224;0,000;0,000;0,000;0,000;7,383;1,000;4,000;

2871;2015.12.29 14:00:00;25,768;0,000;0,000;0,000;0,000;7,383;1,000;4,000;

2872;2015.12.29 15:00:00;23,941;0,000;0,000;0,000;0,000;7,383;1,000;4,000;

2873;2015.12.29 16:00:00;26,275;0,000;0,000;0,000;0,000;7,383;1,000;4,000;

2874;2015.12.29 17:00:00;24,721;0,000;0,000;0,000;0,000;7,383;1,000;4,000;

2875;2015.12.29 18:00:00;27,756;0,000;0,000;0,000;0,000;7,383;1,000;4,000;

2876;2015.12.29 19:00:00;26,318;0,000;0,000;0,000;0,000;7,383;1,000;4,000;

2877;2015.12.29 20:00:00;27,353;0,000;0,000;0,000;0,000;7,383;1,000;4,000;

2878;2015.12.29 21:00:00;25,891;0,000;0,000;0,000;0,000;7,383;1,000;4,000;

2879;2015.12.29 22:00:00;26,706;0,000;0,000;0,000;0,000;7,383;1,000;4,000;

2880;2015.12.29 23:00:00;23,872;0,000;0,000;0,000;0,000;7,383;1,000;4,000;

2881;2015.12.30 00:00:00;25,095;0,000;0,000;0,000;0,000;7,400;1,000;4,000;

2882;2015.12.30 01:00:00;25,539;0,000;0,000;0,000;0,000;7,400;1,000;4,000;

2883;2015.12.30 02:00:00;24,002;0,000;0,000;0,000;0,000;7,400;1,000;4,000;

2884;2015.12.30 03:00:00;26,772;0,000;0,000;0,000;0,000;7,400;1,000;4,000;

2885;2015.12.30 04:00:00;26,307;0,000;0,000;0,000;0,000;7,400;1,000;4,000;

2886;2015.12.30 05:00:00;27,558;0,000;0,000;0,000;0,000;7,400;1,000;4,000;

2887;2015.12.30 06:00:00;29,891;0,000;0,000;0,000;0,000;7,400;1,000;4,000;

2888;2015.12.30 07:00:00;31,169;0,000;0,000;0,000;0,000;7,400;1,000;4,000;

2889;2015.12.30 08:00:00;29,762;0,000;0,000;0,000;0,000;7,400;1,000;4,000;

2890;2015.12.30 09:00:00;27,095;0,000;0,000;0,000;0,000;7,400;1,000;4,000;

2891;2015.12.30 10:00:00;18,020;0,000;0,000;0,000;0,000;7,400;1,000;4,000;

2892;2015.12.30 11:00:00;32,040;0,000;0,000;0,000;0,000;7,400;1,000;4,000;

2893;2015.12.30 12:00:00;19,870;0,000;0,000;0,000;0,000;7,400;1,000;4,000;

2894;2015.12.30 13:00:00;29,338;0,000;0,000;0,000;0,000;7,400;1,000;4,000;

2895;2015.12.30 14:00:00;25,632;0,000;0,000;0,000;0,000;7,400;1,000;4,000;

2896;2015.12.30 15:00:00;30,521;0,000;0,000;0,000;0,000;7,400;1,000;4,000;

2897;2015.12.30 16:00:00;28,576;0,000;0,000;0,000;0,000;7,400;1,000;4,000;

2898;2015.12.30 17:00:00;31,558;0,000;0,000;0,000;0,000;7,400;1,000;4,000;

2899;2015.12.30 18:00:00;31,021;0,000;0,000;0,000;0,000;7,400;1,000;4,000;

2900;2015.12.30 19:00:00;29,779;0,000;0,000;0,000;0,000;7,400;1,000;4,000;

2901;2015.12.30 20:00:00;33,531;0,000;0,000;0,000;0,000;7,400;1,000;4,000;

2902;2015.12.30 21:00:00;32,550;0,000;0,000;0,000;0,000;7,400;1,000;4,000;

2903;2015.12.30 22:00:00;29,317;0,000;0,000;0,000;0,000;7,400;1,000;4,000;

2904;2015.12.30 23:00:00;26,873;0,000;0,000;0,000;0,000;7,400;1,000;4,000;

2905;2015.12.31 00:00:00;30,484;0,000;0,000;0,000;0,000;7,417;1,000;4,000;

2906;2015.12.31 01:00:00;29,299;0,000;0,000;0,000;0,000;7,417;1,000;4,000;

2907;2015.12.31 02:00:00;29,725;0,000;0,000;0,000;0,000;7,417;1,000;4,000;

2908;2015.12.31 03:00:00;30,132;0,000;0,000;0,000;0,000;7,417;1,000;4,000;

2909;2015.12.31 04:00:00;30,947;0,000;0,000;0,000;0,000;7,417;1,000;4,000;

2910;2015.12.31 05:00:00;32,077;0,000;0,000;0,000;0,000;7,417;1,000;4,000;

2911;2015.12.31 06:00:00;32,951;0,000;0,000;0,000;0,000;7,417;1,000;4,000;

2912;2015.12.31 07:00:00;35,499;0,000;0,000;0,000;0,000;7,417;1,000;4,000;

2913;2015.12.31 08:00:00;32,947;0,000;0,000;0,000;0,000;7,417;1,000;4,000;

2914;2015.12.31 09:00:00;32,373;0,000;0,000;0,000;0,000;7,417;1,000;4,000;

2915;2015.12.31 10:00:00;30,817;0,000;0,000;0,000;0,000;7,417;1,000;4,000;

2916;2015.12.31 11:00:00;29,188;0,000;0,000;0,000;0,000;7,417;1,000;4,000;

2917;2015.12.31 12:00:00;31,040;0,000;0,000;0,000;0,000;7,417;1,000;4,000;

2918;2015.12.31 13:00:00;27,743;0,000;0,000;0,000;0,000;7,417;1,000;4,000;

2919;2015.12.31 14:00:00;27,093;0,000;0,000;0,000;0,000;7,417;1,000;4,000;

2920;2015.12.31 15:00:00;31,523;0,000;0,000;0,000;0,000;7,417;1,000;4,000;

2921;2015.12.31 16:00:00;28,613;0,000;0,000;0,000;0,000;7,417;1,000;4,000;

2922;2015.12.31 17:00:00;30,817;0,000;0,000;0,000;0,000;7,417;1,000;4,000;

2923;2015.12.31 18:00:00;29,539;0,000;0,000;0,000;0,000;7,417;1,000;4,000;

2924;2015.12.31 19:00:00;31,169;0,000;0,000;0,000;0,000;7,417;1,000;4,000;

2925;2015.12.31 20:00:00;32,706;0,000;0,000;0,000;0,000;7,417;1,000;4,000;

2926;2015.12.31 21:00:00;33,429;0,000;0,000;0,000;0,000;7,417;1,000;4,000;

2927;2015.12.31 22:00:00;29,373;0,000;0,000;0,000;0,000;7,417;1,000;4,000;

2928;2015.12.31 23:00:00;29,412;0,000;0,000;0,000;0,000;7,417;1,000;4,000;

2929;2016.01.01 00:00:00;32,186;-4,500;3,000;67,000;6,000;7,433;5,000;4,000;

2930;2016.01.01 01:00:00;30,095;-3,800;4,000;65,000;8,000;7,433;5,000;4,000;

2931;2016.01.01 02:00:00;29,799;-3,600;4,000;65,000;8,000;7,433;5,000;4,000;

2932;2016.01.01 03:00:00;28,943;-3,500;3,000;64,000;8,000;7,433;5,000;4,000;

2933;2016.01.01 04:00:00;27,401;-3,500;4,000;65,000;8,000;7,433;5,000;4,000;

2934;2016.01.01 05:00:00;31,089;-3,500;4,000;65,000;8,000;7,433;5,000;4,000;

2935;2016.01.01 06:00:00;27,149;-3,300;3,000;66,000;8,000;7,433;5,000;4,000;

2936;2016.01.01 07:00:00;32,556;-3,400;3,000;70,000;8,000;7,433;5,000;4,000;

2937;2016.01.01 08:00:00;30,431;-3,700;3,000;83,000;8,000;7,433;5,000;4,000;

2938;2016.01.01 09:00:00;32,469;-3,800;2,000;89,000;8,000;7,433;5,000;4,000;

2939;2016.01.01 10:00:00;30,366;-3,300;2,000;92,000;8,000;7,433;5,000;4,000;

2940;2016.01.01 11:00:00;35,298;-3,200;2,000;92,000;8,000;7,433;5,000;4,000;

2941;2016.01.01 12:00:00;32,152;-2,800;3,000;90,000;8,000;7,433;5,000;4,000;

2942;2016.01.01 13:00:00;29,295;-2,800;3,000;89,000;8,000;7,433;5,000;4,000;

2943;2016.01.01 14:00:00;31,140;-2,700;3,000;90,000;8,000;7,433;5,000;4,000;

2944;2016.01.01 15:00:00;30,952;-2,800;2,000;91,000;8,000;7,433;5,000;4,000;

2945;2016.01.01 16:00:00;24,379;-3,400;3,000;89,000;8,000;7,433;5,000;4,000;

2946;2016.01.01 17:00:00;33,753;-3,600;3,000;87,000;8,000;7,433;5,000;4,000;

2947;2016.01.01 18:00:00;33,611;-3,500;5,000;82,000;8,000;7,433;5,000;4,000;

2948;2016.01.01 19:00:00;29,905;-3,400;4,000;77,000;8,000;7,433;5,000;4,000;

2949;2016.01.01 20:00:00;33,052;-3,600;3,000;75,000;8,000;7,433;5,000;4,000;

2950;2016.01.01 21:00:00;29,557;-4,200;4,000;72,000;8,000;7,433;5,000;4,000;

2951;2016.01.01 22:00:00;28,801;-5,800;4,000;73,000;0,000;7,433;5,000;4,000;

2952;2016.01.01 23:00:00;20,065;-7,700;4,000;76,000;0,000;7,433;5,000;4,000;

2953;2016.01.02 00:00:00;35,844;-8,500;4,000;78,000;0,000;7,483;3,000;4,000;

2954;2016.01.02 01:00:00;24,897;-9,000;4,000;79,000;0,000;7,483;3,000;4,000;

2955;2016.01.02 02:00:00;35,825;-9,500;4,000;81,000;0,000;7,483;3,000;4,000;

2956;2016.01.02 03:00:00;31,391;-9,900;5,000;81,000;0,000;7,483;3,000;4,000;

2957;2016.01.02 04:00:00;34,253;-10,600;4,000;82,000;0,000;7,483;3,000;4,000;

2958;2016.01.02 05:00:00;34,031;-10,600;4,000;81,000;0,000;7,483;3,000;4,000;

2959;2016.01.02 06:00:00;37,373;-10,400;5,000;78,000;0,000;7,483;3,000;4,000;

2960;2016.01.02 07:00:00;35,353;-10,400;4,000;76,000;0,000;7,483;3,000;4,000;

2961;2016.01.02 08:00:00;38,431;-10,000;4,000;76,000;7,000;7,483;3,000;4,000;

2962;2016.01.02 09:00:00;39,614;-9,100;4,000;72,000;7,000;7,483;3,000;4,000;

2963;2016.01.02 10:00:00;39,083;-8,600;6,000;68,000;7,000;7,483;3,000;4,000;

2964;2016.01.02 11:00:00;36,947;-8,300;6,000;67,000;6,000;7,483;3,000;4,000;

2965;2016.01.02 12:00:00;37,535;-7,900;6,000;64,000;4,000;7,483;3,000;4,000;

2966;2016.01.02 13:00:00;36,996;-7,400;5,000;61,000;1,000;7,483;3,000;4,000;

2967;2016.01.02 14:00:00;36,898;-7,300;5,000;60,000;1,000;7,483;3,000;4,000;

2968;2016.01.02 15:00:00;39,736;-7,700;5,000;62,000;1,000;7,483;3,000;4,000;

2969;2016.01.02 16:00:00;39,567;-8,300;4,000;63,000;0,000;7,483;3,000;4,000;

2970;2016.01.02 17:00:00;37,295;-8,900;4,000;60,000;0,000;7,483;3,000;4,000;

2971;2016.01.02 18:00:00;39,062;-9,400;4,000;61,000;0,000;7,483;3,000;4,000;

2972;2016.01.02 19:00:00;33,422;-9,800;4,000;64,000;0,000;7,483;3,000;4,000;

2973;2016.01.02 20:00:00;44,452;-10,200;3,000;66,000;0,000;7,483;3,000;4,000;

2974;2016.01.02 21:00:00;40,661;-10,500;4,000;67,000;0,000;7,483;3,000;4,000;

2975;2016.01.02 22:00:00;34,438;-10,800;4,000;67,000;0,000;7,483;3,000;4,000;

2976;2016.01.02 23:00:00;37,428;-11,100;4,000;68,000;0,000;7,483;3,000;4,000;

2977;2016.01.03 00:00:00;37,513;-11,400;3,000;69,000;0,000;7,500;4,000;4,000;

2978;2016.01.03 01:00:00;36,501;-11,800;3,000;71,000;0,000;7,500;4,000;4,000;

2979;2016.01.03 02:00:00;36,376;-12,100;4,000;72,000;0,000;7,500;4,000;4,000;

2980;2016.01.03 03:00:00;34,407;-12,300;4,000;73,000;0,000;7,500;4,000;4,000;

2981;2016.01.03 04:00:00;38,006;-12,600;3,000;75,000;0,000;7,500;4,000;4,000;

2982;2016.01.03 05:00:00;36,940;-12,800;4,000;75,000;0,000;7,500;4,000;4,000;

2983;2016.01.03 06:00:00;38,428;-13,100;3,000;75,000;0,000;7,500;4,000;4,000;

2984;2016.01.03 07:00:00;41,328;-13,300;4,000;76,000;0,000;7,500;4,000;4,000;

2985;2016.01.03 08:00:00;38,849;-13,100;4,000;75,000;0,000;7,500;4,000;4,000;

2986;2016.01.03 09:00:00;40,725;-12,200;4,000;69,000;0,000;7,500;4,000;4,000;

2987;2016.01.03 10:00:00;41,964;-10,900;4,000;65,000;0,000;7,500;4,000;4,000;

2988;2016.01.03 11:00:00;39,018;-9,400;4,000;59,000;0,000;7,500;4,000;4,000;

2989;2016.01.03 12:00:00;36,047;-8,700;5,000;57,000;0,000;7,500;4,000;4,000;

2990;2016.01.03 13:00:00;40,003;-8,300;5,000;55,000;0,000;7,500;4,000;4,000;

2991;2016.01.03 14:00:00;39,151;-8,400;4,000;55,000;0,000;7,500;4,000;4,000;

2992;2016.01.03 15:00:00;44,224;-9,100;3,000;59,000;1,000;7,500;4,000;4,000;

2993;2016.01.03 16:00:00;41,320;-9,900;2,000;64,000;0,000;7,500;4,000;4,000;

2994;2016.01.03 17:00:00;40,766;-10,400;4,000;66,000;0,000;7,500;4,000;4,000;

2995;2016.01.03 18:00:00;42,002;-10,900;4,000;69,000;0,000;7,500;4,000;4,000;

2996;2016.01.03 19:00:00;42,539;-11,000;4,000;70,000;0,000;7,500;4,000;4,000;

2997;2016.01.03 20:00:00;41,050;-11,300;4,000;72,000;0,000;7,500;4,000;4,000;

2998;2016.01.03 21:00:00;38,975;-11,600;4,000;73,000;0,000;7,500;4,000;4,000;

2999;2016.01.03 22:00:00;40,910;-11,900;3,000;74,000;0,000;7,500;4,000;4,000;

3000;2016.01.03 23:00:00;40,318;-12,300;3,000;75,000;0,000;7,500;4,000;4,000;

3001;2016.01.04 00:00:00;41,047;-12,600;4,000;77,000;0,000;7,517;1,000;4,000;

3002;2016.01.04 01:00:00;41,126;-12,900;4,000;78,000;0,000;7,517;1,000;4,000;

3003;2016.01.04 02:00:00;40,837;-13,200;4,000;78,000;0,000;7,517;1,000;4,000;

3004;2016.01.04 03:00:00;41,188;-13,100;5,000;76,000;0,000;7,517;1,000;4,000;

3005;2016.01.04 04:00:00;41,374;-13,000;5,000;74,000;0,000;7,517;1,000;4,000;

3006;2016.01.04 05:00:00;42,226;-12,800;4,000;71,000;0,000;7,517;1,000;4,000;

3007;2016.01.04 06:00:00;45,596;-12,600;4,000;67,000;0,000;7,517;1,000;4,000;

3008;2016.01.04 07:00:00;42,435;-12,400;3,000;64,000;0,000;7,517;1,000;4,000;

3009;2016.01.04 08:00:00;45,699;-11,600;4,000;59,000;0,000;7,517;1,000;4,000;

3010;2016.01.04 09:00:00;41,504;-9,600;5,000;47,000;0,000;7,517;1,000;4,000;

3011;2016.01.04 10:00:00;42,068;-7,700;5,000;41,000;0,000;7,517;1,000;4,000;

3012;2016.01.04 11:00:00;37,518;-6,800;4,000;39,000;0,000;7,517;1,000;4,000;

3013;2016.01.04 12:00:00;42,815;-6,100;4,000;37,000;0,000;7,517;1,000;4,000;

3014;2016.01.04 13:00:00;42,368;-5,700;4,000;35,000;0,000;7,517;1,000;4,000;

3015;2016.01.04 14:00:00;39,780;-6,000;4,000;35,000;0,000;7,517;1,000;4,000;

3016;2016.01.04 15:00:00;44,924;-6,900;3,000;39,000;0,000;7,517;1,000;4,000;

3017;2016.01.04 16:00:00;43,165;-7,500;4,000;40,000;0,000;7,517;1,000;4,000;

3018;2016.01.04 17:00:00;43,985;-8,100;4,000;41,000;0,000;7,517;1,000;4,000;

3019;2016.01.04 18:00:00;43,522;-8,800;3,000;45,000;0,000;7,517;1,000;4,000;

3020;2016.01.04 19:00:00;45,467;-9,100;3,000;48,000;0,000;7,517;1,000;4,000;

3021;2016.01.04 20:00:00;43,892;-9,600;3,000;52,000;0,000;7,517;1,000;4,000;

3022;2016.01.04 21:00:00;39,744;-10,100;3,000;57,000;0,000;7,517;1,000;4,000;

3023;2016.01.04 22:00:00;38,260;-10,500;2,000;60,000;0,000;7,517;1,000;4,000;

3024;2016.01.04 23:00:00;38,191;-11,100;2,000;63,000;0,000;7,517;1,000;4,000;

3025;2016.01.05 00:00:00;39,596;-11,500;2,000;65,000;0,000;7,550;1,000;4,000;

3026;2016.01.05 01:00:00;37,855;-12,100;1,000;67,000;0,000;7,550;1,000;4,000;

3027;2016.01.05 02:00:00;38,392;-12,500;1,000;69,000;0,000;7,550;1,000;4,000;

3028;2016.01.05 03:00:00;39,503;-12,300;2,000;68,000;0,000;7,550;1,000;4,000;

3029;2016.01.05 04:00:00;38,762;-12,500;2,000;69,000;0,000;7,550;1,000;4,000;

3030;2016.01.05 05:00:00;41,781;-13,100;3,000;72,000;0,000;7,550;1,000;4,000;

3031;2016.01.05 06:00:00;45,263;-13,300;2,000;74,000;0,000;7,550;1,000;4,000;

3032;2016.01.05 07:00:00;42,966;-13,200;2,000;74,000;0,000;7,550;1,000;4,000;

3033;2016.01.05 08:00:00;41,448;-12,300;2,000;70,000;2,000;7,550;1,000;4,000;

3034;2016.01.05 09:00:00;40,929;-11,000;4,000;66,000;5,000;7,550;1,000;4,000;

3035;2016.01.05 10:00:00;38,448;-9,500;4,000;62,000;5,000;7,550;1,000;4,000;

3036;2016.01.05 11:00:00;40,577;-8,300;3,000;54,000;4,000;7,550;1,000;4,000;

3037;2016.01.05 12:00:00;39,336;-7,100;2,000;50,000;4,000;7,550;1,000;4,000;

3038;2016.01.05 13:00:00;41,649;-6,500;2,000;42,000;4,000;7,550;1,000;4,000;

3039;2016.01.05 14:00:00;43,099;-6,700;2,000;42,000;4,000;7,550;1,000;4,000;

3040;2016.01.05 15:00:00;45,577;-7,600;2,000;41,000;3,000;7,550;1,000;4,000;

3041;2016.01.05 16:00:00;42,608;-8,200;2,000;43,000;1,000;7,550;1,000;4,000;

3042;2016.01.05 17:00:00;47,845;-9,600;1,000;49,000;0,000;7,550;1,000;4,000;

3043;2016.01.05 18:00:00;42,503;-10,600;1,000;55,000;0,000;7,550;1,000;4,000;

3044;2016.01.05 19:00:00;45,559;-10,700;1,000;63,000;0,000;7,550;1,000;4,000;

3045;2016.01.05 20:00:00;44,263;-10,700;1,000;65,000;0,000;7,550;1,000;4,000;

3046;2016.01.05 21:00:00;42,503;-11,300;1,000;71,000;0,000;7,550;1,000;4,000;

3047;2016.01.05 22:00:00;41,874;-11,800;2,000;76,000;0,000;7,550;1,000;4,000;

3048;2016.01.05 23:00:00;40,800;-12,400;1,000;79,000;0,000;7,550;1,000;4,000;

3049;2016.01.06 00:00:00;41,244;-12,700;1,000;82,000;0,000;7,583;5,000;4,000;

3050;2016.01.06 01:00:00;41,294;-12,600;2,000;79,000;0,000;7,583;5,000;4,000;

3051;2016.01.06 02:00:00;41,953;-15,200;2,000;85,000;0,000;7,583;5,000;4,000;

3052;2016.01.06 03:00:00;43,596;-13,800;1,000;86,000;0,000;7,583;5,000;4,000;

3053;2016.01.06 04:00:00;42,003;-12,900;2,000;79,000;0,000;7,583;5,000;4,000;

3054;2016.01.06 05:00:00;43,503;-13,400;3,000;81,000;0,000;7,583;5,000;4,000;

3055;2016.01.06 06:00:00;45,448;-13,900;1,000;81,000;0,000;7,583;5,000;4,000;

3056;2016.01.06 07:00:00;46,078;-15,100;1,000;83,000;0,000;7,583;5,000;4,000;

3057;2016.01.06 08:00:00;46,559;-13,500;1,000;85,000;0,000;7,583;5,000;4,000;

3058;2016.01.06 09:00:00;41,707;-11,400;2,000;71,000;0,000;7,583;5,000;4,000;

3059;2016.01.06 10:00:00;38,410;-9,600;1,000;66,000;0,000;7,583;5,000;4,000;

3060;2016.01.06 11:00:00;41,411;-9,100;2,000;65,000;0,000;7,583;5,000;4,000;

3061;2016.01.06 12:00:00;41,670;-8,300;2,000;65,000;0,000;7,583;5,000;4,000;

3062;2016.01.06 13:00:00;42,596;-7,900;2,000;67,000;0,000;7,583;5,000;4,000;

3063;2016.01.06 14:00:00;39,395;-8,100;2,000;68,000;0,000;7,583;5,000;4,000;

3064;2016.01.06 15:00:00;46,538;-8,900;1,000;71,000;0,000;7,583;5,000;4,000;

3065;2016.01.06 16:00:00;41,855;-9,800;1,000;75,000;0,000;7,583;5,000;4,000;

3066;2016.01.06 17:00:00;43,929;-9,800;2,000;76,000;0,000;7,583;5,000;4,000;

3067;2016.01.06 18:00:00;44,504;-9,800;1,000;75,000;0,000;7,583;5,000;4,000;

3068;2016.01.06 19:00:00;43,059;-10,600;1,000;78,000;0,000;7,583;5,000;4,000;

3069;2016.01.06 20:00:00;42,080;-10,700;3,000;77,000;0,000;7,583;5,000;4,000;

3070;2016.01.06 21:00:00;43,890;-11,600;2,000;84,000;0,000;7,583;5,000;4,000;

3071;2016.01.06 22:00:00;41,226;-11,200;1,000;92,000;3,000;7,583;5,000;4,000;

3072;2016.01.06 23:00:00;40,096;-11,800;1,000;91,000;0,000;7,583;5,000;4,000;

3073;2016.01.07 00:00:00;40,614;-10,200;2,000;85,000;0,000;7,600;1,000;4,000;

3074;2016.01.07 01:00:00;41,374;-10,100;3,000;82,000;0,000;7,600;1,000;4,000;

3075;2016.01.07 02:00:00;41,263;-10,000;2,000;79,000;0,000;7,600;1,000;4,000;

3076;2016.01.07 03:00:00;40,837;-10,400;1,000;78,000;0,000;7,600;1,000;4,000;

3077;2016.01.07 04:00:00;40,355;-11,300;1,000;81,000;1,000;7,600;1,000;4,000;

3078;2016.01.07 05:00:00;41,707;-10,000;2,000;84,000;5,000;7,600;1,000;4,000;

3079;2016.01.07 06:00:00;44,948;-8,400;3,000;70,000;7,000;7,600;1,000;4,000;

3080;2016.01.07 07:00:00;43,652;-7,700;2,000;63,000;7,000;7,600;1,000;4,000;

3081;2016.01.07 08:00:00;41,466;-7,900;3,000;67,000;7,000;7,600;1,000;4,000;

3082;2016.01.07 09:00:00;39,762;-7,200;2,000;65,000;7,000;7,600;1,000;4,000;

3083;2016.01.07 10:00:00;37,724;-7,000;2,000;64,000;8,000;7,600;1,000;4,000;

3084;2016.01.07 11:00:00;39,311;-6,600;2,000;65,000;8,000;7,600;1,000;4,000;

3085;2016.01.07 12:00:00;41,585;-6,100;2,000;60,000;8,000;7,600;1,000;4,000;

3086;2016.01.07 13:00:00;40,207;-5,700;3,000;55,000;8,000;7,600;1,000;4,000;

3087;2016.01.07 14:00:00;41,551;-5,100;3,000;50,000;7,000;7,600;1,000;4,000;

3088;2016.01.07 15:00:00;44,567;-5,000;3,000;54,000;8,000;7,600;1,000;4,000;

3089;2016.01.07 16:00:00;40,300;-5,100;3,000;57,000;8,000;7,600;1,000;4,000;

3090;2016.01.07 17:00:00;41,522;-5,300;4,000;64,000;7,000;7,600;1,000;4,000;

3091;2016.01.07 18:00:00;41,151;-5,200;3,000;69,000;8,000;7,600;1,000;4,000;

3092;2016.01.07 19:00:00;40,837;-5,500;5,000;73,000;8,000;7,600;1,000;4,000;

3093;2016.01.07 20:00:00;37,754;-5,800;4,000;74,000;8,000;7,600;1,000;4,000;

3094;2016.01.07 21:00:00;38,492;-6,000;4,000;75,000;8,000;7,600;1,000;4,000;

3095;2016.01.07 22:00:00;34,188;-6,100;4,000;78,000;7,000;7,600;1,000;4,000;

3096;2016.01.07 23:00:00;34,614;-5,600;4,000;77,000;7,000;7,600;1,000;4,000;

3097;2016.01.08 00:00:00;36,984;-5,400;6,000;78,000;7,000;7,650;2,000;4,000;

3098;2016.01.08 01:00:00;37,484;-5,300;5,000;82,000;8,000;7,650;2,000;4,000;

3099;2016.01.08 02:00:00;33,929;-4,900;5,000;84,000;8,000;7,650;2,000;4,000;

3100;2016.01.08 03:00:00;37,466;-4,400;4,000;87,000;8,000;7,650;2,000;4,000;

3101;2016.01.08 04:00:00;33,799;-4,100;4,000;87,000;8,000;7,650;2,000;4,000;

3102;2016.01.08 05:00:00;36,355;-3,900;4,000;86,000;8,000;7,650;2,000;4,000;

3103;2016.01.08 06:00:00;37,614;-3,200;4,000;83,000;8,000;7,650;2,000;4,000;

3104;2016.01.08 07:00:00;37,262;-3,200;5,000;87,000;8,000;7,650;2,000;4,000;

3105;2016.01.08 08:00:00;35,577;-3,100;5,000;89,000;8,000;7,650;2,000;4,000;

3106;2016.01.08 09:00:00;34,744;-2,900;5,000;91,000;8,000;7,650;2,000;4,000;

3107;2016.01.08 10:00:00;33,929;-2,800;5,000;92,000;8,000;7,650;2,000;4,000;

3108;2016.01.08 11:00:00;33,767;-2,500;5,000;89,000;8,000;7,650;2,000;4,000;

3109;2016.01.08 12:00:00;38,795;-2,300;4,000;93,000;8,000;7,650;2,000;4,000;

3110;2016.01.08 13:00:00;31,465;-1,900;4,000;93,000;8,000;7,650;2,000;4,000;

3111;2016.01.08 14:00:00;34,619;-1,200;3,000;94,000;8,000;7,650;2,000;4,000;

3112;2016.01.08 15:00:00;39,183;-0,400;3,000;95,000;8,000;7,650;2,000;4,000;

3113;2016.01.08 16:00:00;33,151;0,400;3,000;96,000;8,000;7,650;2,000;4,000;

3114;2016.01.08 17:00:00;33,614;0,700;2,000;96,000;8,000;7,650;2,000;4,000;

3115;2016.01.08 18:00:00;32,817;1,100;2,000;96,000;8,000;7,650;2,000;4,000;

3116;2016.01.08 19:00:00;31,447;1,200;3,000;94,000;8,000;7,650;2,000;4,000;

3117;2016.01.08 20:00:00;32,169;1,100;3,000;94,000;8,000;7,650;2,000;4,000;

3118;2016.01.08 21:00:00;32,095;1,100;4,000;93,000;8,000;7,650;2,000;4,000;

3119;2016.01.08 22:00:00;30,299;0,800;3,000;95,000;8,000;7,650;2,000;4,000;

3120;2016.01.08 23:00:00;27,873;1,000;3,000;96,000;8,000;7,650;2,000;4,000;

3121;2016.01.09 00:00:00;29,669;2,100;4,000;95,000;8,000;7,683;3,000;4,000;

3122;2016.01.09 01:00:00;29,095;1,600;5,000;92,000;8,000;7,683;3,000;4,000;

3123;2016.01.09 02:00:00;28,891;1,300;5,000;90,000;8,000;7,683;3,000;4,000;

3124;2016.01.09 03:00:00;28,891;1,300;4,000;88,000;8,000;7,683;3,000;4,000;

3125;2016.01.09 04:00:00;28,687;1,700;3,000;84,000;8,000;7,683;3,000;4,000;

3126;2016.01.09 05:00:00;29,225;1,500;3,000;84,000;8,000;7,683;3,000;4,000;

3127;2016.01.09 06:00:00;30,910;1,200;3,000;87,000;8,000;7,683;3,000;4,000;

3128;2016.01.09 07:00:00;32,317;0,800;3,000;88,000;8,000;7,683;3,000;4,000;

3129;2016.01.09 08:00:00;29,799;0,500;4,000;89,000;7,000;7,683;3,000;4,000;

3130;2016.01.09 09:00:00;28,632;0,800;2,000;88,000;3,000;7,683;3,000;4,000;

3131;2016.01.09 10:00:00;28,891;1,200;3,000;84,000;2,000;7,683;3,000;4,000;

3132;2016.01.09 11:00:00;29,428;1,600;3,000;82,000;5,000;7,683;3,000;4,000;

3133;2016.01.09 12:00:00;29,873;1,600;2,000;82,000;7,000;7,683;3,000;4,000;

3134;2016.01.09 13:00:00;28,762;1,700;3,000;82,000;5,000;7,683;3,000;4,000;

3135;2016.01.09 14:00:00;28,743;1,500;3,000;84,000;7,000;7,683;3,000;4,000;

3136;2016.01.09 15:00:00;28,317;0,900;3,000;87,000;6,000;7,683;3,000;4,000;

3137;2016.01.09 16:00:00;32,151;0,400;3,000;90,000;5,000;7,683;3,000;4,000;

3138;2016.01.09 17:00:00;29,502;0,000;3,000;92,000;1,000;7,683;3,000;4,000;

3139;2016.01.09 18:00:00;30,743;-0,300;4,000;94,000;8,000;7,683;3,000;4,000;

3140;2016.01.09 19:00:00;31,577;0,000;4,000;96,000;8,000;7,683;3,000;4,000;

3141;2016.01.09 20:00:00;30,817;0,300;3,000;95,000;8,000;7,683;3,000;4,000;

3142;2016.01.09 21:00:00;30,669;0,300;3,000;95,000;8,000;7,683;3,000;4,000;

3143;2016.01.09 22:00:00;28,965;-0,100;5,000;94,000;8,000;7,683;3,000;4,000;

3144;2016.01.09 23:00:00;23,632;-0,400;5,000;95,000;8,000;7,683;3,000;4,000;

3145;2016.01.10 00:00:00;27,984;-0,600;4,000;95,000;8,000;7,717;4,000;4,000;

3146;2016.01.10 01:00:00;27,206;-1,100;5,000;95,000;8,000;7,717;4,000;4,000;

3147;2016.01.10 02:00:00;26,669;-1,000;4,000;94,000;8,000;7,717;4,000;4,000;

3148;2016.01.10 03:00:00;28,317;-0,900;4,000;93,000;8,000;7,717;4,000;4,000;

3149;2016.01.10 04:00:00;27,836;-0,900;5,000;92,000;7,000;7,717;4,000;4,000;

3150;2016.01.10 05:00:00;26,965;-0,700;4,000;89,000;0,000;7,717;4,000;4,000;

3151;2016.01.10 06:00:00;30,688;-0,800;4,000;89,000;7,000;7,717;4,000;4,000;

3152;2016.01.10 07:00:00;29,132;-0,400;5,000;88,000;7,000;7,717;4,000;4,000;

3153;2016.01.10 08:00:00;29,910;-0,900;5,000;89,000;7,000;7,717;4,000;4,000;

3154;2016.01.10 09:00:00;28,494;-0,200;5,000;90,000;8,000;7,717;4,000;4,000;

3155;2016.01.10 10:00:00;30,992;0,200;4,000;90,000;8,000;7,717;4,000;4,000;

3156;2016.01.10 11:00:00;31,577;0,400;5,000;89,000;8,000;7,717;4,000;4,000;

3157;2016.01.10 12:00:00;29,076;0,600;4,000;89,000;8,000;7,717;4,000;4,000;

3158;2016.01.10 13:00:00;27,187;0,300;4,000;90,000;8,000;7,717;4,000;4,000;

3159;2016.01.10 14:00:00;29,252;0,200;5,000;91,000;8,000;7,717;4,000;4,000;

3160;2016.01.10 15:00:00;33,554;0,500;5,000;90,000;8,000;7,717;4,000;4,000;

3161;2016.01.10 16:00:00;29,923;0,500;4,000;90,000;8,000;7,717;4,000;4,000;

3162;2016.01.10 17:00:00;28,767;0,800;5,000;89,000;8,000;7,717;4,000;4,000;

3163;2016.01.10 18:00:00;30,301;0,600;4,000;93,000;8,000;7,717;4,000;4,000;

3164;2016.01.10 19:00:00;32,501;0,900;4,000;93,000;8,000;7,717;4,000;4,000;

3165;2016.01.10 20:00:00;31,682;1,000;3,000;93,000;8,000;7,717;4,000;4,000;

3166;2016.01.10 21:00:00;27,873;1,100;4,000;94,000;8,000;7,717;4,000;4,000;

3167;2016.01.10 22:00:00;25,891;1,200;3,000;94,000;8,000;7,717;4,000;4,000;

3168;2016.01.10 23:00:00;23,169;1,300;4,000;95,000;8,000;7,717;4,000;4,000;

3169;2016.01.11 00:00:00;26,817;1,300;4,000;95,000;8,000;7,750;1,000;4,000;

3170;2016.01.11 01:00:00;25,484;1,300;4,000;95,000;8,000;7,750;1,000;4,000;

3171;2016.01.11 02:00:00;25,835;1,100;3,000;96,000;8,000;7,750;1,000;4,000;

3172;2016.01.11 03:00:00;25,780;1,100;4,000;97,000;8,000;7,750;1,000;4,000;

3173;2016.01.11 04:00:00;25,576;1,100;4,000;97,000;8,000;7,750;1,000;4,000;

3174;2016.01.11 05:00:00;26,465;1,200;3,000;96,000;8,000;7,750;1,000;4,000;

3175;2016.01.11 06:00:00;27,650;1,200;3,000;96,000;8,000;7,750;1,000;4,000;

3176;2016.01.11 07:00:00;26,947;1,200;3,000;96,000;8,000;7,750;1,000;4,000;

3177;2016.01.11 08:00:00;25,298;1,200;3,000;95,000;8,000;7,750;1,000;4,000;

3178;2016.01.11 09:00:00;24,780;1,500;3,000;95,000;8,000;7,750;1,000;4,000;

3179;2016.01.11 10:00:00;24,398;1,700;3,000;94,000;8,000;7,750;1,000;4,000;

3180;2016.01.11 11:00:00;25,336;1,800;3,000;94,000;8,000;7,750;1,000;4,000;

3181;2016.01.11 12:00:00;25,220;2,000;3,000;94,000;8,000;7,750;1,000;4,000;

3182;2016.01.11 13:00:00;26,113;1,800;1,000;96,000;8,000;7,750;1,000;4,000;

3183;2016.01.11 14:00:00;25,665;1,500;2,000;96,000;8,000;7,750;1,000;4,000;

3184;2016.01.11 15:00:00;28,856;1,300;1,000;97,000;8,000;7,750;1,000;4,000;

3185;2016.01.11 16:00:00;24,461;1,200;1,000;97,000;9,000;7,750;1,000;4,000;

3186;2016.01.11 17:00:00;22,921;1,000;1,000;98,000;8,000;7,750;1,000;4,000;

3187;2016.01.11 18:00:00;25,704;0,800;1,000;98,000;8,000;7,750;1,000;4,000;

3188;2016.01.11 19:00:00;25,325;0,400;1,000;98,000;8,000;7,750;1,000;4,000;

3189;2016.01.11 20:00:00;26,077;0,500;2,000;98,000;8,000;7,750;1,000;4,000;

3190;2016.01.11 21:00:00;25,169;0,500;1,000;99,000;8,000;7,750;1,000;4,000;

3191;2016.01.11 22:00:00;24,696;0,400;2,000;99,000;8,000;7,750;1,000;4,000;

3192;2016.01.11 23:00:00;21,807;0,200;1,000;99,000;8,000;7,750;1,000;4,000;

3193;2016.01.12 00:00:00;24,169;-0,100;2,000;99,000;8,000;7,800;1,000;4,000;

3194;2016.01.12 01:00:00;25,363;-0,100;1,000;99,000;9,000;7,800;1,000;4,000;

3195;2016.01.12 02:00:00;25,035;-0,100;1,000;99,000;8,000;7,800;1,000;4,000;

3196;2016.01.12 03:00:00;24,793;0,000;1,000;99,000;8,000;7,800;1,000;4,000;

3197;2016.01.12 04:00:00;25,632;0,000;2,000;99,000;8,000;7,800;1,000;4,000;

3198;2016.01.12 05:00:00;25,984;0,100;1,000;99,000;8,000;7,800;1,000;4,000;

3199;2016.01.12 06:00:00;25,613;0,500;1,000;99,000;8,000;7,800;1,000;4,000;

3200;2016.01.12 07:00:00;28,595;0,700;1,000;99,000;8,000;7,800;1,000;4,000;

3201;2016.01.12 08:00:00;27,669;1,000;2,000;98,000;8,000;7,800;1,000;4,000;

3202;2016.01.12 09:00:00;28,132;1,300;1,000;97,000;8,000;7,800;1,000;4,000;

3203;2016.01.12 10:00:00;26,058;1,400;1,000;94,000;8,000;7,800;1,000;4,000;

3204;2016.01.12 11:00:00;26,243;1,500;1,000;94,000;8,000;7,800;1,000;4,000;

3205;2016.01.12 12:00:00;25,706;1,800;1,000;92,000;8,000;7,800;1,000;4,000;

3206;2016.01.12 13:00:00;24,546;1,500;1,000;94,000;8,000;7,800;1,000;4,000;

3207;2016.01.12 14:00:00;26,142;1,400;0,000;94,000;8,000;7,800;1,000;4,000;

3208;2016.01.12 15:00:00;30,971;1,400;0,000;94,000;8,000;7,800;1,000;4,000;

3209;2016.01.12 16:00:00;31,014;1,500;1,000;91,000;8,000;7,800;1,000;4,000;

3210;2016.01.12 17:00:00;28,375;1,200;2,000;93,000;8,000;7,800;1,000;4,000;

3211;2016.01.12 18:00:00;30,776;1,100;1,000;94,000;7,000;7,800;1,000;4,000;

3212;2016.01.12 19:00:00;30,727;1,000;1,000;95,000;7,000;7,800;1,000;4,000;

3213;2016.01.12 20:00:00;31,124;0,900;2,000;95,000;8,000;7,800;1,000;4,000;

3214;2016.01.12 21:00:00;27,565;0,700;2,000;95,000;8,000;7,800;1,000;4,000;

3215;2016.01.12 22:00:00;27,135;0,700;2,000;96,000;8,000;7,800;1,000;4,000;

3216;2016.01.12 23:00:00;25,409;0,600;2,000;96,000;8,000;7,800;1,000;4,000;

3217;2016.01.13 00:00:00;26,798;0,400;2,000;97,000;8,000;7,833;1,000;4,000;

3218;2016.01.13 01:00:00;26,187;0,300;2,000;97,000;8,000;7,833;1,000;4,000;

3219;2016.01.13 02:00:00;27,706;0,300;2,000;97,000;8,000;7,833;1,000;4,000;

3220;2016.01.13 03:00:00;26,465;0,400;2,000;98,000;8,000;7,833;1,000;4,000;

3221;2016.01.13 04:00:00;26,354;0,400;1,000;98,000;8,000;7,833;1,000;4,000;

3222;2016.01.13 05:00:00;29,299;0,200;1,000;98,000;8,000;7,833;1,000;4,000;

3223;2016.01.13 06:00:00;27,472;0,100;1,000;98,000;8,000;7,833;1,000;4,000;

3224;2016.01.13 07:00:00;26,773;0,100;1,000;98,000;8,000;7,833;1,000;4,000;

3225;2016.01.13 08:00:00;29,299;0,200;2,000;98,000;8,000;7,833;1,000;4,000;

3226;2016.01.13 09:00:00;26,502;-0,100;2,000;98,000;8,000;7,833;1,000;4,000;

3227;2016.01.13 10:00:00;27,713;-0,200;2,000;98,000;8,000;7,833;1,000;4,000;

3228;2016.01.13 11:00:00;30,440;-0,500;3,000;97,000;8,000;7,833;1,000;4,000;

3229;2016.01.13 12:00:00;28,132;-0,400;2,000;95,000;8,000;7,833;1,000;4,000;

3230;2016.01.13 13:00:00;29,567;-0,300;2,000;90,000;7,000;7,833;1,000;4,000;

3231;2016.01.13 14:00:00;30,127;-0,300;3,000;84,000;7,000;7,833;1,000;4,000;

3232;2016.01.13 15:00:00;32,091;-0,500;4,000;76,000;7,000;7,833;1,000;4,000;

3233;2016.01.13 16:00:00;28,353;-0,600;4,000;79,000;7,000;7,833;1,000;4,000;

3234;2016.01.13 17:00:00;32,507;-1,000;3,000;75,000;7,000;7,833;1,000;4,000;

3235;2016.01.13 18:00:00;32,933;-1,000;4,000;74,000;7,000;7,833;1,000;4,000;

3236;2016.01.13 19:00:00;34,274;-0,900;4,000;73,000;8,000;7,833;1,000;4,000;

3237;2016.01.13 20:00:00;33,775;-0,700;4,000;77,000;8,000;7,833;1,000;4,000;

3238;2016.01.13 21:00:00;33,319;-1,100;4,000;76,000;8,000;7,833;1,000;4,000;

3239;2016.01.13 22:00:00;28,504;-1,100;5,000;75,000;8,000;7,833;1,000;4,000;

3240;2016.01.13 23:00:00;26,727;-0,800;4,000;75,000;8,000;7,833;1,000;4,000;

3241;2016.01.14 00:00:00;28,481;-0,800;4,000;76,000;8,000;7,883;1,000;4,000;

3242;2016.01.14 01:00:00;28,912;-0,900;3,000;81,000;8,000;7,883;1,000;4,000;

3243;2016.01.14 02:00:00;28,059;-1,300;4,000;85,000;8,000;7,883;1,000;4,000;

3244;2016.01.14 03:00:00;29,424;-1,500;3,000;88,000;8,000;7,883;1,000;4,000;

3245;2016.01.14 04:00:00;28,560;-1,400;4,000;88,000;8,000;7,883;1,000;4,000;

3246;2016.01.14 05:00:00;32,317;-1,500;4,000;89,000;8,000;7,883;1,000;4,000;

3247;2016.01.14 06:00:00;31,471;-1,400;2,000;91,000;7,000;7,883;1,000;4,000;

3248;2016.01.14 07:00:00;29,423;-1,500;2,000;92,000;8,000;7,883;1,000;4,000;

3249;2016.01.14 08:00:00;27,261;-1,200;3,000;93,000;8,000;7,883;1,000;4,000;

3250;2016.01.14 09:00:00;28,595;-0,700;2,000;93,000;8,000;7,883;1,000;4,000;

3251;2016.01.14 10:00:00;28,118;-0,200;3,000;93,000;8,000;7,883;1,000;4,000;

3252;2016.01.14 11:00:00;28,368;0,000;3,000;93,000;8,000;7,883;1,000;4,000;

3253;2016.01.14 12:00:00;27,799;0,400;3,000;93,000;8,000;7,883;1,000;4,000;

3254;2016.01.14 13:00:00;26,277;0,500;3,000;95,000;8,000;7,883;1,000;4,000;

3255;2016.01.14 14:00:00;28,755;0,500;2,000;96,000;8,000;7,883;1,000;4,000;

3256;2016.01.14 15:00:00;30,455;0,600;2,000;97,000;8,000;7,883;1,000;4,000;

3257;2016.01.14 16:00:00;28,224;0,600;2,000;98,000;8,000;7,883;1,000;4,000;

3258;2016.01.14 17:00:00;33,466;0,600;2,000;98,000;8,000;7,883;1,000;4,000;

3259;2016.01.14 18:00:00;31,540;0,700;2,000;98,000;8,000;7,883;1,000;4,000;

3260;2016.01.14 19:00:00;29,109;0,700;2,000;98,000;8,000;7,883;1,000;4,000;

3261;2016.01.14 20:00:00;28,874;0,600;2,000;97,000;8,000;7,883;1,000;4,000;

3262;2016.01.14 21:00:00;28,875;0,600;2,000;96,000;8,000;7,883;1,000;4,000;

3263;2016.01.14 22:00:00;25,835;0,700;1,000;95,000;8,000;7,883;1,000;4,000;

3264;2016.01.14 23:00:00;24,288;0,600;2,000;94,000;8,000;7,883;1,000;4,000;

3265;2016.01.15 00:00:00;26,163;0,400;1,000;95,000;7,000;7,933;2,000;4,000;

3266;2016.01.15 01:00:00;26,611;0,300;2,000;95,000;6,000;7,933;2,000;4,000;

3267;2016.01.15 02:00:00;25,632;-0,200;2,000;96,000;6,000;7,933;2,000;4,000;

3268;2016.01.15 03:00:00;27,039;-0,600;2,000;97,000;8,000;7,933;2,000;4,000;

3269;2016.01.15 04:00:00;26,484;-0,800;2,000;98,000;8,000;7,933;2,000;4,000;

3270;2016.01.15 05:00:00;29,797;-0,500;3,000;98,000;8,000;7,933;2,000;4,000;

3271;2016.01.15 06:00:00;30,448;-0,100;2,000;97,000;8,000;7,933;2,000;4,000;

3272;2016.01.15 07:00:00;29,953;-0,100;2,000;95,000;7,000;7,933;2,000;4,000;

3273;2016.01.15 08:00:00;29,440;-0,200;2,000;93,000;8,000;7,933;2,000;4,000;

3274;2016.01.15 09:00:00;21,113;-0,300;1,000;92,000;8,000;7,933;2,000;4,000;

3275;2016.01.15 10:00:00;33,515;-0,100;2,000;91,000;8,000;7,933;2,000;4,000;

3276;2016.01.15 11:00:00;28,527;0,300;1,000;88,000;8,000;7,933;2,000;4,000;

3277;2016.01.15 12:00:00;27,859;0,400;1,000;86,000;7,000;7,933;2,000;4,000;

3278;2016.01.15 13:00:00;26,960;0,400;2,000;87,000;7,000;7,933;2,000;4,000;

3279;2016.01.15 14:00:00;28,174;0,300;2,000;89,000;7,000;7,933;2,000;4,000;

3280;2016.01.15 15:00:00;30,035;0,000;1,000;92,000;8,000;7,933;2,000;4,000;

3281;2016.01.15 16:00:00;29,021;-0,900;0,000;93,000;2,000;7,933;2,000;4,000;

3282;2016.01.15 17:00:00;31,514;-1,700;0,000;95,000;7,000;7,933;2,000;4,000;

3283;2016.01.15 18:00:00;28,676;-2,500;1,000;96,000;5,000;7,933;2,000;4,000;

3284;2016.01.15 19:00:00;29,725;-1,700;1,000;97,000;7,000;7,933;2,000;4,000;

3285;2016.01.15 20:00:00;29,707;-1,500;1,000;97,000;8,000;7,933;2,000;4,000;

3286;2016.01.15 21:00:00;30,536;-1,100;1,000;97,000;8,000;7,933;2,000;4,000;

3287;2016.01.15 22:00:00;27,472;-1,000;1,000;97,000;8,000;7,933;2,000;4,000;

3288;2016.01.15 23:00:00;23,926;-1,200;0,000;97,000;7,000;7,933;2,000;4,000;

3289;2016.01.16 00:00:00;26,426;-3,100;1,000;97,000;7,000;7,967;3,000;4,000;

3290;2016.01.16 01:00:00;28,280;-2,100;0,000;98,000;7,000;7,967;3,000;4,000;

3291;2016.01.16 02:00:00;27,095;-2,100;1,000;98,000;4,000;7,967;3,000;4,000;

3292;2016.01.16 03:00:00;26,947;-1,700;1,000;98,000;8,000;7,967;3,000;4,000;

3293;2016.01.16 04:00:00;27,039;-2,100;1,000;97,000;7,000;7,967;3,000;4,000;

3294;2016.01.16 05:00:00;29,386;-1,700;2,000;97,000;7,000;7,967;3,000;4,000;

3295;2016.01.16 06:00:00;29,663;-1,600;1,000;97,000;7,000;7,967;3,000;4,000;

3296;2016.01.16 07:00:00;28,987;-1,500;1,000;96,000;7,000;7,967;3,000;4,000;

3297;2016.01.16 08:00:00;26,325;-1,000;1,000;91,000;6,000;7,967;3,000;4,000;

3298;2016.01.16 09:00:00;27,994;-0,700;1,000;89,000;5,000;7,967;3,000;4,000;

3299;2016.01.16 10:00:00;27,593;-0,100;1,000;78,000;4,000;7,967;3,000;4,000;

3300;2016.01.16 11:00:00;23,406;0,400;2,000;62,000;5,000;7,967;3,000;4,000;

3301;2016.01.16 12:00:00;28,886;0,200;2,000;66,000;6,000;7,967;3,000;4,000;

3302;2016.01.16 13:00:00;26,947;0,200;2,000;65,000;6,000;7,967;3,000;4,000;

3303;2016.01.16 14:00:00;27,335;0,100;2,000;68,000;6,000;7,967;3,000;4,000;

3304;2016.01.16 15:00:00;31,188;-1,400;1,000;73,000;7,000;7,967;3,000;4,000;

3305;2016.01.16 16:00:00;26,854;-2,000;1,000;77,000;7,000;7,967;3,000;4,000;

3306;2016.01.16 17:00:00;27,780;-2,600;1,000;81,000;7,000;7,967;3,000;4,000;

3307;2016.01.16 18:00:00;30,176;-2,700;1,000;83,000;7,000;7,967;3,000;4,000;

3308;2016.01.16 19:00:00;30,273;-2,300;2,000;84,000;7,000;7,967;3,000;4,000;

3309;2016.01.16 20:00:00;30,206;-2,200;1,000;86,000;8,000;7,967;3,000;4,000;

3310;2016.01.16 21:00:00;28,069;-2,300;0,000;89,000;8,000;7,967;3,000;4,000;

3311;2016.01.16 22:00:00;27,583;-2,500;1,000;93,000;8,000;7,967;3,000;4,000;

3312;2016.01.16 23:00:00;25,794;-2,500;1,000;94,000;8,000;7,967;3,000;4,000;

3313;2016.01.17 00:00:00;27,348;-2,500;1,000;95,000;8,000;8,017;4,000;4,000;

3314;2016.01.17 01:00:00;27,420;-2,900;1,000;95,000;8,000;8,017;4,000;4,000;

3315;2016.01.17 02:00:00;27,780;-2,700;1,000;96,000;7,000;8,017;4,000;4,000;

3316;2016.01.17 03:00:00;27,687;-2,600;2,000;95,000;7,000;8,017;4,000;4,000;

3317;2016.01.17 04:00:00;28,521;-3,200;1,000;95,000;8,000;8,017;4,000;4,000;

3318;2016.01.17 05:00:00;27,965;-3,500;0,000;95,000;7,000;8,017;4,000;4,000;

3319;2016.01.17 06:00:00;28,150;-3,300;2,000;95,000;7,000;8,017;4,000;4,000;

3320;2016.01.17 07:00:00;30,155;-3,300;1,000;95,000;8,000;8,017;4,000;4,000;

3321;2016.01.17 08:00:00;28,368;-3,000;1,000;95,000;7,000;8,017;4,000;4,000;

3322;2016.01.17 09:00:00;32,526;-2,800;1,000;94,000;8,000;8,017;4,000;4,000;

3323;2016.01.17 10:00:00;28,625;-2,200;1,000;94,000;8,000;8,017;4,000;4,000;

3324;2016.01.17 11:00:00;28,966;-1,400;1,000;94,000;8,000;8,017;4,000;4,000;

3325;2016.01.17 12:00:00;28,527;-0,700;1,000;92,000;8,000;8,017;4,000;4,000;

3326;2016.01.17 13:00:00;29,498;-0,900;1,000;92,000;8,000;8,017;4,000;4,000;

3327;2016.01.17 14:00:00;27,520;-1,100;0,000;93,000;7,000;8,017;4,000;4,000;

3328;2016.01.17 15:00:00;29,447;-1,400;1,000;91,000;7,000;8,017;4,000;4,000;

3329;2016.01.17 16:00:00;32,825;-1,900;1,000;93,000;7,000;8,017;4,000;4,000;

3330;2016.01.17 17:00:00;30,735;-2,400;1,000;94,000;7,000;8,017;4,000;4,000;

3331;2016.01.17 18:00:00;31,225;-2,900;1,000;94,000;7,000;8,017;4,000;4,000;

3332;2016.01.17 19:00:00;29,780;-2,600;2,000;95,000;7,000;8,017;4,000;4,000;

3333;2016.01.17 20:00:00;32,447;-2,400;2,000;95,000;8,000;8,017;4,000;4,000;

3334;2016.01.17 21:00:00;29,669;-2,300;2,000;95,000;8,000;8,017;4,000;4,000;

3335;2016.01.17 22:00:00;28,058;-2,600;2,000;94,000;8,000;8,017;4,000;4,000;

3336;2016.01.17 23:00:00;26,351;-2,500;2,000;93,000;8,000;8,017;4,000;4,000;

3337;2016.01.18 00:00:00;28,653;-2,400;2,000;91,000;8,000;8,067;1,000;4,000;

3338;2016.01.18 01:00:00;28,375;-2,500;3,000;89,000;8,000;8,067;1,000;4,000;

3339;2016.01.18 02:00:00;27,833;-3,000;3,000;91,000;8,000;8,067;1,000;4,000;

3340;2016.01.18 03:00:00;30,053;-3,300;2,000;94,000;8,000;8,067;1,000;4,000;

3341;2016.01.18 04:00:00;30,507;-4,500;2,000;91,000;8,000;8,067;1,000;4,000;

3342;2016.01.18 05:00:00;31,621;-4,600;2,000;90,000;8,000;8,067;1,000;4,000;

3343;2016.01.18 06:00:00;34,125;-4,900;2,000;91,000;7,000;8,067;1,000;4,000;

3344;2016.01.18 07:00:00;35,585;-5,100;2,000;93,000;7,000;8,067;1,000;4,000;

3345;2016.01.18 08:00:00;35,690;-5,000;2,000;93,000;7,000;8,067;1,000;4,000;

3346;2016.01.18 09:00:00;31,788;-4,200;2,000;92,000;4,000;8,067;1,000;4,000;

3347;2016.01.18 10:00:00;30,669;-3,500;3,000;91,000;7,000;8,067;1,000;4,000;

3348;2016.01.18 11:00:00;28,771;-3,200;3,000;88,000;7,000;8,067;1,000;4,000;

3349;2016.01.18 12:00:00;29,196;-2,800;3,000;84,000;5,000;8,067;1,000;4,000;

3350;2016.01.18 13:00:00;27,226;-2,600;3,000;74,000;6,000;8,067;1,000;4,000;

3351;2016.01.18 14:00:00;28,779;-2,700;3,000;70,000;2,000;8,067;1,000;4,000;

3352;2016.01.18 15:00:00;32,095;-4,000;2,000;77,000;1,000;8,067;1,000;4,000;

3353;2016.01.18 16:00:00;32,130;-5,200;2,000;84,000;1,000;8,067;1,000;4,000;

3354;2016.01.18 17:00:00;35,450;-6,200;3,000;89,000;0,000;8,067;1,000;4,000;

3355;2016.01.18 18:00:00;36,499;-6,900;2,000;89,000;0,000;8,067;1,000;4,000;

3356;2016.01.18 19:00:00;33,724;-6,400;3,000;90,000;7,000;8,067;1,000;4,000;

3357;2016.01.18 20:00:00;34,378;-6,200;3,000;88,000;7,000;8,067;1,000;4,000;

3358;2016.01.18 21:00:00;36,590;-5,800;3,000;89,000;7,000;8,067;1,000;4,000;

3359;2016.01.18 22:00:00;32,661;-5,500;3,000;88,000;7,000;8,067;1,000;4,000;

3360;2016.01.18 23:00:00;30,915;-5,100;3,000;88,000;8,000;8,067;1,000;4,000;

3361;2016.01.19 00:00:00;32,066;-4,900;3,000;91,000;8,000;8,117;1,000;4,000;

3362;2016.01.19 01:00:00;32,780;-4,600;4,000;90,000;8,000;8,117;1,000;4,000;

3363;2016.01.19 02:00:00;32,676;-4,500;5,000;91,000;8,000;8,117;1,000;4,000;

3364;2016.01.19 03:00:00;32,242;-4,500;4,000;93,000;8,000;8,117;1,000;4,000;

3365;2016.01.19 04:00:00;33,289;-4,500;3,000;94,000;8,000;8,117;1,000;4,000;

3366;2016.01.19 05:00:00;35,470;-4,300;3,000;95,000;8,000;8,117;1,000;4,000;

3367;2016.01.19 06:00:00;36,852;-4,100;3,000;95,000;8,000;8,117;1,000;4,000;

3368;2016.01.19 07:00:00;31,153;-5,000;3,000;91,000;7,000;8,117;1,000;4,000;

3369;2016.01.19 08:00:00;35,360;-5,400;3,000;87,000;7,000;8,117;1,000;4,000;

3370;2016.01.19 09:00:00;32,053;-5,300;3,000;85,000;7,000;8,117;1,000;4,000;

3371;2016.01.19 10:00:00;31,923;-4,500;3,000;76,000;7,000;8,117;1,000;4,000;

3372;2016.01.19 11:00:00;32,323;-3,800;3,000;72,000;7,000;8,117;1,000;4,000;

3373;2016.01.19 12:00:00;30,179;-3,500;3,000;73,000;7,000;8,117;1,000;4,000;

3374;2016.01.19 13:00:00;30,770;-3,100;4,000;70,000;7,000;8,117;1,000;4,000;

3375;2016.01.19 14:00:00;32,607;-3,100;4,000;71,000;7,000;8,117;1,000;4,000;

3376;2016.01.19 15:00:00;33,703;-3,300;4,000;72,000;7,000;8,117;1,000;4,000;

3377;2016.01.19 16:00:00;32,598;-3,300;4,000;71,000;7,000;8,117;1,000;4,000;

3378;2016.01.19 17:00:00;31,954;-3,300;5,000;70,000;7,000;8,117;1,000;4,000;

3379;2016.01.19 18:00:00;31,757;-3,400;5,000;69,000;7,000;8,117;1,000;4,000;

3380;2016.01.19 19:00:00;33,601;-3,400;5,000;69,000;7,000;8,117;1,000;4,000;

3381;2016.01.19 20:00:00;32,503;-3,600;4,000;71,000;8,000;8,117;1,000;4,000;

3382;2016.01.19 21:00:00;33,220;-3,800;5,000;77,000;8,000;8,117;1,000;4,000;

3383;2016.01.19 22:00:00;31,155;-3,800;4,000;78,000;8,000;8,117;1,000;4,000;

3384;2016.01.19 23:00:00;28,262;-4,100;4,000;83,000;8,000;8,117;1,000;4,000;

3385;2016.01.20 00:00:00;31,391;-4,100;4,000;82,000;8,000;8,167;1,000;4,000;

3386;2016.01.20 01:00:00;30,706;-4,300;4,000;85,000;8,000;8,167;1,000;4,000;

3387;2016.01.20 02:00:00;31,040;-4,400;4,000;88,000;7,000;8,167;1,000;4,000;

3388;2016.01.20 03:00:00;31,280;-4,200;4,000;89,000;8,000;8,167;1,000;4,000;

3389;2016.01.20 04:00:00;30,756;-3,800;4,000;93,000;8,000;8,167;1,000;4,000;

3390;2016.01.20 05:00:00;31,656;-3,500;4,000;95,000;8,000;8,167;1,000;4,000;

3391;2016.01.20 06:00:00;32,595;-3,100;4,000;96,000;8,000;8,167;1,000;4,000;

3392;2016.01.20 07:00:00;32,503;-3,000;1,000;96,000;7,000;8,167;1,000;4,000;

3393;2016.01.20 08:00:00;32,780;-2,500;1,000;96,000;8,000;8,167;1,000;4,000;

3394;2016.01.20 09:00:00;30,836;-1,700;1,000;95,000;7,000;8,167;1,000;4,000;

3395;2016.01.20 10:00:00;29,354;-0,200;4,000;77,000;7,000;8,167;1,000;4,000;

3396;2016.01.20 11:00:00;29,354;-0,400;4,000;67,000;7,000;8,167;1,000;4,000;

3397;2016.01.20 12:00:00;30,095;-0,700;4,000;69,000;8,000;8,167;1,000;4,000;

3398;2016.01.20 13:00:00;29,910;-0,900;4,000;70,000;8,000;8,167;1,000;4,000;

3399;2016.01.20 14:00:00;31,762;-1,200;4,000;70,000;8,000;8,167;1,000;4,000;

3400;2016.01.20 15:00:00;31,073;-1,300;3,000;66,000;8,000;8,167;1,000;4,000;

3401;2016.01.20 16:00:00;30,842;-1,700;2,000;69,000;8,000;8,167;1,000;4,000;

3402;2016.01.20 17:00:00;32,629;-1,600;3,000;72,000;8,000;8,167;1,000;4,000;

3403;2016.01.20 18:00:00;33,142;-1,900;3,000;71,000;8,000;8,167;1,000;4,000;

3404;2016.01.20 19:00:00;32,808;-2,000;4,000;68,000;8,000;8,167;1,000;4,000;

3405;2016.01.20 20:00:00;32,233;-2,100;3,000;74,000;8,000;8,167;1,000;4,000;

3406;2016.01.20 21:00:00;31,688;-2,100;3,000;76,000;8,000;8,167;1,000;4,000;

3407;2016.01.20 22:00:00;29,725;-2,200;3,000;81,000;8,000;8,167;1,000;4,000;

3408;2016.01.20 23:00:00;28,283;-2,400;2,000;90,000;8,000;8,167;1,000;4,000;

3409;2016.01.21 00:00:00;29,483;-2,100;2,000;83,000;8,000;8,200;1,000;4,000;

3410;2016.01.21 01:00:00;29,068;-2,200;3,000;84,000;8,000;8,200;1,000;4,000;

3411;2016.01.21 02:00:00;28,207;-1,800;2,000;76,000;8,000;8,200;1,000;4,000;

3412;2016.01.21 03:00:00;30,379;-1,600;3,000;74,000;8,000;8,200;1,000;4,000;

3413;2016.01.21 04:00:00;30,180;-1,700;4,000;78,000;8,000;8,200;1,000;4,000;

3414;2016.01.21 05:00:00;30,180;-1,800;5,000;75,000;7,000;8,200;1,000;4,000;

3415;2016.01.21 06:00:00;30,180;-1,600;4,000;72,000;8,000;8,200;1,000;4,000;

3416;2016.01.21 07:00:00;30,180;-1,700;3,000;70,000;8,000;8,200;1,000;4,000;

3417;2016.01.21 08:00:00;30,691;-1,600;3,000;71,000;7,000;8,200;1,000;4,000;

3418;2016.01.21 09:00:00;28,440;-1,100;4,000;68,000;7,000;8,200;1,000;4,000;

3419;2016.01.21 10:00:00;26,963;-1,000;4,000;67,000;7,000;8,200;1,000;4,000;

3420;2016.01.21 11:00:00;30,484;-0,700;3,000;67,000;7,000;8,200;1,000;4,000;

3421;2016.01.21 12:00:00;29,947;-0,200;5,000;70,000;4,000;8,200;1,000;4,000;

3422;2016.01.21 13:00:00;30,567;-0,300;5,000;68,000;5,000;8,200;1,000;4,000;

3423;2016.01.21 14:00:00;28,947;-0,300;3,000;71,000;6,000;8,200;1,000;4,000;

3424;2016.01.21 15:00:00;32,947;-0,400;4,000;73,000;6,000;8,200;1,000;4,000;

3425;2016.01.21 16:00:00;32,169;-0,400;5,000;71,000;3,000;8,200;1,000;4,000;

3426;2016.01.21 17:00:00;32,114;-0,400;5,000;69,000;4,000;8,200;1,000;4,000;

3427;2016.01.21 18:00:00;30,391;0,300;4,000;66,000;6,000;8,200;1,000;4,000;

3428;2016.01.21 19:00:00;31,391;0,200;4,000;65,000;6,000;8,200;1,000;4,000;

3429;2016.01.21 20:00:00;31,591;-0,500;2,000;73,000;6,000;8,200;1,000;4,000;

3430;2016.01.21 21:00:00;31,710;-0,800;3,000;85,000;6,000;8,200;1,000;4,000;

3431;2016.01.21 22:00:00;31,773;-0,800;4,000;83,000;7,000;8,200;1,000;4,000;

3432;2016.01.21 23:00:00;30,492;-1,900;4,000;81,000;8,000;8,200;1,000;4,000;

3433;2016.01.22 00:00:00;32,431;-2,800;4,000;83,000;6,000;8,267;2,000;4,000;

3434;2016.01.22 01:00:00;34,214;-3,900;3,000;84,000;1,000;8,267;2,000;4,000;

3435;2016.01.22 02:00:00;31,871;-4,500;4,000;87,000;0,000;8,267;2,000;4,000;

3436;2016.01.22 03:00:00;35,891;-5,900;2,000;90,000;0,000;8,267;2,000;4,000;

3437;2016.01.22 04:00:00;33,798;-7,100;2,000;93,000;0,000;8,267;2,000;4,000;

3438;2016.01.22 05:00:00;34,663;-7,800;2,000;93,000;2,000;8,267;2,000;4,000;

3439;2016.01.22 06:00:00;39,238;-8,200;2,000;94,000;0,000;8,267;2,000;4,000;

3440;2016.01.22 07:00:00;35,972;-8,500;3,000;93,000;0,000;8,267;2,000;4,000;

3441;2016.01.22 08:00:00;33,947;-8,000;3,000;94,000;0,000;8,267;2,000;4,000;

3442;2016.01.22 09:00:00;37,168;-7,300;3,000;91,000;0,000;8,267;2,000;4,000;

3443;2016.01.22 10:00:00;32,153;-6,000;2,000;87,000;0,000;8,267;2,000;4,000;

3444;2016.01.22 11:00:00;32,558;-4,600;3,000;82,000;0,000;8,267;2,000;4,000;

3445;2016.01.22 12:00:00;33,040;-3,600;3,000;76,000;0,000;8,267;2,000;4,000;

3446;2016.01.22 13:00:00;31,966;-2,700;2,000;69,000;0,000;8,267;2,000;4,000;

3447;2016.01.22 14:00:00;31,632;-2,800;3,000;69,000;0,000;8,267;2,000;4,000;

3448;2016.01.22 15:00:00;34,058;-3,500;1,000;70,000;0,000;8,267;2,000;4,000;

3449;2016.01.22 16:00:00;33,799;-4,500;2,000;75,000;1,000;8,267;2,000;4,000;

3450;2016.01.22 17:00:00;38,985;-4,800;3,000;78,000;0,000;8,267;2,000;4,000;

3451;2016.01.22 18:00:00;38,733;-5,900;3,000;84,000;0,000;8,267;2,000;4,000;

3452;2016.01.22 19:00:00;38,310;-6,500;3,000;85,000;0,000;8,267;2,000;4,000;

3453;2016.01.22 20:00:00;41,040;-6,600;3,000;85,000;0,000;8,267;2,000;4,000;

3454;2016.01.22 21:00:00;38,633;-7,100;3,000;85,000;0,000;8,267;2,000;4,000;

3455;2016.01.22 22:00:00;37,778;-7,300;3,000;86,000;0,000;8,267;2,000;4,000;

3456;2016.01.22 23:00:00;35,072;-7,100;4,000;85,000;0,000;8,267;2,000;4,000;

3457;2016.01.23 00:00:00;39,751;-7,200;4,000;83,000;0,000;8,317;3,000;4,000;

3458;2016.01.23 01:00:00;38,003;-7,400;4,000;82,000;1,000;8,317;3,000;4,000;

3459;2016.01.23 02:00:00;38,386;-7,600;4,000;83,000;0,000;8,317;3,000;4,000;

3460;2016.01.23 03:00:00;38,059;-7,900;4,000;82,000;0,000;8,317;3,000;4,000;

3461;2016.01.23 04:00:00;39,411;-8,100;4,000;81,000;1,000;8,317;3,000;4,000;

3462;2016.01.23 05:00:00;41,184;-8,300;5,000;81,000;4,000;8,317;3,000;4,000;

3463;2016.01.23 06:00:00;40,097;-8,200;4,000;81,000;6,000;8,317;3,000;4,000;

3464;2016.01.23 07:00:00;43,457;-8,000;4,000;79,000;7,000;8,317;3,000;4,000;

3465;2016.01.23 08:00:00;37,508;-7,600;4,000;78,000;8,000;8,317;3,000;4,000;

3466;2016.01.23 09:00:00;41,239;-7,000;3,000;75,000;8,000;8,317;3,000;4,000;

3467;2016.01.23 10:00:00;40,725;-6,200;4,000;73,000;8,000;8,317;3,000;4,000;

3468;2016.01.23 11:00:00;36,355;-5,500;4,000;71,000;7,000;8,317;3,000;4,000;

3469;2016.01.23 12:00:00;34,268;-5,200;3,000;71,000;8,000;8,317;3,000;4,000;

3470;2016.01.23 13:00:00;34,033;-4,900;3,000;73,000;8,000;8,317;3,000;4,000;

3471;2016.01.23 14:00:00;34,778;-4,600;3,000;72,000;8,000;8,317;3,000;4,000;

3472;2016.01.23 15:00:00;39,414;-4,400;2,000;73,000;8,000;8,317;3,000;4,000;

3473;2016.01.23 16:00:00;33,688;-4,300;2,000;75,000;8,000;8,317;3,000;4,000;

3474;2016.01.23 17:00:00;31,222;-4,200;2,000;76,000;8,000;8,317;3,000;4,000;

3475;2016.01.23 18:00:00;37,357;-4,100;1,000;77,000;8,000;8,317;3,000;4,000;

3476;2016.01.23 19:00:00;36,140;-4,000;2,000;79,000;8,000;8,317;3,000;4,000;

3477;2016.01.23 20:00:00;34,982;-3,800;2,000;87,000;8,000;8,317;3,000;4,000;

3478;2016.01.23 21:00:00;35,115;-3,500;2,000;93,000;8,000;8,317;3,000;4,000;

3479;2016.01.23 22:00:00;33,726;-2,900;3,000;92,000;8,000;8,317;3,000;4,000;

3480;2016.01.23 23:00:00;32,273;-2,500;2,000;92,000;8,000;8,317;3,000;4,000;

3481;2016.01.24 00:00:00;35,188;-2,400;2,000;92,000;8,000;8,367;4,000;4,000;

3482;2016.01.24 01:00:00;33,632;-2,200;2,000;93,000;8,000;8,367;4,000;4,000;

3483;2016.01.24 02:00:00;32,503;-1,900;2,000;93,000;8,000;8,367;4,000;4,000;

3484;2016.01.24 03:00:00;31,703;-1,400;2,000;94,000;8,000;8,367;4,000;4,000;

3485;2016.01.24 04:00:00;30,849;-0,300;2,000;96,000;8,000;8,367;4,000;4,000;

3486;2016.01.24 05:00:00;32,514;0,300;2,000;97,000;9,000;8,367;4,000;4,000;

3487;2016.01.24 06:00:00;32,722;0,700;3,000;98,000;9,000;8,367;4,000;4,000;

3488;2016.01.24 07:00:00;30,341;1,200;3,000;98,000;9,000;8,367;4,000;4,000;

3489;2016.01.24 08:00:00;29,404;1,300;4,000;98,000;9,000;8,367;4,000;4,000;

3490;2016.01.24 09:00:00;29,428;1,600;4,000;99,000;8,000;8,367;4,000;4,000;

3491;2016.01.24 10:00:00;30,817;1,600;2,000;99,000;8,000;8,367;4,000;4,000;

3492;2016.01.24 11:00:00;28,428;1,700;3,000;99,000;8,000;8,367;4,000;4,000;

3493;2016.01.24 12:00:00;27,169;1,900;3,000;99,000;8,000;8,367;4,000;4,000;

3494;2016.01.24 13:00:00;28,567;1,900;2,000;99,000;8,000;8,367;4,000;4,000;

3495;2016.01.24 14:00:00;26,381;2,200;2,000;99,000;8,000;8,367;4,000;4,000;

3496;2016.01.24 15:00:00;29,897;2,400;2,000;99,000;8,000;8,367;4,000;4,000;

3497;2016.01.24 16:00:00;28,182;2,300;2,000;99,000;8,000;8,367;4,000;4,000;

3498;2016.01.24 17:00:00;28,452;2,100;2,000;99,000;9,000;8,367;4,000;4,000;

3499;2016.01.24 18:00:00;28,540;2,100;2,000;99,000;9,000;8,367;4,000;4,000;

3500;2016.01.24 19:00:00;28,941;2,100;2,000;99,000;9,000;8,367;4,000;4,000;

3501;2016.01.24 20:00:00;28,956;2,000;3,000;99,000;9,000;8,367;4,000;4,000;

3502;2016.01.24 21:00:00;26,377;2,100;3,000;99,000;8,000;8,367;4,000;4,000;

3503;2016.01.24 22:00:00;27,694;2,100;3,000;99,000;8,000;8,367;4,000;4,000;

3504;2016.01.24 23:00:00;24,019;2,000;3,000;99,000;8,000;8,367;4,000;4,000;

3505;2016.01.25 00:00:00;28,111;2,000;3,000;98,000;8,000;8,433;1,000;4,000;

3506;2016.01.25 01:00:00;26,634;2,000;3,000;98,000;8,000;8,433;1,000;4,000;

3507;2016.01.25 02:00:00;25,632;2,100;3,000;97,000;8,000;8,433;1,000;4,000;

3508;2016.01.25 03:00:00;26,965;2,200;2,000;98,000;8,000;8,433;1,000;4,000;

3509;2016.01.25 04:00:00;25,067;2,300;2,000;98,000;8,000;8,433;1,000;4,000;

3510;2016.01.25 05:00:00;26,160;2,300;2,000;98,000;8,000;8,433;1,000;4,000;

3511;2016.01.25 06:00:00;24,039;2,300;2,000;98,000;8,000;8,433;1,000;4,000;

3512;2016.01.25 07:00:00;26,891;2,300;2,000;98,000;8,000;8,433;1,000;4,000;

3513;2016.01.25 08:00:00;26,169;2,700;1,000;98,000;8,000;8,433;1,000;4,000;

3514;2016.01.25 09:00:00;26,867;2,800;2,000;99,000;8,000;8,433;1,000;4,000;

3515;2016.01.25 10:00:00;24,508;2,900;3,000;99,000;9,000;8,433;1,000;4,000;

3516;2016.01.25 11:00:00;25,393;3,300;2,000;99,000;9,000;8,433;1,000;4,000;

3517;2016.01.25 12:00:00;24,628;3,600;3,000;99,000;8,000;8,433;1,000;4,000;

3518;2016.01.25 13:00:00;25,504;3,500;3,000;99,000;8,000;8,433;1,000;4,000;

3519;2016.01.25 14:00:00;24,529;3,600;1,000;99,000;8,000;8,433;1,000;4,000;

3520;2016.01.25 15:00:00;28,029;3,300;2,000;99,000;8,000;8,433;1,000;4,000;

3521;2016.01.25 16:00:00;25,349;3,200;2,000;99,000;8,000;8,433;1,000;4,000;

3522;2016.01.25 17:00:00;24,962;3,600;2,000;99,000;9,000;8,433;1,000;4,000;

3523;2016.01.25 18:00:00;28,430;3,900;2,000;99,000;9,000;8,433;1,000;4,000;

3524;2016.01.25 19:00:00;25,933;3,700;1,000;99,000;9,000;8,433;1,000;4,000;

3525;2016.01.25 20:00:00;24,595;3,900;1,000;100,000;9,000;8,433;1,000;4,000;

3526;2016.01.25 21:00:00;24,274;4,800;3,000;100,000;9,000;8,433;1,000;4,000;

3527;2016.01.25 22:00:00;23,038;5,300;2,000;100,000;9,000;8,433;1,000;4,000;

3528;2016.01.25 23:00:00;21,050;4,500;2,000;100,000;9,000;8,433;1,000;4,000;

3529;2016.01.26 00:00:00;22,715;5,000;3,000;100,000;9,000;8,483;1,000;4,000;

3530;2016.01.26 01:00:00;22,795;5,300;4,000;100,000;8,000;8,483;1,000;4,000;

3531;2016.01.26 02:00:00;21,827;5,500;2,000;100,000;8,000;8,483;1,000;4,000;

3532;2016.01.26 03:00:00;22,267;6,300;3,000;100,000;8,000;8,483;1,000;4,000;

3533;2016.01.26 04:00:00;22,270;6,400;3,000;100,000;8,000;8,483;1,000;4,000;

3534;2016.01.26 05:00:00;22,604;6,700;4,000;100,000;8,000;8,483;1,000;4,000;

3535;2016.01.26 06:00:00;22,178;6,600;4,000;99,000;8,000;8,483;1,000;4,000;

3536;2016.01.26 07:00:00;21,139;6,800;5,000;97,000;8,000;8,483;1,000;4,000;

3537;2016.01.26 08:00:00;21,463;7,000;4,000;94,000;8,000;8,483;1,000;4,000;

3538;2016.01.26 09:00:00;19,047;7,200;4,000;93,000;8,000;8,483;1,000;4,000;

3539;2016.01.26 10:00:00;24,655;7,600;5,000;91,000;8,000;8,483;1,000;4,000;

3540;2016.01.26 11:00:00;20,138;8,100;6,000;88,000;8,000;8,483;1,000;4,000;

3541;2016.01.26 12:00:00;18,501;6,400;7,000;86,000;8,000;8,483;1,000;4,000;

3542;2016.01.26 13:00:00;19,421;5,900;7,000;85,000;8,000;8,483;1,000;4,000;

3543;2016.01.26 14:00:00;19,779;5,600;4,000;86,000;7,000;8,483;1,000;4,000;

3544;2016.01.26 15:00:00;22,113;5,700;2,000;86,000;7,000;8,483;1,000;4,000;

3545;2016.01.26 16:00:00;20,966;5,000;2,000;88,000;7,000;8,483;1,000;4,000;

3546;2016.01.26 17:00:00;22,744;4,700;3,000;90,000;8,000;8,483;1,000;4,000;

3547;2016.01.26 18:00:00;21,730;4,700;2,000;92,000;8,000;8,483;1,000;4,000;

3548;2016.01.26 19:00:00;23,691;4,900;3,000;92,000;8,000;8,483;1,000;4,000;

3549;2016.01.26 20:00:00;23,545;5,400;3,000;91,000;8,000;8,483;1,000;4,000;

3550;2016.01.26 21:00:00;21,613;5,900;3,000;90,000;8,000;8,483;1,000;4,000;

3551;2016.01.26 22:00:00;20,724;6,600;3,000;91,000;7,000;8,483;1,000;4,000;

3552;2016.01.26 23:00:00;18,613;7,000;3,000;92,000;7,000;8,483;1,000;4,000;

3553;2016.01.27 00:00:00;19,890;7,600;4,000;90,000;7,000;8,550;1,000;4,000;

3554;2016.01.27 01:00:00;20,113;7,500;5,000;91,000;8,000;8,550;1,000;4,000;

3555;2016.01.27 02:00:00;19,613;7,500;6,000;92,000;8,000;8,550;1,000;4,000;

3556;2016.01.27 03:00:00;20,123;7,400;6,000;92,000;8,000;8,550;1,000;4,000;

3557;2016.01.27 04:00:00;20,012;7,100;5,000;93,000;8,000;8,550;1,000;4,000;

3558;2016.01.27 05:00:00;19,854;7,000;6,000;94,000;8,000;8,550;1,000;4,000;

3559;2016.01.27 06:00:00;20,427;7,200;5,000;92,000;8,000;8,550;1,000;4,000;

3560;2016.01.27 07:00:00;20,887;7,400;6,000;92,000;8,000;8,550;1,000;4,000;

3561;2016.01.27 08:00:00;19,521;7,600;5,000;91,000;8,000;8,550;1,000;4,000;

3562;2016.01.27 09:00:00;19,724;7,800;6,000;92,000;8,000;8,550;1,000;4,000;

3563;2016.01.27 10:00:00;19,168;8,400;5,000;89,000;8,000;8,550;1,000;4,000;

3564;2016.01.27 11:00:00;18,335;9,000;5,000;87,000;8,000;8,550;1,000;4,000;

3565;2016.01.27 12:00:00;18,057;9,300;5,000;86,000;8,000;8,550;1,000;4,000;

3566;2016.01.27 13:00:00;18,150;8,900;4,000;94,000;8,000;8,550;1,000;4,000;

3567;2016.01.27 14:00:00;19,241;8,700;5,000;94,000;8,000;8,550;1,000;4,000;

3568;2016.01.27 15:00:00;16,886;9,200;5,000;89,000;8,000;8,550;1,000;4,000;

3569;2016.01.27 16:00:00;18,510;9,700;5,000;85,000;8,000;8,550;1,000;4,000;

3570;2016.01.27 17:00:00;18,350;9,100;6,000;91,000;8,000;8,550;1,000;4,000;

3571;2016.01.27 18:00:00;18,001;9,400;5,000;89,000;8,000;8,550;1,000;4,000;

3572;2016.01.27 19:00:00;18,522;9,300;5,000;89,000;8,000;8,550;1,000;4,000;

3573;2016.01.27 20:00:00;19,759;9,600;5,000;85,000;8,000;8,550;1,000;4,000;

3574;2016.01.27 21:00:00;20,002;9,600;5,000;85,000;8,000;8,550;1,000;4,000;

3575;2016.01.27 22:00:00;17,501;9,700;3,000;84,000;8,000;8,550;1,000;4,000;

3576;2016.01.27 23:00:00;15,742;9,100;4,000;85,000;8,000;8,550;1,000;4,000;

3577;2016.01.28 00:00:00;18,520;9,400;5,000;81,000;8,000;8,600;1,000;4,000;

3578;2016.01.28 01:00:00;18,150;8,900;6,000;87,000;8,000;8,600;1,000;4,000;

3579;2016.01.28 02:00:00;17,779;8,300;5,000;91,000;8,000;8,600;1,000;4,000;

3580;2016.01.28 03:00:00;18,335;8,400;5,000;89,000;8,000;8,600;1,000;4,000;

3581;2016.01.28 04:00:00;18,890;8,400;6,000;91,000;8,000;8,600;1,000;4,000;

3582;2016.01.28 05:00:00;18,705;8,200;5,000;94,000;8,000;8,600;1,000;4,000;

3583;2016.01.28 06:00:00;18,977;8,500;5,000;95,000;8,000;8,600;1,000;4,000;

3584;2016.01.28 07:00:00;17,600;6,300;8,000;88,000;8,000;8,600;1,000;4,000;

3585;2016.01.28 08:00:00;19,577;6,100;7,000;86,000;8,000;8,600;1,000;4,000;

3586;2016.01.28 09:00:00;19,741;6,400;7,000;85,000;8,000;8,600;1,000;4,000;

3587;2016.01.28 10:00:00;19,033;6,200;10,000;78,000;1,000;8,600;1,000;4,000;

3588;2016.01.28 11:00:00;18,791;5,900;9,000;75,000;2,000;8,600;1,000;4,000;

3589;2016.01.28 12:00:00;21,086;5,600;10,000;74,000;1,000;8,600;1,000;4,000;

3590;2016.01.28 13:00:00;20,843;5,700;9,000;70,000;1,000;8,600;1,000;4,000;

3591;2016.01.28 14:00:00;19,941;5,600;9,000;69,000;1,000;8,600;1,000;4,000;

3592;2016.01.28 15:00:00;19,761;5,300;9,000;69,000;0,000;8,600;1,000;4,000;

3593;2016.01.28 16:00:00;21,533;4,800;8,000;70,000;0,000;8,600;1,000;4,000;

3594;2016.01.28 17:00:00;23,571;5,100;6,000;69,000;0,000;8,600;1,000;4,000;

3595;2016.01.28 18:00:00;25,463;5,000;6,000;68,000;2,000;8,600;1,000;4,000;

3596;2016.01.28 19:00:00;22,895;3,800;4,000;73,000;3,000;8,600;1,000;4,000;

3597;2016.01.28 20:00:00;26,417;3,700;3,000;76,000;7,000;8,600;1,000;4,000;

3598;2016.01.28 21:00:00;24,751;4,000;4,000;74,000;7,000;8,600;1,000;4,000;

3599;2016.01.28 22:00:00;23,198;3,700;4,000;74,000;7,000;8,600;1,000;4,000;

3600;2016.01.28 23:00:00;22,409;3,400;4,000;75,000;7,000;8,600;1,000;4,000;

3601;2016.01.29 00:00:00;24,238;3,300;4,000;75,000;3,000;8,667;2,000;4,000;

3602;2016.01.29 01:00:00;23,914;2,500;3,000;79,000;6,000;8,667;2,000;4,000;

3603;2016.01.29 02:00:00;23,664;2,200;3,000;82,000;8,000;8,667;2,000;4,000;

3604;2016.01.29 03:00:00;24,957;2,000;2,000;83,000;8,000;8,667;2,000;4,000;

3605;2016.01.29 04:00:00;24,780;2,500;4,000;81,000;8,000;8,667;2,000;4,000;

3606;2016.01.29 05:00:00;24,755;2,700;4,000;78,000;8,000;8,667;2,000;4,000;

3607;2016.01.29 06:00:00;23,964;2,300;5,000;78,000;4,000;8,667;2,000;4,000;

3608;2016.01.29 07:00:00;26,609;2,100;4,000;78,000;7,000;8,667;2,000;4,000;

3609;2016.01.29 08:00:00;25,174;2,500;4,000;77,000;7,000;8,667;2,000;4,000;

3610;2016.01.29 09:00:00;25,743;3,400;6,000;73,000;7,000;8,667;2,000;4,000;

3611;2016.01.29 10:00:00;24,113;3,700;5,000;76,000;8,000;8,667;2,000;4,000;

3612;2016.01.29 11:00:00;24,627;4,400;6,000;72,000;7,000;8,667;2,000;4,000;

3613;2016.01.29 12:00:00;23,951;4,900;6,000;72,000;7,000;8,667;2,000;4,000;

3614;2016.01.29 13:00:00;24,051;4,700;6,000;78,000;8,000;8,667;2,000;4,000;

3615;2016.01.29 14:00:00;23,042;4,400;5,000;85,000;8,000;8,667;2,000;4,000;

3616;2016.01.29 15:00:00;23,491;4,100;5,000;88,000;8,000;8,667;2,000;4,000;

3617;2016.01.29 16:00:00;26,269;4,600;6,000;86,000;8,000;8,667;2,000;4,000;

3618;2016.01.29 17:00:00;24,659;5,200;6,000;82,000;7,000;8,667;2,000;4,000;

3619;2016.01.29 18:00:00;24,147;6,100;6,000;79,000;8,000;8,667;2,000;4,000;

3620;2016.01.29 19:00:00;25,067;6,800;6,000;81,000;8,000;8,667;2,000;4,000;

3621;2016.01.29 20:00:00;22,975;7,600;6,000;78,000;7,000;8,667;2,000;4,000;

3622;2016.01.29 21:00:00;22,931;8,000;6,000;78,000;8,000;8,667;2,000;4,000;

3623;2016.01.29 22:00:00;22,645;7,900;6,000;83,000;8,000;8,667;2,000;4,000;

3624;2016.01.29 23:00:00;17,742;8,000;5,000;85,000;8,000;8,667;2,000;4,000;

3625;2016.01.30 00:00:00;20,965;8,500;6,000;81,000;8,000;8,733;3,000;4,000;

3626;2016.01.30 01:00:00;19,446;8,300;6,000;81,000;8,000;8,733;3,000;4,000;

3627;2016.01.30 02:00:00;19,631;8,500;7,000;79,000;8,000;8,733;3,000;4,000;

3628;2016.01.30 03:00:00;19,915;8,000;5,000;81,000;8,000;8,733;3,000;4,000;

3629;2016.01.30 04:00:00;19,724;8,200;5,000;79,000;8,000;8,733;3,000;4,000;

3630;2016.01.30 05:00:00;19,866;8,000;5,000;78,000;8,000;8,733;3,000;4,000;

3631;2016.01.30 06:00:00;19,964;8,000;6,000;78,000;7,000;8,733;3,000;4,000;

3632;2016.01.30 07:00:00;21,114;8,000;5,000;77,000;8,000;8,733;3,000;4,000;

3633;2016.01.30 08:00:00;19,612;8,200;7,000;75,000;8,000;8,733;3,000;4,000;

3634;2016.01.30 09:00:00;20,793;8,400;7,000;73,000;8,000;8,733;3,000;4,000;

3635;2016.01.30 10:00:00;21,564;7,500;6,000;82,000;8,000;8,733;3,000;4,000;

3636;2016.01.30 11:00:00;20,629;7,100;7,000;87,000;8,000;8,733;3,000;4,000;

3637;2016.01.30 12:00:00;18,779;7,200;7,000;88,000;8,000;8,733;3,000;4,000;

3638;2016.01.30 13:00:00;21,298;7,300;7,000;88,000;8,000;8,733;3,000;4,000;

3639;2016.01.30 14:00:00;19,296;7,200;6,000;89,000;8,000;8,733;3,000;4,000;

3640;2016.01.30 15:00:00;20,245;7,500;6,000;87,000;8,000;8,733;3,000;4,000;

3641;2016.01.30 16:00:00;21,002;7,600;6,000;85,000;8,000;8,733;3,000;4,000;

3642;2016.01.30 17:00:00;19,775;7,300;6,000;86,000;8,000;8,733;3,000;4,000;

3643;2016.01.30 18:00:00;19,256;6,800;5,000;90,000;8,000;8,733;3,000;4,000;

3644;2016.01.30 19:00:00;20,925;5,600;4,000;90,000;8,000;8,733;3,000;4,000;

3645;2016.01.30 20:00:00;19,959;4,300;6,000;92,000;8,000;8,733;3,000;4,000;

3646;2016.01.30 21:00:00;22,032;2,800;6,000;92,000;8,000;8,733;3,000;4,000;

3647;2016.01.30 22:00:00;22,052;2,500;8,000;92,000;8,000;8,733;3,000;4,000;

3648;2016.01.30 23:00:00;19,270;2,000;4,000;90,000;6,000;8,733;3,000;4,000;

3649;2016.01.31 00:00:00;24,300;2,200;5,000;91,000;3,000;8,783;4,000;4,000;

3650;2016.01.31 01:00:00;22,573;2,200;4,000;90,000;2,000;8,783;4,000;4,000;

3651;2016.01.31 02:00:00;23,039;2,200;6,000;89,000;2,000;8,783;4,000;4,000;

3652;2016.01.31 03:00:00;23,798;1,800;6,000;88,000;5,000;8,783;4,000;4,000;

3653;2016.01.31 04:00:00;24,635;2,100;6,000;86,000;7,000;8,783;4,000;4,000;

3654;2016.01.31 05:00:00;24,758;2,100;5,000;85,000;6,000;8,783;4,000;4,000;

3655;2016.01.31 06:00:00;23,113;2,300;6,000;81,000;7,000;8,783;4,000;4,000;

3656;2016.01.31 07:00:00;24,567;2,100;7,000;88,000;8,000;8,783;4,000;4,000;

3657;2016.01.31 08:00:00;25,315;2,600;7,000;83,000;7,000;8,783;4,000;4,000;

3658;2016.01.31 09:00:00;25,310;2,800;7,000;84,000;8,000;8,783;4,000;4,000;

3659;2016.01.31 10:00:00;24,298;2,900;7,000;84,000;8,000;8,783;4,000;4,000;

3660;2016.01.31 11:00:00;24,879;3,600;7,000;77,000;8,000;8,783;4,000;4,000;

3661;2016.01.31 12:00:00;25,300;4,000;7,000;75,000;8,000;8,783;4,000;4,000;

3662;2016.01.31 13:00:00;23,963;4,100;6,000;76,000;7,000;8,783;4,000;4,000;

3663;2016.01.31 14:00:00;22,097;4,000;8,000;75,000;8,000;8,783;4,000;4,000;

3664;2016.01.31 15:00:00;23,921;3,900;5,000;75,000;8,000;8,783;4,000;4,000;

3665;2016.01.31 16:00:00;27,550;3,400;6,000;78,000;8,000;8,783;4,000;4,000;

3666;2016.01.31 17:00:00;25,044;3,500;6,000;76,000;8,000;8,783;4,000;4,000;

3667;2016.01.31 18:00:00;23,724;2,700;6,000;86,000;7,000;8,783;4,000;4,000;

3668;2016.01.31 19:00:00;24,634;2,800;5,000;85,000;7,000;8,783;4,000;4,000;

3669;2016.01.31 20:00:00;24,796;1,900;6,000;88,000;7,000;8,783;4,000;4,000;

3670;2016.01.31 21:00:00;22,807;1,600;4,000;93,000;8,000;8,783;4,000;4,000;

3671;2016.01.31 22:00:00;23,748;2,800;6,000;90,000;8,000;8,783;4,000;4,000;

3672;2016.01.31 23:00:00;21,893;2,100;4,000;92,000;8,000;8,783;4,000;4,000;

3673;2016.02.01 00:00:00;24,170;2,200;5,000;93,000;8,000;8,850;1,000;4,000;

3674;2016.02.01 01:00:00;23,567;2,500;4,000;93,000;8,000;8,850;1,000;4,000;

3675;2016.02.01 02:00:00;22,258;2,700;4,000;90,000;6,000;8,850;1,000;4,000;

3676;2016.02.01 03:00:00;22,959;2,600;6,000;92,000;8,000;8,850;1,000;4,000;

3677;2016.02.01 04:00:00;23,421;2,900;5,000;88,000;6,000;8,850;1,000;4,000;

3678;2016.02.01 05:00:00;23,997;2,700;5,000;90,000;6,000;8,850;1,000;4,000;

3679;2016.02.01 06:00:00;22,892;2,600;4,000;90,000;7,000;8,850;1,000;4,000;

3680;2016.02.01 07:00:00;23,031;2,300;4,000;90,000;6,000;8,850;1,000;4,000;

3681;2016.02.01 08:00:00;22,780;2,700;5,000;90,000;7,000;8,850;1,000;4,000;

3682;2016.02.01 09:00:00;22,594;2,800;5,000;90,000;7,000;8,850;1,000;4,000;

3683;2016.02.01 10:00:00;21,205;3,600;4,000;86,000;6,000;8,850;1,000;4,000;

3684;2016.02.01 11:00:00;21,372;4,100;3,000;84,000;8,000;8,850;1,000;4,000;

3685;2016.02.01 12:00:00;21,039;3,800;4,000;82,000;8,000;8,850;1,000;4,000;

3686;2016.02.01 13:00:00;21,518;4,000;3,000;84,000;8,000;8,850;1,000;4,000;

3687;2016.02.01 14:00:00;19,059;4,500;3,000;84,000;8,000;8,850;1,000;4,000;

3688;2016.02.01 15:00:00;20,437;3,700;5,000;91,000;8,000;8,850;1,000;4,000;

3689;2016.02.01 16:00:00;25,046;3,900;5,000;94,000;8,000;8,850;1,000;4,000;

3690;2016.02.01 17:00:00;23,283;4,900;5,000;94,000;8,000;8,850;1,000;4,000;

3691;2016.02.01 18:00:00;23,621;5,900;4,000;96,000;8,000;8,850;1,000;4,000;

3692;2016.02.01 19:00:00;24,019;8,100;6,000;95,000;8,000;8,850;1,000;4,000;

3693;2016.02.01 20:00:00;19,662;8,800;9,000;93,000;8,000;8,850;1,000;4,000;

3694;2016.02.01 21:00:00;19,538;8,800;6,000;91,000;8,000;8,850;1,000;4,000;

3695;2016.02.01 22:00:00;19,278;9,200;7,000;89,000;8,000;8,850;1,000;4,000;

3696;2016.02.01 23:00:00;15,112;9,400;8,000;84,000;8,000;8,850;1,000;4,000;

3697;2016.02.02 00:00:00;19,264;9,000;6,000;85,000;8,000;8,917;1,000;4,000;

3698;2016.02.02 01:00:00;18,239;8,800;6,000;82,000;8,000;8,917;1,000;4,000;

3699;2016.02.02 02:00:00;18,063;8,700;7,000;75,000;8,000;8,917;1,000;4,000;

3700;2016.02.02 03:00:00;18,688;8,400;7,000;79,000;8,000;8,917;1,000;4,000;

3701;2016.02.02 04:00:00;18,267;8,100;7,000;86,000;8,000;8,917;1,000;4,000;

3702;2016.02.02 05:00:00;19,600;8,200;8,000;74,000;7,000;8,917;1,000;4,000;

3703;2016.02.02 06:00:00;19,617;7,900;7,000;76,000;7,000;8,917;1,000;4,000;

3704;2016.02.02 07:00:00;18,877;7,700;7,000;73,000;6,000;8,917;1,000;4,000;

3705;2016.02.02 08:00:00;17,739;7,400;8,000;73,000;4,000;8,917;1,000;4,000;

3706;2016.02.02 09:00:00;18,255;8,100;8,000;69,000;7,000;8,917;1,000;4,000;

3707;2016.02.02 10:00:00;17,760;8,400;9,000;65,000;8,000;8,917;1,000;4,000;

3708;2016.02.02 11:00:00;18,295;8,600;8,000;62,000;8,000;8,917;1,000;4,000;

3709;2016.02.02 12:00:00;17,700;8,600;7,000;63,000;7,000;8,917;1,000;4,000;

3710;2016.02.02 13:00:00;17,343;8,200;7,000;62,000;7,000;8,917;1,000;4,000;

3711;2016.02.02 14:00:00;16,850;7,700;7,000;69,000;7,000;8,917;1,000;4,000;

3712;2016.02.02 15:00:00;18,788;7,400;6,000;66,000;7,000;8,917;1,000;4,000;

3713;2016.02.02 16:00:00;19,533;7,400;4,000;64,000;7,000;8,917;1,000;4,000;

3714;2016.02.02 17:00:00;18,494;7,600;5,000;62,000;8,000;8,917;1,000;4,000;

3715;2016.02.02 18:00:00;17,344;7,800;8,000;62,000;7,000;8,917;1,000;4,000;

3716;2016.02.02 19:00:00;20,333;7,200;6,000;63,000;7,000;8,917;1,000;4,000;

3717;2016.02.02 20:00:00;20,335;7,000;6,000;60,000;7,000;8,917;1,000;4,000;

3718;2016.02.02 21:00:00;19,605;6,700;8,000;62,000;7,000;8,917;1,000;4,000;

3719;2016.02.02 22:00:00;20,138;6,200;8,000;68,000;3,000;8,917;1,000;4,000;

3720;2016.02.02 23:00:00;16,948;5,900;7,000;64,000;7,000;8,917;1,000;4,000;

3721;2016.02.03 00:00:00;21,834;5,400;7,000;67,000;4,000;8,983;1,000;4,000;

3722;2016.02.03 01:00:00;19,637;5,900;8,000;67,000;7,000;8,983;1,000;4,000;

3723;2016.02.03 02:00:00;20,088;6,000;9,000;69,000;7,000;8,983;1,000;4,000;

3724;2016.02.03 03:00:00;20,285;5,600;9,000;75,000;8,000;8,983;1,000;4,000;

3725;2016.02.03 04:00:00;20,347;5,600;8,000;76,000;8,000;8,983;1,000;4,000;

3726;2016.02.03 05:00:00;21,502;5,900;9,000;74,000;8,000;8,983;1,000;4,000;

3727;2016.02.03 06:00:00;21,946;6,000;10,000;70,000;7,000;8,983;1,000;4,000;

3728;2016.02.03 07:00:00;22,528;5,900;10,000;61,000;7,000;8,983;1,000;4,000;

3729;2016.02.03 08:00:00;21,288;5,600;8,000;64,000;7,000;8,983;1,000;4,000;

3730;2016.02.03 09:00:00;22,516;5,800;8,000;63,000;8,000;8,983;1,000;4,000;

3731;2016.02.03 10:00:00;21,360;6,000;9,000;61,000;8,000;8,983;1,000;4,000;

3732;2016.02.03 11:00:00;21,946;5,900;9,000;63,000;7,000;8,983;1,000;4,000;

3733;2016.02.03 12:00:00;21,917;6,100;8,000;60,000;7,000;8,983;1,000;4,000;

3734;2016.02.03 13:00:00;20,499;6,100;8,000;61,000;7,000;8,983;1,000;4,000;

3735;2016.02.03 14:00:00;20,123;5,800;8,000;62,000;7,000;8,983;1,000;4,000;

3736;2016.02.03 15:00:00;21,263;4,100;7,000;77,000;8,000;8,983;1,000;4,000;

3737;2016.02.03 16:00:00;24,076;3,000;6,000;91,000;8,000;8,983;1,000;4,000;

3738;2016.02.03 17:00:00;23,467;3,200;6,000;89,000;8,000;8,983;1,000;4,000;

3739;2016.02.03 18:00:00;22,889;3,100;6,000;91,000;8,000;8,983;1,000;4,000;

3740;2016.02.03 19:00:00;24,113;2,200;5,000;92,000;8,000;8,983;1,000;4,000;

3741;2016.02.03 20:00:00;24,817;3,300;5,000;91,000;7,000;8,983;1,000;4,000;

3742;2016.02.03 21:00:00;24,076;3,500;7,000;87,000;6,000;8,983;1,000;4,000;

3743;2016.02.03 22:00:00;23,562;3,500;7,000;87,000;7,000;8,983;1,000;4,000;

3744;2016.02.03 23:00:00;21,720;3,700;7,000;84,000;7,000;8,983;1,000;4,000;

3745;2016.02.04 00:00:00;23,891;3,500;7,000;84,000;7,000;9,033;1,000;4,000;

3746;2016.02.04 01:00:00;22,965;3,300;7,000;84,000;8,000;9,033;1,000;4,000;

3747;2016.02.04 02:00:00;22,719;3,100;7,000;82,000;8,000;9,033;1,000;4,000;

3748;2016.02.04 03:00:00;22,818;2,900;7,000;82,000;8,000;9,033;1,000;4,000;

3749;2016.02.04 04:00:00;22,461;2,800;7,000;83,000;8,000;9,033;1,000;4,000;

3750;2016.02.04 05:00:00;26,269;2,500;7,000;82,000;7,000;9,033;1,000;4,000;

3751;2016.02.04 06:00:00;25,002;2,500;7,000;82,000;8,000;9,033;1,000;4,000;

3752;2016.02.04 07:00:00;25,200;2,400;7,000;82,000;7,000;9,033;1,000;4,000;

3753;2016.02.04 08:00:00;23,851;2,700;7,000;81,000;7,000;9,033;1,000;4,000;

3754;2016.02.04 09:00:00;24,714;2,900;8,000;81,000;7,000;9,033;1,000;4,000;

3755;2016.02.04 10:00:00;24,020;3,600;7,000;78,000;5,000;9,033;1,000;4,000;

3756;2016.02.04 11:00:00;23,483;3,200;8,000;78,000;7,000;9,033;1,000;4,000;

3757;2016.02.04 12:00:00;22,502;3,600;7,000;81,000;7,000;9,033;1,000;4,000;

3758;2016.02.04 13:00:00;22,614;3,900;7,000;79,000;6,000;9,033;1,000;4,000;

3759;2016.02.04 14:00:00;23,167;3,300;6,000;81,000;6,000;9,033;1,000;4,000;

3760;2016.02.04 15:00:00;22,594;3,200;6,000;82,000;7,000;9,033;1,000;4,000;

3761;2016.02.04 16:00:00;25,372;3,100;6,000;82,000;8,000;9,033;1,000;4,000;

3762;2016.02.04 17:00:00;25,298;3,200;5,000;81,000;7,000;9,033;1,000;4,000;

3763;2016.02.04 18:00:00;23,681;3,000;5,000;84,000;6,000;9,033;1,000;4,000;

3764;2016.02.04 19:00:00;25,471;2,600;5,000;88,000;5,000;9,033;1,000;4,000;

3765;2016.02.04 20:00:00;23,573;2,400;5,000;90,000;4,000;9,033;1,000;4,000;

3766;2016.02.04 21:00:00;26,616;2,600;5,000;79,000;4,000;9,033;1,000;4,000;

3767;2016.02.04 22:00:00;25,021;2,300;4,000;75,000;4,000;9,033;1,000;4,000;

3768;2016.02.04 23:00:00;22,631;2,500;4,000;75,000;5,000;9,033;1,000;4,000;

3769;2016.02.05 00:00:00;26,687;2,100;3,000;81,000;1,000;9,100;2,000;4,000;

3770;2016.02.05 01:00:00;25,354;1,700;4,000;89,000;2,000;9,100;2,000;4,000;

3771;2016.02.05 02:00:00;25,835;1,600;4,000;89,000;5,000;9,100;2,000;4,000;

3772;2016.02.05 03:00:00;26,084;1,800;4,000;88,000;5,000;9,100;2,000;4,000;

3773;2016.02.05 04:00:00;25,642;1,800;3,000;89,000;5,000;9,100;2,000;4,000;

3774;2016.02.05 05:00:00;25,965;1,400;3,000;92,000;4,000;9,100;2,000;4,000;

3775;2016.02.05 06:00:00;27,280;1,000;3,000;92,000;6,000;9,100;2,000;4,000;

3776;2016.02.05 07:00:00;26,947;1,000;4,000;91,000;7,000;9,100;2,000;4,000;

3777;2016.02.05 08:00:00;26,891;1,000;5,000;90,000;7,000;9,100;2,000;4,000;

3778;2016.02.05 09:00:00;26,400;1,600;4,000;86,000;7,000;9,100;2,000;4,000;

3779;2016.02.05 10:00:00;25,716;2,500;5,000;81,000;7,000;9,100;2,000;4,000;

3780;2016.02.05 11:00:00;24,576;2,900;5,000;75,000;8,000;9,100;2,000;4,000;

3781;2016.02.05 12:00:00;24,595;3,300;4,000;74,000;7,000;9,100;2,000;4,000;

3782;2016.02.05 13:00:00;22,994;4,000;5,000;67,000;7,000;9,100;2,000;4,000;

3783;2016.02.05 14:00:00;24,788;3,500;4,000;79,000;8,000;9,100;2,000;4,000;

3784;2016.02.05 15:00:00;24,298;2,700;3,000;89,000;8,000;9,100;2,000;4,000;

3785;2016.02.05 16:00:00;26,095;2,600;3,000;91,000;8,000;9,100;2,000;4,000;

3786;2016.02.05 17:00:00;25,150;2,700;2,000;91,000;8,000;9,100;2,000;4,000;

3787;2016.02.05 18:00:00;25,224;2,500;3,000;91,000;7,000;9,100;2,000;4,000;

3788;2016.02.05 19:00:00;24,206;2,400;3,000;92,000;7,000;9,100;2,000;4,000;

3789;2016.02.05 20:00:00;26,335;2,600;3,000;92,000;8,000;9,100;2,000;4,000;

3790;2016.02.05 21:00:00;25,613;3,000;3,000;91,000;8,000;9,100;2,000;4,000;

3791;2016.02.05 22:00:00;23,372;2,800;3,000;92,000;8,000;9,100;2,000;4,000;

3792;2016.02.05 23:00:00;20,594;3,100;3,000;92,000;8,000;9,100;2,000;4,000;

3793;2016.02.06 00:00:00;25,150;3,200;4,000;95,000;8,000;9,167;3,000;4,000;

3794;2016.02.06 01:00:00;24,317;3,300;4,000;97,000;8,000;9,167;3,000;4,000;

3795;2016.02.06 02:00:00;23,817;3,600;3,000;97,000;8,000;9,167;3,000;4,000;

3796;2016.02.06 03:00:00;23,835;4,000;3,000;97,000;8,000;9,167;3,000;4,000;

3797;2016.02.06 04:00:00;24,317;4,500;3,000;98,000;8,000;9,167;3,000;4,000;

3798;2016.02.06 05:00:00;23,409;4,600;4,000;98,000;8,000;9,167;3,000;4,000;

3799;2016.02.06 06:00:00;24,076;5,000;3,000;98,000;8,000;9,167;3,000;4,000;

3800;2016.02.06 07:00:00;25,150;5,200;3,000;98,000;8,000;9,167;3,000;4,000;

3801;2016.02.06 08:00:00;21,354;5,700;4,000;98,000;8,000;9,167;3,000;4,000;

3802;2016.02.06 09:00:00;21,724;6,200;4,000;96,000;8,000;9,167;3,000;4,000;

3803;2016.02.06 10:00:00;21,539;6,900;5,000;93,000;8,000;9,167;3,000;4,000;

3804;2016.02.06 11:00:00;21,168;7,600;5,000;90,000;7,000;9,167;3,000;4,000;

3805;2016.02.06 12:00:00;19,631;8,100;4,000;88,000;8,000;9,167;3,000;4,000;

3806;2016.02.06 13:00:00;18,394;8,300;5,000;85,000;8,000;9,167;3,000;4,000;

3807;2016.02.06 14:00:00;18,831;8,400;4,000;82,000;7,000;9,167;3,000;4,000;

3808;2016.02.06 15:00:00;19,150;8,200;3,000;79,000;7,000;9,167;3,000;4,000;

3809;2016.02.06 16:00:00;18,279;7,300;3,000;84,000;6,000;9,167;3,000;4,000;

3810;2016.02.06 17:00:00;20,076;6,500;3,000;86,000;2,000;9,167;3,000;4,000;

3811;2016.02.06 18:00:00;20,094;6,200;4,000;88,000;0,000;9,167;3,000;4,000;

3812;2016.02.06 19:00:00;20,557;6,100;3,000;86,000;0,000;9,167;3,000;4,000;

3813;2016.02.06 20:00:00;20,224;5,800;4,000;86,000;0,000;9,167;3,000;4,000;

3814;2016.02.06 21:00:00;21,446;5,600;3,000;87,000;6,000;9,167;3,000;4,000;

3815;2016.02.06 22:00:00;21,965;5,600;3,000;87,000;7,000;9,167;3,000;4,000;

3816;2016.02.06 23:00:00;18,187;5,600;3,000;86,000;8,000;9,167;3,000;4,000;

3817;2016.02.07 00:00:00;21,613;6,100;4,000;82,000;7,000;9,233;4,000;4,000;

3818;2016.02.07 01:00:00;20,835;5,300;3,000;83,000;5,000;9,233;4,000;4,000;

3819;2016.02.07 02:00:00;20,588;4,800;3,000;86,000;5,000;9,233;4,000;4,000;

3820;2016.02.07 03:00:00;21,286;4,700;3,000;85,000;6,000;9,233;4,000;4,000;

3821;2016.02.07 04:00:00;21,668;4,600;3,000;85,000;6,000;9,233;4,000;4,000;

3822;2016.02.07 05:00:00;22,002;3,400;3,000;88,000;6,000;9,233;4,000;4,000;

3823;2016.02.07 06:00:00;23,520;3,500;4,000;88,000;6,000;9,233;4,000;4,000;

3824;2016.02.07 07:00:00;23,539;3,700;4,000;86,000;6,000;9,233;4,000;4,000;

3825;2016.02.07 08:00:00;22,391;4,900;4,000;81,000;8,000;9,233;4,000;4,000;

3826;2016.02.07 09:00:00;20,854;7,000;5,000;70,000;8,000;9,233;4,000;4,000;

3827;2016.02.07 10:00:00;20,742;9,000;5,000;62,000;8,000;9,233;4,000;4,000;

3828;2016.02.07 11:00:00;17,198;10,800;5,000;54,000;8,000;9,233;4,000;4,000;

3829;2016.02.07 12:00:00;16,169;12,400;4,000;48,000;8,000;9,233;4,000;4,000;

3830;2016.02.07 13:00:00;14,600;12,200;4,000;50,000;8,000;9,233;4,000;4,000;

3831;2016.02.07 14:00:00;15,914;11,600;5,000;52,000;7,000;9,233;4,000;4,000;

3832;2016.02.07 15:00:00;14,644;10,400;5,000;57,000;8,000;9,233;4,000;4,000;

3833;2016.02.07 16:00:00;14,835;9,200;4,000;62,000;8,000;9,233;4,000;4,000;

3834;2016.02.07 17:00:00;17,112;8,200;4,000;66,000;8,000;9,233;4,000;4,000;

3835;2016.02.07 18:00:00;17,013;7,500;4,000;69,000;7,000;9,233;4,000;4,000;

3836;2016.02.07 19:00:00;18,823;7,000;4,000;71,000;8,000;9,233;4,000;4,000;

3837;2016.02.07 20:00:00;19,628;6,200;3,000;74,000;8,000;9,233;4,000;4,000;

3838;2016.02.07 21:00:00;18,569;6,100;3,000;75,000;8,000;9,233;4,000;4,000;

3839;2016.02.07 22:00:00;20,227;6,400;3,000;75,000;8,000;9,233;4,000;4,000;

3840;2016.02.07 23:00:00;16,211;6,500;3,000;76,000;8,000;9,233;4,000;4,000;

3841;2016.02.08 00:00:00;18,983;5,700;3,000;88,000;8,000;9,300;1,000;4,000;

3842;2016.02.08 01:00:00;18,890;5,300;3,000;89,000;8,000;9,300;1,000;4,000;

3843;2016.02.08 02:00:00;17,607;5,100;3,000;88,000;8,000;9,300;1,000;4,000;

3844;2016.02.08 03:00:00;20,595;5,000;4,000;86,000;6,000;9,300;1,000;4,000;

3845;2016.02.08 04:00:00;19,821;4,400;4,000;87,000;3,000;9,300;1,000;4,000;

3846;2016.02.08 05:00:00;20,205;3,900;3,000;90,000;4,000;9,300;1,000;4,000;

3847;2016.02.08 06:00:00;19,956;4,300;4,000;88,000;4,000;9,300;1,000;4,000;

3848;2016.02.08 07:00:00;19,938;4,300;5,000;85,000;3,000;9,300;1,000;4,000;

3849;2016.02.08 08:00:00;19,354;6,000;5,000;76,000;7,000;9,300;1,000;4,000;

3850;2016.02.08 09:00:00;18,203;7,600;7,000;66,000;7,000;9,300;1,000;4,000;

3851;2016.02.08 10:00:00;18,050;8,300;7,000;62,000;7,000;9,300;1,000;4,000;

3852;2016.02.08 11:00:00;17,328;8,700;7,000;61,000;7,000;9,300;1,000;4,000;

3853;2016.02.08 12:00:00;16,970;8,900;7,000;60,000;7,000;9,300;1,000;4,000;

3854;2016.02.08 13:00:00;16,435;9,000;7,000;61,000;8,000;9,300;1,000;4,000;

3855;2016.02.08 14:00:00;16,668;8,400;6,000;69,000;8,000;9,300;1,000;4,000;

3856;2016.02.08 15:00:00;17,501;8,300;7,000;72,000;8,000;9,300;1,000;4,000;

3857;2016.02.08 16:00:00;16,887;7,400;5,000;81,000;7,000;9,300;1,000;4,000;

3858;2016.02.08 17:00:00;16,483;8,400;5,000;71,000;7,000;9,300;1,000;4,000;

3859;2016.02.08 18:00:00;17,485;9,200;5,000;64,000;7,000;9,300;1,000;4,000;

3860;2016.02.08 19:00:00;18,317;9,800;5,000;64,000;7,000;9,300;1,000;4,000;

3861;2016.02.08 20:00:00;18,168;9,200;5,000;72,000;8,000;9,300;1,000;4,000;

3862;2016.02.08 21:00:00;18,113;8,700;6,000;74,000;8,000;9,300;1,000;4,000;

3863;2016.02.08 22:00:00;16,557;7,700;4,000;72,000;2,000;9,300;1,000;4,000;

3864;2016.02.08 23:00:00;15,279;6,900;5,000;75,000;2,000;9,300;1,000;4,000;

3865;2016.02.09 00:00:00;18,921;6,800;5,000;73,000;6,000;9,367;1,000;4,000;

3866;2016.02.09 01:00:00;17,519;7,100;6,000;71,000;8,000;9,367;1,000;4,000;

3867;2016.02.09 02:00:00;18,120;7,300;6,000;69,000;8,000;9,367;1,000;4,000;

3868;2016.02.09 03:00:00;18,057;7,200;7,000;67,000;8,000;9,367;1,000;4,000;

3869;2016.02.09 04:00:00;18,550;7,400;7,000;66,000;8,000;9,367;1,000;4,000;

3870;2016.02.09 05:00:00;18,694;6,500;7,000;74,000;8,000;9,367;1,000;4,000;

3871;2016.02.09 06:00:00;19,347;5,800;6,000;84,000;8,000;9,367;1,000;4,000;

3872;2016.02.09 07:00:00;19,272;6,200;6,000;81,000;8,000;9,367;1,000;4,000;

3873;2016.02.09 08:00:00;19,582;6,100;7,000;83,000;8,000;9,367;1,000;4,000;

3874;2016.02.09 09:00:00;18,919;6,200;5,000;84,000;8,000;9,367;1,000;4,000;

3875;2016.02.09 10:00:00;17,664;6,400;5,000;79,000;8,000;9,367;1,000;4,000;

3876;2016.02.09 11:00:00;17,431;7,700;6,000;64,000;8,000;9,367;1,000;4,000;

3877;2016.02.09 12:00:00;16,999;8,300;7,000;57,000;7,000;9,367;1,000;4,000;

3878;2016.02.09 13:00:00;16,555;8,800;5,000;52,000;5,000;9,367;1,000;4,000;

3879;2016.02.09 14:00:00;17,019;8,700;5,000;52,000;7,000;9,367;1,000;4,000;

3880;2016.02.09 15:00:00;16,336;8,000;4,000;57,000;8,000;9,367;1,000;4,000;

3881;2016.02.09 16:00:00;17,546;7,500;3,000;59,000;7,000;9,367;1,000;4,000;

3882;2016.02.09 17:00:00;17,773;7,200;4,000;60,000;8,000;9,367;1,000;4,000;

3883;2016.02.09 18:00:00;15,880;7,100;3,000;62,000;8,000;9,367;1,000;4,000;

3884;2016.02.09 19:00:00;20,584;7,600;4,000;65,000;8,000;9,367;1,000;4,000;

3885;2016.02.09 20:00:00;19,458;6,500;4,000;81,000;8,000;9,367;1,000;4,000;

3886;2016.02.09 21:00:00;19,696;7,200;6,000;83,000;8,000;9,367;1,000;4,000;

3887;2016.02.09 22:00:00;17,557;7,200;6,000;83,000;8,000;9,367;1,000;4,000;

3888;2016.02.09 23:00:00;16,779;7,300;6,000;84,000;8,000;9,367;1,000;4,000;

3889;2016.02.10 00:00:00;17,779;7,600;5,000;85,000;8,000;9,433;1,000;4,000;

3890;2016.02.10 01:00:00;17,613;8,100;5,000;81,000;2,000;9,433;1,000;4,000;

3891;2016.02.10 02:00:00;17,779;8,600;6,000;76,000;6,000;9,433;1,000;4,000;

3892;2016.02.10 03:00:00;17,335;8,600;8,000;68,000;7,000;9,433;1,000;4,000;

3893;2016.02.10 04:00:00;17,335;5,900;9,000;62,000;7,000;9,433;1,000;4,000;

3894;2016.02.10 05:00:00;19,097;5,000;9,000;70,000;8,000;9,433;1,000;4,000;

3895;2016.02.10 06:00:00;20,239;4,200;8,000;81,000;8,000;9,433;1,000;4,000;

3896;2016.02.10 07:00:00;21,631;4,600;7,000;76,000;8,000;9,433;1,000;4,000;

3897;2016.02.10 08:00:00;21,428;4,600;6,000;76,000;8,000;9,433;1,000;4,000;

3898;2016.02.10 09:00:00;20,446;4,700;5,000;75,000;7,000;9,433;1,000;4,000;

3899;2016.02.10 10:00:00;20,574;4,800;5,000;74,000;8,000;9,433;1,000;4,000;

3900;2016.02.10 11:00:00;21,429;4,900;5,000;74,000;8,000;9,433;1,000;4,000;

3901;2016.02.10 12:00:00;20,724;5,100;4,000;73,000;8,000;9,433;1,000;4,000;

3902;2016.02.10 13:00:00;19,145;5,300;3,000;72,000;8,000;9,433;1,000;4,000;

3903;2016.02.10 14:00:00;19,580;5,600;5,000;60,000;7,000;9,433;1,000;4,000;

3904;2016.02.10 15:00:00;19,557;5,300;3,000;63,000;7,000;9,433;1,000;4,000;

3905;2016.02.10 16:00:00;20,057;4,900;3,000;66,000;6,000;9,433;1,000;4,000;

3906;2016.02.10 17:00:00;20,224;3,400;1,000;70,000;2,000;9,433;1,000;4,000;

3907;2016.02.10 18:00:00;22,113;2,200;1,000;76,000;1,000;9,433;1,000;4,000;

3908;2016.02.10 19:00:00;22,391;1,900;1,000;77,000;3,000;9,433;1,000;4,000;

3909;2016.02.10 20:00:00;23,335;1,500;2,000;82,000;7,000;9,433;1,000;4,000;

3910;2016.02.10 21:00:00;24,946;1,200;1,000;82,000;7,000;9,433;1,000;4,000;

3911;2016.02.10 22:00:00;22,446;1,100;2,000;83,000;7,000;9,433;1,000;4,000;

3912;2016.02.10 23:00:00;21,094;1,500;1,000;82,000;7,000;9,433;1,000;4,000;

3913;2016.02.11 00:00:00;21,689;1,700;2,000;83,000;7,000;9,500;1,000;4,000;

3914;2016.02.11 01:00:00;22,301;1,600;1,000;85,000;7,000;9,500;1,000;4,000;

3915;2016.02.11 02:00:00;22,143;1,500;1,000;87,000;7,000;9,500;1,000;4,000;

3916;2016.02.11 03:00:00;23,176;1,700;2,000;88,000;8,000;9,500;1,000;4,000;

3917;2016.02.11 04:00:00;21,724;1,500;2,000;88,000;7,000;9,500;1,000;4,000;

3918;2016.02.11 05:00:00;22,459;1,400;2,000;90,000;8,000;9,500;1,000;4,000;

3919;2016.02.11 06:00:00;22,761;0,900;1,000;91,000;3,000;9,500;1,000;4,000;

3920;2016.02.11 07:00:00;22,900;0,600;1,000;93,000;7,000;9,500;1,000;4,000;

3921;2016.02.11 08:00:00;23,445;1,500;2,000;93,000;7,000;9,500;1,000;4,000;

3922;2016.02.11 09:00:00;21,903;1,900;2,000;92,000;8,000;9,500;1,000;4,000;

3923;2016.02.11 10:00:00;21,812;2,600;0,000;91,000;8,000;9,500;1,000;4,000;

3924;2016.02.11 11:00:00;21,449;3,100;1,000;90,000;8,000;9,500;1,000;4,000;

3925;2016.02.11 12:00:00;20,835;3,400;2,000;91,000;8,000;9,500;1,000;4,000;

3926;2016.02.11 13:00:00;20,279;4,000;2,000;89,000;7,000;9,500;1,000;4,000;

3927;2016.02.11 14:00:00;21,946;4,700;2,000;81,000;6,000;9,500;1,000;4,000;

3928;2016.02.11 15:00:00;20,692;4,300;1,000;84,000;7,000;9,500;1,000;4,000;

3929;2016.02.11 16:00:00;21,256;3,400;2,000;89,000;7,000;9,500;1,000;4,000;

3930;2016.02.11 17:00:00;23,752;3,300;1,000;91,000;8,000;9,500;1,000;4,000;

3931;2016.02.11 18:00:00;24,203;3,300;2,000;93,000;7,000;9,500;1,000;4,000;

3932;2016.02.11 19:00:00;21,851;3,300;2,000;93,000;8,000;9,500;1,000;4,000;

3933;2016.02.11 20:00:00;22,379;3,300;2,000;95,000;8,000;9,500;1,000;4,000;

3934;2016.02.11 21:00:00;22,557;3,400;4,000;94,000;8,000;9,500;1,000;4,000;

3935;2016.02.11 22:00:00;21,936;3,100;2,000;93,000;8,000;9,500;1,000;4,000;

3936;2016.02.11 23:00:00;20,701;2,800;3,000;93,000;8,000;9,500;1,000;4,000;

3937;2016.02.12 00:00:00;21,161;2,500;2,000;94,000;8,000;9,567;2,000;4,000;

3938;2016.02.12 01:00:00;21,273;2,500;3,000;95,000;8,000;9,567;2,000;4,000;

3939;2016.02.12 02:00:00;21,630;2,500;2,000;95,000;8,000;9,567;2,000;4,000;

3940;2016.02.12 03:00:00;21,833;2,800;3,000;94,000;8,000;9,567;2,000;4,000;

3941;2016.02.12 04:00:00;21,746;2,900;4,000;96,000;8,000;9,567;2,000;4,000;

3942;2016.02.12 05:00:00;22,224;2,900;3,000;95,000;8,000;9,567;2,000;4,000;

3943;2016.02.12 06:00:00;22,990;2,600;3,000;95,000;8,000;9,567;2,000;4,000;

3944;2016.02.12 07:00:00;24,408;2,600;3,000;94,000;8,000;9,567;2,000;4,000;

3945;2016.02.12 08:00:00;22,996;2,400;4,000;93,000;8,000;9,567;2,000;4,000;

3946;2016.02.12 09:00:00;22,047;2,300;4,000;94,000;8,000;9,567;2,000;4,000;

3947;2016.02.12 10:00:00;21,771;2,300;3,000;94,000;8,000;9,567;2,000;4,000;

3948;2016.02.12 11:00:00;23,248;2,700;3,000;92,000;8,000;9,567;2,000;4,000;

3949;2016.02.12 12:00:00;23,403;2,900;3,000;94,000;8,000;9,567;2,000;4,000;

3950;2016.02.12 13:00:00;22,725;2,800;3,000;92,000;7,000;9,567;2,000;4,000;

3951;2016.02.12 14:00:00;22,618;2,900;3,000;86,000;7,000;9,567;2,000;4,000;

3952;2016.02.12 15:00:00;21,694;2,500;3,000;85,000;7,000;9,567;2,000;4,000;

3953;2016.02.12 16:00:00;22,359;2,400;1,000;84,000;7,000;9,567;2,000;4,000;

3954;2016.02.12 17:00:00;22,651;2,100;1,000;88,000;7,000;9,567;2,000;4,000;

3955;2016.02.12 18:00:00;22,304;2,100;1,000;86,000;7,000;9,567;2,000;4,000;

3956;2016.02.12 19:00:00;22,905;1,800;1,000;92,000;8,000;9,567;2,000;4,000;

3957;2016.02.12 20:00:00;21,281;1,800;1,000;93,000;8,000;9,567;2,000;4,000;

3958;2016.02.12 21:00:00;24,639;1,800;1,000;95,000;8,000;9,567;2,000;4,000;

3959;2016.02.12 22:00:00;23,878;1,700;2,000;95,000;7,000;9,567;2,000;4,000;

3960;2016.02.12 23:00:00;19,446;1,100;2,000;95,000;0,000;9,567;2,000;4,000;

3961;2016.02.13 00:00:00;22,352;0,200;2,000;96,000;4,000;9,633;3,000;4,000;

3962;2016.02.13 01:00:00;22,568;-0,700;2,000;97,000;6,000;9,633;3,000;4,000;

3963;2016.02.13 02:00:00;22,940;-1,200;2,000;98,000;7,000;9,633;3,000;4,000;

3964;2016.02.13 03:00:00;23,779;-1,100;2,000;98,000;6,000;9,633;3,000;4,000;

3965;2016.02.13 04:00:00;23,613;-0,600;2,000;98,000;7,000;9,633;3,000;4,000;

3966;2016.02.13 05:00:00;23,259;-0,600;2,000;98,000;6,000;9,633;3,000;4,000;

3967;2016.02.13 06:00:00;26,708;-0,700;2,000;96,000;5,000;9,633;3,000;4,000;

3968;2016.02.13 07:00:00;26,185;0,000;2,000;95,000;6,000;9,633;3,000;4,000;

3969;2016.02.13 08:00:00;27,613;1,200;2,000;90,000;3,000;9,633;3,000;4,000;

3970;2016.02.13 09:00:00;24,446;2,500;3,000;84,000;1,000;9,633;3,000;4,000;

3971;2016.02.13 10:00:00;22,366;4,200;3,000;76,000;0,000;9,633;3,000;4,000;

3972;2016.02.13 11:00:00;22,411;5,000;3,000;74,000;0,000;9,633;3,000;4,000;

3973;2016.02.13 12:00:00;22,267;5,600;2,000;71,000;0,000;9,633;3,000;4,000;

3974;2016.02.13 13:00:00;21,486;5,800;3,000;72,000;2,000;9,633;3,000;4,000;

3975;2016.02.13 14:00:00;21,037;3,800;4,000;81,000;1,000;9,633;3,000;4,000;

3976;2016.02.13 15:00:00;22,136;1,900;3,000;89,000;8,000;9,633;3,000;4,000;

3977;2016.02.13 16:00:00;22,088;1,000;4,000;91,000;8,000;9,633;3,000;4,000;

3978;2016.02.13 17:00:00;25,366;0,700;3,000;93,000;8,000;9,633;3,000;4,000;

3979;2016.02.13 18:00:00;24,253;0,300;4,000;94,000;8,000;9,633;3,000;4,000;

3980;2016.02.13 19:00:00;26,310;0,300;2,000;94,000;8,000;9,633;3,000;4,000;

3981;2016.02.13 20:00:00;26,579;0,200;3,000;94,000;8,000;9,633;3,000;4,000;

3982;2016.02.13 21:00:00;25,372;0,300;2,000;92,000;8,000;9,633;3,000;4,000;

3983;2016.02.13 22:00:00;24,547;0,600;1,000;92,000;8,000;9,633;3,000;4,000;

3984;2016.02.13 23:00:00;24,908;-0,500;1,000;93,000;0,000;9,633;3,000;4,000;

3985;2016.02.14 00:00:00;25,236;-1,100;1,000;95,000;0,000;9,700;4,000;4,000;

3986;2016.02.14 01:00:00;25,002;-1,200;1,000;96,000;6,000;9,700;4,000;4,000;

3987;2016.02.14 02:00:00;24,780;-0,100;1,000;96,000;8,000;9,700;4,000;4,000;

3988;2016.02.14 03:00:00;25,280;0,700;1,000;95,000;8,000;9,700;4,000;4,000;

3989;2016.02.14 04:00:00;24,724;1,000;2,000;91,000;8,000;9,700;4,000;4,000;

3990;2016.02.14 05:00:00;25,891;1,300;2,000;87,000;8,000;9,700;4,000;4,000;

3991;2016.02.14 06:00:00;25,835;1,300;2,000;87,000;8,000;9,700;4,000;4,000;

3992;2016.02.14 07:00:00;26,002;1,400;1,000;85,000;8,000;9,700;4,000;4,000;

3993;2016.02.14 08:00:00;24,891;1,500;1,000;86,000;8,000;9,700;4,000;4,000;

3994;2016.02.14 09:00:00;24,113;2,200;2,000;85,000;7,000;9,700;4,000;4,000;

3995;2016.02.14 10:00:00;24,502;3,300;2,000;82,000;8,000;9,700;4,000;4,000;

3996;2016.02.14 11:00:00;24,224;3,600;2,000;81,000;8,000;9,700;4,000;4,000;

3997;2016.02.14 12:00:00;22,391;3,700;2,000;79,000;8,000;9,700;4,000;4,000;

3998;2016.02.14 13:00:00;23,335;3,800;3,000;79,000;8,000;9,700;4,000;4,000;

3999;2016.02.14 14:00:00;22,081;3,800;2,000;81,000;7,000;9,700;4,000;4,000;

4000;2016.02.14 15:00:00;23,325;4,000;2,000;79,000;7,000;9,700;4,000;4,000;

4001;2016.02.14 16:00:00;23,933;4,000;2,000;81,000;8,000;9,700;4,000;4,000;

4002;2016.02.14 17:00:00;24,038;3,900;2,000;83,000;8,000;9,700;4,000;4,000;

4003;2016.02.14 18:00:00;24,744;3,800;1,000;84,000;8,000;9,700;4,000;4,000;

4004;2016.02.14 19:00:00;23,280;3,200;1,000;87,000;8,000;9,700;4,000;4,000;

4005;2016.02.14 20:00:00;24,169;2,900;2,000;89,000;7,000;9,700;4,000;4,000;

4006;2016.02.14 21:00:00;23,335;2,900;1,000;90,000;8,000;9,700;4,000;4,000;

4007;2016.02.14 22:00:00;23,169;2,400;1,000;92,000;7,000;9,700;4,000;4,000;

4008;2016.02.14 23:00:00;20,557;2,300;1,000;92,000;8,000;9,700;4,000;4,000;

4009;2016.02.15 00:00:00;22,745;2,500;2,000;92,000;8,000;9,767;1,000;4,000;

4010;2016.02.15 01:00:00;23,092;2,400;2,000;93,000;8,000;9,767;1,000;4,000;

4011;2016.02.15 02:00:00;22,668;2,400;2,000;92,000;8,000;9,767;1,000;4,000;

4012;2016.02.15 03:00:00;22,835;2,500;1,000;91,000;8,000;9,767;1,000;4,000;

4013;2016.02.15 04:00:00;22,502;2,600;2,000;90,000;8,000;9,767;1,000;4,000;

4014;2016.02.15 05:00:00;22,502;2,700;2,000;91,000;8,000;9,767;1,000;4,000;

4015;2016.02.15 06:00:00;22,391;2,500;2,000;93,000;8,000;9,767;1,000;4,000;

4016;2016.02.15 07:00:00;23,224;2,500;2,000;95,000;8,000;9,767;1,000;4,000;

4017;2016.02.15 08:00:00;22,391;2,800;2,000;96,000;8,000;9,767;1,000;4,000;

4018;2016.02.15 09:00:00;23,280;3,300;2,000;96,000;8,000;9,767;1,000;4,000;

4019;2016.02.15 10:00:00;22,224;3,800;2,000;97,000;8,000;9,767;1,000;4,000;

4020;2016.02.15 11:00:00;21,946;4,100;2,000;97,000;8,000;9,767;1,000;4,000;

4021;2016.02.15 12:00:00;21,335;4,400;3,000;96,000;8,000;9,767;1,000;4,000;

4022;2016.02.15 13:00:00;22,557;4,500;3,000;93,000;8,000;9,767;1,000;4,000;

4023;2016.02.15 14:00:00;21,506;3,900;3,000;94,000;8,000;9,767;1,000;4,000;

4024;2016.02.15 15:00:00;21,331;3,600;4,000;95,000;8,000;9,767;1,000;4,000;

4025;2016.02.15 16:00:00;21,460;3,400;4,000;95,000;8,000;9,767;1,000;4,000;

4026;2016.02.15 17:00:00;22,895;3,300;4,000;95,000;8,000;9,767;1,000;4,000;

4027;2016.02.15 18:00:00;24,354;2,900;4,000;95,000;8,000;9,767;1,000;4,000;

4028;2016.02.15 19:00:00;22,985;2,200;5,000;94,000;8,000;9,767;1,000;4,000;

4029;2016.02.15 20:00:00;23,778;2,100;4,000;95,000;8,000;9,767;1,000;4,000;

4030;2016.02.15 21:00:00;23,335;2,200;5,000;94,000;8,000;9,767;1,000;4,000;

4031;2016.02.15 22:00:00;23,428;2,000;5,000;92,000;8,000;9,767;1,000;4,000;

4032;2016.02.15 23:00:00;20,790;2,000;4,000;90,000;8,000;9,767;1,000;4,000;

4033;2016.02.16 00:00:00;24,114;1,800;4,000;87,000;8,000;9,833;1,000;4,000;

4034;2016.02.16 01:00:00;22,157;1,800;4,000;86,000;8,000;9,833;1,000;4,000;

4035;2016.02.16 02:00:00;23,869;1,700;4,000;82,000;8,000;9,833;1,000;4,000;

4036;2016.02.16 03:00:00;23,434;1,500;4,000;79,000;8,000;9,833;1,000;4,000;

4037;2016.02.16 04:00:00;24,166;1,100;3,000;77,000;7,000;9,833;1,000;4,000;

4038;2016.02.16 05:00:00;23,567;0,800;3,000;71,000;7,000;9,833;1,000;4,000;

4039;2016.02.16 06:00:00;25,558;0,800;3,000;67,000;6,000;9,833;1,000;4,000;

4040;2016.02.16 07:00:00;26,993;0,700;4,000;71,000;4,000;9,833;1,000;4,000;

4041;2016.02.16 08:00:00;24,372;1,300;3,000;71,000;5,000;9,833;1,000;4,000;

4042;2016.02.16 09:00:00;25,393;1,300;3,000;70,000;2,000;9,833;1,000;4,000;

4043;2016.02.16 10:00:00;25,621;1,900;5,000;68,000;3,000;9,833;1,000;4,000;

4044;2016.02.16 11:00:00;24,437;2,000;4,000;63,000;2,000;9,833;1,000;4,000;

4045;2016.02.16 12:00:00;24,317;2,200;4,000;63,000;1,000;9,833;1,000;4,000;

4046;2016.02.16 13:00:00;25,206;2,300;4,000;62,000;1,000;9,833;1,000;4,000;

4047;2016.02.16 14:00:00;24,039;2,100;3,000;62,000;1,000;9,833;1,000;4,000;

4048;2016.02.16 15:00:00;23,965;1,700;3,000;66,000;1,000;9,833;1,000;4,000;

4049;2016.02.16 16:00:00;25,539;0,900;2,000;69,000;1,000;9,833;1,000;4,000;

4050;2016.02.16 17:00:00;28,693;-0,900;1,000;79,000;1,000;9,833;1,000;4,000;

4051;2016.02.16 18:00:00;30,145;-1,600;0,000;85,000;0,000;9,833;1,000;4,000;

4052;2016.02.16 19:00:00;28,836;-2,300;1,000;89,000;0,000;9,833;1,000;4,000;

4053;2016.02.16 20:00:00;30,076;-2,000;1,000;89,000;0,000;9,833;1,000;4,000;

4054;2016.02.16 21:00:00;31,095;-2,800;1,000;91,000;0,000;9,833;1,000;4,000;

4055;2016.02.16 22:00:00;29,039;-3,000;2,000;91,000;0,000;9,833;1,000;4,000;

4056;2016.02.16 23:00:00;27,076;-3,400;2,000;92,000;0,000;9,833;1,000;4,000;

4057;2016.02.17 00:00:00;31,002;-4,300;1,000;92,000;0,000;9,900;1,000;4,000;

4058;2016.02.17 01:00:00;30,743;-4,000;2,000;93,000;3,000;9,900;1,000;4,000;

4059;2016.02.17 02:00:00;31,114;-4,400;2,000;93,000;0,000;9,900;1,000;4,000;

4060;2016.02.17 03:00:00;30,965;-4,500;2,000;93,000;0,000;9,900;1,000;4,000;

4061;2016.02.17 04:00:00;31,188;-4,400;2,000;93,000;0,000;9,900;1,000;4,000;

4062;2016.02.17 05:00:00;31,169;-4,600;2,000;92,000;0,000;9,900;1,000;4,000;

4063;2016.02.17 06:00:00;31,799;-4,400;2,000;92,000;1,000;9,900;1,000;4,000;

4064;2016.02.17 07:00:00;34,040;-3,300;4,000;89,000;0,000;9,900;1,000;4,000;

4065;2016.02.17 08:00:00;30,854;-2,100;3,000;83,000;0,000;9,900;1,000;4,000;

4066;2016.02.17 09:00:00;30,725;-0,700;4,000;79,000;0,000;9,900;1,000;4,000;

4067;2016.02.17 10:00:00;28,484;0,700;4,000;71,000;0,000;9,900;1,000;4,000;

4068;2016.02.17 11:00:00;27,224;1,900;3,000;62,000;0,000;9,900;1,000;4,000;

4069;2016.02.17 12:00:00;25,909;2,800;5,000;56,000;0,000;9,900;1,000;4,000;

4070;2016.02.17 13:00:00;25,965;3,500;4,000;48,000;0,000;9,900;1,000;4,000;

4071;2016.02.17 14:00:00;25,224;3,100;4,000;50,000;0,000;9,900;1,000;4,000;

4072;2016.02.17 15:00:00;25,298;2,400;6,000;51,000;0,000;9,900;1,000;4,000;

4073;2016.02.17 16:00:00;25,113;1,000;3,000;60,000;1,000;9,900;1,000;4,000;

4074;2016.02.17 17:00:00;29,910;0,800;3,000;64,000;7,000;9,900;1,000;4,000;

4075;2016.02.17 18:00:00;32,299;1,000;2,000;66,000;8,000;9,900;1,000;4,000;

4076;2016.02.17 19:00:00;27,724;1,400;4,000;66,000;8,000;9,900;1,000;4,000;

4077;2016.02.17 20:00:00;29,373;-0,200;1,000;92,000;8,000;9,900;1,000;4,000;

4078;2016.02.17 21:00:00;27,650;-0,400;1,000;94,000;8,000;9,900;1,000;4,000;

4079;2016.02.17 22:00:00;26,891;-0,100;1,000;95,000;8,000;9,900;1,000;4,000;

4080;2016.02.17 23:00:00;24,409;0,900;2,000;93,000;8,000;9,900;1,000;4,000;

4081;2016.02.18 00:00:00;27,447;1,200;2,000;95,000;8,000;9,983;1,000;4,000;

4082;2016.02.18 01:00:00;25,984;1,600;3,000;94,000;8,000;9,983;1,000;4,000;

4083;2016.02.18 02:00:00;26,650;2,000;3,000;94,000;8,000;9,983;1,000;4,000;

4084;2016.02.18 03:00:00;26,317;1,900;3,000;94,000;8,000;9,983;1,000;4,000;

4085;2016.02.18 04:00:00;25,854;2,000;4,000;94,000;8,000;9,983;1,000;4,000;

4086;2016.02.18 05:00:00;26,743;1,800;3,000;93,000;8,000;9,983;1,000;4,000;

4087;2016.02.18 06:00:00;27,428;1,700;3,000;92,000;8,000;9,983;1,000;4,000;

4088;2016.02.18 07:00:00;26,613;1,600;3,000;90,000;8,000;9,983;1,000;4,000;

4089;2016.02.18 08:00:00;26,706;1,300;4,000;89,000;8,000;9,983;1,000;4,000;

4090;2016.02.18 09:00:00;26,354;1,300;4,000;86,000;8,000;9,983;1,000;4,000;

4091;2016.02.18 10:00:00;25,558;1,400;3,000;86,000;8,000;9,983;1,000;4,000;

4092;2016.02.18 11:00:00;24,928;1,500;4,000;85,000;8,000;9,983;1,000;4,000;

4093;2016.02.18 12:00:00;25,150;1,600;3,000;84,000;8,000;9,983;1,000;4,000;

4094;2016.02.18 13:00:00;25,354;1,700;2,000;82,000;8,000;9,983;1,000;4,000;

4095;2016.02.18 14:00:00;23,280;2,200;1,000;78,000;7,000;9,983;1,000;4,000;

4096;2016.02.18 15:00:00;24,576;2,300;1,000;78,000;8,000;9,983;1,000;4,000;

4097;2016.02.18 16:00:00;22,520;2,000;1,000;78,000;7,000;9,983;1,000;4,000;

4098;2016.02.18 17:00:00;26,224;0,100;0,000;88,000;1,000;9,983;1,000;4,000;

4099;2016.02.18 18:00:00;26,650;-0,900;0,000;90,000;0,000;9,983;1,000;4,000;

4100;2016.02.18 19:00:00;25,780;-1,700;0,000;94,000;0,000;9,983;1,000;4,000;

4101;2016.02.18 20:00:00;28,722;-1,400;1,000;95,000;0,000;9,983;1,000;4,000;

4102;2016.02.18 21:00:00;26,449;-1,300;2,000;95,000;0,000;9,983;1,000;4,000;

4103;2016.02.18 22:00:00;26,695;-1,600;2,000;94,000;0,000;9,983;1,000;4,000;

4104;2016.02.18 23:00:00;25,790;-1,700;2,000;93,000;0,000;9,983;1,000;4,000;

4105;2016.02.19 00:00:00;27,873;-2,200;1,000;94,000;0,000;10,050;2,000;4,000;

4106;2016.02.19 01:00:00;27,169;-2,100;2,000;94,000;0,000;10,050;2,000;4,000;

4107;2016.02.19 02:00:00;27,039;-2,200;1,000;94,000;3,000;10,050;2,000;4,000;

4108;2016.02.19 03:00:00;27,910;-1,700;2,000;95,000;7,000;10,050;2,000;4,000;

4109;2016.02.19 04:00:00;27,632;-1,700;1,000;94,000;7,000;10,050;2,000;4,000;

4110;2016.02.19 05:00:00;27,632;-1,400;1,000;94,000;8,000;10,050;2,000;4,000;

4111;2016.02.19 06:00:00;28,854;-1,200;1,000;93,000;8,000;10,050;2,000;4,000;

4112;2016.02.19 07:00:00;28,262;-1,000;1,000;92,000;8,000;10,050;2,000;4,000;

4113;2016.02.19 08:00:00;26,798;-0,600;1,000;92,000;8,000;10,050;2,000;4,000;

4114;2016.02.19 09:00:00;26,600;-0,100;1,000;90,000;7,000;10,050;2,000;4,000;

4115;2016.02.19 10:00:00;28,608;1,200;2,000;88,000;8,000;10,050;2,000;4,000;

4116;2016.02.19 11:00:00;26,113;1,700;1,000;86,000;8,000;10,050;2,000;4,000;

4117;2016.02.19 12:00:00;24,872;2,300;2,000;84,000;8,000;10,050;2,000;4,000;

4118;2016.02.19 13:00:00;24,798;2,500;2,000;84,000;8,000;10,050;2,000;4,000;

4119;2016.02.19 14:00:00;24,465;2,800;2,000;82,000;8,000;10,050;2,000;4,000;

4120;2016.02.19 15:00:00;23,261;2,600;2,000;84,000;8,000;10,050;2,000;4,000;

4121;2016.02.19 16:00:00;25,342;2,400;2,000;89,000;8,000;10,050;2,000;4,000;

4122;2016.02.19 17:00:00;25,902;1,800;1,000;91,000;8,000;10,050;2,000;4,000;

4123;2016.02.19 18:00:00;26,372;1,700;2,000;92,000;8,000;10,050;2,000;4,000;

4124;2016.02.19 19:00:00;27,576;1,300;1,000;93,000;8,000;10,050;2,000;4,000;

4125;2016.02.19 20:00:00;26,169;1,200;2,000;94,000;8,000;10,050;2,000;4,000;

4126;2016.02.19 21:00:00;26,261;0,600;2,000;94,000;6,000;10,050;2,000;4,000;

4127;2016.02.19 22:00:00;26,669;0,200;2,000;95,000;8,000;10,050;2,000;4,000;

4128;2016.02.19 23:00:00;24,280;0,100;2,000;95,000;7,000;10,050;2,000;4,000;

4129;2016.02.20 00:00:00;27,391;-0,300;1,000;95,000;1,000;10,117;3,000;4,000;

4130;2016.02.20 01:00:00;26,928;-1,600;2,000;97,000;9,000;10,117;3,000;4,000;

4131;2016.02.20 02:00:00;27,095;-1,100;2,000;98,000;9,000;10,117;3,000;4,000;

4132;2016.02.20 03:00:00;27,243;-0,800;2,000;98,000;8,000;10,117;3,000;4,000;

4133;2016.02.20 04:00:00;26,539;-0,400;2,000;96,000;7,000;10,117;3,000;4,000;

4134;2016.02.20 05:00:00;26,465;-0,200;2,000;94,000;8,000;10,117;3,000;4,000;

4135;2016.02.20 06:00:00;27,817;0,100;3,000;94,000;8,000;10,117;3,000;4,000;

4136;2016.02.20 07:00:00;27,576;0,400;3,000;91,000;8,000;10,117;3,000;4,000;

4137;2016.02.20 08:00:00;27,021;1,100;4,000;87,000;7,000;10,117;3,000;4,000;

4138;2016.02.20 09:00:00;28,243;2,300;5,000;83,000;8,000;10,117;3,000;4,000;

4139;2016.02.20 10:00:00;27,243;3,100;6,000;75,000;8,000;10,117;3,000;4,000;

4140;2016.02.20 11:00:00;25,650;4,100;6,000;69,000;8,000;10,117;3,000;4,000;

4141;2016.02.20 12:00:00;24,669;4,500;7,000;69,000;8,000;10,117;3,000;4,000;

4142;2016.02.20 13:00:00;24,520;4,700;6,000;69,000;8,000;10,117;3,000;4,000;

4143;2016.02.20 14:00:00;25,539;4,000;6,000;77,000;8,000;10,117;3,000;4,000;

4144;2016.02.20 15:00:00;23,632;3,100;5,000;90,000;8,000;10,117;3,000;4,000;

4145;2016.02.20 16:00:00;23,335;3,000;4,000;93,000;8,000;10,117;3,000;4,000;

4146;2016.02.20 17:00:00;25,409;3,000;5,000;91,000;8,000;10,117;3,000;4,000;

4147;2016.02.20 18:00:00;24,928;3,000;4,000;94,000;8,000;10,117;3,000;4,000;

4148;2016.02.20 19:00:00;23,761;3,400;4,000;93,000;8,000;10,117;3,000;4,000;

4149;2016.02.20 20:00:00;23,761;3,700;3,000;94,000;8,000;10,117;3,000;4,000;

4150;2016.02.20 21:00:00;24,706;4,000;3,000;94,000;8,000;10,117;3,000;4,000;

4151;2016.02.20 22:00:00;23,983;4,000;4,000;94,000;8,000;10,117;3,000;4,000;

4152;2016.02.20 23:00:00;21,224;4,300;4,000;94,000;8,000;10,117;3,000;4,000;

4153;2016.02.21 00:00:00;23,909;4,500;4,000;94,000;8,000;10,183;4,000;4,000;

4154;2016.02.21 01:00:00;23,206;4,500;4,000;93,000;8,000;10,183;4,000;4,000;

4155;2016.02.21 02:00:00;23,131;4,500;4,000;94,000;8,000;10,183;4,000;4,000;

4156;2016.02.21 03:00:00;22,683;4,500;4,000;95,000;8,000;10,183;4,000;4,000;

4157;2016.02.21 04:00:00;22,321;4,600;4,000;94,000;8,000;10,183;4,000;4,000;

4158;2016.02.21 05:00:00;22,835;4,600;4,000;93,000;8,000;10,183;4,000;4,000;

4159;2016.02.21 06:00:00;23,946;4,900;4,000;91,000;8,000;10,183;4,000;4,000;

4160;2016.02.21 07:00:00;22,724;5,500;7,000;88,000;7,000;10,183;4,000;4,000;

4161;2016.02.21 08:00:00;23,263;5,900;7,000;85,000;7,000;10,183;4,000;4,000;

4162;2016.02.21 09:00:00;21,741;5,100;5,000;88,000;5,000;10,183;4,000;4,000;

4163;2016.02.21 10:00:00;22,168;6,100;7,000;84,000;5,000;10,183;4,000;4,000;

4164;2016.02.21 11:00:00;21,273;6,800;7,000;78,000;4,000;10,183;4,000;4,000;

4165;2016.02.21 12:00:00;21,267;6,600;8,000;75,000;6,000;10,183;4,000;4,000;

4166;2016.02.21 13:00:00;19,835;7,200;7,000;72,000;7,000;10,183;4,000;4,000;

4167;2016.02.21 14:00:00;19,335;7,000;6,000;71,000;8,000;10,183;4,000;4,000;

4168;2016.02.21 15:00:00;20,187;6,700;4,000;74,000;8,000;10,183;4,000;4,000;

4169;2016.02.21 16:00:00;20,316;5,800;4,000;84,000;8,000;10,183;4,000;4,000;

4170;2016.02.21 17:00:00;21,168;4,300;3,000;88,000;8,000;10,183;4,000;4,000;

4171;2016.02.21 18:00:00;23,833;4,100;1,000;92,000;8,000;10,183;4,000;4,000;

4172;2016.02.21 19:00:00;23,763;3,800;3,000;95,000;8,000;10,183;4,000;4,000;

4173;2016.02.21 20:00:00;22,409;4,600;3,000;96,000;8,000;10,183;4,000;4,000;

4174;2016.02.21 21:00:00;22,317;4,800;3,000;96,000;8,000;10,183;4,000;4,000;

4175;2016.02.21 22:00:00;21,355;5,200;2,000;96,000;8,000;10,183;4,000;4,000;

4176;2016.02.21 23:00:00;19,759;5,700;3,000;98,000;8,000;10,183;4,000;4,000;

4177;2016.02.22 00:00:00;21,343;9,400;7,000;99,000;8,000;10,267;1,000;4,000;

4178;2016.02.22 01:00:00;19,840;9,400;8,000;92,000;8,000;10,267;1,000;4,000;

4179;2016.02.22 02:00:00;18,636;7,700;8,000;94,000;8,000;10,267;1,000;4,000;

4180;2016.02.22 03:00:00;19,222;6,200;6,000;95,000;8,000;10,267;1,000;4,000;

4181;2016.02.22 04:00:00;19,753;5,000;5,000;93,000;8,000;10,267;1,000;4,000;

4182;2016.02.22 05:00:00;19,622;4,800;5,000;95,000;8,000;10,267;1,000;4,000;

4183;2016.02.22 06:00:00;19,779;4,900;6,000;91,000;8,000;10,267;1,000;4,000;

4184;2016.02.22 07:00:00;20,474;5,100;5,000;90,000;8,000;10,267;1,000;4,000;

4185;2016.02.22 08:00:00;20,048;5,200;7,000;89,000;8,000;10,267;1,000;4,000;

4186;2016.02.22 09:00:00;20,187;5,300;8,000;86,000;8,000;10,267;1,000;4,000;

4187;2016.02.22 10:00:00;21,020;5,400;6,000;85,000;8,000;10,267;1,000;4,000;

4188;2016.02.22 11:00:00;20,372;4,900;6,000;84,000;8,000;10,267;1,000;4,000;

4189;2016.02.22 12:00:00;21,139;4,700;7,000;85,000;8,000;10,267;1,000;4,000;

4190;2016.02.22 13:00:00;20,975;4,600;7,000;82,000;7,000;10,267;1,000;4,000;

4191;2016.02.22 14:00:00;20,205;4,700;6,000;76,000;8,000;10,267;1,000;4,000;

4192;2016.02.22 15:00:00;20,965;4,800;5,000;73,000;7,000;10,267;1,000;4,000;

4193;2016.02.22 16:00:00;21,317;4,800;5,000;74,000;7,000;10,267;1,000;4,000;

4194;2016.02.22 17:00:00;23,335;4,300;3,000;78,000;7,000;10,267;1,000;4,000;

4195;2016.02.22 18:00:00;22,576;4,300;3,000;82,000;7,000;10,267;1,000;4,000;

4196;2016.02.22 19:00:00;23,391;4,100;4,000;83,000;7,000;10,267;1,000;4,000;

4197;2016.02.22 20:00:00;25,539;4,200;5,000;84,000;7,000;10,267;1,000;4,000;

4198;2016.02.22 21:00:00;22,983;4,000;5,000;83,000;7,000;10,267;1,000;4,000;

4199;2016.02.22 22:00:00;24,928;3,900;5,000;84,000;7,000;10,267;1,000;4,000;

4200;2016.02.22 23:00:00;21,854;4,200;5,000;82,000;7,000;10,267;1,000;4,000;

4201;2016.02.23 00:00:00;24,817;4,200;6,000;81,000;8,000;10,333;1,000;4,000;

4202;2016.02.23 01:00:00;23,632;4,200;6,000;81,000;8,000;10,333;1,000;4,000;

4203;2016.02.23 02:00:00;23,409;4,100;6,000;82,000;8,000;10,333;1,000;4,000;

4204;2016.02.23 03:00:00;23,335;4,200;6,000;81,000;8,000;10,333;1,000;4,000;

4205;2016.02.23 04:00:00;23,146;3,900;5,000;85,000;8,000;10,333;1,000;4,000;

4206;2016.02.23 05:00:00;24,482;4,200;6,000;82,000;8,000;10,333;1,000;4,000;

4207;2016.02.23 06:00:00;24,747;4,200;5,000;81,000;7,000;10,333;1,000;4,000;

4208;2016.02.23 07:00:00;24,020;4,100;5,000;82,000;7,000;10,333;1,000;4,000;

4209;2016.02.23 08:00:00;23,206;4,400;5,000;79,000;7,000;10,333;1,000;4,000;

4210;2016.02.23 09:00:00;23,407;4,800;6,000;77,000;7,000;10,333;1,000;4,000;

4211;2016.02.23 10:00:00;23,134;4,900;6,000;78,000;7,000;10,333;1,000;4,000;

4212;2016.02.23 11:00:00;23,039;4,800;5,000;83,000;7,000;10,333;1,000;4,000;

4213;2016.02.23 12:00:00;22,650;5,300;6,000;76,000;8,000;10,333;1,000;4,000;

4214;2016.02.23 13:00:00;21,817;5,800;6,000;68,000;7,000;10,333;1,000;4,000;

4215;2016.02.23 14:00:00;20,965;6,200;5,000;66,000;7,000;10,333;1,000;4,000;

4216;2016.02.23 15:00:00;21,594;5,900;5,000;68,000;7,000;10,333;1,000;4,000;

4217;2016.02.23 16:00:00;24,483;5,200;4,000;73,000;7,000;10,333;1,000;4,000;

4218;2016.02.23 17:00:00;23,557;4,500;4,000;79,000;7,000;10,333;1,000;4,000;

4219;2016.02.23 18:00:00;24,095;4,400;3,000;81,000;7,000;10,333;1,000;4,000;

4220;2016.02.23 19:00:00;25,206;4,100;4,000;79,000;8,000;10,333;1,000;4,000;

4221;2016.02.23 20:00:00;25,555;3,900;4,000;82,000;7,000;10,333;1,000;4,000;

4222;2016.02.23 21:00:00;24,616;4,000;5,000;83,000;8,000;10,333;1,000;4,000;

4223;2016.02.23 22:00:00;23,743;3,800;4,000;85,000;8,000;10,333;1,000;4,000;

4224;2016.02.23 23:00:00;22,057;3,300;4,000;90,000;8,000;10,333;1,000;4,000;

4225;2016.02.24 00:00:00;25,428;3,100;5,000;90,000;8,000;10,400;1,000;4,000;

4226;2016.02.24 01:00:00;23,761;3,400;5,000;87,000;8,000;10,400;1,000;4,000;

4227;2016.02.24 02:00:00;23,613;3,400;5,000;86,000;8,000;10,400;1,000;4,000;

4228;2016.02.24 03:00:00;24,020;3,500;6,000;83,000;8,000;10,400;1,000;4,000;

4229;2016.02.24 04:00:00;23,891;3,300;6,000;85,000;7,000;10,400;1,000;4,000;

4230;2016.02.24 05:00:00;25,206;3,000;5,000;84,000;7,000;10,400;1,000;4,000;

4231;2016.02.24 06:00:00;26,113;2,300;5,000;89,000;7,000;10,400;1,000;4,000;

4232;2016.02.24 07:00:00;26,243;2,100;6,000;88,000;7,000;10,400;1,000;4,000;

4233;2016.02.24 08:00:00;25,650;0,500;5,000;94,000;8,000;10,400;1,000;4,000;

4234;2016.02.24 09:00:00;26,243;2,000;4,000;92,000;8,000;10,400;1,000;4,000;

4235;2016.02.24 10:00:00;25,965;3,000;7,000;84,000;7,000;10,400;1,000;4,000;

4236;2016.02.24 11:00:00;25,706;2,600;6,000;79,000;8,000;10,400;1,000;4,000;

4237;2016.02.24 12:00:00;25,761;3,900;6,000;75,000;7,000;10,400;1,000;4,000;

4238;2016.02.24 13:00:00;25,484;2,500;7,000;78,000;7,000;10,400;1,000;4,000;

4239;2016.02.24 14:00:00;25,428;3,000;5,000;85,000;7,000;10,400;1,000;4,000;

4240;2016.02.24 15:00:00;25,484;3,700;5,000;73,000;2,000;10,400;1,000;4,000;

4241;2016.02.24 16:00:00;24,465;2,800;5,000;78,000;2,000;10,400;1,000;4,000;

4242;2016.02.24 17:00:00;26,957;2,600;4,000;75,000;5,000;10,400;1,000;4,000;

4243;2016.02.24 18:00:00;28,288;2,200;3,000;78,000;6,000;10,400;1,000;4,000;

4244;2016.02.24 19:00:00;29,225;1,400;3,000;82,000;5,000;10,400;1,000;4,000;

4245;2016.02.24 20:00:00;27,669;1,200;2,000;83,000;7,000;10,400;1,000;4,000;

4246;2016.02.24 21:00:00;26,761;1,300;3,000;81,000;7,000;10,400;1,000;4,000;

4247;2016.02.24 22:00:00;24,854;1,400;4,000;82,000;7,000;10,400;1,000;4,000;

4248;2016.02.24 23:00:00;23,261;0,900;3,000;85,000;5,000;10,400;1,000;4,000;

4249;2016.02.25 00:00:00;26,058;0,400;2,000;88,000;7,000;10,467;1,000;4,000;

4250;2016.02.25 01:00:00;27,002;0,300;3,000;89,000;5,000;10,467;1,000;4,000;

4251;2016.02.25 02:00:00;26,724;0,500;4,000;88,000;7,000;10,467;1,000;4,000;

4252;2016.02.25 03:00:00;25,909;0,300;4,000;90,000;5,000;10,467;1,000;4,000;

4253;2016.02.25 04:00:00;26,928;-0,200;4,000;91,000;7,000;10,467;1,000;4,000;

4254;2016.02.25 05:00:00;28,317;0,100;5,000;90,000;8,000;10,467;1,000;4,000;

4255;2016.02.25 06:00:00;29,188;0,100;3,000;89,000;8,000;10,467;1,000;4,000;

4256;2016.02.25 07:00:00;27,873;0,100;4,000;88,000;7,000;10,467;1,000;4,000;

4257;2016.02.25 08:00:00;26,817;0,200;3,000;87,000;8,000;10,467;1,000;4,000;

4258;2016.02.25 09:00:00;26,391;0,300;4,000;86,000;7,000;10,467;1,000;4,000;

4259;2016.02.25 10:00:00;28,039;0,900;3,000;84,000;7,000;10,467;1,000;4,000;

4260;2016.02.25 11:00:00;25,484;0,600;3,000;84,000;8,000;10,467;1,000;4,000;

4261;2016.02.25 12:00:00;28,150;0,800;4,000;84,000;8,000;10,467;1,000;4,000;

4262;2016.02.25 13:00:00;28,576;1,300;4,000;81,000;8,000;10,467;1,000;4,000;

4263;2016.02.25 14:00:00;26,687;1,400;4,000;78,000;8,000;10,467;1,000;4,000;

4264;2016.02.25 15:00:00;26,835;1,400;3,000;79,000;8,000;10,467;1,000;4,000;

4265;2016.02.25 16:00:00;28,428;1,400;3,000;81,000;7,000;10,467;1,000;4,000;

4266;2016.02.25 17:00:00;26,224;1,300;3,000;78,000;8,000;10,467;1,000;4,000;

4267;2016.02.25 18:00:00;27,613;1,100;2,000;78,000;7,000;10,467;1,000;4,000;

4268;2016.02.25 19:00:00;27,447;0,900;3,000;78,000;8,000;10,467;1,000;4,000;

4269;2016.02.25 20:00:00;27,910;0,800;2,000;76,000;8,000;10,467;1,000;4,000;

4270;2016.02.25 21:00:00;28,558;0,600;2,000;77,000;8,000;10,467;1,000;4,000;

4271;2016.02.25 22:00:00;26,261;0,800;2,000;75,000;8,000;10,467;1,000;4,000;

4272;2016.02.25 23:00:00;24,539;0,800;2,000;74,000;7,000;10,467;1,000;4,000;

4273;2016.02.26 00:00:00;28,076;0,600;3,000;79,000;7,000;10,550;2,000;4,000;

4274;2016.02.26 01:00:00;26,873;-0,300;2,000;84,000;1,000;10,550;2,000;4,000;

4275;2016.02.26 02:00:00;28,317;-0,900;2,000;88,000;0,000;10,550;2,000;4,000;

4276;2016.02.26 03:00:00;27,947;-0,900;2,000;90,000;7,000;10,550;2,000;4,000;

4277;2016.02.26 04:00:00;27,373;-0,500;2,000;90,000;8,000;10,550;2,000;4,000;

4278;2016.02.26 05:00:00;28,521;-0,100;2,000;91,000;8,000;10,550;2,000;4,000;

4279;2016.02.26 06:00:00;28,910;0,200;2,000;92,000;8,000;10,550;2,000;4,000;

4280;2016.02.26 07:00:00;28,799;0,600;2,000;92,000;8,000;10,550;2,000;4,000;

4281;2016.02.26 08:00:00;26,910;1,100;2,000;91,000;7,000;10,550;2,000;4,000;

4282;2016.02.26 09:00:00;25,002;1,900;3,000;88,000;7,000;10,550;2,000;4,000;

4283;2016.02.26 10:00:00;25,280;2,600;4,000;85,000;8,000;10,550;2,000;4,000;

4284;2016.02.26 11:00:00;24,520;1,800;2,000;92,000;7,000;10,550;2,000;4,000;

4285;2016.02.26 12:00:00;24,446;3,600;4,000;81,000;6,000;10,550;2,000;4,000;

4286;2016.02.26 13:00:00;23,076;1,900;2,000;91,000;7,000;10,550;2,000;4,000;

4287;2016.02.26 14:00:00;23,057;3,500;5,000;85,000;6,000;10,550;2,000;4,000;

4288;2016.02.26 15:00:00;24,298;3,600;4,000;78,000;5,000;10,550;2,000;4,000;

4289;2016.02.26 16:00:00;25,113;3,300;3,000;74,000;2,000;10,550;2,000;4,000;

4290;2016.02.26 17:00:00;27,632;2,500;3,000;77,000;1,000;10,550;2,000;4,000;

4291;2016.02.26 18:00:00;27,928;1,500;2,000;83,000;4,000;10,550;2,000;4,000;

4292;2016.02.26 19:00:00;26,687;1,500;3,000;84,000;2,000;10,550;2,000;4,000;

4293;2016.02.26 20:00:00;26,595;0,800;2,000;88,000;0,000;10,550;2,000;4,000;

4294;2016.02.26 21:00:00;26,539;0,400;2,000;91,000;5,000;10,550;2,000;4,000;

4295;2016.02.26 22:00:00;27,687;-0,500;1,000;91,000;0,000;10,550;2,000;4,000;

4296;2016.02.26 23:00:00;27,261;-1,000;2,000;94,000;0,000;10,550;2,000;4,000;

4297;2016.02.27 00:00:00;27,947;-1,400;1,000;94,000;0,000;10,617;3,000;4,000;

4298;2016.02.27 01:00:00;28,391;-1,600;2,000;93,000;0,000;10,617;3,000;4,000;

4299;2016.02.27 02:00:00;28,187;-2,000;2,000;95,000;0,000;10,617;3,000;4,000;

4300;2016.02.27 03:00:00;29,113;-2,300;2,000;95,000;0,000;10,617;3,000;4,000;

4301;2016.02.27 04:00:00;28,280;-2,600;2,000;95,000;0,000;10,617;3,000;4,000;

4302;2016.02.27 05:00:00;30,243;-2,800;2,000;95,000;0,000;10,617;3,000;4,000;

4303;2016.02.27 06:00:00;30,984;-3,000;2,000;95,000;0,000;10,617;3,000;4,000;

4304;2016.02.27 07:00:00;30,965;-2,100;2,000;95,000;1,000;10,617;3,000;4,000;

4305;2016.02.27 08:00:00;29,410;-0,700;2,000;91,000;6,000;10,617;3,000;4,000;

4306;2016.02.27 09:00:00;26,484;1,100;3,000;87,000;7,000;10,617;3,000;4,000;

4307;2016.02.27 10:00:00;25,909;3,000;3,000;77,000;7,000;10,617;3,000;4,000;

4308;2016.02.27 11:00:00;24,446;4,400;3,000;66,000;8,000;10,617;3,000;4,000;

4309;2016.02.27 12:00:00;23,131;4,600;3,000;59,000;8,000;10,617;3,000;4,000;

4310;2016.02.27 13:00:00;23,687;4,300;2,000;58,000;8,000;10,617;3,000;4,000;

4311;2016.02.27 14:00:00;22,706;4,500;2,000;58,000;7,000;10,617;3,000;4,000;

4312;2016.02.27 15:00:00;22,354;4,500;2,000;56,000;8,000;10,617;3,000;4,000;

4313;2016.02.27 16:00:00;21,613;4,000;2,000;59,000;8,000;10,617;3,000;4,000;

4314;2016.02.27 17:00:00;23,780;2,900;2,000;66,000;8,000;10,617;3,000;4,000;

4315;2016.02.27 18:00:00;27,447;1,500;3,000;70,000;8,000;10,617;3,000;4,000;

4316;2016.02.27 19:00:00;26,335;0,700;2,000;78,000;8,000;10,617;3,000;4,000;

4317;2016.02.27 20:00:00;26,465;-0,200;3,000;85,000;7,000;10,617;3,000;4,000;

4318;2016.02.27 21:00:00;24,872;-0,300;2,000;86,000;7,000;10,617;3,000;4,000;

4319;2016.02.27 22:00:00;24,650;-0,500;2,000;88,000;2,000;10,617;3,000;4,000;

4320;2016.02.27 23:00:00;23,928;-0,800;3,000;89,000;3,000;10,617;3,000;4,000;

4321;2016.02.28 00:00:00;25,984;-0,800;3,000;89,000;7,000;10,683;4,000;4,000;

4322;2016.02.28 01:00:00;25,558;-1,000;2,000;90,000;7,000;10,683;4,000;4,000;

4323;2016.02.28 02:00:00;25,687;-0,700;2,000;89,000;7,000;10,683;4,000;4,000;

4324;2016.02.28 03:00:00;25,446;-0,600;2,000;88,000;7,000;10,683;4,000;4,000;

4325;2016.02.28 04:00:00;25,558;-0,500;2,000;88,000;8,000;10,683;4,000;4,000;

4326;2016.02.28 05:00:00;27,539;-0,600;2,000;89,000;7,000;10,683;4,000;4,000;

4327;2016.02.28 06:00:00;26,817;-2,000;1,000;90,000;6,000;10,683;4,000;4,000;

4328;2016.02.28 07:00:00;26,251;-1,800;1,000;94,000;7,000;10,683;4,000;4,000;

4329;2016.02.28 08:00:00;27,846;-0,100;0,000;91,000;1,000;10,683;4,000;4,000;

4330;2016.02.28 09:00:00;27,410;1,800;1,000;81,000;0,000;10,683;4,000;4,000;

4331;2016.02.28 10:00:00;25,095;2,400;2,000;76,000;0,000;10,683;4,000;4,000;

4332;2016.02.28 11:00:00;23,309;3,500;2,000;66,000;1,000;10,683;4,000;4,000;

4333;2016.02.28 12:00:00;21,617;4,000;3,000;55,000;1,000;10,683;4,000;4,000;

4334;2016.02.28 13:00:00;22,116;4,100;3,000;57,000;1,000;10,683;4,000;4,000;

4335;2016.02.28 14:00:00;21,483;3,900;3,000;61,000;1,000;10,683;4,000;4,000;

4336;2016.02.28 15:00:00;20,928;3,500;3,000;68,000;1,000;10,683;4,000;4,000;

4337;2016.02.28 16:00:00;21,372;2,600;2,000;78,000;3,000;10,683;4,000;4,000;

4338;2016.02.28 17:00:00;23,891;1,100;1,000;83,000;4,000;10,683;4,000;4,000;

4339;2016.02.28 18:00:00;24,280;-0,400;1,000;90,000;6,000;10,683;4,000;4,000;

4340;2016.02.28 19:00:00;27,687;-0,700;1,000;91,000;1,000;10,683;4,000;4,000;

4341;2016.02.28 20:00:00;27,724;-1,200;1,000;93,000;0,000;10,683;4,000;4,000;

4342;2016.02.28 21:00:00;27,910;-1,000;2,000;95,000;0,000;10,683;4,000;4,000;

4343;2016.02.28 22:00:00;26,891;-1,900;0,000;94,000;0,000;10,683;4,000;4,000;

4344;2016.02.28 23:00:00;25,724;-2,300;1,000;95,000;0,000;10,683;4,000;4,000;

4345;2016.02.29 00:00:00;26,965;-2,700;1,000;95,000;0,000;0,000;1,000;4,000;

4346;2016.02.29 01:00:00;27,706;-3,200;1,000;95,000;1,000;0,000;1,000;4,000;

4347;2016.02.29 02:00:00;27,799;-3,300;1,000;96,000;0,000;0,000;1,000;4,000;

4348;2016.02.29 03:00:00;28,465;-0,700;2,000;96,000;6,000;0,000;1,000;4,000;

4349;2016.02.29 04:00:00;28,873;-0,800;1,000;91,000;7,000;0,000;1,000;4,000;

4350;2016.02.29 05:00:00;28,817;-0,600;1,000;91,000;7,000;0,000;1,000;4,000;

4351;2016.02.29 06:00:00;30,188;-0,700;1,000;89,000;7,000;0,000;1,000;4,000;

4352;2016.02.29 07:00:00;30,114;-0,500;1,000;88,000;7,000;0,000;1,000;4,000;

4353;2016.02.29 08:00:00;27,436;-0,300;1,000;85,000;8,000;0,000;1,000;4,000;

4354;2016.02.29 09:00:00;27,643;0,200;2,000;81,000;7,000;0,000;1,000;4,000;

4355;2016.02.29 10:00:00;26,484;1,100;1,000;78,000;7,000;0,000;1,000;4,000;

4356;2016.02.29 11:00:00;24,294;2,300;3,000;71,000;7,000;0,000;1,000;4,000;

4357;2016.02.29 12:00:00;24,834;3,000;3,000;66,000;7,000;0,000;1,000;4,000;

4358;2016.02.29 13:00:00;23,840;3,300;3,000;63,000;7,000;0,000;1,000;4,000;

4359;2016.02.29 14:00:00;22,687;3,300;3,000;61,000;7,000;0,000;1,000;4,000;

4360;2016.02.29 15:00:00;23,189;3,300;3,000;61,000;7,000;0,000;1,000;4,000;

4361;2016.02.29 16:00:00;24,222;2,400;2,000;63,000;7,000;0,000;1,000;4,000;

4362;2016.02.29 17:00:00;26,669;1,400;2,000;67,000;7,000;0,000;1,000;4,000;

4363;2016.02.29 18:00:00;29,328;0,600;2,000;71,000;7,000;0,000;1,000;4,000;

4364;2016.02.29 19:00:00;25,954;0,200;2,000;75,000;7,000;0,000;1,000;4,000;

4365;2016.02.29 20:00:00;25,584;-0,200;2,000;76,000;6,000;0,000;1,000;4,000;

4366;2016.02.29 21:00:00;27,846;-0,600;2,000;79,000;6,000;0,000;1,000;4,000;

4367;2016.02.29 22:00:00;27,132;-0,800;2,000;82,000;6,000;0,000;1,000;4,000;

4368;2016.02.29 23:00:00;26,823;-1,400;1,000;86,000;4,000;0,000;1,000;4,000;

4369;2016.03.01 00:00:00;27,599;-1,100;2,000;86,000;0,000;10,767;1,000;1,000;

4370;2016.03.01 01:00:00;27,714;-0,800;2,000;84,000;4,000;10,767;1,000;1,000;

4371;2016.03.01 02:00:00;28,058;-0,900;2,000;83,000;7,000;10,767;1,000;1,000;

4372;2016.03.01 03:00:00;27,224;-1,200;2,000;83,000;7,000;10,767;1,000;1,000;

4373;2016.03.01 04:00:00;28,984;-1,300;2,000;82,000;5,000;10,767;1,000;1,000;

4374;2016.03.01 05:00:00;30,373;-1,800;2,000;81,000;3,000;10,767;1,000;1,000;

4375;2016.03.01 06:00:00;30,095;-1,900;2,000;83,000;2,000;10,767;1,000;1,000;

4376;2016.03.01 07:00:00;29,539;-1,100;1,000;81,000;1,000;10,767;1,000;1,000;

4377;2016.03.01 08:00:00;26,484;0,600;3,000;75,000;3,000;10,767;1,000;1,000;

4378;2016.03.01 09:00:00;27,132;1,200;3,000;74,000;3,000;10,767;1,000;1,000;

4379;2016.03.01 10:00:00;25,372;2,100;3,000;72,000;2,000;10,767;1,000;1,000;

4380;2016.03.01 11:00:00;25,465;2,900;3,000;70,000;4,000;10,767;1,000;1,000;

4381;2016.03.01 12:00:00;23,946;2,800;3,000;70,000;7,000;10,767;1,000;1,000;

4382;2016.03.01 13:00:00;23,724;3,000;2,000;71,000;7,000;10,767;1,000;1,000;

4383;2016.03.01 14:00:00;22,891;3,100;2,000;71,000;7,000;10,767;1,000;1,000;

4384;2016.03.01 15:00:00;22,391;3,100;2,000;71,000;7,000;10,767;1,000;1,000;

4385;2016.03.01 16:00:00;21,454;2,800;2,000;74,000;6,000;10,767;1,000;1,000;

4386;2016.03.01 17:00:00;24,328;1,900;1,000;78,000;6,000;10,767;1,000;1,000;

4387;2016.03.01 18:00:00;24,236;-0,100;0,000;86,000;7,000;10,767;1,000;1,000;

4388;2016.03.01 19:00:00;25,558;-0,200;1,000;91,000;7,000;10,767;1,000;1,000;

4389;2016.03.01 20:00:00;26,601;-0,600;1,000;88,000;8,000;10,767;1,000;1,000;

4390;2016.03.01 21:00:00;28,595;-1,000;2,000;90,000;8,000;10,767;1,000;1,000;

4391;2016.03.01 22:00:00;24,685;-1,100;2,000;91,000;7,000;10,767;1,000;1,000;

4392;2016.03.01 23:00:00;25,319;-0,800;2,000;92,000;7,000;10,767;1,000;1,000;

4393;2016.03.02 00:00:00;25,558;-0,700;2,000;92,000;8,000;10,833;1,000;1,000;

4394;2016.03.02 01:00:00;25,558;-0,500;2,000;90,000;8,000;10,833;1,000;1,000;

4395;2016.03.02 02:00:00;25,280;-0,900;2,000;91,000;8,000;10,833;1,000;1,000;

4396;2016.03.02 03:00:00;25,372;-0,800;3,000;91,000;8,000;10,833;1,000;1,000;

4397;2016.03.02 04:00:00;25,558;-0,500;3,000;90,000;8,000;10,833;1,000;1,000;

4398;2016.03.02 05:00:00;26,576;-0,200;4,000;87,000;8,000;10,833;1,000;1,000;

4399;2016.03.02 06:00:00;27,780;0,000;4,000;87,000;8,000;10,833;1,000;1,000;

4400;2016.03.02 07:00:00;28,037;0,300;4,000;86,000;8,000;10,833;1,000;1,000;

4401;2016.03.02 08:00:00;28,449;0,600;4,000;89,000;8,000;10,833;1,000;1,000;

4402;2016.03.02 09:00:00;27,780;0,900;4,000;89,000;8,000;10,833;1,000;1,000;

4403;2016.03.02 10:00:00;26,410;1,500;5,000;88,000;8,000;10,833;1,000;1,000;

4404;2016.03.02 11:00:00;25,984;2,100;6,000;87,000;8,000;10,833;1,000;1,000;

4405;2016.03.02 12:00:00;22,944;2,400;5,000;86,000;8,000;10,833;1,000;1,000;

4406;2016.03.02 13:00:00;25,597;2,900;5,000;85,000;8,000;10,833;1,000;1,000;

4407;2016.03.02 14:00:00;24,520;3,500;4,000;83,000;8,000;10,833;1,000;1,000;

4408;2016.03.02 15:00:00;23,002;3,800;3,000;83,000;8,000;10,833;1,000;1,000;

4409;2016.03.02 16:00:00;24,329;4,100;4,000;82,000;8,000;10,833;1,000;1,000;

4410;2016.03.02 17:00:00;25,026;4,000;4,000;83,000;8,000;10,833;1,000;1,000;

4411;2016.03.02 18:00:00;25,423;4,100;4,000;84,000;8,000;10,833;1,000;1,000;

4412;2016.03.02 19:00:00;25,396;3,900;4,000;86,000;7,000;10,833;1,000;1,000;

4413;2016.03.02 20:00:00;23,372;3,900;4,000;86,000;8,000;10,833;1,000;1,000;

4414;2016.03.02 21:00:00;23,335;3,800;3,000;88,000;8,000;10,833;1,000;1,000;

4415;2016.03.02 22:00:00;24,169;4,200;2,000;88,000;8,000;10,833;1,000;1,000;

4416;2016.03.02 23:00:00;20,613;3,800;2,000;87,000;8,000;10,833;1,000;1,000;

4417;2016.03.03 00:00:00;24,446;2,600;2,000;84,000;8,000;10,900;1,000;1,000;

4418;2016.03.03 01:00:00;23,391;2,100;1,000;88,000;7,000;10,900;1,000;1,000;

4419;2016.03.03 02:00:00;23,113;2,400;0,000;86,000;8,000;10,900;1,000;1,000;

4420;2016.03.03 03:00:00;23,946;2,400;1,000;85,000;8,000;10,900;1,000;1,000;

4421;2016.03.03 04:00:00;24,002;2,000;1,000;87,000;7,000;10,900;1,000;1,000;

4422;2016.03.03 05:00:00;24,099;1,800;1,000;88,000;7,000;10,900;1,000;1,000;

4423;2016.03.03 06:00:00;24,030;2,100;1,000;84,000;7,000;10,900;1,000;1,000;

4424;2016.03.03 07:00:00;25,433;2,000;1,000;89,000;8,000;10,900;1,000;1,000;

4425;2016.03.03 08:00:00;24,735;2,700;1,000;87,000;8,000;10,900;1,000;1,000;

4426;2016.03.03 09:00:00;24,491;2,100;2,000;92,000;8,000;10,900;1,000;1,000;

4427;2016.03.03 10:00:00;23,131;2,100;3,000;95,000;8,000;10,900;1,000;1,000;

4428;2016.03.03 11:00:00;25,242;2,400;2,000;95,000;8,000;10,900;1,000;1,000;

4429;2016.03.03 12:00:00;25,006;2,700;2,000;96,000;8,000;10,900;1,000;1,000;

4430;2016.03.03 13:00:00;24,129;3,000;2,000;96,000;8,000;10,900;1,000;1,000;

4431;2016.03.03 14:00:00;23,395;3,500;1,000;97,000;8,000;10,900;1,000;1,000;

4432;2016.03.03 15:00:00;24,082;3,700;1,000;97,000;8,000;10,900;1,000;1,000;

4433;2016.03.03 16:00:00;26,310;3,500;1,000;97,000;8,000;10,900;1,000;1,000;

4434;2016.03.03 17:00:00;24,943;3,300;1,000;97,000;8,000;10,900;1,000;1,000;

4435;2016.03.03 18:00:00;22,713;3,100;1,000;97,000;9,000;10,900;1,000;1,000;

4436;2016.03.03 19:00:00;23,716;3,100;1,000;97,000;8,000;10,900;1,000;1,000;

4437;2016.03.03 20:00:00;25,335;2,400;2,000;97,000;8,000;10,900;1,000;1,000;

4438;2016.03.03 21:00:00;25,314;2,200;2,000;97,000;9,000;10,900;1,000;1,000;

4439;2016.03.03 22:00:00;20,954;2,100;1,000;98,000;9,000;10,900;1,000;1,000;

4440;2016.03.03 23:00:00;20,978;2,200;2,000;98,000;9,000;10,900;1,000;1,000;

4441;2016.03.04 00:00:00;23,891;1,900;2,000;98,000;9,000;10,983;2,000;1,000;

4442;2016.03.04 01:00:00;21,946;1,500;2,000;98,000;8,000;10,983;2,000;1,000;

4443;2016.03.04 02:00:00;21,863;1,000;2,000;98,000;8,000;10,983;2,000;1,000;

4444;2016.03.04 03:00:00;22,849;0,300;2,000;98,000;8,000;10,983;2,000;1,000;

4445;2016.03.04 04:00:00;24,182;0,000;2,000;98,000;8,000;10,983;2,000;1,000;

4446;2016.03.04 05:00:00;25,113;-0,100;2,000;98,000;9,000;10,983;2,000;1,000;

4447;2016.03.04 06:00:00;23,419;-0,200;2,000;99,000;9,000;10,983;2,000;1,000;

4448;2016.03.04 07:00:00;23,701;-0,500;3,000;99,000;9,000;10,983;2,000;1,000;

4449;2016.03.04 08:00:00;23,664;-0,200;3,000;99,000;9,000;10,983;2,000;1,000;

4450;2016.03.04 09:00:00;23,169;0,600;2,000;99,000;9,000;10,983;2,000;1,000;

4451;2016.03.04 10:00:00;22,321;1,900;2,000;99,000;8,000;10,983;2,000;1,000;

4452;2016.03.04 11:00:00;21,849;3,700;2,000;99,000;7,000;10,983;2,000;1,000;

4453;2016.03.04 12:00:00;20,409;5,900;2,000;81,000;1,000;10,983;2,000;1,000;

4454;2016.03.04 13:00:00;19,751;7,400;2,000;66,000;1,000;10,983;2,000;1,000;

4455;2016.03.04 14:00:00;17,992;7,900;2,000;57,000;1,000;10,983;2,000;1,000;

4456;2016.03.04 15:00:00;18,131;5,200;3,000;85,000;1,000;10,983;2,000;1,000;

4457;2016.03.04 16:00:00;18,639;4,400;3,000;83,000;3,000;10,983;2,000;1,000;

4458;2016.03.04 17:00:00;18,215;3,300;1,000;88,000;1,000;10,983;2,000;1,000;

4459;2016.03.04 18:00:00;20,816;1,700;1,000;91,000;1,000;10,983;2,000;1,000;

4460;2016.03.04 19:00:00;22,196;1,400;0,000;94,000;7,000;10,983;2,000;1,000;

4461;2016.03.04 20:00:00;26,010;2,500;3,000;84,000;2,000;10,983;2,000;1,000;

4462;2016.03.04 21:00:00;24,207;1,900;4,000;89,000;4,000;10,983;2,000;1,000;

4463;2016.03.04 22:00:00;23,102;1,400;4,000;95,000;8,000;10,983;2,000;1,000;

4464;2016.03.04 23:00:00;20,160;1,400;2,000;95,000;7,000;10,983;2,000;1,000;

4465;2016.03.05 00:00:00;23,821;2,100;3,000;94,000;8,000;11,050;3,000;1,000;

4466;2016.03.05 01:00:00;22,413;2,100;3,000;92,000;8,000;11,050;3,000;1,000;

4467;2016.03.05 02:00:00;21,994;2,300;2,000;90,000;8,000;11,050;3,000;1,000;

4468;2016.03.05 03:00:00;22,057;2,500;2,000;90,000;8,000;11,050;3,000;1,000;

4469;2016.03.05 04:00:00;22,164;2,300;3,000;90,000;8,000;11,050;3,000;1,000;

4470;2016.03.05 05:00:00;23,057;2,600;3,000;90,000;6,000;11,050;3,000;1,000;

4471;2016.03.05 06:00:00;22,868;2,700;4,000;89,000;8,000;11,050;3,000;1,000;

4472;2016.03.05 07:00:00;22,080;2,600;4,000;87,000;7,000;11,050;3,000;1,000;

4473;2016.03.05 08:00:00;22,736;2,600;5,000;86,000;8,000;11,050;3,000;1,000;

4474;2016.03.05 09:00:00;21,716;3,200;4,000;83,000;8,000;11,050;3,000;1,000;

4475;2016.03.05 10:00:00;22,595;4,000;5,000;77,000;7,000;11,050;3,000;1,000;

4476;2016.03.05 11:00:00;21,686;4,500;5,000;72,000;7,000;11,050;3,000;1,000;

4477;2016.03.05 12:00:00;21,631;4,800;4,000;72,000;8,000;11,050;3,000;1,000;

4478;2016.03.05 13:00:00;20,205;4,700;6,000;73,000;8,000;11,050;3,000;1,000;

4479;2016.03.05 14:00:00;20,460;4,300;5,000;75,000;8,000;11,050;3,000;1,000;

4480;2016.03.05 15:00:00;20,264;4,800;3,000;74,000;8,000;11,050;3,000;1,000;

4481;2016.03.05 16:00:00;24,707;4,800;4,000;74,000;7,000;11,050;3,000;1,000;

4482;2016.03.05 17:00:00;18,916;4,500;4,000;75,000;8,000;11,050;3,000;1,000;

4483;2016.03.05 18:00:00;21,176;4,300;3,000;76,000;8,000;11,050;3,000;1,000;

4484;2016.03.05 19:00:00;20,835;4,200;3,000;76,000;8,000;11,050;3,000;1,000;

4485;2016.03.05 20:00:00;21,228;4,000;3,000;77,000;8,000;11,050;3,000;1,000;

4486;2016.03.05 21:00:00;21,219;3,800;3,000;81,000;8,000;11,050;3,000;1,000;

4487;2016.03.05 22:00:00;19,840;3,800;4,000;84,000;8,000;11,050;3,000;1,000;

4488;2016.03.05 23:00:00;18,705;4,000;2,000;85,000;8,000;11,050;3,000;1,000;

4489;2016.03.06 00:00:00;20,696;4,100;2,000;85,000;8,000;11,133;4,000;1,000;

4490;2016.03.06 01:00:00;19,752;4,100;2,000;87,000;8,000;11,133;4,000;1,000;

4491;2016.03.06 02:00:00;19,798;4,000;2,000;88,000;8,000;11,133;4,000;1,000;

4492;2016.03.06 03:00:00;20,076;4,000;1,000;88,000;8,000;11,133;4,000;1,000;

4493;2016.03.06 04:00:00;20,103;3,900;1,000;89,000;8,000;11,133;4,000;1,000;

4494;2016.03.06 05:00:00;21,019;4,000;2,000;89,000;8,000;11,133;4,000;1,000;

4495;2016.03.06 06:00:00;21,961;4,100;1,000;89,000;8,000;11,133;4,000;1,000;

4496;2016.03.06 07:00:00;21,405;4,200;2,000;89,000;8,000;11,133;4,000;1,000;

4497;2016.03.06 08:00:00;20,520;4,500;3,000;87,000;8,000;11,133;4,000;1,000;

4498;2016.03.06 09:00:00;20,779;5,100;3,000;84,000;8,000;11,133;4,000;1,000;

4499;2016.03.06 10:00:00;20,378;5,300;2,000;83,000;8,000;11,133;4,000;1,000;

4500;2016.03.06 11:00:00;19,798;5,700;2,000;81,000;8,000;11,133;4,000;1,000;

4501;2016.03.06 12:00:00;19,608;5,900;3,000;79,000;8,000;11,133;4,000;1,000;

4502;2016.03.06 13:00:00;20,440;5,800;3,000;85,000;8,000;11,133;4,000;1,000;

4503;2016.03.06 14:00:00;19,680;5,000;4,000;88,000;8,000;11,133;4,000;1,000;

4504;2016.03.06 15:00:00;20,089;4,800;3,000;90,000;8,000;11,133;4,000;1,000;

4505;2016.03.06 16:00:00;20,409;4,400;3,000;90,000;8,000;11,133;4,000;1,000;

4506;2016.03.06 17:00:00;20,150;4,100;4,000;91,000;8,000;11,133;4,000;1,000;

4507;2016.03.06 18:00:00;21,914;3,400;5,000;91,000;8,000;11,133;4,000;1,000;

4508;2016.03.06 19:00:00;25,419;3,100;4,000;90,000;8,000;11,133;4,000;1,000;

4509;2016.03.06 20:00:00;22,988;3,000;4,000;90,000;8,000;11,133;4,000;1,000;

4510;2016.03.06 21:00:00;24,763;3,100;5,000;89,000;8,000;11,133;4,000;1,000;

4511;2016.03.06 22:00:00;24,085;3,100;3,000;88,000;8,000;11,133;4,000;1,000;

4512;2016.03.06 23:00:00;20,822;3,000;3,000;89,000;8,000;11,133;4,000;1,000;

4513;2016.03.07 00:00:00;25,393;3,100;4,000;88,000;6,000;11,200;1,000;1,000;

4514;2016.03.07 01:00:00;24,687;2,800;4,000;89,000;4,000;11,200;1,000;1,000;

4515;2016.03.07 02:00:00;23,743;2,400;3,000;90,000;6,000;11,200;1,000;1,000;

4516;2016.03.07 03:00:00;24,636;1,800;3,000;91,000;0,000;11,200;1,000;1,000;

4517;2016.03.07 04:00:00;25,249;1,300;3,000;92,000;0,000;11,200;1,000;1,000;

4518;2016.03.07 05:00:00;26,123;0,400;3,000;94,000;0,000;11,200;1,000;1,000;

4519;2016.03.07 06:00:00;26,149;0,600;4,000;96,000;0,000;11,200;1,000;1,000;

4520;2016.03.07 07:00:00;25,439;1,200;2,000;93,000;1,000;11,200;1,000;1,000;

4521;2016.03.07 08:00:00;24,491;1,900;3,000;91,000;7,000;11,200;1,000;1,000;

4522;2016.03.07 09:00:00;22,650;3,600;4,000;85,000;7,000;11,200;1,000;1,000;

4523;2016.03.07 10:00:00;22,150;5,500;3,000;77,000;5,000;11,200;1,000;1,000;

4524;2016.03.07 11:00:00;21,249;5,700;3,000;73,000;6,000;11,200;1,000;1,000;

4525;2016.03.07 12:00:00;20,208;6,100;4,000;69,000;7,000;11,200;1,000;1,000;

4526;2016.03.07 13:00:00;20,731;5,900;3,000;67,000;7,000;11,200;1,000;1,000;

4527;2016.03.07 14:00:00;20,196;6,200;3,000;65,000;7,000;11,200;1,000;1,000;

4528;2016.03.07 15:00:00;20,276;6,000;3,000;63,000;7,000;11,200;1,000;1,000;

4529;2016.03.07 16:00:00;20,276;5,200;2,000;66,000;3,000;11,200;1,000;1,000;

4530;2016.03.07 17:00:00;20,276;4,000;2,000;72,000;1,000;11,200;1,000;1,000;

4531;2016.03.07 18:00:00;20,276;2,200;1,000;79,000;0,000;11,200;1,000;1,000;

4532;2016.03.07 19:00:00;22,009;1,500;0,000;83,000;5,000;11,200;1,000;1,000;

4533;2016.03.07 20:00:00;23,097;0,500;1,000;88,000;1,000;11,200;1,000;1,000;

4534;2016.03.07 21:00:00;23,018;0,500;1,000;92,000;3,000;11,200;1,000;1,000;

4535;2016.03.07 22:00:00;22,576;0,700;1,000;94,000;5,000;11,200;1,000;1,000;

4536;2016.03.07 23:00:00;22,354;-0,400;0,000;95,000;9,000;11,200;1,000;1,000;

4537;2016.03.08 00:00:00;25,632;-0,700;1,000;96,000;1,000;11,267;1,000;1,000;

4538;2016.03.08 01:00:00;24,007;-0,500;1,000;97,000;7,000;11,267;1,000;1,000;

4539;2016.03.08 02:00:00;24,955;-0,800;1,000;97,000;6,000;11,267;1,000;1,000;

4540;2016.03.08 03:00:00;24,585;-1,300;1,000;97,000;9,000;11,267;1,000;1,000;

4541;2016.03.08 04:00:00;25,534;-2,100;0,000;97,000;9,000;11,267;1,000;1,000;

4542;2016.03.08 05:00:00;27,076;-2,400;0,000;98,000;9,000;11,267;1,000;1,000;

4543;2016.03.08 06:00:00;27,243;-2,600;0,000;98,000;9,000;11,267;1,000;1,000;

4544;2016.03.08 07:00:00;29,193;-2,600;1,000;98,000;9,000;11,267;1,000;1,000;

4545;2016.03.08 08:00:00;26,629;-1,800;1,000;98,000;9,000;11,267;1,000;1,000;

4546;2016.03.08 09:00:00;25,573;0,900;1,000;99,000;7,000;11,267;1,000;1,000;

4547;2016.03.08 10:00:00;24,946;4,500;1,000;90,000;1,000;11,267;1,000;1,000;

4548;2016.03.08 11:00:00;23,596;4,900;2,000;71,000;1,000;11,267;1,000;1,000;

4549;2016.03.08 12:00:00;23,774;4,900;2,000;67,000;5,000;11,267;1,000;1,000;

4550;2016.03.08 13:00:00;22,173;6,000;3,000;60,000;3,000;11,267;1,000;1,000;

4551;2016.03.08 14:00:00;18,847;5,900;3,000;61,000;1,000;11,267;1,000;1,000;

4552;2016.03.08 15:00:00;22,998;5,900;2,000;59,000;1,000;11,267;1,000;1,000;

4553;2016.03.08 16:00:00;20,685;5,200;2,000;62,000;5,000;11,267;1,000;1,000;

4554;2016.03.08 17:00:00;21,829;3,900;1,000;72,000;3,000;11,267;1,000;1,000;

4555;2016.03.08 18:00:00;22,502;1,900;1,000;81,000;0,000;11,267;1,000;1,000;

4556;2016.03.08 19:00:00;23,224;1,800;2,000;78,000;0,000;11,267;1,000;1,000;

4557;2016.03.08 20:00:00;25,750;1,000;2,000;81,000;0,000;11,267;1,000;1,000;

4558;2016.03.08 21:00:00;26,191;0,100;2,000;84,000;0,000;11,267;1,000;1,000;

4559;2016.03.08 22:00:00;24,291;-0,100;2,000;84,000;0,000;11,267;1,000;1,000;

4560;2016.03.08 23:00:00;22,474;-0,200;2,000;84,000;3,000;11,267;1,000;1,000;

4561;2016.03.09 00:00:00;27,163;0,000;2,000;84,000;7,000;11,350;1,000;1,000;

4562;2016.03.09 01:00:00;24,681;0,300;2,000;84,000;8,000;11,350;1,000;1,000;

4563;2016.03.09 02:00:00;24,605;0,200;2,000;85,000;7,000;11,350;1,000;1,000;

4564;2016.03.09 03:00:00;24,990;0,000;2,000;86,000;8,000;11,350;1,000;1,000;

4565;2016.03.09 04:00:00;25,560;-0,500;2,000;88,000;3,000;11,350;1,000;1,000;

4566;2016.03.09 05:00:00;27,132;-0,200;2,000;88,000;6,000;11,350;1,000;1,000;

4567;2016.03.09 06:00:00;27,132;0,000;3,000;87,000;7,000;11,350;1,000;1,000;

4568;2016.03.09 07:00:00;27,280;-0,300;3,000;88,000;8,000;11,350;1,000;1,000;

4569;2016.03.09 08:00:00;26,909;0,900;2,000;87,000;6,000;11,350;1,000;1,000;

4570;2016.03.09 09:00:00;24,318;3,000;3,000;84,000;7,000;11,350;1,000;1,000;

4571;2016.03.09 10:00:00;24,238;4,000;3,000;79,000;7,000;11,350;1,000;1,000;

4572;2016.03.09 11:00:00;22,918;4,400;2,000;79,000;7,000;11,350;1,000;1,000;

4573;2016.03.09 12:00:00;21,627;5,800;2,000;69,000;7,000;11,350;1,000;1,000;

4574;2016.03.09 13:00:00;19,692;6,400;2,000;63,000;6,000;11,350;1,000;1,000;

4575;2016.03.09 14:00:00;18,783;6,100;2,000;64,000;5,000;11,350;1,000;1,000;

4576;2016.03.09 15:00:00;19,340;6,000;2,000;65,000;4,000;11,350;1,000;1,000;

4577;2016.03.09 16:00:00;18,649;5,400;2,000;68,000;2,000;11,350;1,000;1,000;

4578;2016.03.09 17:00:00;20,134;4,100;2,000;74,000;3,000;11,350;1,000;1,000;

4579;2016.03.09 18:00:00;20,961;3,200;1,000;81,000;3,000;11,350;1,000;1,000;

4580;2016.03.09 19:00:00;20,869;3,400;1,000;84,000;8,000;11,350;1,000;1,000;

4581;2016.03.09 20:00:00;21,696;3,200;1,000;87,000;8,000;11,350;1,000;1,000;

4582;2016.03.09 21:00:00;22,262;3,100;1,000;89,000;8,000;11,350;1,000;1,000;

4583;2016.03.09 22:00:00;22,005;3,000;1,000;90,000;8,000;11,350;1,000;1,000;

4584;2016.03.09 23:00:00;21,473;3,100;1,000;90,000;8,000;11,350;1,000;1,000;

4585;2016.03.10 00:00:00;20,798;4,300;2,000;82,000;8,000;11,417;1,000;1,000;

4586;2016.03.10 01:00:00;22,247;4,000;1,000;82,000;8,000;11,417;1,000;1,000;

4587;2016.03.10 02:00:00;22,407;4,000;1,000;84,000;8,000;11,417;1,000;1,000;

4588;2016.03.10 03:00:00;22,407;4,100;1,000;84,000;8,000;11,417;1,000;1,000;

4589;2016.03.10 04:00:00;22,259;4,000;1,000;83,000;8,000;11,417;1,000;1,000;

4590;2016.03.10 05:00:00;22,157;3,700;1,000;83,000;8,000;11,417;1,000;1,000;

4591;2016.03.10 06:00:00;22,517;3,500;1,000;83,000;8,000;11,417;1,000;1,000;

4592;2016.03.10 07:00:00;22,264;4,000;1,000;82,000;7,000;11,417;1,000;1,000;

4593;2016.03.10 08:00:00;21,909;4,700;1,000;78,000;7,000;11,417;1,000;1,000;

4594;2016.03.10 09:00:00;21,289;5,700;2,000;68,000;7,000;11,417;1,000;1,000;

4595;2016.03.10 10:00:00;19,974;6,500;3,000;63,000;7,000;11,417;1,000;1,000;

4596;2016.03.10 11:00:00;18,705;6,800;3,000;57,000;7,000;11,417;1,000;1,000;

4597;2016.03.10 12:00:00;18,201;6,400;2,000;60,000;7,000;11,417;1,000;1,000;

4598;2016.03.10 13:00:00;18,104;6,500;2,000;58,000;7,000;11,417;1,000;1,000;

4599;2016.03.10 14:00:00;17,356;6,100;3,000;62,000;7,000;11,417;1,000;1,000;

4600;2016.03.10 15:00:00;18,642;5,800;2,000;66,000;8,000;11,417;1,000;1,000;

4601;2016.03.10 16:00:00;20,162;4,900;3,000;66,000;7,000;11,417;1,000;1,000;

4602;2016.03.10 17:00:00;19,397;4,000;2,000;67,000;8,000;11,417;1,000;1,000;

4603;2016.03.10 18:00:00;20,428;3,600;3,000;72,000;8,000;11,417;1,000;1,000;

4604;2016.03.10 19:00:00;22,817;3,300;2,000;76,000;8,000;11,417;1,000;1,000;

4605;2016.03.10 20:00:00;22,502;3,100;2,000;75,000;8,000;11,417;1,000;1,000;

4606;2016.03.10 21:00:00;22,724;2,900;3,000;76,000;8,000;11,417;1,000;1,000;

4607;2016.03.10 22:00:00;20,912;2,800;2,000;78,000;8,000;11,417;1,000;1,000;

4608;2016.03.10 23:00:00;21,430;2,600;1,000;81,000;8,000;11,417;1,000;1,000;

4609;2016.03.11 00:00:00;21,430;2,300;2,000;86,000;8,000;11,500;2,000;1,000;

4610;2016.03.11 01:00:00;22,053;2,200;2,000;88,000;8,000;11,500;2,000;1,000;

4611;2016.03.11 02:00:00;23,295;2,200;1,000;91,000;8,000;11,500;2,000;1,000;

4612;2016.03.11 03:00:00;22,872;2,300;2,000;91,000;8,000;11,500;2,000;1,000;

4613;2016.03.11 04:00:00;22,251;2,200;2,000;92,000;8,000;11,500;2,000;1,000;

4614;2016.03.11 05:00:00;23,401;2,200;2,000;92,000;8,000;11,500;2,000;1,000;

4615;2016.03.11 06:00:00;23,850;2,300;2,000;91,000;8,000;11,500;2,000;1,000;

4616;2016.03.11 07:00:00;23,506;2,400;2,000;90,000;8,000;11,500;2,000;1,000;

4617;2016.03.11 08:00:00;22,245;2,900;2,000;89,000;8,000;11,500;2,000;1,000;

4618;2016.03.11 09:00:00;23,111;3,400;3,000;84,000;8,000;11,500;2,000;1,000;

4619;2016.03.11 10:00:00;22,521;3,500;3,000;87,000;8,000;11,500;2,000;1,000;

4620;2016.03.11 11:00:00;22,137;3,700;3,000;86,000;8,000;11,500;2,000;1,000;

4621;2016.03.11 12:00:00;21,863;3,500;3,000;86,000;8,000;11,500;2,000;1,000;

4622;2016.03.11 13:00:00;22,641;3,200;4,000;87,000;8,000;11,500;2,000;1,000;

4623;2016.03.11 14:00:00;22,964;3,200;4,000;85,000;8,000;11,500;2,000;1,000;

4624;2016.03.11 15:00:00;23,301;2,500;5,000;89,000;8,000;11,500;2,000;1,000;

4625;2016.03.11 16:00:00;23,044;2,300;3,000;89,000;8,000;11,500;2,000;1,000;

4626;2016.03.11 17:00:00;23,007;1,900;4,000;86,000;8,000;11,500;2,000;1,000;

4627;2016.03.11 18:00:00;23,560;1,800;2,000;81,000;8,000;11,500;2,000;1,000;

4628;2016.03.11 19:00:00;23,721;1,700;3,000;81,000;8,000;11,500;2,000;1,000;

4629;2016.03.11 20:00:00;25,323;1,700;3,000;81,000;8,000;11,500;2,000;1,000;

4630;2016.03.11 21:00:00;25,071;1,800;3,000;79,000;8,000;11,500;2,000;1,000;

4631;2016.03.11 22:00:00;23,575;1,900;3,000;78,000;8,000;11,500;2,000;1,000;

4632;2016.03.11 23:00:00;22,620;1,900;3,000;78,000;8,000;11,500;2,000;1,000;

4633;2016.03.12 00:00:00;23,766;1,800;3,000;78,000;8,000;11,567;3,000;1,000;

4634;2016.03.12 01:00:00;23,052;1,700;3,000;77,000;8,000;11,567;3,000;1,000;

4635;2016.03.12 02:00:00;23,439;1,800;3,000;78,000;8,000;11,567;3,000;1,000;

4636;2016.03.12 03:00:00;23,099;1,800;3,000;78,000;8,000;11,567;3,000;1,000;

4637;2016.03.12 04:00:00;24,189;2,000;3,000;76,000;8,000;11,567;3,000;1,000;

4638;2016.03.12 05:00:00;24,142;1,900;3,000;78,000;8,000;11,567;3,000;1,000;

4639;2016.03.12 06:00:00;26,035;2,100;3,000;78,000;8,000;11,567;3,000;1,000;

4640;2016.03.12 07:00:00;24,729;2,300;3,000;76,000;8,000;11,567;3,000;1,000;

4641;2016.03.12 08:00:00;23,354;2,200;5,000;76,000;8,000;11,567;3,000;1,000;

4642;2016.03.12 09:00:00;24,102;3,000;3,000;73,000;7,000;11,567;3,000;1,000;

4643;2016.03.12 10:00:00;24,282;3,000;3,000;74,000;6,000;11,567;3,000;1,000;

4644;2016.03.12 11:00:00;21,550;3,400;4,000;72,000;5,000;11,567;3,000;1,000;

4645;2016.03.12 12:00:00;20,719;3,800;3,000;68,000;5,000;11,567;3,000;1,000;

4646;2016.03.12 13:00:00;21,300;4,400;3,000;65,000;4,000;11,567;3,000;1,000;

4647;2016.03.12 14:00:00;21,372;4,600;3,000;64,000;4,000;11,567;3,000;1,000;

4648;2016.03.12 15:00:00;21,430;4,200;3,000;67,000;5,000;11,567;3,000;1,000;

4649;2016.03.12 16:00:00;20,518;3,100;4,000;71,000;7,000;11,567;3,000;1,000;

4650;2016.03.12 17:00:00;21,854;2,700;3,000;73,000;8,000;11,567;3,000;1,000;

4651;2016.03.12 18:00:00;21,905;2,700;2,000;73,000;8,000;11,567;3,000;1,000;

4652;2016.03.12 19:00:00;23,144;2,700;3,000;76,000;8,000;11,567;3,000;1,000;

4653;2016.03.12 20:00:00;22,312;2,700;2,000;78,000;8,000;11,567;3,000;1,000;

4654;2016.03.12 21:00:00;25,158;2,500;2,000;78,000;8,000;11,567;3,000;1,000;

4655;2016.03.12 22:00:00;23,140;2,500;3,000;76,000;8,000;11,567;3,000;1,000;

4656;2016.03.12 23:00:00;20,094;2,400;2,000;75,000;8,000;11,567;3,000;1,000;

4657;2016.03.13 00:00:00;22,780;2,300;1,000;74,000;8,000;11,650;4,000;1,000;

4658;2016.03.13 01:00:00;22,426;2,100;2,000;75,000;8,000;11,650;4,000;1,000;

4659;2016.03.13 02:00:00;22,336;2,000;2,000;73,000;8,000;11,650;4,000;1,000;

4660;2016.03.13 03:00:00;22,317;1,800;2,000;74,000;8,000;11,650;4,000;1,000;

4661;2016.03.13 04:00:00;22,002;1,000;2,000;75,000;8,000;11,650;4,000;1,000;

4662;2016.03.13 05:00:00;22,891;0,500;2,000;76,000;8,000;11,650;4,000;1,000;

4663;2016.03.13 06:00:00;23,071;0,600;1,000;77,000;8,000;11,650;4,000;1,000;

4664;2016.03.13 07:00:00;23,536;0,900;2,000;78,000;8,000;11,650;4,000;1,000;

4665;2016.03.13 08:00:00;22,917;1,300;2,000;76,000;8,000;11,650;4,000;1,000;

4666;2016.03.13 09:00:00;22,965;1,300;1,000;76,000;8,000;11,650;4,000;1,000;

4667;2016.03.13 10:00:00;23,409;1,700;2,000;72,000;7,000;11,650;4,000;1,000;

4668;2016.03.13 11:00:00;21,732;2,500;2,000;68,000;7,000;11,650;4,000;1,000;

4669;2016.03.13 12:00:00;21,091;3,100;2,000;69,000;6,000;11,650;4,000;1,000;

4670;2016.03.13 13:00:00;21,301;3,200;3,000;68,000;6,000;11,650;4,000;1,000;

4671;2016.03.13 14:00:00;20,039;2,900;4,000;71,000;5,000;11,650;4,000;1,000;

4672;2016.03.13 15:00:00;19,938;2,900;3,000;70,000;5,000;11,650;4,000;1,000;

4673;2016.03.13 16:00:00;19,472;2,000;4,000;76,000;2,000;11,650;4,000;1,000;

4674;2016.03.13 17:00:00;21,188;1,500;3,000;77,000;2,000;11,650;4,000;1,000;

4675;2016.03.13 18:00:00;23,093;0,500;2,000;82,000;1,000;11,650;4,000;1,000;

4676;2016.03.13 19:00:00;25,513;-0,400;1,000;85,000;0,000;11,650;4,000;1,000;

4677;2016.03.13 20:00:00;24,114;-1,500;0,000;89,000;0,000;11,650;4,000;1,000;

4678;2016.03.13 21:00:00;23,760;-2,200;1,000;92,000;0,000;11,650;4,000;1,000;

4679;2016.03.13 22:00:00;25,136;-2,600;1,000;94,000;0,000;11,650;4,000;1,000;

4680;2016.03.13 23:00:00;23,182;-1,200;1,000;95,000;7,000;11,650;4,000;1,000;

4681;2016.03.14 00:00:00;25,487;-0,100;1,000;90,000;8,000;11,717;1,000;1,000;

4682;2016.03.14 01:00:00;24,182;0,000;2,000;89,000;8,000;11,717;1,000;1,000;

4683;2016.03.14 02:00:00;24,453;0,200;2,000;86,000;8,000;11,717;1,000;1,000;

4684;2016.03.14 03:00:00;23,960;0,300;2,000;86,000;8,000;11,717;1,000;1,000;

4685;2016.03.14 04:00:00;24,307;0,200;3,000;87,000;8,000;11,717;1,000;1,000;

4686;2016.03.14 05:00:00;24,030;0,200;2,000;87,000;8,000;11,717;1,000;1,000;

4687;2016.03.14 06:00:00;24,446;0,400;2,000;88,000;8,000;11,717;1,000;1,000;

4688;2016.03.14 07:00:00;24,863;0,500;3,000;90,000;8,000;11,717;1,000;1,000;

4689;2016.03.14 08:00:00;26,506;0,400;3,000;94,000;8,000;11,717;1,000;1,000;

4690;2016.03.14 09:00:00;24,825;0,700;3,000;96,000;8,000;11,717;1,000;1,000;

4691;2016.03.14 10:00:00;25,813;1,200;2,000;97,000;8,000;11,717;1,000;1,000;

4692;2016.03.14 11:00:00;24,614;2,200;4,000;97,000;8,000;11,717;1,000;1,000;

4693;2016.03.14 12:00:00;25,097;2,200;4,000;97,000;8,000;11,717;1,000;1,000;

4694;2016.03.14 13:00:00;25,230;2,300;4,000;98,000;8,000;11,717;1,000;1,000;

4695;2016.03.14 14:00:00;24,115;2,700;3,000;98,000;8,000;11,717;1,000;1,000;

4696;2016.03.14 15:00:00;22,604;3,200;4,000;97,000;8,000;11,717;1,000;1,000;

4697;2016.03.14 16:00:00;23,759;3,100;4,000;95,000;8,000;11,717;1,000;1,000;

4698;2016.03.14 17:00:00;21,854;2,900;4,000;94,000;8,000;11,717;1,000;1,000;

4699;2016.03.14 18:00:00;24,013;2,800;3,000;96,000;8,000;11,717;1,000;1,000;

4700;2016.03.14 19:00:00;24,539;2,900;4,000;97,000;8,000;11,717;1,000;1,000;

4701;2016.03.14 20:00:00;24,324;3,100;4,000;96,000;8,000;11,717;1,000;1,000;

4702;2016.03.14 21:00:00;23,949;3,300;5,000;97,000;8,000;11,717;1,000;1,000;

4703;2016.03.14 22:00:00;23,451;3,700;4,000;98,000;8,000;11,717;1,000;1,000;

4704;2016.03.14 23:00:00;23,765;3,700;2,000;98,000;8,000;11,717;1,000;1,000;

4705;2016.03.15 00:00:00;23,640;3,600;3,000;98,000;7,000;11,800;1,000;1,000;

4706;2016.03.15 01:00:00;23,266;3,400;3,000;96,000;8,000;11,800;1,000;1,000;

4707;2016.03.15 02:00:00;23,528;3,500;3,000;93,000;8,000;11,800;1,000;1,000;

4708;2016.03.15 03:00:00;23,860;3,300;3,000;89,000;8,000;11,800;1,000;1,000;

4709;2016.03.15 04:00:00;23,903;3,100;4,000;90,000;8,000;11,800;1,000;1,000;

4710;2016.03.15 05:00:00;23,903;3,100;3,000;89,000;8,000;11,800;1,000;1,000;

4711;2016.03.15 06:00:00;24,016;3,200;3,000;87,000;8,000;11,800;1,000;1,000;

4712;2016.03.15 07:00:00;24,048;3,700;3,000;84,000;7,000;11,800;1,000;1,000;

4713;2016.03.15 08:00:00;23,926;4,000;3,000;77,000;7,000;11,800;1,000;1,000;

4714;2016.03.15 09:00:00;22,798;4,000;4,000;79,000;7,000;11,800;1,000;1,000;

4715;2016.03.15 10:00:00;22,673;4,300;3,000;70,000;7,000;11,800;1,000;1,000;

4716;2016.03.15 11:00:00;22,673;5,200;3,000;65,000;7,000;11,800;1,000;1,000;

4717;2016.03.15 12:00:00;22,698;4,900;3,000;71,000;7,000;11,800;1,000;1,000;

4718;2016.03.15 13:00:00;21,696;4,400;3,000;69,000;7,000;11,800;1,000;1,000;

4719;2016.03.15 14:00:00;21,391;4,500;2,000;72,000;8,000;11,800;1,000;1,000;

4720;2016.03.15 15:00:00;21,102;4,500;3,000;68,000;8,000;11,800;1,000;1,000;

4721;2016.03.15 16:00:00;21,902;4,500;3,000;68,000;7,000;11,800;1,000;1,000;

4722;2016.03.15 17:00:00;22,530;4,100;2,000;73,000;8,000;11,800;1,000;1,000;

4723;2016.03.15 18:00:00;23,088;3,900;3,000;75,000;8,000;11,800;1,000;1,000;

4724;2016.03.15 19:00:00;22,867;3,700;2,000;75,000;8,000;11,800;1,000;1,000;

4725;2016.03.15 20:00:00;23,773;3,500;2,000;77,000;8,000;11,800;1,000;1,000;

4726;2016.03.15 21:00:00;23,974;3,300;2,000;78,000;8,000;11,800;1,000;1,000;

4727;2016.03.15 22:00:00;21,446;3,200;1,000;81,000;8,000;11,800;1,000;1,000;

4728;2016.03.15 23:00:00;18,668;2,900;1,000;82,000;8,000;11,800;1,000;1,000;

4729;2016.03.16 00:00:00;22,668;2,800;1,000;83,000;8,000;11,850;1,000;1,000;

4730;2016.03.16 01:00:00;22,391;2,000;1,000;82,000;0,000;11,850;1,000;1,000;

4731;2016.03.16 02:00:00;22,613;0,300;0,000;85,000;0,000;11,850;1,000;1,000;

4732;2016.03.16 03:00:00;23,077;-0,800;0,000;91,000;0,000;11,850;1,000;1,000;

4733;2016.03.16 04:00:00;23,927;-1,900;1,000;94,000;0,000;11,850;1,000;1,000;

4734;2016.03.16 05:00:00;24,897;-2,000;0,000;95,000;1,000;11,850;1,000;1,000;

4735;2016.03.16 06:00:00;26,107;-1,500;0,000;96,000;1,000;11,850;1,000;1,000;

4736;2016.03.16 07:00:00;25,224;0,700;1,000;96,000;2,000;11,850;1,000;1,000;

4737;2016.03.16 08:00:00;22,748;3,100;1,000;82,000;1,000;11,850;1,000;1,000;

4738;2016.03.16 09:00:00;22,296;4,600;3,000;66,000;3,000;11,850;1,000;1,000;

4739;2016.03.16 10:00:00;21,082;5,000;2,000;64,000;2,000;11,850;1,000;1,000;

4740;2016.03.16 11:00:00;20,714;5,000;2,000;64,000;2,000;11,850;1,000;1,000;

4741;2016.03.16 12:00:00;20,279;5,000;3,000;63,000;1,000;11,850;1,000;1,000;

4742;2016.03.16 13:00:00;19,070;4,800;3,000;64,000;0,000;11,850;1,000;1,000;

4743;2016.03.16 14:00:00;19,290;4,800;3,000;65,000;0,000;11,850;1,000;1,000;

4744;2016.03.16 15:00:00;17,964;4,200;3,000;67,000;0,000;11,850;1,000;1,000;

4745;2016.03.16 16:00:00;17,015;3,600;3,000;71,000;0,000;11,850;1,000;1,000;

4746;2016.03.16 17:00:00;20,187;2,900;2,000;75,000;0,000;11,850;1,000;1,000;

4747;2016.03.16 18:00:00;21,854;1,500;1,000;81,000;0,000;11,850;1,000;1,000;

4748;2016.03.16 19:00:00;23,969;0,600;1,000;87,000;0,000;11,850;1,000;1,000;

4749;2016.03.16 20:00:00;24,887;0,100;1,000;90,000;0,000;11,850;1,000;1,000;

4750;2016.03.16 21:00:00;24,280;0,100;1,000;90,000;0,000;11,850;1,000;1,000;

4751;2016.03.16 22:00:00;22,891;-0,200;1,000;91,000;0,000;11,850;1,000;1,000;

4752;2016.03.16 23:00:00;21,113;-0,300;1,000;92,000;0,000;11,850;1,000;1,000;

4753;2016.03.17 00:00:00;25,113;-0,700;1,000;93,000;0,000;11,933;1,000;1,000;

4754;2016.03.17 01:00:00;24,177;-1,000;2,000;94,000;0,000;11,933;1,000;1,000;

4755;2016.03.17 02:00:00;24,216;-0,600;2,000;95,000;0,000;11,933;1,000;1,000;

4756;2016.03.17 03:00:00;25,502;-0,600;2,000;96,000;0,000;11,933;1,000;1,000;

4757;2016.03.17 04:00:00;26,669;0,800;2,000;95,000;7,000;11,933;1,000;1,000;

4758;2016.03.17 05:00:00;28,169;1,500;3,000;93,000;8,000;11,933;1,000;1,000;

4759;2016.03.17 06:00:00;28,391;1,800;3,000;92,000;8,000;11,933;1,000;1,000;

4760;2016.03.17 07:00:00;25,613;2,300;3,000;92,000;8,000;11,933;1,000;1,000;

4761;2016.03.17 08:00:00;25,391;3,000;3,000;92,000;8,000;11,933;1,000;1,000;

4762;2016.03.17 09:00:00;23,780;5,200;3,000;86,000;8,000;11,933;1,000;1,000;

4763;2016.03.17 10:00:00;22,502;6,300;5,000;70,000;7,000;11,933;1,000;1,000;

4764;2016.03.17 11:00:00;21,002;6,700;6,000;68,000;7,000;11,933;1,000;1,000;

4765;2016.03.17 12:00:00;19,446;7,400;6,000;64,000;6,000;11,933;1,000;1,000;

4766;2016.03.17 13:00:00;18,279;8,700;6,000;63,000;5,000;11,933;1,000;1,000;

4767;2016.03.17 14:00:00;17,835;8,000;6,000;68,000;4,000;11,933;1,000;1,000;

4768;2016.03.17 15:00:00;17,446;7,900;6,000;66,000;1,000;11,933;1,000;1,000;

4769;2016.03.17 16:00:00;17,279;7,700;5,000;69,000;1,000;11,933;1,000;1,000;

4770;2016.03.17 17:00:00;17,446;6,300;3,000;71,000;1,000;11,933;1,000;1,000;

4771;2016.03.17 18:00:00;17,501;5,500;3,000;75,000;1,000;11,933;1,000;1,000;

4772;2016.03.17 19:00:00;17,828;4,500;2,000;78,000;0,000;11,933;1,000;1,000;

4773;2016.03.17 20:00:00;20,175;3,500;2,000;83,000;0,000;11,933;1,000;1,000;

4774;2016.03.17 21:00:00;20,224;3,500;2,000;81,000;0,000;11,933;1,000;1,000;

4775;2016.03.17 22:00:00;19,835;4,100;3,000;75,000;0,000;11,933;1,000;1,000;

4776;2016.03.17 23:00:00;18,113;3,800;3,000;81,000;6,000;11,933;1,000;1,000;

4777;2016.03.18 00:00:00;21,946;5,100;5,000;85,000;8,000;12,000;2,000;1,000;

4778;2016.03.18 01:00:00;20,335;4,500;4,000;92,000;8,000;12,000;2,000;1,000;

4779;2016.03.18 02:00:00;21,113;3,900;4,000;96,000;8,000;12,000;2,000;1,000;

4780;2016.03.18 03:00:00;20,335;3,000;4,000;96,000;8,000;12,000;2,000;1,000;

4781;2016.03.18 04:00:00;20,557;2,800;3,000;97,000;8,000;12,000;2,000;1,000;

4782;2016.03.18 05:00:00;22,502;2,900;3,000;97,000;8,000;12,000;2,000;1,000;

4783;2016.03.18 06:00:00;23,736;3,100;3,000;96,000;8,000;12,000;2,000;1,000;

4784;2016.03.18 07:00:00;22,101;3,100;3,000;92,000;8,000;12,000;2,000;1,000;

4785;2016.03.18 08:00:00;21,724;3,300;4,000;91,000;8,000;12,000;2,000;1,000;

4786;2016.03.18 09:00:00;21,696;3,400;4,000;92,000;8,000;12,000;2,000;1,000;

4787;2016.03.18 10:00:00;22,541;3,500;4,000;91,000;8,000;12,000;2,000;1,000;

4788;2016.03.18 11:00:00;22,545;3,700;4,000;88,000;8,000;12,000;2,000;1,000;

4789;2016.03.18 12:00:00;22,891;4,100;4,000;85,000;8,000;12,000;2,000;1,000;

4790;2016.03.18 13:00:00;21,168;4,600;3,000;83,000;8,000;12,000;2,000;1,000;

4791;2016.03.18 14:00:00;21,057;4,400;4,000;87,000;8,000;12,000;2,000;1,000;

4792;2016.03.18 15:00:00;21,891;4,600;3,000;85,000;7,000;12,000;2,000;1,000;

4793;2016.03.18 16:00:00;20,724;4,400;3,000;84,000;7,000;12,000;2,000;1,000;

4794;2016.03.18 17:00:00;21,168;4,000;3,000;86,000;8,000;12,000;2,000;1,000;

4795;2016.03.18 18:00:00;21,557;3,400;2,000;86,000;8,000;12,000;2,000;1,000;

4796;2016.03.18 19:00:00;24,502;3,400;2,000;84,000;8,000;12,000;2,000;1,000;

4797;2016.03.18 20:00:00;23,891;3,200;2,000;63,000;8,000;12,000;2,000;1,000;

4798;2016.03.18 21:00:00;23,946;3,000;2,000;59,000;8,000;12,000;2,000;1,000;

4799;2016.03.18 22:00:00;23,113;2,800;1,000;61,000;8,000;12,000;2,000;1,000;

4800;2016.03.18 23:00:00;21,224;2,400;0,000;63,000;7,000;12,000;2,000;1,000;

4801;2016.03.19 00:00:00;24,002;1,300;1,000;74,000;7,000;12,083;3,000;1,000;

4802;2016.03.19 01:00:00;23,613;1,700;1,000;70,000;8,000;12,083;3,000;1,000;

4803;2016.03.19 02:00:00;23,335;1,600;1,000;70,000;7,000;12,083;3,000;1,000;

4804;2016.03.19 03:00:00;23,391;1,500;0,000;69,000;7,000;12,083;3,000;1,000;

4805;2016.03.19 04:00:00;23,391;1,100;1,000;70,000;7,000;12,083;3,000;1,000;

4806;2016.03.19 05:00:00;24,335;0,500;0,000;75,000;7,000;12,083;3,000;1,000;

4807;2016.03.19 06:00:00;25,891;1,200;1,000;73,000;8,000;12,083;3,000;1,000;

4808;2016.03.19 07:00:00;26,280;2,300;2,000;73,000;8,000;12,083;3,000;1,000;

4809;2016.03.19 08:00:00;25,669;2,500;3,000;79,000;8,000;12,083;3,000;1,000;

4810;2016.03.19 09:00:00;25,391;3,000;3,000;87,000;8,000;12,083;3,000;1,000;

4811;2016.03.19 10:00:00;23,613;3,200;5,000;89,000;8,000;12,083;3,000;1,000;

4812;2016.03.19 11:00:00;23,724;3,400;5,000;90,000;8,000;12,083;3,000;1,000;

4813;2016.03.19 12:00:00;22,668;3,900;4,000;84,000;7,000;12,083;3,000;1,000;

4814;2016.03.19 13:00:00;21,391;4,200;4,000;82,000;8,000;12,083;3,000;1,000;

4815;2016.03.19 14:00:00;20,446;5,000;3,000;76,000;7,000;12,083;3,000;1,000;

4816;2016.03.19 15:00:00;19,168;5,800;4,000;73,000;7,000;12,083;3,000;1,000;

4817;2016.03.19 16:00:00;18,724;5,900;5,000;73,000;7,000;12,083;3,000;1,000;

4818;2016.03.19 17:00:00;19,502;5,800;5,000;73,000;6,000;12,083;3,000;1,000;

4819;2016.03.19 18:00:00;19,091;3,900;6,000;89,000;8,000;12,083;3,000;1,000;

4820;2016.03.19 19:00:00;22,246;2,900;3,000;91,000;8,000;12,083;3,000;1,000;

4821;2016.03.19 20:00:00;22,502;3,600;2,000;86,000;8,000;12,083;3,000;1,000;

4822;2016.03.19 21:00:00;23,446;3,300;3,000;87,000;7,000;12,083;3,000;1,000;

4823;2016.03.19 22:00:00;22,113;3,900;3,000;85,000;8,000;12,083;3,000;1,000;

4824;2016.03.19 23:00:00;18,390;3,600;3,000;88,000;8,000;12,083;3,000;1,000;

4825;2016.03.20 00:00:00;23,169;4,200;4,000;85,000;8,000;12,150;4,000;1,000;

4826;2016.03.20 01:00:00;21,057;4,500;5,000;85,000;8,000;12,150;4,000;1,000;

4827;2016.03.20 02:00:00;20,946;4,300;4,000;88,000;8,000;12,150;4,000;1,000;

4828;2016.03.20 03:00:00;21,057;4,200;4,000;88,000;8,000;12,150;4,000;1,000;

4829;2016.03.20 04:00:00;21,113;4,100;3,000;89,000;8,000;12,150;4,000;1,000;

4830;2016.03.20 05:00:00;21,057;4,000;2,000;90,000;8,000;12,150;4,000;1,000;

4831;2016.03.20 06:00:00;21,224;4,000;2,000;91,000;7,000;12,150;4,000;1,000;

4832;2016.03.20 07:00:00;21,613;4,200;3,000;88,000;8,000;12,150;4,000;1,000;

4833;2016.03.20 08:00:00;21,002;4,500;3,000;82,000;8,000;12,150;4,000;1,000;

4834;2016.03.20 09:00:00;21,613;4,500;4,000;83,000;8,000;12,150;4,000;1,000;

4835;2016.03.20 10:00:00;21,113;5,300;4,000;79,000;7,000;12,150;4,000;1,000;

4836;2016.03.20 11:00:00;22,613;6,300;4,000;75,000;7,000;12,150;4,000;1,000;

4837;2016.03.20 12:00:00;21,446;6,100;5,000;76,000;7,000;12,150;4,000;1,000;

4838;2016.03.20 13:00:00;21,446;6,300;5,000;75,000;7,000;12,150;4,000;1,000;

4839;2016.03.20 14:00:00;19,779;5,700;5,000;79,000;7,000;12,150;4,000;1,000;

4840;2016.03.20 15:00:00;18,613;5,000;4,000;82,000;7,000;12,150;4,000;1,000;

4841;2016.03.20 16:00:00;18,779;4,600;4,000;83,000;7,000;12,150;4,000;1,000;

4842;2016.03.20 17:00:00;19,113;4,100;3,000;87,000;7,000;12,150;4,000;1,000;

4843;2016.03.20 18:00:00;20,446;4,000;2,000;88,000;7,000;12,150;4,000;1,000;

4844;2016.03.20 19:00:00;20,946;3,700;3,000;88,000;7,000;12,150;4,000;1,000;

4845;2016.03.20 20:00:00;20,168;3,300;2,000;88,000;4,000;12,150;4,000;1,000;

4846;2016.03.20 21:00:00;21,335;3,200;2,000;89,000;7,000;12,150;4,000;1,000;

4847;2016.03.20 22:00:00;21,168;3,500;3,000;85,000;6,000;12,150;4,000;1,000;

4848;2016.03.20 23:00:00;18,501;3,400;2,000;85,000;7,000;12,150;4,000;1,000;

4849;2016.03.21 00:00:00;23,236;3,100;2,000;87,000;4,000;12,233;1,000;1,000;

4850;2016.03.21 01:00:00;21,712;2,200;2,000;89,000;4,000;12,233;1,000;1,000;

4851;2016.03.21 02:00:00;22,668;1,900;3,000;91,000;3,000;12,233;1,000;1,000;

4852;2016.03.21 03:00:00;22,780;1,100;2,000;93,000;4,000;12,233;1,000;1,000;

4853;2016.03.21 04:00:00;23,113;1,500;2,000;95,000;8,000;12,233;1,000;1,000;

4854;2016.03.21 05:00:00;23,835;1,900;3,000;94,000;3,000;12,233;1,000;1,000;

4855;2016.03.21 06:00:00;23,672;2,400;4,000;95,000;8,000;12,233;1,000;1,000;

4856;2016.03.21 07:00:00;23,776;3,500;4,000;94,000;8,000;12,233;1,000;1,000;

4857;2016.03.21 08:00:00;22,668;4,500;4,000;89,000;7,000;12,233;1,000;1,000;

4858;2016.03.21 09:00:00;21,946;4,700;4,000;85,000;7,000;12,233;1,000;1,000;

4859;2016.03.21 10:00:00;21,446;4,600;4,000;92,000;8,000;12,233;1,000;1,000;

4860;2016.03.21 11:00:00;20,668;4,900;4,000;92,000;8,000;12,233;1,000;1,000;

4861;2016.03.21 12:00:00;20,557;5,300;4,000;87,000;7,000;12,233;1,000;1,000;

4862;2016.03.21 13:00:00;19,057;6,100;4,000;76,000;7,000;12,233;1,000;1,000;

4863;2016.03.21 14:00:00;19,613;6,000;5,000;79,000;7,000;12,233;1,000;1,000;

4864;2016.03.21 15:00:00;19,113;6,000;5,000;79,000;7,000;12,233;1,000;1,000;

4865;2016.03.21 16:00:00;19,668;5,800;6,000;78,000;7,000;12,233;1,000;1,000;

4866;2016.03.21 17:00:00;21,502;5,800;5,000;76,000;6,000;12,233;1,000;1,000;

4867;2016.03.21 18:00:00;20,279;5,700;5,000;78,000;6,000;12,233;1,000;1,000;

4868;2016.03.21 19:00:00;20,192;4,700;3,000;84,000;4,000;12,233;1,000;1,000;

4869;2016.03.21 20:00:00;21,145;4,300;3,000;85,000;4,000;12,233;1,000;1,000;

4870;2016.03.21 21:00:00;21,279;3,500;3,000;89,000;5,000;12,233;1,000;1,000;

4871;2016.03.21 22:00:00;21,446;4,100;4,000;91,000;6,000;12,233;1,000;1,000;

4872;2016.03.21 23:00:00;18,557;3,800;4,000;91,000;5,000;12,233;1,000;1,000;

4873;2016.03.22 00:00:00;22,335;3,500;4,000;91,000;6,000;12,300;1,000;1,000;

4874;2016.03.22 01:00:00;20,946;3,700;4,000;91,000;7,000;12,300;1,000;1,000;

4875;2016.03.22 02:00:00;21,279;3,800;4,000;93,000;8,000;12,300;1,000;1,000;

4876;2016.03.22 03:00:00;20,946;3,800;4,000;91,000;8,000;12,300;1,000;1,000;

4877;2016.03.22 04:00:00;21,113;3,500;4,000;90,000;7,000;12,300;1,000;1,000;

4878;2016.03.22 05:00:00;21,391;3,400;3,000;92,000;8,000;12,300;1,000;1,000;

4879;2016.03.22 06:00:00;21,557;3,600;3,000;92,000;8,000;12,300;1,000;1,000;

4880;2016.03.22 07:00:00;22,113;4,000;3,000;88,000;8,000;12,300;1,000;1,000;

4881;2016.03.22 08:00:00;21,557;4,700;2,000;89,000;7,000;12,300;1,000;1,000;

4882;2016.03.22 09:00:00;21,335;5,300;2,000;86,000;8,000;12,300;1,000;1,000;

4883;2016.03.22 10:00:00;20,113;5,600;4,000;75,000;7,000;12,300;1,000;1,000;

4884;2016.03.22 11:00:00;19,279;6,000;3,000;72,000;7,000;12,300;1,000;1,000;

4885;2016.03.22 12:00:00;19,057;5,800;4,000;76,000;5,000;12,300;1,000;1,000;

4886;2016.03.22 13:00:00;18,446;6,200;4,000;77,000;2,000;12,300;1,000;1,000;

4887;2016.03.22 14:00:00;18,224;5,600;4,000;73,000;2,000;12,300;1,000;1,000;

4888;2016.03.22 15:00:00;18,501;5,200;4,000;71,000;2,000;12,300;1,000;1,000;

4889;2016.03.22 16:00:00;17,779;4,600;3,000;75,000;2,000;12,300;1,000;1,000;

4890;2016.03.22 17:00:00;18,501;3,600;2,000;77,000;1,000;12,300;1,000;1,000;

4891;2016.03.22 18:00:00;20,668;2,100;1,000;83,000;1,000;12,300;1,000;1,000;

4892;2016.03.22 19:00:00;21,557;1,800;1,000;83,000;1,000;12,300;1,000;1,000;

4893;2016.03.22 20:00:00;21,279;0,000;0,000;87,000;2,000;12,300;1,000;1,000;

4894;2016.03.22 21:00:00;23,169;-0,500;1,000;89,000;2,000;12,300;1,000;1,000;

4895;2016.03.22 22:00:00;21,668;-0,500;1,000;90,000;7,000;12,300;1,000;1,000;

4896;2016.03.22 23:00:00;20,279;-0,200;2,000;87,000;7,000;12,300;1,000;1,000;

4897;2016.03.23 00:00:00;24,391;-0,400;3,000;86,000;8,000;12,367;1,000;1,000;

4898;2016.03.23 01:00:00;24,057;-0,700;3,000;84,000;8,000;12,367;1,000;1,000;

4899;2016.03.23 02:00:00;23,780;-0,700;3,000;83,000;7,000;12,367;1,000;1,000;

4900;2016.03.23 03:00:00;23,613;-0,500;3,000;83,000;6,000;12,367;1,000;1,000;

4901;2016.03.23 04:00:00;23,835;-1,000;3,000;86,000;5,000;12,367;1,000;1,000;

4902;2016.03.23 05:00:00;25,113;-0,900;3,000;88,000;5,000;12,367;1,000;1,000;

4903;2016.03.23 06:00:00;25,058;-0,100;3,000;92,000;7,000;12,367;1,000;1,000;

4904;2016.03.23 07:00:00;24,613;1,200;3,000;93,000;8,000;12,367;1,000;1,000;

4905;2016.03.23 08:00:00;23,724;2,200;3,000;92,000;8,000;12,367;1,000;1,000;

4906;2016.03.23 09:00:00;24,280;2,300;4,000;93,000;8,000;12,367;1,000;1,000;

4907;2016.03.23 10:00:00;23,169;2,400;3,000;95,000;8,000;12,367;1,000;1,000;

4908;2016.03.23 11:00:00;21,946;2,700;3,000;95,000;8,000;12,367;1,000;1,000;

4909;2016.03.23 12:00:00;21,391;3,400;3,000;94,000;8,000;12,367;1,000;1,000;

4910;2016.03.23 13:00:00;21,002;3,900;1,000;93,000;8,000;12,367;1,000;1,000;

4911;2016.03.23 14:00:00;20,279;4,100;1,000;89,000;8,000;12,367;1,000;1,000;

4912;2016.03.23 15:00:00;19,724;4,700;2,000;87,000;8,000;12,367;1,000;1,000;

4913;2016.03.23 16:00:00;19,335;4,800;2,000;86,000;7,000;12,367;1,000;1,000;

4914;2016.03.23 17:00:00;20,557;4,400;2,000;86,000;8,000;12,367;1,000;1,000;

4915;2016.03.23 18:00:00;21,557;4,000;1,000;90,000;8,000;12,367;1,000;1,000;

4916;2016.03.23 19:00:00;20,724;3,900;1,000;92,000;8,000;12,367;1,000;1,000;

4917;2016.03.23 20:00:00;20,557;3,900;2,000;93,000;8,000;12,367;1,000;1,000;

4918;2016.03.23 21:00:00;21,168;3,700;2,000;94,000;8,000;12,367;1,000;1,000;

4919;2016.03.23 22:00:00;21,057;3,700;1,000;95,000;8,000;12,367;1,000;1,000;

4920;2016.03.23 23:00:00;17,946;3,800;1,000;96,000;8,000;12,367;1,000;1,000;

4921;2016.03.24 00:00:00;22,113;3,400;1,000;96,000;8,000;12,450;1,000;1,000;

4922;2016.03.24 01:00:00;20,113;3,300;1,000;96,000;8,000;12,450;1,000;1,000;

4923;2016.03.24 02:00:00;20,224;2,800;2,000;96,000;8,000;12,450;1,000;1,000;

4924;2016.03.24 03:00:00;20,391;2,900;1,000;96,000;8,000;12,450;1,000;1,000;

4925;2016.03.24 04:00:00;20,724;2,600;1,000;96,000;8,000;12,450;1,000;1,000;

4926;2016.03.24 05:00:00;21,502;2,700;1,000;96,000;8,000;12,450;1,000;1,000;

4927;2016.03.24 06:00:00;22,391;3,000;1,000;96,000;8,000;12,450;1,000;1,000;

4928;2016.03.24 07:00:00;21,279;3,400;1,000;95,000;8,000;12,450;1,000;1,000;

4929;2016.03.24 08:00:00;20,668;4,000;1,000;91,000;8,000;12,450;1,000;1,000;

4930;2016.03.24 09:00:00;20,613;4,300;2,000;86,000;8,000;12,450;1,000;1,000;

4931;2016.03.24 10:00:00;20,668;4,400;2,000;87,000;8,000;12,450;1,000;1,000;

4932;2016.03.24 11:00:00;20,779;4,500;2,000;86,000;8,000;12,450;1,000;1,000;

4933;2016.03.24 12:00:00;19,057;4,800;1,000;82,000;7,000;12,450;1,000;1,000;

4934;2016.03.24 13:00:00;18,946;5,000;1,000;82,000;8,000;12,450;1,000;1,000;

4935;2016.03.24 14:00:00;18,057;4,700;3,000;82,000;8,000;12,450;1,000;1,000;

4936;2016.03.24 15:00:00;18,113;4,500;2,000;82,000;8,000;12,450;1,000;1,000;

4937;2016.03.24 16:00:00;19,279;4,300;2,000;85,000;7,000;12,450;1,000;1,000;

4938;2016.03.24 17:00:00;20,113;4,100;1,000;86,000;7,000;12,450;1,000;1,000;

4939;2016.03.24 18:00:00;19,835;3,500;1,000;86,000;6,000;12,450;1,000;1,000;

4940;2016.03.24 19:00:00;20,724;2,500;1,000;90,000;0,000;12,450;1,000;1,000;

4941;2016.03.24 20:00:00;23,891;1,900;2,000;92,000;5,000;12,450;1,000;1,000;

4942;2016.03.24 21:00:00;21,724;1,200;1,000;93,000;6,000;12,450;1,000;1,000;

4943;2016.03.24 22:00:00;22,446;1,200;2,000;94,000;7,000;12,450;1,000;1,000;

4944;2016.03.24 23:00:00;20,557;1,300;2,000;94,000;7,000;12,450;1,000;1,000;

4945;2016.03.25 00:00:00;23,557;1,600;2,000;92,000;7,000;12,500;2,000;1,000;

4946;2016.03.25 01:00:00;22,224;1,300;2,000;91,000;6,000;12,500;2,000;1,000;

4947;2016.03.25 02:00:00;24,002;1,300;2,000;88,000;7,000;12,500;2,000;1,000;

4948;2016.03.25 03:00:00;22,780;1,400;3,000;89,000;7,000;12,500;2,000;1,000;

4949;2016.03.25 04:00:00;22,557;1,700;2,000;88,000;8,000;12,500;2,000;1,000;

4950;2016.03.25 05:00:00;23,557;2,200;3,000;86,000;8,000;12,500;2,000;1,000;

4951;2016.03.25 06:00:00;23,335;2,500;2,000;85,000;8,000;12,500;2,000;1,000;

4952;2016.03.25 07:00:00;23,002;3,300;3,000;84,000;8,000;12,500;2,000;1,000;

4953;2016.03.25 08:00:00;22,891;4,200;3,000;82,000;8,000;12,500;2,000;1,000;

4954;2016.03.25 09:00:00;21,446;5,100;4,000;79,000;8,000;12,500;2,000;1,000;

4955;2016.03.25 10:00:00;19,779;5,800;4,000;83,000;8,000;12,500;2,000;1,000;

4956;2016.03.25 11:00:00;19,668;5,900;3,000;84,000;8,000;12,500;2,000;1,000;

4957;2016.03.25 12:00:00;19,279;6,300;3,000;82,000;8,000;12,500;2,000;1,000;

4958;2016.03.25 13:00:00;19,335;6,500;3,000;83,000;8,000;12,500;2,000;1,000;

4959;2016.03.25 14:00:00;20,113;6,800;3,000;84,000;8,000;12,500;2,000;1,000;

4960;2016.03.25 15:00:00;19,613;6,900;3,000;83,000;8,000;12,500;2,000;1,000;

4961;2016.03.25 16:00:00;20,168;6,600;3,000;85,000;8,000;12,500;2,000;1,000;

4962;2016.03.25 17:00:00;19,779;6,100;3,000;90,000;8,000;12,500;2,000;1,000;

4963;2016.03.25 18:00:00;19,057;5,900;2,000;92,000;8,000;12,500;2,000;1,000;

4964;2016.03.25 19:00:00;20,002;6,000;3,000;92,000;8,000;12,500;2,000;1,000;

4965;2016.03.25 20:00:00;19,946;6,000;2,000;93,000;8,000;12,500;2,000;1,000;

4966;2016.03.25 21:00:00;19,224;6,000;2,000;94,000;8,000;12,500;2,000;1,000;

4967;2016.03.25 22:00:00;18,446;6,200;2,000;94,000;8,000;12,500;2,000;1,000;

4968;2016.03.25 23:00:00;15,835;6,300;3,000;94,000;8,000;12,500;2,000;1,000;

4969;2016.03.26 00:00:00;20,113;6,500;4,000;94,000;8,000;12,583;3,000;1,000;

4970;2016.03.26 01:00:00;18,279;6,400;5,000;96,000;8,000;12,583;3,000;1,000;

4971;2016.03.26 02:00:00;18,390;5,400;5,000;95,000;6,000;12,583;3,000;1,000;

4972;2016.03.26 03:00:00;18,890;4,300;4,000;95,000;0,000;12,583;3,000;1,000;

4973;2016.03.26 04:00:00;19,779;3,900;4,000;95,000;1,000;12,583;3,000;1,000;

4974;2016.03.26 05:00:00;19,390;3,600;4,000;94,000;1,000;12,583;3,000;1,000;

4975;2016.03.26 06:00:00;20,779;4,300;4,000;93,000;1,000;12,583;3,000;1,000;

4976;2016.03.26 07:00:00;20,335;5,100;4,000;89,000;3,000;12,583;3,000;1,000;

4977;2016.03.26 08:00:00;19,835;5,300;5,000;88,000;6,000;12,583;3,000;1,000;

4978;2016.03.26 09:00:00;19,057;5,500;4,000;87,000;7,000;12,583;3,000;1,000;

4979;2016.03.26 10:00:00;17,168;6,100;4,000;86,000;7,000;12,583;3,000;1,000;

4980;2016.03.26 11:00:00;16,347;6,200;4,000;85,000;7,000;12,583;3,000;1,000;

4981;2016.03.26 12:00:00;16,489;6,200;4,000;85,000;5,000;12,583;3,000;1,000;

4982;2016.03.26 13:00:00;15,835;6,700;4,000;83,000;3,000;12,583;3,000;1,000;

4983;2016.03.26 14:00:00;16,224;6,200;4,000;82,000;3,000;12,583;3,000;1,000;

4984;2016.03.26 15:00:00;14,279;6,000;2,000;84,000;2,000;12,583;3,000;1,000;

4985;2016.03.26 16:00:00;15,223;5,100;2,000;87,000;2,000;12,583;3,000;1,000;

4986;2016.03.26 17:00:00;14,501;3,000;2,000;93,000;7,000;12,583;3,000;1,000;

4987;2016.03.26 18:00:00;15,723;2,100;1,000;96,000;9,000;12,583;3,000;1,000;

4988;2016.03.26 19:00:00;19,224;1,700;1,000;97,000;9,000;12,583;3,000;1,000;

4989;2016.03.26 20:00:00;18,224;3,400;3,000;97,000;0,000;12,583;3,000;1,000;

4990;2016.03.26 21:00:00;18,390;3,000;2,000;87,000;0,000;12,583;3,000;1,000;

4991;2016.03.26 22:00:00;20,335;2,700;3,000;85,000;0,000;12,583;3,000;1,000;

4992;2016.03.26 23:00:00;17,668;2,900;3,000;88,000;0,000;12,583;3,000;1,000;

4993;2016.03.27 00:00:00;22,168;2,900;3,000;89,000;0,000;12,650;4,000;1,000;

4994;2016.03.27 01:00:00;15,649;3,200;4,000;87,000;0,000;12,650;4,000;1,000;

4995;2016.03.27 02:00:00;6,482;3,600;4,000;85,000;1,000;12,650;4,000;1,000;

4996;2016.03.27 03:00:00;20,205;3,600;5,000;84,000;1,000;12,650;4,000;1,000;

4997;2016.03.27 04:00:00;21,391;3,300;5,000;84,000;4,000;12,650;4,000;1,000;

4998;2016.03.27 05:00:00;21,168;3,300;5,000;84,000;6,000;12,650;4,000;1,000;

4999;2016.03.27 06:00:00;21,168;4,500;5,000;79,000;6,000;12,650;4,000;1,000;

5000;2016.03.27 07:00:00;21,557;6,200;6,000;74,000;6,000;12,650;4,000;1,000;

5001;2016.03.27 08:00:00;21,279;8,700;5,000;67,000;5,000;12,650;4,000;1,000;

5002;2016.03.27 09:00:00;18,494;10,600;7,000;58,000;4,000;12,650;4,000;1,000;

5003;2016.03.27 10:00:00;17,273;12,100;8,000;49,000;4,000;12,650;4,000;1,000;

5004;2016.03.27 11:00:00;15,848;13,500;7,000;45,000;5,000;12,650;4,000;1,000;

5005;2016.03.27 12:00:00;14,446;14,600;7,000;41,000;3,000;12,650;4,000;1,000;

5006;2016.03.27 13:00:00;13,946;15,300;7,000;38,000;2,000;12,650;4,000;1,000;

5007;2016.03.27 14:00:00;12,612;16,000;6,000;34,000;3,000;12,650;4,000;1,000;

5008;2016.03.27 15:00:00;11,556;15,800;6,000;37,000;4,000;12,650;4,000;1,000;

5009;2016.03.27 16:00:00;10,890;15,200;4,000;41,000;4,000;12,650;4,000;1,000;

5010;2016.03.27 17:00:00;10,056;14,100;4,000;40,000;5,000;12,650;4,000;1,000;

5011;2016.03.27 18:00:00;10,501;12,400;2,000;47,000;5,000;12,650;4,000;1,000;

5012;2016.03.27 19:00:00;11,404;9,600;6,000;69,000;8,000;12,650;4,000;1,000;

5013;2016.03.27 20:00:00;12,789;8,000;4,000;78,000;8,000;12,650;4,000;1,000;

5014;2016.03.27 21:00:00;13,477;7,200;2,000;82,000;8,000;12,650;4,000;1,000;

5015;2016.03.27 22:00:00;14,390;6,900;1,000;84,000;8,000;12,650;4,000;1,000;

5016;2016.03.27 23:00:00;14,779;6,900;0,000;83,000;8,000;12,650;4,000;1,000;

5017;2016.03.28 00:00:00;12,945;6,500;1,000;88,000;8,000;12,733;5,000;1,000;

5018;2016.03.28 01:00:00;16,335;6,200;0,000;92,000;8,000;12,733;5,000;1,000;

5019;2016.03.28 02:00:00;15,779;6,300;1,000;94,000;8,000;12,733;5,000;1,000;

5020;2016.03.28 03:00:00;15,723;5,800;1,000;95,000;7,000;12,733;5,000;1,000;

5021;2016.03.28 04:00:00;16,779;5,100;1,000;95,000;5,000;12,733;5,000;1,000;

5022;2016.03.28 05:00:00;16,890;4,800;2,000;96,000;7,000;12,733;5,000;1,000;

5023;2016.03.28 06:00:00;17,279;5,900;2,000;96,000;8,000;12,733;5,000;1,000;

5024;2016.03.28 07:00:00;18,668;7,500;2,000;87,000;7,000;12,733;5,000;1,000;

5025;2016.03.28 08:00:00;18,501;8,600;2,000;81,000;7,000;12,733;5,000;1,000;

5026;2016.03.28 09:00:00;17,761;10,700;2,000;68,000;1,000;12,733;5,000;1,000;

5027;2016.03.28 10:00:00;15,750;12,200;3,000;55,000;1,000;12,733;5,000;1,000;

5028;2016.03.28 11:00:00;15,938;13,000;3,000;47,000;0,000;12,733;5,000;1,000;

5029;2016.03.28 12:00:00;13,501;14,000;3,000;43,000;1,000;12,733;5,000;1,000;

5030;2016.03.28 13:00:00;12,890;15,100;4,000;36,000;1,000;12,733;5,000;1,000;

5031;2016.03.28 14:00:00;11,779;15,400;5,000;35,000;4,000;12,733;5,000;1,000;

5032;2016.03.28 15:00:00;11,390;15,800;4,000;36,000;7,000;12,733;5,000;1,000;

5033;2016.03.28 16:00:00;10,334;14,900;4,000;39,000;8,000;12,733;5,000;1,000;

5034;2016.03.28 17:00:00;9,945;13,500;3,000;43,000;8,000;12,733;5,000;1,000;

5035;2016.03.28 18:00:00;10,501;12,700;3,000;47,000;8,000;12,733;5,000;1,000;

5036;2016.03.28 19:00:00;11,705;12,600;3,000;52,000;8,000;12,733;5,000;1,000;

5037;2016.03.28 20:00:00;12,325;12,600;4,000;56,000;8,000;12,733;5,000;1,000;

5038;2016.03.28 21:00:00;11,306;11,800;4,000;66,000;8,000;12,733;5,000;1,000;

5039;2016.03.28 22:00:00;12,001;10,700;3,000;75,000;8,000;12,733;5,000;1,000;

5040;2016.03.28 23:00:00;11,556;10,700;3,000;74,000;8,000;12,733;5,000;1,000;

5041;2016.03.29 00:00:00;11,334;10,700;2,000;73,000;8,000;12,800;1,000;1,000;

5042;2016.03.29 01:00:00;13,779;10,100;2,000;78,000;8,000;12,800;1,000;1,000;

5043;2016.03.29 02:00:00;12,945;9,300;1,000;85,000;8,000;12,800;1,000;1,000;

5044;2016.03.29 03:00:00;13,446;8,800;2,000;90,000;7,000;12,800;1,000;1,000;

5045;2016.03.29 04:00:00;13,279;8,700;2,000;92,000;8,000;12,800;1,000;1,000;

5046;2016.03.29 05:00:00;13,779;7,500;2,000;92,000;2,000;12,800;1,000;1,000;

5047;2016.03.29 06:00:00;14,890;7,400;3,000;94,000;4,000;12,800;1,000;1,000;

5048;2016.03.29 07:00:00;15,612;8,300;3,000;87,000;5,000;12,800;1,000;1,000;

5049;2016.03.29 08:00:00;15,723;8,900;2,000;85,000;5,000;12,800;1,000;1,000;

5050;2016.03.29 09:00:00;14,890;10,300;3,000;77,000;7,000;12,800;1,000;1,000;

5051;2016.03.29 10:00:00;13,946;10,100;2,000;74,000;7,000;12,800;1,000;1,000;

5052;2016.03.29 11:00:00;13,612;6,700;4,000;90,000;8,000;12,800;1,000;1,000;

5053;2016.03.29 12:00:00;13,850;6,400;6,000;93,000;8,000;12,800;1,000;1,000;

5054;2016.03.29 13:00:00;13,721;5,900;4,000;95,000;8,000;12,800;1,000;1,000;

5055;2016.03.29 14:00:00;15,543;5,900;4,000;96,000;8,000;12,800;1,000;1,000;

5056;2016.03.29 15:00:00;17,237;6,000;3,000;92,000;8,000;12,800;1,000;1,000;

5057;2016.03.29 16:00:00;16,802;6,600;3,000;92,000;8,000;12,800;1,000;1,000;

5058;2016.03.29 17:00:00;16,668;6,100;3,000;93,000;7,000;12,800;1,000;1,000;

5059;2016.03.29 18:00:00;16,464;5,400;2,000;95,000;7,000;12,800;1,000;1,000;

5060;2016.03.29 19:00:00;17,557;5,300;2,000;96,000;8,000;12,800;1,000;1,000;

5061;2016.03.29 20:00:00;17,983;5,300;2,000;96,000;7,000;12,800;1,000;1,000;

5062;2016.03.29 21:00:00;18,016;5,000;2,000;95,000;7,000;12,800;1,000;1,000;

5063;2016.03.29 22:00:00;17,005;4,600;3,000;94,000;0,000;12,800;1,000;1,000;

5064;2016.03.29 23:00:00;18,224;4,300;3,000;94,000;0,000;12,800;1,000;1,000;

5065;2016.03.30 00:00:00;16,390;3,500;2,000;95,000;0,000;12,883;1,000;1,000;

5066;2016.03.30 01:00:00;19,890;3,500;2,000;96,000;7,000;12,883;1,000;1,000;

5067;2016.03.30 02:00:00;18,279;3,700;2,000;96,000;8,000;12,883;1,000;1,000;

5068;2016.03.30 03:00:00;19,890;4,100;2,000;96,000;8,000;12,883;1,000;1,000;

5069;2016.03.30 04:00:00;18,335;4,300;2,000;96,000;8,000;12,883;1,000;1,000;

5070;2016.03.30 05:00:00;19,390;4,000;3,000;96,000;8,000;12,883;1,000;1,000;

5071;2016.03.30 06:00:00;19,946;4,000;3,000;94,000;2,000;12,883;1,000;1,000;

5072;2016.03.30 07:00:00;20,113;5,300;4,000;91,000;8,000;12,883;1,000;1,000;

5073;2016.03.30 08:00:00;19,668;6,600;4,000;86,000;8,000;12,883;1,000;1,000;

5074;2016.03.30 09:00:00;18,779;7,100;5,000;77,000;8,000;12,883;1,000;1,000;

5075;2016.03.30 10:00:00;17,946;7,200;5,000;77,000;8,000;12,883;1,000;1,000;

5076;2016.03.30 11:00:00;18,335;6,900;5,000;82,000;8,000;12,883;1,000;1,000;

5077;2016.03.30 12:00:00;17,335;6,200;4,000;88,000;8,000;12,883;1,000;1,000;

5078;2016.03.30 13:00:00;18,390;7,000;4,000;87,000;7,000;12,883;1,000;1,000;

5079;2016.03.30 14:00:00;18,335;9,400;5,000;76,000;7,000;12,883;1,000;1,000;

5080;2016.03.30 15:00:00;16,724;9,300;4,000;72,000;7,000;12,883;1,000;1,000;

5081;2016.03.30 16:00:00;16,168;9,100;6,000;67,000;3,000;12,883;1,000;1,000;

5082;2016.03.30 17:00:00;15,260;7,800;3,000;68,000;2,000;12,883;1,000;1,000;

5083;2016.03.30 18:00:00;15,483;6,500;2,000;75,000;2,000;12,883;1,000;1,000;

5084;2016.03.30 19:00:00;17,205;6,100;2,000;78,000;4,000;12,883;1,000;1,000;

5085;2016.03.30 20:00:00;16,771;6,100;3,000;81,000;7,000;12,883;1,000;1,000;

5086;2016.03.30 21:00:00;17,287;5,700;3,000;83,000;4,000;12,883;1,000;1,000;

5087;2016.03.30 22:00:00;17,779;4,800;2,000;89,000;0,000;12,883;1,000;1,000;

5088;2016.03.30 23:00:00;17,335;4,600;2,000;90,000;3,000;12,883;1,000;1,000;

5089;2016.03.31 00:00:00;15,168;4,200;2,000;89,000;0,000;12,950;1,000;1,000;

5090;2016.03.31 01:00:00;20,613;3,700;2,000;88,000;3,000;12,950;1,000;1,000;

5091;2016.03.31 02:00:00;19,002;3,500;2,000;90,000;3,000;12,950;1,000;1,000;

5092;2016.03.31 03:00:00;19,502;2,500;2,000;93,000;0,000;12,950;1,000;1,000;

5093;2016.03.31 04:00:00;19,390;3,300;3,000;92,000;7,000;12,950;1,000;1,000;

5094;2016.03.31 05:00:00;20,002;3,400;2,000;91,000;8,000;12,950;1,000;1,000;

5095;2016.03.31 06:00:00;21,057;4,400;3,000;89,000;7,000;12,950;1,000;1,000;

5096;2016.03.31 07:00:00;20,946;4,800;3,000;87,000;8,000;12,950;1,000;1,000;

5097;2016.03.31 08:00:00;20,279;5,600;5,000;86,000;7,000;12,950;1,000;1,000;

5098;2016.03.31 09:00:00;20,391;5,900;5,000;84,000;8,000;12,950;1,000;1,000;

5099;2016.03.31 10:00:00;19,446;6,300;6,000;81,000;7,000;12,950;1,000;1,000;

5100;2016.03.31 11:00:00;18,835;6,400;6,000;79,000;7,000;12,950;1,000;1,000;

5101;2016.03.31 12:00:00;17,724;7,000;6,000;77,000;7,000;12,950;1,000;1,000;

5102;2016.03.31 13:00:00;17,335;6,900;5,000;81,000;8,000;12,950;1,000;1,000;

5103;2016.03.31 14:00:00;16,742;7,100;4,000;78,000;7,000;12,950;1,000;1,000;

5104;2016.03.31 15:00:00;16,594;7,100;3,000;75,000;6,000;12,950;1,000;1,000;

5105;2016.03.31 16:00:00;16,001;7,000;2,000;70,000;6,000;12,950;1,000;1,000;

5106;2016.03.31 17:00:00;16,279;6,600;2,000;69,000;6,000;12,950;1,000;1,000;

5107;2016.03.31 18:00:00;15,616;5,600;1,000;76,000;7,000;12,950;1,000;1,000;

5108;2016.03.31 19:00:00;16,776;5,400;2,000;77,000;8,000;12,950;1,000;1,000;

5109;2016.03.31 20:00:00;17,168;5,100;2,000;76,000;8,000;12,950;1,000;1,000;

5110;2016.03.31 21:00:00;17,279;5,000;2,000;75,000;8,000;12,950;1,000;1,000;

5111;2016.03.31 22:00:00;18,057;4,300;2,000;78,000;8,000;12,950;1,000;1,000;

5112;2016.03.31 23:00:00;17,835;4,300;2,000;81,000;8,000;12,950;1,000;1,000;

5113;2016.04.01 00:00:00;17,501;4,000;3,000;87,000;6,000;13,033;2,000;1,000;

5114;2016.04.01 01:00:00;19,224;4,000;2,000;87,000;8,000;13,033;2,000;1,000;

5115;2016.04.01 02:00:00;19,335;3,400;2,000;76,000;8,000;13,033;2,000;1,000;

5116;2016.04.01 03:00:00;19,446;3,300;3,000;71,000;8,000;13,033;2,000;1,000;

5117;2016.04.01 04:00:00;19,113;3,000;3,000;75,000;8,000;13,033;2,000;1,000;

5118;2016.04.01 05:00:00;18,946;3,000;3,000;79,000;7,000;13,033;2,000;1,000;

5119;2016.04.01 06:00:00;20,668;3,900;4,000;82,000;6,000;13,033;2,000;1,000;

5120;2016.04.01 07:00:00;20,224;4,500;6,000;79,000;5,000;13,033;2,000;1,000;

5121;2016.04.01 08:00:00;22,026;5,700;7,000;66,000;0,000;13,033;2,000;1,000;

5122;2016.04.01 09:00:00;20,922;6,000;8,000;65,000;1,000;13,033;2,000;1,000;

5123;2016.04.01 10:00:00;20,279;5,700;9,000;71,000;6,000;13,033;2,000;1,000;

5124;2016.04.01 11:00:00;19,613;5,900;8,000;74,000;7,000;13,033;2,000;1,000;

5125;2016.04.01 12:00:00;19,890;5,900;8,000;77,000;7,000;13,033;2,000;1,000;

5126;2016.04.01 13:00:00;18,668;6,300;9,000;75,000;5,000;13,033;2,000;1,000;

5127;2016.04.01 14:00:00;18,946;6,600;7,000;73,000;1,000;13,033;2,000;1,000;

5128;2016.04.01 15:00:00;17,009;6,300;7,000;73,000;0,000;13,033;2,000;1,000;

5129;2016.04.01 16:00:00;16,327;6,100;5,000;71,000;0,000;13,033;2,000;1,000;

5130;2016.04.01 17:00:00;16,168;5,400;5,000;72,000;1,000;13,033;2,000;1,000;

5131;2016.04.01 18:00:00;18,446;4,300;4,000;77,000;1,000;13,033;2,000;1,000;

5132;2016.04.01 19:00:00;19,154;3,700;3,000;79,000;1,000;13,033;2,000;1,000;

5133;2016.04.01 20:00:00;18,182;3,200;2,000;79,000;0,000;13,033;2,000;1,000;

5134;2016.04.01 21:00:00;19,708;3,000;2,000;78,000;0,000;13,033;2,000;1,000;

5135;2016.04.01 22:00:00;20,795;1,700;2,000;85,000;0,000;13,033;2,000;1,000;

5136;2016.04.01 23:00:00;20,668;0,900;2,000;87,000;0,000;13,033;2,000;1,000;

5137;2016.04.02 00:00:00;18,113;0,000;2,000;88,000;0,000;13,100;3,000;1,000;

5138;2016.04.02 01:00:00;22,613;-0,200;2,000;89,000;0,000;13,100;3,000;1,000;

5139;2016.04.02 02:00:00;22,391;-0,300;2,000;88,000;0,000;13,100;3,000;1,000;

5140;2016.04.02 03:00:00;22,946;-0,700;2,000;90,000;0,000;13,100;3,000;1,000;

5141;2016.04.02 04:00:00;22,724;-1,000;2,000;89,000;1,000;13,100;3,000;1,000;

5142;2016.04.02 05:00:00;23,891;-1,300;2,000;88,000;4,000;13,100;3,000;1,000;

5143;2016.04.02 06:00:00;24,558;0,400;2,000;82,000;8,000;13,100;3,000;1,000;

5144;2016.04.02 07:00:00;24,335;3,400;3,000;72,000;6,000;13,100;3,000;1,000;

5145;2016.04.02 08:00:00;22,502;6,800;3,000;54,000;7,000;13,100;3,000;1,000;

5146;2016.04.02 09:00:00;21,446;9,000;3,000;46,000;7,000;13,100;3,000;1,000;

5147;2016.04.02 10:00:00;19,224;10,600;3,000;42,000;7,000;13,100;3,000;1,000;

5148;2016.04.02 11:00:00;17,890;12,000;4,000;31,000;6,000;13,100;3,000;1,000;

5149;2016.04.02 12:00:00;15,557;13,000;4,000;28,000;5,000;13,100;3,000;1,000;

5150;2016.04.02 13:00:00;14,279;14,100;4,000;28,000;6,000;13,100;3,000;1,000;

5151;2016.04.02 14:00:00;8,945;14,100;4,000;22,000;7,000;13,100;3,000;1,000;

5152;2016.04.02 15:00:00;3,278;14,400;4,000;18,000;7,000;13,100;3,000;1,000;

5153;2016.04.02 16:00:00;1,770;14,200;4,000;22,000;6,000;13,100;3,000;1,000;

5154;2016.04.02 17:00:00;1,091;13,000;3,000;24,000;6,000;13,100;3,000;1,000;

5155;2016.04.02 18:00:00;0,898;11,200;2,000;28,000;4,000;13,100;3,000;1,000;

5156;2016.04.02 19:00:00;0,352;9,900;3,000;35,000;4,000;13,100;3,000;1,000;

5157;2016.04.02 20:00:00;2,611;8,700;3,000;40,000;0,000;13,100;3,000;1,000;

5158;2016.04.02 21:00:00;0,444;7,800;2,000;43,000;0,000;13,100;3,000;1,000;

5159;2016.04.02 22:00:00;0,222;7,600;3,000;46,000;0,000;13,100;3,000;1,000;

5160;2016.04.02 23:00:00;0,611;7,100;3,000;48,000;0,000;13,100;3,000;1,000;

5161;2016.04.03 00:00:00;0,000;6,900;3,000;47,000;0,000;13,167;4,000;1,000;

5162;2016.04.03 01:00:00;0,000;6,900;3,000;48,000;0,000;13,167;4,000;1,000;

5163;2016.04.03 02:00:00;0,000;6,600;4,000;49,000;0,000;13,167;4,000;1,000;

5164;2016.04.03 03:00:00;0,000;6,000;4,000;52,000;0,000;13,167;4,000;1,000;

5165;2016.04.03 04:00:00;0,000;5,600;4,000;54,000;0,000;13,167;4,000;1,000;

5166;2016.04.03 05:00:00;12,668;5,000;3,000;58,000;5,000;13,167;4,000;1,000;

5167;2016.04.03 06:00:00;27,224;5,800;4,000;56,000;8,000;13,167;4,000;1,000;

5168;2016.04.03 07:00:00;18,335;7,200;4,000;54,000;8,000;13,167;4,000;1,000;

5169;2016.04.03 08:00:00;17,279;9,400;3,000;50,000;8,000;13,167;4,000;1,000;

5170;2016.04.03 09:00:00;16,557;11,700;4,000;44,000;8,000;13,167;4,000;1,000;

5171;2016.04.03 10:00:00;14,983;13,800;3,000;41,000;8,000;13,167;4,000;1,000;

5172;2016.04.03 11:00:00;13,075;15,800;4,000;37,000;8,000;13,167;4,000;1,000;

5173;2016.04.03 12:00:00;11,656;17,000;3,000;38,000;8,000;13,167;4,000;1,000;

5174;2016.04.03 13:00:00;10,235;17,900;3,000;36,000;8,000;13,167;4,000;1,000;

5175;2016.04.03 14:00:00;8,778;17,700;3,000;35,000;8,000;13,167;4,000;1,000;

5176;2016.04.03 15:00:00;7,890;17,900;3,000;35,000;8,000;13,167;4,000;1,000;

5177;2016.04.03 16:00:00;6,908;17,600;3,000;37,000;8,000;13,167;4,000;1,000;

5178;2016.04.03 17:00:00;6,768;16,700;2,000;40,000;8,000;13,167;4,000;1,000;

5179;2016.04.03 18:00:00;7,451;15,600;2,000;43,000;8,000;13,167;4,000;1,000;

5180;2016.04.03 19:00:00;7,302;14,100;2,000;47,000;7,000;13,167;4,000;1,000;

5181;2016.04.03 20:00:00;8,667;14,200;3,000;47,000;7,000;13,167;4,000;1,000;

5182;2016.04.03 21:00:00;9,501;13,400;3,000;49,000;7,000;13,167;4,000;1,000;

5183;2016.04.03 22:00:00;10,205;12,800;3,000;52,000;7,000;13,167;4,000;1,000;

5184;2016.04.03 23:00:00;9,667;12,600;2,000;53,000;7,000;13,167;4,000;1,000;

5185;2016.04.04 00:00:00;9,186;12,200;2,000;55,000;6,000;13,233;1,000;1,000;

5186;2016.04.04 01:00:00;11,019;11,500;2,000;57,000;8,000;13,233;1,000;1,000;

5187;2016.04.04 02:00:00;11,556;11,500;3,000;57,000;8,000;13,233;1,000;1,000;

5188;2016.04.04 03:00:00;11,334;11,200;3,000;57,000;8,000;13,233;1,000;1,000;

5189;2016.04.04 04:00:00;12,557;10,800;3,000;59,000;8,000;13,233;1,000;1,000;

5190;2016.04.04 05:00:00;12,316;10,500;2,000;60,000;7,000;13,233;1,000;1,000;

5191;2016.04.04 06:00:00;13,873;10,000;1,000;64,000;7,000;13,233;1,000;1,000;

5192;2016.04.04 07:00:00;13,592;11,700;2,000;59,000;8,000;13,233;1,000;1,000;

5193;2016.04.04 08:00:00;13,001;13,600;2,000;54,000;8,000;13,233;1,000;1,000;

5194;2016.04.04 09:00:00;12,168;15,700;1,000;48,000;8,000;13,233;1,000;1,000;

5195;2016.04.04 10:00:00;10,556;18,300;1,000;40,000;8,000;13,233;1,000;1,000;

5196;2016.04.04 11:00:00;8,778;19,800;3,000;32,000;8,000;13,233;1,000;1,000;

5197;2016.04.04 12:00:00;7,334;20,700;3,000;32,000;8,000;13,233;1,000;1,000;

5198;2016.04.04 13:00:00;5,723;21,000;2,000;32,000;8,000;13,233;1,000;1,000;

5199;2016.04.04 14:00:00;2,834;21,200;3,000;31,000;8,000;13,233;1,000;1,000;

5200;2016.04.04 15:00:00;3,723;20,800;2,000;33,000;8,000;13,233;1,000;1,000;

5201;2016.04.04 16:00:00;1,333;20,700;3,000;35,000;8,000;13,233;1,000;1,000;

5202;2016.04.04 17:00:00;0,889;19,800;1,000;36,000;8,000;13,233;1,000;1,000;

5203;2016.04.04 18:00:00;0,333;18,000;1,000;40,000;8,000;13,233;1,000;1,000;

5204;2016.04.04 19:00:00;0,222;17,200;1,000;43,000;8,000;13,233;1,000;1,000;

5205;2016.04.04 20:00:00;0,056;15,800;1,000;48,000;8,000;13,233;1,000;1,000;

5206;2016.04.04 21:00:00;4,915;15,100;1,000;52,000;8,000;13,233;1,000;1,000;

5207;2016.04.04 22:00:00;8,031;15,000;2,000;52,000;7,000;13,233;1,000;1,000;

5208;2016.04.04 23:00:00;7,056;13,800;1,000;56,000;6,000;13,233;1,000;1,000;

5209;2016.04.05 00:00:00;6,334;14,200;2,000;55,000;7,000;13,317;1,000;1,000;

5210;2016.04.05 01:00:00;9,001;14,100;2,000;55,000;8,000;13,317;1,000;1,000;

5211;2016.04.05 02:00:00;8,834;13,800;2,000;56,000;8,000;13,317;1,000;1,000;

5212;2016.04.05 03:00:00;8,112;13,800;2,000;54,000;7,000;13,317;1,000;1,000;

5213;2016.04.05 04:00:00;9,334;13,100;2,000;56,000;7,000;13,317;1,000;1,000;

5214;2016.04.05 05:00:00;9,667;12,400;2,000;61,000;6,000;13,317;1,000;1,000;

5215;2016.04.05 06:00:00;10,056;12,700;1,000;62,000;6,000;13,317;1,000;1,000;

5216;2016.04.05 07:00:00;10,390;14,000;1,000;53,000;7,000;13,317;1,000;1,000;

5217;2016.04.05 08:00:00;9,556;15,300;1,000;51,000;6,000;13,317;1,000;1,000;

5218;2016.04.05 09:00:00;8,945;17,500;1,000;45,000;6,000;13,317;1,000;1,000;

5219;2016.04.05 10:00:00;8,390;17,700;2,000;53,000;7,000;13,317;1,000;1,000;

5220;2016.04.05 11:00:00;6,889;17,300;2,000;52,000;2,000;13,317;1,000;1,000;

5221;2016.04.05 12:00:00;6,612;18,000;3,000;49,000;1,000;13,317;1,000;1,000;

5222;2016.04.05 13:00:00;4,445;18,000;3,000;49,000;2,000;13,317;1,000;1,000;

5223;2016.04.05 14:00:00;4,037;17,100;4,000;49,000;7,000;13,317;1,000;1,000;

5224;2016.04.05 15:00:00;2,781;14,400;3,000;56,000;8,000;13,317;1,000;1,000;

5225;2016.04.05 16:00:00;3,294;13,800;2,000;61,000;8,000;13,317;1,000;1,000;

5226;2016.04.05 17:00:00;3,648;13,100;1,000;66,000;8,000;13,317;1,000;1,000;

5227;2016.04.05 18:00:00;3,611;11,100;1,000;72,000;8,000;13,317;1,000;1,000;

5228;2016.04.05 19:00:00;4,360;10,500;1,000;77,000;8,000;13,317;1,000;1,000;

5229;2016.04.05 20:00:00;5,622;10,800;1,000;79,000;8,000;13,317;1,000;1,000;

5230;2016.04.05 21:00:00;6,538;12,100;2,000;73,000;8,000;13,317;1,000;1,000;

5231;2016.04.05 22:00:00;7,389;12,700;2,000;72,000;8,000;13,317;1,000;1,000;

5232;2016.04.05 23:00:00;7,445;13,300;4,000;71,000;8,000;13,317;1,000;1,000;

5233;2016.04.06 00:00:00;6,223;13,200;3,000;73,000;7,000;13,383;1,000;1,000;

5234;2016.04.06 01:00:00;8,556;13,000;8,000;81,000;7,000;13,383;1,000;1,000;

5235;2016.04.06 02:00:00;7,945;9,900;8,000;78,000;8,000;13,383;1,000;1,000;

5236;2016.04.06 03:00:00;7,945;9,400;6,000;78,000;8,000;13,383;1,000;1,000;

5237;2016.04.06 04:00:00;9,279;9,300;7,000;81,000;8,000;13,383;1,000;1,000;

5238;2016.04.06 05:00:00;9,612;9,200;5,000;78,000;8,000;13,383;1,000;1,000;

5239;2016.04.06 06:00:00;11,001;9,500;5,000;77,000;8,000;13,383;1,000;1,000;

5240;2016.04.06 07:00:00;10,890;9,700;6,000;72,000;8,000;13,383;1,000;1,000;

5241;2016.04.06 08:00:00;11,890;9,900;6,000;68,000;8,000;13,383;1,000;1,000;

5242;2016.04.06 09:00:00;11,112;10,000;6,000;68,000;8,000;13,383;1,000;1,000;

5243;2016.04.06 10:00:00;9,363;10,900;8,000;62,000;8,000;13,383;1,000;1,000;

5244;2016.04.06 11:00:00;10,083;11,400;6,000;58,000;6,000;13,383;1,000;1,000;

5245;2016.04.06 12:00:00;10,501;12,000;5,000;60,000;6,000;13,383;1,000;1,000;

5246;2016.04.06 13:00:00;9,149;13,300;7,000;49,000;5,000;13,383;1,000;1,000;

5247;2016.04.06 14:00:00;8,408;13,400;5,000;52,000;3,000;13,383;1,000;1,000;

5248;2016.04.06 15:00:00;7,992;12,400;4,000;57,000;4,000;13,383;1,000;1,000;

5249;2016.04.06 16:00:00;8,259;11,700;3,000;56,000;7,000;13,383;1,000;1,000;

5250;2016.04.06 17:00:00;7,917;11,500;2,000;59,000;6,000;13,383;1,000;1,000;

5251;2016.04.06 18:00:00;8,501;11,100;1,000;60,000;1,000;13,383;1,000;1,000;

5252;2016.04.06 19:00:00;8,649;10,100;2,000;65,000;0,000;13,383;1,000;1,000;

5253;2016.04.06 20:00:00;9,371;9,100;2,000;69,000;0,000;13,383;1,000;1,000;

5254;2016.04.06 21:00:00;9,450;8,100;3,000;74,000;0,000;13,383;1,000;1,000;

5255;2016.04.06 22:00:00;10,700;7,900;3,000;75,000;0,000;13,383;1,000;1,000;

5256;2016.04.06 23:00:00;11,112;7,700;3,000;75,000;0,000;13,383;1,000;1,000;

5257;2016.04.07 00:00:00;9,834;8,800;4,000;71,000;0,000;13,467;1,000;1,000;

5258;2016.04.07 01:00:00;12,890;8,300;3,000;71,000;0,000;13,467;1,000;1,000;

5259;2016.04.07 02:00:00;12,445;8,200;4,000;70,000;6,000;13,467;1,000;1,000;

5260;2016.04.07 03:00:00;12,723;8,300;4,000;69,000;7,000;13,467;1,000;1,000;

5261;2016.04.07 04:00:00;12,334;9,100;3,000;68,000;7,000;13,467;1,000;1,000;

5262;2016.04.07 05:00:00;12,445;9,600;3,000;66,000;7,000;13,467;1,000;1,000;

5263;2016.04.07 06:00:00;12,445;9,500;3,000;68,000;2,000;13,467;1,000;1,000;

5264;2016.04.07 07:00:00;12,779;10,100;5,000;65,000;6,000;13,467;1,000;1,000;

5265;2016.04.07 08:00:00;12,557;11,000;5,000;59,000;3,000;13,467;1,000;1,000;

5266;2016.04.07 09:00:00;12,001;11,500;6,000;47,000;2,000;13,467;1,000;1,000;

5267;2016.04.07 10:00:00;11,001;12,000;6,000;42,000;1,000;13,467;1,000;1,000;

5268;2016.04.07 11:00:00;10,149;13,500;5,000;39,000;2,000;13,467;1,000;1,000;

5269;2016.04.07 12:00:00;9,667;14,000;5,000;36,000;2,000;13,467;1,000;1,000;

5270;2016.04.07 13:00:00;9,341;14,000;6,000;33,000;2,000;13,467;1,000;1,000;

5271;2016.04.07 14:00:00;8,846;13,500;4,000;38,000;8,000;13,467;1,000;1,000;

5272;2016.04.07 15:00:00;8,056;10,200;4,000;51,000;8,000;13,467;1,000;1,000;

5273;2016.04.07 16:00:00;8,278;9,300;2,000;62,000;8,000;13,467;1,000;1,000;

5274;2016.04.07 17:00:00;8,334;8,900;1,000;68,000;8,000;13,467;1,000;1,000;

5275;2016.04.07 18:00:00;8,733;9,000;2,000;70,000;7,000;13,467;1,000;1,000;

5276;2016.04.07 19:00:00;9,538;8,800;2,000;61,000;3,000;13,467;1,000;1,000;

5277;2016.04.07 20:00:00;10,398;7,800;2,000;62,000;0,000;13,467;1,000;1,000;

5278;2016.04.07 21:00:00;10,612;6,900;2,000;64,000;0,000;13,467;1,000;1,000;

5279;2016.04.07 22:00:00;11,668;6,300;3,000;68,000;0,000;13,467;1,000;1,000;

5280;2016.04.07 23:00:00;12,223;5,800;2,000;72,000;0,000;13,467;1,000;1,000;

5281;2016.04.08 00:00:00;11,408;5,300;2,000;74,000;0,000;13,533;2,000;1,000;

5282;2016.04.08 01:00:00;13,575;4,400;2,000;77,000;0,000;13,533;2,000;1,000;

5283;2016.04.08 02:00:00;13,890;3,900;2,000;79,000;0,000;13,533;2,000;1,000;

5284;2016.04.08 03:00:00;14,853;3,400;2,000;83,000;1,000;13,533;2,000;1,000;

5285;2016.04.08 04:00:00;14,242;3,300;2,000;82,000;4,000;13,533;2,000;1,000;

5286;2016.04.08 05:00:00;15,483;3,400;3,000;83,000;7,000;13,533;2,000;1,000;

5287;2016.04.08 06:00:00;15,483;4,600;3,000;79,000;5,000;13,533;2,000;1,000;

5288;2016.04.08 07:00:00;16,520;7,300;3,000;69,000;4,000;13,533;2,000;1,000;

5289;2016.04.08 08:00:00;15,168;9,600;4,000;58,000;2,000;13,533;2,000;1,000;

5290;2016.04.08 09:00:00;14,501;10,600;5,000;53,000;1,000;13,533;2,000;1,000;

5291;2016.04.08 10:00:00;13,723;11,900;5,000;48,000;3,000;13,533;2,000;1,000;

5292;2016.04.08 11:00:00;12,390;12,400;5,000;44,000;4,000;13,533;2,000;1,000;

5293;2016.04.08 12:00:00;10,945;13,200;5,000;40,000;4,000;13,533;2,000;1,000;

5294;2016.04.08 13:00:00;10,390;10,500;6,000;53,000;4,000;13,533;2,000;1,000;

5295;2016.04.08 14:00:00;9,664;10,700;6,000;52,000;3,000;13,533;2,000;1,000;

5296;2016.04.08 15:00:00;9,560;10,500;5,000;54,000;3,000;13,533;2,000;1,000;

5297;2016.04.08 16:00:00;8,445;9,700;4,000;60,000;3,000;13,533;2,000;1,000;

5298;2016.04.08 17:00:00;8,778;8,700;3,000;63,000;3,000;13,533;2,000;1,000;

5299;2016.04.08 18:00:00;9,353;7,300;1,000;66,000;3,000;13,533;2,000;1,000;

5300;2016.04.08 19:00:00;10,130;6,300;0,000;71,000;3,000;13,533;2,000;1,000;

5301;2016.04.08 20:00:00;11,170;4,800;0,000;77,000;0,000;13,533;2,000;1,000;

5302;2016.04.08 21:00:00;11,850;5,600;2,000;77,000;1,000;13,533;2,000;1,000;

5303;2016.04.08 22:00:00;13,612;4,800;1,000;81,000;1,000;13,533;2,000;1,000;

5304;2016.04.08 23:00:00;13,668;4,200;2,000;84,000;0,000;13,533;2,000;1,000;

5305;2016.04.09 00:00:00;12,390;3,600;1,000;86,000;0,000;13,617;3,000;1,000;

5306;2016.04.09 01:00:00;16,835;3,400;2,000;86,000;0,000;13,617;3,000;1,000;

5307;2016.04.09 02:00:00;16,946;2,900;1,000;87,000;0,000;13,617;3,000;1,000;

5308;2016.04.09 03:00:00;17,279;2,700;1,000;87,000;0,000;13,617;3,000;1,000;

5309;2016.04.09 04:00:00;17,335;2,300;1,000;89,000;0,000;13,617;3,000;1,000;

5310;2016.04.09 05:00:00;18,779;2,600;2,000;88,000;1,000;13,617;3,000;1,000;

5311;2016.04.09 06:00:00;18,446;3,700;1,000;85,000;1,000;13,617;3,000;1,000;

5312;2016.04.09 07:00:00;19,057;6,500;2,000;74,000;1,000;13,617;3,000;1,000;

5313;2016.04.09 08:00:00;19,113;9,200;2,000;66,000;1,000;13,617;3,000;1,000;

5314;2016.04.09 09:00:00;17,168;10,800;2,000;62,000;2,000;13,617;3,000;1,000;

5315;2016.04.09 10:00:00;15,168;10,700;3,000;65,000;2,000;13,617;3,000;1,000;

5316;2016.04.09 11:00:00;14,057;10,700;4,000;60,000;2,000;13,617;3,000;1,000;

5317;2016.04.09 12:00:00;12,390;10,100;4,000;67,000;3,000;13,617;3,000;1,000;

5318;2016.04.09 13:00:00;11,445;9,100;4,000;69,000;7,000;13,617;3,000;1,000;

5319;2016.04.09 14:00:00;10,334;8,400;5,000;70,000;7,000;13,617;3,000;1,000;

5320;2016.04.09 15:00:00;10,334;8,600;5,000;62,000;7,000;13,617;3,000;1,000;

5321;2016.04.09 16:00:00;11,112;8,100;3,000;60,000;7,000;13,617;3,000;1,000;

5322;2016.04.09 17:00:00;10,981;7,500;2,000;67,000;8,000;13,617;3,000;1,000;

5323;2016.04.09 18:00:00;11,886;6,800;2,000;69,000;7,000;13,617;3,000;1,000;

5324;2016.04.09 19:00:00;12,191;5,900;1,000;70,000;7,000;13,617;3,000;1,000;

5325;2016.04.09 20:00:00;14,168;5,200;1,000;71,000;7,000;13,617;3,000;1,000;

5326;2016.04.09 21:00:00;13,890;4,800;1,000;71,000;7,000;13,617;3,000;1,000;

5327;2016.04.09 22:00:00;14,223;4,100;2,000;74,000;7,000;13,617;3,000;1,000;

5328;2016.04.09 23:00:00;15,168;3,400;1,000;79,000;7,000;13,617;3,000;1,000;

5329;2016.04.10 00:00:00;12,501;2,400;1,000;86,000;7,000;13,683;4,000;1,000;

5330;2016.04.10 01:00:00;16,724;2,600;1,000;87,000;7,000;13,683;4,000;1,000;

5331;2016.04.10 02:00:00;16,335;1,900;1,000;90,000;7,000;13,683;4,000;1,000;

5332;2016.04.10 03:00:00;16,279;2,900;2,000;89,000;8,000;13,683;4,000;1,000;

5333;2016.04.10 04:00:00;16,557;2,300;2,000;91,000;8,000;13,683;4,000;1,000;

5334;2016.04.10 05:00:00;16,557;2,600;2,000;92,000;7,000;13,683;4,000;1,000;

5335;2016.04.10 06:00:00;17,224;4,300;2,000;89,000;7,000;13,683;4,000;1,000;

5336;2016.04.10 07:00:00;16,724;6,800;2,000;74,000;7,000;13,683;4,000;1,000;

5337;2016.04.10 08:00:00;17,001;7,800;3,000;58,000;8,000;13,683;4,000;1,000;

5338;2016.04.10 09:00:00;15,460;8,400;2,000;59,000;8,000;13,683;4,000;1,000;

5339;2016.04.10 10:00:00;14,765;9,400;3,000;57,000;8,000;13,683;4,000;1,000;

5340;2016.04.10 11:00:00;14,149;8,900;5,000;67,000;8,000;13,683;4,000;1,000;

5341;2016.04.10 12:00:00;13,321;9,000;4,000;66,000;8,000;13,683;4,000;1,000;

5342;2016.04.10 13:00:00;12,588;8,600;4,000;67,000;8,000;13,683;4,000;1,000;

5343;2016.04.10 14:00:00;11,370;8,600;3,000;67,000;8,000;13,683;4,000;1,000;

5344;2016.04.10 15:00:00;12,465;8,100;3,000;69,000;8,000;13,683;4,000;1,000;

5345;2016.04.10 16:00:00;12,427;7,900;3,000;69,000;8,000;13,683;4,000;1,000;

5346;2016.04.10 17:00:00;12,353;7,400;3,000;72,000;8,000;13,683;4,000;1,000;

5347;2016.04.10 18:00:00;13,689;7,200;2,000;72,000;8,000;13,683;4,000;1,000;

5348;2016.04.10 19:00:00;14,499;7,200;3,000;67,000;8,000;13,683;4,000;1,000;

5349;2016.04.10 20:00:00;14,297;6,900;2,000;67,000;8,000;13,683;4,000;1,000;

5350;2016.04.10 21:00:00;14,595;6,400;2,000;72,000;8,000;13,683;4,000;1,000;

5351;2016.04.10 22:00:00;13,870;6,300;2,000;74,000;8,000;13,683;4,000;1,000;

5352;2016.04.10 23:00:00;13,446;6,100;2,000;84,000;8,000;13,683;4,000;1,000;

5353;2016.04.11 00:00:00;11,775;6,000;3,000;86,000;8,000;13,733;1,000;1,000;

5354;2016.04.11 01:00:00;15,894;5,700;3,000;88,000;8,000;13,733;1,000;1,000;

5355;2016.04.11 02:00:00;14,334;5,600;3,000;89,000;8,000;13,733;1,000;1,000;

5356;2016.04.11 03:00:00;14,279;5,400;2,000;90,000;8,000;13,733;1,000;1,000;

5357;2016.04.11 04:00:00;14,779;5,200;1,000;91,000;8,000;13,733;1,000;1,000;

5358;2016.04.11 05:00:00;15,112;5,900;2,000;88,000;7,000;13,733;1,000;1,000;

5359;2016.04.11 06:00:00;15,279;6,600;2,000;84,000;7,000;13,733;1,000;1,000;

5360;2016.04.11 07:00:00;16,057;7,400;2,000;75,000;7,000;13,733;1,000;1,000;

5361;2016.04.11 08:00:00;14,779;8,400;2,000;71,000;7,000;13,733;1,000;1,000;

5362;2016.04.11 09:00:00;14,001;9,200;3,000;66,000;7,000;13,733;1,000;1,000;

5363;2016.04.11 10:00:00;13,168;11,500;3,000;50,000;7,000;13,733;1,000;1,000;

5364;2016.04.11 11:00:00;12,501;11,100;3,000;50,000;7,000;13,733;1,000;1,000;

5365;2016.04.11 12:00:00;11,779;10,200;4,000;67,000;7,000;13,733;1,000;1,000;

5366;2016.04.11 13:00:00;11,445;10,200;6,000;61,000;7,000;13,733;1,000;1,000;

5367;2016.04.11 14:00:00;10,445;10,200;6,000;57,000;7,000;13,733;1,000;1,000;

5368;2016.04.11 15:00:00;9,779;9,800;4,000;59,000;5,000;13,733;1,000;1,000;

5369;2016.04.11 16:00:00;9,848;9,400;4,000;64,000;3,000;13,733;1,000;1,000;

5370;2016.04.11 17:00:00;9,709;8,700;3,000;65,000;4,000;13,733;1,000;1,000;

5371;2016.04.11 18:00:00;9,927;8,000;3,000;67,000;2,000;13,733;1,000;1,000;

5372;2016.04.11 19:00:00;10,705;7,200;2,000;70,000;4,000;13,733;1,000;1,000;

5373;2016.04.11 20:00:00;12,334;7,000;2,000;72,000;6,000;13,733;1,000;1,000;

5374;2016.04.11 21:00:00;13,486;6,300;2,000;75,000;8,000;13,733;1,000;1,000;

5375;2016.04.11 22:00:00;14,331;6,200;2,000;73,000;7,000;13,733;1,000;1,000;

5376;2016.04.11 23:00:00;13,834;6,000;2,000;72,000;8,000;13,733;1,000;1,000;

5377;2016.04.12 00:00:00;12,168;5,800;2,000;72,000;8,000;13,817;1,000;1,000;

5378;2016.04.12 01:00:00;14,501;5,300;2,000;75,000;8,000;13,817;1,000;1,000;

5379;2016.04.12 02:00:00;14,501;5,000;2,000;77,000;8,000;13,817;1,000;1,000;

5380;2016.04.12 03:00:00;14,334;5,000;1,000;79,000;8,000;13,817;1,000;1,000;

5381;2016.04.12 04:00:00;14,501;4,900;2,000;81,000;8,000;13,817;1,000;1,000;

5382;2016.04.12 05:00:00;15,279;4,900;0,000;82,000;7,000;13,817;1,000;1,000;

5383;2016.04.12 06:00:00;15,001;5,800;1,000;81,000;7,000;13,817;1,000;1,000;

5384;2016.04.12 07:00:00;15,001;7,300;1,000;75,000;8,000;13,817;1,000;1,000;

5385;2016.04.12 08:00:00;15,223;10,100;2,000;65,000;7,000;13,817;1,000;1,000;

5386;2016.04.12 09:00:00;13,223;12,400;2,000;54,000;7,000;13,817;1,000;1,000;

5387;2016.04.12 10:00:00;12,307;13,600;3,000;50,000;8,000;13,817;1,000;1,000;

5388;2016.04.12 11:00:00;10,751;14,000;3,000;48,000;8,000;13,817;1,000;1,000;

5389;2016.04.12 12:00:00;9,112;14,700;2,000;47,000;7,000;13,817;1,000;1,000;

5390;2016.04.12 13:00:00;7,927;12,500;3,000;65,000;8,000;13,817;1,000;1,000;

5391;2016.04.12 14:00:00;7,427;12,200;3,000;68,000;7,000;13,817;1,000;1,000;

5392;2016.04.12 15:00:00;6,334;12,000;3,000;63,000;8,000;13,817;1,000;1,000;

5393;2016.04.12 16:00:00;6,909;9,400;2,000;75,000;8,000;13,817;1,000;1,000;

5394;2016.04.12 17:00:00;7,657;9,100;1,000;75,000;8,000;13,817;1,000;1,000;

5395;2016.04.12 18:00:00;8,417;8,900;1,000;79,000;8,000;13,817;1,000;1,000;

5396;2016.04.12 19:00:00;9,279;8,600;1,000;81,000;8,000;13,817;1,000;1,000;

5397;2016.04.12 20:00:00;9,600;8,400;1,000;87,000;8,000;13,817;1,000;1,000;

5398;2016.04.12 21:00:00;10,735;8,200;1,000;90,000;8,000;13,817;1,000;1,000;

5399;2016.04.12 22:00:00;10,779;7,800;1,000;93,000;8,000;13,817;1,000;1,000;

5400;2016.04.12 23:00:00;10,964;7,700;1,000;94,000;8,000;13,817;1,000;1,000;

5401;2016.04.13 00:00:00;9,075;7,500;1,000;95,000;8,000;13,883;1,000;1,000;

5402;2016.04.13 01:00:00;12,797;7,400;0,000;95,000;8,000;13,883;1,000;1,000;

5403;2016.04.13 02:00:00;11,390;7,400;0,000;96,000;8,000;13,883;1,000;1,000;

5404;2016.04.13 03:00:00;11,871;7,500;1,000;97,000;8,000;13,883;1,000;1,000;

5405;2016.04.13 04:00:00;12,223;7,500;1,000;97,000;8,000;13,883;1,000;1,000;

5406;2016.04.13 05:00:00;12,019;7,200;1,000;97,000;8,000;13,883;1,000;1,000;

5407;2016.04.13 06:00:00;12,149;7,200;2,000;97,000;8,000;13,883;1,000;1,000;

5408;2016.04.13 07:00:00;12,223;7,100;1,000;97,000;8,000;13,883;1,000;1,000;

5409;2016.04.13 08:00:00;12,223;8,000;1,000;97,000;8,000;13,883;1,000;1,000;

5410;2016.04.13 09:00:00;11,945;9,200;2,000;93,000;7,000;13,883;1,000;1,000;

5411;2016.04.13 10:00:00;11,334;8,800;2,000;89,000;8,000;13,883;1,000;1,000;

5412;2016.04.13 11:00:00;11,038;10,200;2,000;87,000;7,000;13,883;1,000;1,000;

5413;2016.04.13 12:00:00;11,244;10,000;2,000;82,000;7,000;13,883;1,000;1,000;

5414;2016.04.13 13:00:00;10,556;9,500;2,000;83,000;3,000;13,883;1,000;1,000;

5415;2016.04.13 14:00:00;9,813;9,800;3,000;83,000;6,000;13,883;1,000;1,000;

5416;2016.04.13 15:00:00;8,919;8,400;3,000;85,000;4,000;13,883;1,000;1,000;

5417;2016.04.13 16:00:00;8,870;7,500;3,000;89,000;4,000;13,883;1,000;1,000;

5418;2016.04.13 17:00:00;9,386;7,500;2,000;93,000;8,000;13,883;1,000;1,000;

5419;2016.04.13 18:00:00;9,713;7,000;2,000;94,000;8,000;13,883;1,000;1,000;

5420;2016.04.13 19:00:00;9,913;7,000;2,000;94,000;8,000;13,883;1,000;1,000;

5421;2016.04.13 20:00:00;10,964;6,900;1,000;95,000;8,000;13,883;1,000;1,000;

5422;2016.04.13 21:00:00;11,199;6,900;2,000;95,000;7,000;13,883;1,000;1,000;

5423;2016.04.13 22:00:00;11,914;6,800;1,000;94,000;7,000;13,883;1,000;1,000;

5424;2016.04.13 23:00:00;12,223;6,400;2,000;94,000;8,000;13,883;1,000;1,000;

5425;2016.04.14 00:00:00;10,973;6,000;2,000;94,000;8,000;13,967;1,000;1,000;

5426;2016.04.14 01:00:00;13,545;5,900;2,000;94,000;8,000;13,967;1,000;1,000;

5427;2016.04.14 02:00:00;13,441;5,500;2,000;93,000;8,000;13,967;1,000;1,000;

5428;2016.04.14 03:00:00;13,045;4,500;2,000;94,000;8,000;13,967;1,000;1,000;

5429;2016.04.14 04:00:00;14,152;4,000;2,000;96,000;8,000;13,967;1,000;1,000;

5430;2016.04.14 05:00:00;13,350;4,000;2,000;97,000;8,000;13,967;1,000;1,000;

5431;2016.04.14 06:00:00;14,112;4,200;2,000;97,000;8,000;13,967;1,000;1,000;

5432;2016.04.14 07:00:00;14,112;5,200;1,000;96,000;7,000;13,967;1,000;1,000;

5433;2016.04.14 08:00:00;14,223;7,200;2,000;84,000;3,000;13,967;1,000;1,000;

5434;2016.04.14 09:00:00;13,446;7,800;2,000;85,000;6,000;13,967;1,000;1,000;

5435;2016.04.14 10:00:00;12,853;8,700;2,000;83,000;5,000;13,967;1,000;1,000;

5436;2016.04.14 11:00:00;13,427;9,600;4,000;78,000;6,000;13,967;1,000;1,000;

5437;2016.04.14 12:00:00;11,390;7,800;5,000;78,000;7,000;13,967;1,000;1,000;

5438;2016.04.14 13:00:00;10,167;8,800;4,000;78,000;7,000;13,967;1,000;1,000;

5439;2016.04.14 14:00:00;10,001;7,900;4,000;78,000;7,000;13,967;1,000;1,000;

5440;2016.04.14 15:00:00;9,890;7,400;4,000;78,000;8,000;13,967;1,000;1,000;

5441;2016.04.14 16:00:00;10,834;7,300;4,000;73,000;7,000;13,967;1,000;1,000;

5442;2016.04.14 17:00:00;10,570;6,800;3,000;75,000;7,000;13,967;1,000;1,000;

5443;2016.04.14 18:00:00;11,709;6,000;2,000;79,000;7,000;13,967;1,000;1,000;

5444;2016.04.14 19:00:00;11,945;5,600;1,000;84,000;7,000;13,967;1,000;1,000;

5445;2016.04.14 20:00:00;12,176;5,500;2,000;83,000;7,000;13,967;1,000;1,000;

5446;2016.04.14 21:00:00;13,232;5,200;1,000;86,000;7,000;13,967;1,000;1,000;

5447;2016.04.14 22:00:00;13,188;4,900;1,000;88,000;7,000;13,967;1,000;1,000;

5448;2016.04.14 23:00:00;13,408;4,700;1,000;89,000;7,000;13,967;1,000;1,000;

5449;2016.04.15 00:00:00;12,742;4,900;1,000;86,000;7,000;14,033;2,000;1,000;

5450;2016.04.15 01:00:00;14,409;4,900;1,000;83,000;7,000;14,033;2,000;1,000;

5451;2016.04.15 02:00:00;14,297;4,100;0,000;84,000;4,000;14,033;2,000;1,000;

5452;2016.04.15 03:00:00;14,649;2,400;0,000;91,000;0,000;14,033;2,000;1,000;

5453;2016.04.15 04:00:00;14,872;2,900;1,000;92,000;0,000;14,033;2,000;1,000;

5454;2016.04.15 05:00:00;15,964;3,800;2,000;88,000;0,000;14,033;2,000;1,000;

5455;2016.04.15 06:00:00;16,724;5,800;2,000;84,000;1,000;14,033;2,000;1,000;

5456;2016.04.15 07:00:00;17,075;7,200;4,000;73,000;2,000;14,033;2,000;1,000;

5457;2016.04.15 08:00:00;16,057;8,800;3,000;65,000;6,000;14,033;2,000;1,000;

5458;2016.04.15 09:00:00;14,446;10,800;3,000;59,000;8,000;14,033;2,000;1,000;

5459;2016.04.15 10:00:00;13,612;12,100;3,000;50,000;7,000;14,033;2,000;1,000;

5460;2016.04.15 11:00:00;12,686;13,000;3,000;51,000;7,000;14,033;2,000;1,000;

5461;2016.04.15 12:00:00;11,575;13,900;3,000;46,000;8,000;14,033;2,000;1,000;

5462;2016.04.15 13:00:00;10,186;14,700;4,000;42,000;8,000;14,033;2,000;1,000;

5463;2016.04.15 14:00:00;9,564;15,000;3,000;40,000;8,000;14,033;2,000;1,000;

5464;2016.04.15 15:00:00;8,567;14,800;4,000;39,000;8,000;14,033;2,000;1,000;

5465;2016.04.15 16:00:00;7,778;14,000;4,000;44,000;8,000;14,033;2,000;1,000;

5466;2016.04.15 17:00:00;7,347;12,700;3,000;56,000;8,000;14,033;2,000;1,000;

5467;2016.04.15 18:00:00;8,339;9,300;3,000;89,000;8,000;14,033;2,000;1,000;

5468;2016.04.15 19:00:00;9,297;9,200;3,000;90,000;7,000;14,033;2,000;1,000;

5469;2016.04.15 20:00:00;10,334;9,000;4,000;89,000;8,000;14,033;2,000;1,000;

5470;2016.04.15 21:00:00;11,464;8,900;3,000;90,000;8,000;14,033;2,000;1,000;

5471;2016.04.15 22:00:00;11,430;8,900;5,000;91,000;7,000;14,033;2,000;1,000;

5472;2016.04.15 23:00:00;11,349;9,100;4,000;89,000;7,000;14,033;2,000;1,000;

5473;2016.04.16 00:00:00;10,853;8,700;3,000;90,000;6,000;14,100;3,000;1,000;

5474;2016.04.16 01:00:00;12,131;9,000;3,000;88,000;8,000;14,100;3,000;1,000;

5475;2016.04.16 02:00:00;12,353;8,700;2,000;90,000;8,000;14,100;3,000;1,000;

5476;2016.04.16 03:00:00;12,575;8,100;3,000;90,000;4,000;14,100;3,000;1,000;

5477;2016.04.16 04:00:00;12,908;7,300;3,000;92,000;0,000;14,100;3,000;1,000;

5478;2016.04.16 05:00:00;13,131;7,600;3,000;91,000;1,000;14,100;3,000;1,000;

5479;2016.04.16 06:00:00;13,946;9,500;4,000;85,000;2,000;14,100;3,000;1,000;

5480;2016.04.16 07:00:00;13,279;11,100;3,000;78,000;6,000;14,100;3,000;1,000;

5481;2016.04.16 08:00:00;11,519;13,500;4,000;71,000;4,000;14,100;3,000;1,000;

5482;2016.04.16 09:00:00;11,297;15,500;5,000;60,000;4,000;14,100;3,000;1,000;

5483;2016.04.16 10:00:00;10,279;15,800;5,000;58,000;5,000;14,100;3,000;1,000;

5484;2016.04.16 11:00:00;9,167;16,400;5,000;57,000;7,000;14,100;3,000;1,000;

5485;2016.04.16 12:00:00;7,964;16,400;5,000;53,000;7,000;14,100;3,000;1,000;

5486;2016.04.16 13:00:00;7,315;16,200;5,000;56,000;7,000;14,100;3,000;1,000;

5487;2016.04.16 14:00:00;6,231;10,800;6,000;89,000;7,000;14,100;3,000;1,000;

5488;2016.04.16 15:00:00;6,826;11,400;4,000;91,000;7,000;14,100;3,000;1,000;

5489;2016.04.16 16:00:00;8,427;12,400;4,000;89,000;6,000;14,100;3,000;1,000;

5490;2016.04.16 17:00:00;8,612;12,500;3,000;87,000;6,000;14,100;3,000;1,000;

5491;2016.04.16 18:00:00;8,519;9,800;2,000;90,000;6,000;14,100;3,000;1,000;

5492;2016.04.16 19:00:00;8,519;9,400;2,000;90,000;3,000;14,100;3,000;1,000;

5493;2016.04.16 20:00:00;9,816;9,200;2,000;90,000;3,000;14,100;3,000;1,000;

5494;2016.04.16 21:00:00;10,120;9,100;2,000;94,000;5,000;14,100;3,000;1,000;

5495;2016.04.16 22:00:00;10,567;9,000;2,000;93,000;0,000;14,100;3,000;1,000;

5496;2016.04.16 23:00:00;10,890;8,000;3,000;95,000;0,000;14,100;3,000;1,000;

5497;2016.04.17 00:00:00;8,871;7,700;2,000;95,000;3,000;14,183;4,000;1,000;

5498;2016.04.17 01:00:00;13,001;7,700;2,000;96,000;5,000;14,183;4,000;1,000;

5499;2016.04.17 02:00:00;11,871;7,800;2,000;96,000;8,000;14,183;4,000;1,000;

5500;2016.04.17 03:00:00;12,019;8,200;2,000;94,000;8,000;14,183;4,000;1,000;

5501;2016.04.17 04:00:00;11,945;8,300;2,000;94,000;8,000;14,183;4,000;1,000;

5502;2016.04.17 05:00:00;12,557;7,500;4,000;84,000;8,000;14,183;4,000;1,000;

5503;2016.04.17 06:00:00;12,168;6,100;3,000;90,000;8,000;14,183;4,000;1,000;

5504;2016.04.17 07:00:00;12,075;6,700;2,000;90,000;8,000;14,183;4,000;1,000;

5505;2016.04.17 08:00:00;12,983;7,500;4,000;82,000;7,000;14,183;4,000;1,000;

5506;2016.04.17 09:00:00;12,853;8,100;3,000;79,000;7,000;14,183;4,000;1,000;

5507;2016.04.17 10:00:00;12,631;8,600;4,000;76,000;5,000;14,183;4,000;1,000;

5508;2016.04.17 11:00:00;11,760;9,300;4,000;69,000;4,000;14,183;4,000;1,000;

5509;2016.04.17 12:00:00;10,742;10,100;5,000;61,000;3,000;14,183;4,000;1,000;

5510;2016.04.17 13:00:00;11,390;10,800;5,000;57,000;3,000;14,183;4,000;1,000;

5511;2016.04.17 14:00:00;10,371;11,300;7,000;55,000;3,000;14,183;4,000;1,000;

5512;2016.04.17 15:00:00;10,186;11,000;7,000;51,000;2,000;14,183;4,000;1,000;

5513;2016.04.17 16:00:00;9,816;10,400;7,000;51,000;3,000;14,183;4,000;1,000;

5514;2016.04.17 17:00:00;9,627;10,200;4,000;50,000;1,000;14,183;4,000;1,000;

5515;2016.04.17 18:00:00;9,819;8,600;5,000;60,000;1,000;14,183;4,000;1,000;

5516;2016.04.17 19:00:00;10,371;7,500;3,000;68,000;1,000;14,183;4,000;1,000;

5517;2016.04.17 20:00:00;10,556;7,500;4,000;70,000;1,000;14,183;4,000;1,000;

5518;2016.04.17 21:00:00;11,112;7,300;6,000;66,000;0,000;14,183;4,000;1,000;

5519;2016.04.17 22:00:00;11,945;6,800;5,000;73,000;0,000;14,183;4,000;1,000;

5520;2016.04.17 23:00:00;12,594;6,400;5,000;77,000;0,000;14,183;4,000;1,000;

5521;2016.04.18 00:00:00;12,131;6,200;5,000;81,000;0,000;14,250;1,000;1,000;

5522;2016.04.18 01:00:00;14,446;6,500;4,000;79,000;3,000;14,250;1,000;1,000;

5523;2016.04.18 02:00:00;14,538;6,300;4,000;76,000;5,000;14,250;1,000;1,000;

5524;2016.04.18 03:00:00;15,464;5,400;4,000;78,000;1,000;14,250;1,000;1,000;

5525;2016.04.18 04:00:00;15,557;5,200;3,000;78,000;1,000;14,250;1,000;1,000;

5526;2016.04.18 05:00:00;16,761;4,500;3,000;82,000;4,000;14,250;1,000;1,000;

5527;2016.04.18 06:00:00;16,761;5,400;4,000;82,000;3,000;14,250;1,000;1,000;

5528;2016.04.18 07:00:00;17,316;6,700;5,000;75,000;7,000;14,250;1,000;1,000;

5529;2016.04.18 08:00:00;16,020;7,200;5,000;61,000;6,000;14,250;1,000;1,000;

5530;2016.04.18 09:00:00;14,816;7,500;7,000;54,000;4,000;14,250;1,000;1,000;

5531;2016.04.18 10:00:00;14,538;8,300;7,000;50,000;7,000;14,250;1,000;1,000;

5532;2016.04.18 11:00:00;13,131;9,100;7,000;48,000;7,000;14,250;1,000;1,000;

5533;2016.04.18 12:00:00;13,001;9,700;6,000;51,000;6,000;14,250;1,000;1,000;

5534;2016.04.18 13:00:00;12,425;9,500;5,000;52,000;7,000;14,250;1,000;1,000;

5535;2016.04.18 14:00:00;11,507;9,800;4,000;54,000;7,000;14,250;1,000;1,000;

5536;2016.04.18 15:00:00;11,277;9,700;4,000;50,000;8,000;14,250;1,000;1,000;

5537;2016.04.18 16:00:00;10,829;9,300;5,000;51,000;8,000;14,250;1,000;1,000;

5538;2016.04.18 17:00:00;10,336;9,300;3,000;49,000;8,000;14,250;1,000;1,000;

5539;2016.04.18 18:00:00;10,523;9,200;4,000;50,000;8,000;14,250;1,000;1,000;

5540;2016.04.18 19:00:00;11,303;9,000;3,000;51,000;8,000;14,250;1,000;1,000;

5541;2016.04.18 20:00:00;9,611;8,700;4,000;56,000;8,000;14,250;1,000;1,000;

5542;2016.04.18 21:00:00;13,196;8,600;4,000;60,000;8,000;14,250;1,000;1,000;

5543;2016.04.18 22:00:00;11,982;8,600;4,000;59,000;8,000;14,250;1,000;1,000;

5544;2016.04.18 23:00:00;11,945;8,700;5,000;61,000;8,000;14,250;1,000;1,000;

5545;2016.04.19 00:00:00;9,460;8,500;5,000;62,000;8,000;14,300;1,000;1,000;

5546;2016.04.19 01:00:00;14,431;8,100;5,000;67,000;8,000;14,300;1,000;1,000;

5547;2016.04.19 02:00:00;12,356;8,100;6,000;69,000;8,000;14,300;1,000;1,000;

5548;2016.04.19 03:00:00;11,081;7,500;6,000;73,000;8,000;14,300;1,000;1,000;

5549;2016.04.19 04:00:00;12,166;7,400;5,000;75,000;7,000;14,300;1,000;1,000;

5550;2016.04.19 05:00:00;15,290;7,200;5,000;76,000;6,000;14,300;1,000;1,000;

5551;2016.04.19 06:00:00;12,522;7,700;5,000;74,000;7,000;14,300;1,000;1,000;

5552;2016.04.19 07:00:00;13,903;8,200;5,000;68,000;8,000;14,300;1,000;1,000;

5553;2016.04.19 08:00:00;15,002;9,200;6,000;65,000;5,000;14,300;1,000;1,000;

5554;2016.04.19 09:00:00;10,093;9,200;8,000;58,000;7,000;14,300;1,000;1,000;

5555;2016.04.19 10:00:00;13,779;6,600;10,000;73,000;5,000;14,300;1,000;1,000;

5556;2016.04.19 11:00:00;14,782;9,300;10,000;56,000;4,000;14,300;1,000;1,000;

5557;2016.04.19 12:00:00;13,334;9,800;12,000;57,000;3,000;14,300;1,000;1,000;

5558;2016.04.19 13:00:00;11,686;9,700;11,000;59,000;4,000;14,300;1,000;1,000;

5559;2016.04.19 14:00:00;11,594;9,700;12,000;61,000;3,000;14,300;1,000;1,000;

5560;2016.04.19 15:00:00;11,334;9,900;9,000;62,000;5,000;14,300;1,000;1,000;

5561;2016.04.19 16:00:00;10,964;9,300;9,000;64,000;7,000;14,300;1,000;1,000;

5562;2016.04.19 17:00:00;11,112;9,000;7,000;63,000;7,000;14,300;1,000;1,000;

5563;2016.04.19 18:00:00;11,112;8,600;7,000;65,000;6,000;14,300;1,000;1,000;

5564;2016.04.19 19:00:00;11,899;8,300;8,000;67,000;5,000;14,300;1,000;1,000;

5565;2016.04.19 20:00:00;11,586;7,900;6,000;74,000;6,000;14,300;1,000;1,000;

5566;2016.04.19 21:00:00;12,481;7,900;7,000;74,000;7,000;14,300;1,000;1,000;

5567;2016.04.19 22:00:00;12,631;7,600;8,000;76,000;8,000;14,300;1,000;1,000;

5568;2016.04.19 23:00:00;12,794;7,300;8,000;78,000;5,000;14,300;1,000;1,000;

5569;2016.04.20 00:00:00;11,304;6,600;8,000;84,000;2,000;14,383;1,000;1,000;

5570;2016.04.20 01:00:00;14,834;6,300;6,000;88,000;1,000;14,383;1,000;1,000;

5571;2016.04.20 02:00:00;13,499;6,200;6,000;89,000;3,000;14,383;1,000;1,000;

5572;2016.04.20 03:00:00;12,825;6,300;6,000;89,000;6,000;14,383;1,000;1,000;

5573;2016.04.20 04:00:00;15,225;6,100;6,000;90,000;7,000;14,383;1,000;1,000;

5574;2016.04.20 05:00:00;15,620;6,300;6,000;89,000;7,000;14,383;1,000;1,000;

5575;2016.04.20 06:00:00;15,279;6,800;6,000;87,000;7,000;14,383;1,000;1,000;

5576;2016.04.20 07:00:00;15,075;7,000;6,000;86,000;7,000;14,383;1,000;1,000;

5577;2016.04.20 08:00:00;13,483;7,300;7,000;83,000;7,000;14,383;1,000;1,000;

5578;2016.04.20 09:00:00;14,372;7,600;7,000;81,000;7,000;14,383;1,000;1,000;

5579;2016.04.20 10:00:00;13,631;8,300;8,000;78,000;7,000;14,383;1,000;1,000;

5580;2016.04.20 11:00:00;13,464;9,100;8,000;74,000;6,000;14,383;1,000;1,000;

5581;2016.04.20 12:00:00;12,575;9,800;7,000;71,000;5,000;14,383;1,000;1,000;

5582;2016.04.20 13:00:00;12,094;9,200;9,000;68,000;2,000;14,383;1,000;1,000;

5583;2016.04.20 14:00:00;11,871;9,400;9,000;67,000;1,000;14,383;1,000;1,000;

5584;2016.04.20 15:00:00;11,260;9,400;7,000;67,000;0,000;14,383;1,000;1,000;

5585;2016.04.20 16:00:00;11,668;9,400;7,000;68,000;1,000;14,383;1,000;1,000;

5586;2016.04.20 17:00:00;11,390;8,700;7,000;70,000;0,000;14,383;1,000;1,000;

5587;2016.04.20 18:00:00;11,316;8,000;5,000;73,000;0,000;14,383;1,000;1,000;

5588;2016.04.20 19:00:00;11,186;7,700;5,000;74,000;0,000;14,383;1,000;1,000;

5589;2016.04.20 20:00:00;12,631;7,600;5,000;76,000;0,000;14,383;1,000;1,000;

5590;2016.04.20 21:00:00;12,557;7,000;4,000;79,000;0,000;14,383;1,000;1,000;

5591;2016.04.20 22:00:00;13,334;7,000;5,000;81,000;0,000;14,383;1,000;1,000;

5592;2016.04.20 23:00:00;13,816;6,700;4,000;83,000;0,000;14,383;1,000;1,000;

5593;2016.04.21 00:00:00;12,945;6,400;4,000;84,000;0,000;14,450;1,000;1,000;

5594;2016.04.21 01:00:00;15,316;4,900;3,000;88,000;0,000;14,450;1,000;1,000;

5595;2016.04.21 02:00:00;15,686;4,000;1,000;90,000;0,000;14,450;1,000;1,000;

5596;2016.04.21 03:00:00;16,446;4,200;2,000;94,000;0,000;14,450;1,000;1,000;

5597;2016.04.21 04:00:00;15,372;3,300;2,000;94,000;0,000;14,450;1,000;1,000;

5598;2016.04.21 05:00:00;17,075;3,900;2,000;95,000;0,000;14,450;1,000;1,000;

5599;2016.04.21 06:00:00;17,631;6,400;3,000;91,000;1,000;14,450;1,000;1,000;

5600;2016.04.21 07:00:00;16,946;7,900;5,000;83,000;4,000;14,450;1,000;1,000;

5601;2016.04.21 08:00:00;15,575;8,600;5,000;71,000;6,000;14,450;1,000;1,000;

5602;2016.04.21 09:00:00;15,353;8,500;6,000;72,000;6,000;14,450;1,000;1,000;

5603;2016.04.21 10:00:00;14,038;8,300;8,000;70,000;6,000;14,450;1,000;1,000;

5604;2016.04.21 11:00:00;13,057;9,400;6,000;64,000;3,000;14,450;1,000;1,000;

5605;2016.04.21 12:00:00;12,445;9,600;8,000;59,000;2,000;14,450;1,000;1,000;

5606;2016.04.21 13:00:00;12,019;9,400;8,000;62,000;2,000;14,450;1,000;1,000;

5607;2016.04.21 14:00:00;12,001;10,100;8,000;50,000;2,000;14,450;1,000;1,000;

5608;2016.04.21 15:00:00;11,816;10,100;8,000;53,000;3,000;14,450;1,000;1,000;

5609;2016.04.21 16:00:00;10,982;9,800;7,000;58,000;4,000;14,450;1,000;1,000;

5610;2016.04.21 17:00:00;11,519;8,500;8,000;67,000;6,000;14,450;1,000;1,000;

5611;2016.04.21 18:00:00;11,186;7,900;5,000;70,000;7,000;14,450;1,000;1,000;

5612;2016.04.21 19:00:00;11,284;8,100;4,000;70,000;7,000;14,450;1,000;1,000;

5613;2016.04.21 20:00:00;11,625;8,400;5,000;67,000;7,000;14,450;1,000;1,000;

5614;2016.04.21 21:00:00;12,019;8,300;5,000;67,000;6,000;14,450;1,000;1,000;

5615;2016.04.21 22:00:00;12,353;8,300;6,000;73,000;7,000;14,450;1,000;1,000;

5616;2016.04.21 23:00:00;12,501;8,200;6,000;75,000;7,000;14,450;1,000;1,000;

5617;2016.04.22 00:00:00;11,279;7,800;7,000;75,000;7,000;14,517;2,000;1,000;

5618;2016.04.22 01:00:00;12,538;6,700;7,000;79,000;5,000;14,517;2,000;1,000;

5619;2016.04.22 02:00:00;13,538;6,100;7,000;75,000;3,000;14,517;2,000;1,000;

5620;2016.04.22 03:00:00;12,885;6,100;8,000;77,000;3,000;14,517;2,000;1,000;

5621;2016.04.22 04:00:00;14,618;5,700;6,000;79,000;5,000;14,517;2,000;1,000;

5622;2016.04.22 05:00:00;13,612;6,200;8,000;78,000;5,000;14,517;2,000;1,000;

5623;2016.04.22 06:00:00;14,927;6,800;8,000;76,000;6,000;14,517;2,000;1,000;

5624;2016.04.22 07:00:00;14,723;7,300;8,000;77,000;6,000;14,517;2,000;1,000;

5625;2016.04.22 08:00:00;14,723;7,900;7,000;75,000;5,000;14,517;2,000;1,000;

5626;2016.04.22 09:00:00;14,168;8,300;7,000;73,000;4,000;14,517;2,000;1,000;

5627;2016.04.22 10:00:00;13,834;8,200;6,000;70,000;6,000;14,517;2,000;1,000;

5628;2016.04.22 11:00:00;13,186;7,900;6,000;72,000;6,000;14,517;2,000;1,000;

5629;2016.04.22 12:00:00;12,649;9,500;6,000;67,000;5,000;14,517;2,000;1,000;

5630;2016.04.22 13:00:00;12,649;8,800;8,000;71,000;4,000;14,517;2,000;1,000;

5631;2016.04.22 14:00:00;12,149;9,300;7,000;66,000;2,000;14,517;2,000;1,000;

5632;2016.04.22 15:00:00;12,427;9,100;7,000;65,000;1,000;14,517;2,000;1,000;

5633;2016.04.22 16:00:00;11,260;9,000;6,000;60,000;1,000;14,517;2,000;1,000;

5634;2016.04.22 17:00:00;11,390;8,600;4,000;62,000;2,000;14,517;2,000;1,000;

5635;2016.04.22 18:00:00;11,464;7,600;3,000;68,000;2,000;14,517;2,000;1,000;

5636;2016.04.22 19:00:00;11,723;6,700;3,000;72,000;1,000;14,517;2,000;1,000;

5637;2016.04.22 20:00:00;11,739;5,900;2,000;73,000;1,000;14,517;2,000;1,000;

5638;2016.04.22 21:00:00;13,597;5,300;2,000;81,000;1,000;14,517;2,000;1,000;

5639;2016.04.22 22:00:00;13,648;4,800;2,000;79,000;3,000;14,517;2,000;1,000;

5640;2016.04.22 23:00:00;14,279;4,300;2,000;82,000;6,000;14,517;2,000;1,000;

5641;2016.04.23 00:00:00;14,223;3,600;2,000;81,000;7,000;14,583;3,000;1,000;

5642;2016.04.23 01:00:00;17,112;3,000;2,000;82,000;7,000;14,583;3,000;1,000;

5643;2016.04.23 02:00:00;16,446;2,500;2,000;83,000;7,000;14,583;3,000;1,000;

5644;2016.04.23 03:00:00;17,001;2,200;2,000;83,000;7,000;14,583;3,000;1,000;

5645;2016.04.23 04:00:00;16,779;2,000;2,000;84,000;6,000;14,583;3,000;1,000;

5646;2016.04.23 05:00:00;17,890;2,900;2,000;81,000;7,000;14,583;3,000;1,000;

5647;2016.04.23 06:00:00;18,113;5,000;2,000;77,000;7,000;14,583;3,000;1,000;

5648;2016.04.23 07:00:00;17,613;7,800;2,000;70,000;7,000;14,583;3,000;1,000;

5649;2016.04.23 08:00:00;16,335;9,300;2,000;57,000;7,000;14,583;3,000;1,000;

5650;2016.04.23 09:00:00;14,723;7,700;3,000;79,000;7,000;14,583;3,000;1,000;

5651;2016.04.23 10:00:00;14,612;7,300;4,000;77,000;7,000;14,583;3,000;1,000;

5652;2016.04.23 11:00:00;13,779;7,700;5,000;73,000;6,000;14,583;3,000;1,000;

5653;2016.04.23 12:00:00;13,168;8,600;5,000;70,000;5,000;14,583;3,000;1,000;

5654;2016.04.23 13:00:00;13,668;8,500;5,000;67,000;5,000;14,583;3,000;1,000;

5655;2016.04.23 14:00:00;14,501;8,200;4,000;62,000;3,000;14,583;3,000;1,000;

5656;2016.04.23 15:00:00;13,390;8,100;3,000;61,000;4,000;14,583;3,000;1,000;

5657;2016.04.23 16:00:00;13,057;7,100;4,000;60,000;4,000;14,583;3,000;1,000;

5658;2016.04.23 17:00:00;13,242;6,300;4,000;67,000;3,000;14,583;3,000;1,000;

5659;2016.04.23 18:00:00;13,103;5,300;2,000;78,000;5,000;14,583;3,000;1,000;

5660;2016.04.23 19:00:00;14,177;4,100;1,000;84,000;4,000;14,583;3,000;1,000;

5661;2016.04.23 20:00:00;14,943;3,700;2,000;87,000;2,000;14,583;3,000;1,000;

5662;2016.04.23 21:00:00;15,656;2,600;1,000;89,000;0,000;14,583;3,000;1,000;

5663;2016.04.23 22:00:00;16,386;2,600;2,000;91,000;1,000;14,583;3,000;1,000;

5664;2016.04.23 23:00:00;16,057;1,400;1,000;92,000;1,000;14,583;3,000;1,000;

5665;2016.04.24 00:00:00;14,946;1,600;1,000;94,000;3,000;14,667;4,000;1,000;

5666;2016.04.24 01:00:00;18,613;2,400;2,000;94,000;2,000;14,667;4,000;1,000;

5667;2016.04.24 02:00:00;18,335;1,700;2,000;94,000;5,000;14,667;4,000;1,000;

5668;2016.04.24 03:00:00;18,224;1,400;2,000;92,000;5,000;14,667;4,000;1,000;

5669;2016.04.24 04:00:00;17,724;2,600;4,000;92,000;5,000;14,667;4,000;1,000;

5670;2016.04.24 05:00:00;18,057;2,500;2,000;90,000;5,000;14,667;4,000;1,000;

5671;2016.04.24 06:00:00;17,835;4,800;4,000;76,000;4,000;14,667;4,000;1,000;

5672;2016.04.24 07:00:00;18,113;5,800;5,000;69,000;5,000;14,667;4,000;1,000;

5673;2016.04.24 08:00:00;17,224;6,000;5,000;66,000;5,000;14,667;4,000;1,000;

5674;2016.04.24 09:00:00;16,890;6,500;5,000;65,000;5,000;14,667;4,000;1,000;

5675;2016.04.24 10:00:00;17,168;6,000;5,000;66,000;4,000;14,667;4,000;1,000;

5676;2016.04.24 11:00:00;17,446;7,400;6,000;64,000;6,000;14,667;4,000;1,000;

5677;2016.04.24 12:00:00;17,501;6,800;6,000;67,000;6,000;14,667;4,000;1,000;

5678;2016.04.24 13:00:00;16,594;7,500;5,000;62,000;6,000;14,667;4,000;1,000;

5679;2016.04.24 14:00:00;15,501;7,700;4,000;54,000;4,000;14,667;4,000;1,000;

5680;2016.04.24 15:00:00;15,427;7,200;5,000;62,000;5,000;14,667;4,000;1,000;

5681;2016.04.24 16:00:00;15,612;6,200;5,000;64,000;4,000;14,667;4,000;1,000;

5682;2016.04.24 17:00:00;15,779;5,600;4,000;68,000;5,000;14,667;4,000;1,000;

5683;2016.04.24 18:00:00;15,131;5,100;3,000;70,000;4,000;14,667;4,000;1,000;

5684;2016.04.24 19:00:00;16,242;4,000;1,000;73,000;2,000;14,667;4,000;1,000;

5685;2016.04.24 20:00:00;16,112;2,100;1,000;79,000;1,000;14,667;4,000;1,000;

5686;2016.04.24 21:00:00;15,775;2,100;1,000;83,000;0,000;14,667;4,000;1,000;

5687;2016.04.24 22:00:00;16,505;1,400;2,000;86,000;1,000;14,667;4,000;1,000;

5688;2016.04.24 23:00:00;17,279;0,600;2,000;89,000;1,000;14,667;4,000;1,000;

5689;2016.04.25 00:00:00;15,279;0,300;2,000;91,000;1,000;14,733;1,000;1,000;

5690;2016.04.25 01:00:00;19,002;-0,500;2,000;93,000;0,000;14,733;1,000;1,000;

5691;2016.04.25 02:00:00;18,890;-0,600;2,000;93,000;0,000;14,733;1,000;1,000;

5692;2016.04.25 03:00:00;18,937;-0,600;2,000;93,000;2,000;14,733;1,000;1,000;

5693;2016.04.25 04:00:00;20,199;-0,900;2,000;93,000;2,000;14,733;1,000;1,000;

5694;2016.04.25 05:00:00;20,147;0,000;2,000;91,000;2,000;14,733;1,000;1,000;

5695;2016.04.25 06:00:00;20,502;2,100;2,000;87,000;5,000;14,733;1,000;1,000;

5696;2016.04.25 07:00:00;19,168;4,100;2,000;76,000;2,000;14,733;1,000;1,000;

5697;2016.04.25 08:00:00;19,168;5,300;3,000;65,000;6,000;14,733;1,000;1,000;

5698;2016.04.25 09:00:00;18,390;6,400;3,000;56,000;6,000;14,733;1,000;1,000;

5699;2016.04.25 10:00:00;16,890;4,900;5,000;65,000;7,000;14,733;1,000;1,000;

5700;2016.04.25 11:00:00;17,501;5,600;2,000;63,000;7,000;14,733;1,000;1,000;

5701;2016.04.25 12:00:00;16,779;5,200;2,000;68,000;7,000;14,733;1,000;1,000;

5702;2016.04.25 13:00:00;16,224;2,700;1,000;87,000;7,000;14,733;1,000;1,000;

5703;2016.04.25 14:00:00;14,797;4,100;2,000;87,000;6,000;14,733;1,000;1,000;

5704;2016.04.25 15:00:00;15,483;4,000;2,000;85,000;4,000;14,733;1,000;1,000;

5705;2016.04.25 16:00:00;15,223;6,300;2,000;65,000;2,000;14,733;1,000;1,000;

5706;2016.04.25 17:00:00;14,501;6,600;2,000;60,000;1,000;14,733;1,000;1,000;

5707;2016.04.25 18:00:00;15,279;6,200;2,000;60,000;2,000;14,733;1,000;1,000;

5708;2016.04.25 19:00:00;14,649;5,000;3,000;63,000;2,000;14,733;1,000;1,000;

5709;2016.04.25 20:00:00;15,075;4,000;3,000;71,000;0,000;14,733;1,000;1,000;

5710;2016.04.25 21:00:00;16,525;2,900;3,000;74,000;0,000;14,733;1,000;1,000;

5711;2016.04.25 22:00:00;16,737;2,300;3,000;78,000;0,000;14,733;1,000;1,000;

5712;2016.04.25 23:00:00;16,853;1,800;3,000;82,000;0,000;14,733;1,000;1,000;

5713;2016.04.26 00:00:00;16,075;1,400;3,000;84,000;0,000;14,800;1,000;1,000;

5714;2016.04.26 01:00:00;18,446;1,000;3,000;85,000;0,000;14,800;1,000;1,000;

5715;2016.04.26 02:00:00;18,409;0,700;3,000;86,000;0,000;14,800;1,000;1,000;

5716;2016.04.26 03:00:00;18,890;0,700;3,000;84,000;1,000;14,800;1,000;1,000;

5717;2016.04.26 04:00:00;19,502;0,900;4,000;83,000;2,000;14,800;1,000;1,000;

5718;2016.04.26 05:00:00;19,446;2,500;5,000;73,000;3,000;14,800;1,000;1,000;

5719;2016.04.26 06:00:00;19,446;4,800;5,000;63,000;5,000;14,800;1,000;1,000;

5720;2016.04.26 07:00:00;19,298;6,700;5,000;53,000;7,000;14,800;1,000;1,000;

5721;2016.04.26 08:00:00;5,445;8,200;4,000;45,000;7,000;14,800;1,000;1,000;

5722;2016.04.26 09:00:00;0,000;8,900;6,000;40,000;7,000;14,800;1,000;1,000;

5723;2016.04.26 10:00:00;0,000;7,900;6,000;47,000;8,000;14,800;1,000;1,000;

5724;2016.04.26 11:00:00;0,000;8,600;3,000;45,000;8,000;14,800;1,000;1,000;

5725;2016.04.26 12:00:00;0,000;8,600;4,000;48,000;8,000;14,800;1,000;1,000;

5726;2016.04.26 13:00:00;1,042;6,200;3,000;79,000;8,000;14,800;1,000;1,000;

5727;2016.04.26 14:00:00;20,164;6,100;2,000;83,000;8,000;14,800;1,000;1,000;

5728;2016.04.26 15:00:00;13,612;5,800;1,000;86,000;8,000;14,800;1,000;1,000;

5729;2016.04.26 16:00:00;14,422;5,300;2,000;88,000;8,000;14,800;1,000;1,000;

5730;2016.04.26 17:00:00;14,117;5,600;2,000;89,000;8,000;14,800;1,000;1,000;

5731;2016.04.26 18:00:00;15,279;1,500;4,000;93,000;8,000;14,800;1,000;1,000;

5732;2016.04.26 19:00:00;15,761;0,800;4,000;96,000;8,000;14,800;1,000;1,000;

5733;2016.04.26 20:00:00;15,876;1,400;3,000;96,000;8,000;14,800;1,000;1,000;

5734;2016.04.26 21:00:00;18,424;1,400;3,000;93,000;6,000;14,800;1,000;1,000;

5735;2016.04.26 22:00:00;16,872;0,900;4,000;94,000;0,000;14,800;1,000;1,000;

5736;2016.04.26 23:00:00;16,724;1,300;3,000;94,000;7,000;14,800;1,000;1,000;

5737;2016.04.27 00:00:00;16,538;1,300;3,000;95,000;6,000;14,850;1,000;1,000;

5738;2016.04.27 01:00:00;17,909;1,600;3,000;94,000;6,000;14,850;1,000;1,000;

5739;2016.04.27 02:00:00;17,501;1,400;3,000;92,000;6,000;14,850;1,000;1,000;

5740;2016.04.27 03:00:00;17,779;1,200;3,000;93,000;7,000;14,850;1,000;1,000;

5741;2016.04.27 04:00:00;17,427;1,000;4,000;92,000;2,000;14,850;1,000;1,000;

5742;2016.04.27 05:00:00;17,298;1,900;4,000;89,000;2,000;14,850;1,000;1,000;

5743;2016.04.27 06:00:00;18,057;3,500;4,000;84,000;2,000;14,850;1,000;1,000;

5744;2016.04.27 07:00:00;17,927;5,000;4,000;79,000;2,000;14,850;1,000;1,000;

5745;2016.04.27 08:00:00;18,131;6,200;5,000;73,000;7,000;14,850;1,000;1,000;

5746;2016.04.27 09:00:00;15,827;6,700;5,000;61,000;7,000;14,850;1,000;1,000;

5747;2016.04.27 10:00:00;17,102;7,800;6,000;55,000;6,000;14,850;1,000;1,000;

5748;2016.04.27 11:00:00;14,872;8,700;5,000;51,000;4,000;14,850;1,000;1,000;

5749;2016.04.27 12:00:00;14,520;9,000;5,000;46,000;7,000;14,850;1,000;1,000;

5750;2016.04.27 13:00:00;12,723;9,300;5,000;47,000;7,000;14,850;1,000;1,000;

5751;2016.04.27 14:00:00;12,705;9,200;5,000;47,000;7,000;14,850;1,000;1,000;

5752;2016.04.27 15:00:00;12,094;9,400;5,000;46,000;7,000;14,850;1,000;1,000;

5753;2016.04.27 16:00:00;12,631;6,400;6,000;71,000;7,000;14,850;1,000;1,000;

5754;2016.04.27 17:00:00;12,223;5,300;4,000;78,000;7,000;14,850;1,000;1,000;

5755;2016.04.27 18:00:00;13,260;6,300;3,000;71,000;5,000;14,850;1,000;1,000;

5756;2016.04.27 19:00:00;13,538;6,000;2,000;72,000;6,000;14,850;1,000;1,000;

5757;2016.04.27 20:00:00;14,723;5,700;2,000;75,000;6,000;14,850;1,000;1,000;

5758;2016.04.27 21:00:00;15,890;5,100;3,000;74,000;1,000;14,850;1,000;1,000;

5759;2016.04.27 22:00:00;14,853;4,100;2,000;78,000;0,000;14,850;1,000;1,000;

5760;2016.04.27 23:00:00;15,390;3,300;2,000;81,000;0,000;14,850;1,000;1,000;

5761;2016.04.28 00:00:00;13,223;3,300;2,000;79,000;0,000;14,933;1,000;1,000;

5762;2016.04.28 01:00:00;17,112;2,600;3,000;83,000;0,000;14,933;1,000;1,000;

5763;2016.04.28 02:00:00;16,501;1,900;3,000;86,000;0,000;14,933;1,000;1,000;

5764;2016.04.28 03:00:00;16,946;1,900;3,000;90,000;7,000;14,933;1,000;1,000;

5765;2016.04.28 04:00:00;17,168;2,500;3,000;89,000;2,000;14,933;1,000;1,000;

5766;2016.04.28 05:00:00;17,057;3,300;3,000;88,000;7,000;14,933;1,000;1,000;

5767;2016.04.28 06:00:00;17,724;4,100;4,000;83,000;8,000;14,933;1,000;1,000;

5768;2016.04.28 07:00:00;17,001;5,100;4,000;76,000;6,000;14,933;1,000;1,000;

5769;2016.04.28 08:00:00;16,668;6,100;4,000;73,000;6,000;14,933;1,000;1,000;

5770;2016.04.28 09:00:00;15,946;6,700;5,000;65,000;6,000;14,933;1,000;1,000;

5771;2016.04.28 10:00:00;14,446;7,300;5,000;62,000;7,000;14,933;1,000;1,000;

5772;2016.04.28 11:00:00;14,168;7,100;4,000;64,000;7,000;14,933;1,000;1,000;

5773;2016.04.28 12:00:00;13,406;8,100;5,000;60,000;7,000;14,933;1,000;1,000;

5774;2016.04.28 13:00:00;13,263;8,500;5,000;64,000;7,000;14,933;1,000;1,000;

5775;2016.04.28 14:00:00;12,927;9,300;6,000;52,000;7,000;14,933;1,000;1,000;

5776;2016.04.28 15:00:00;12,779;9,400;6,000;53,000;7,000;14,933;1,000;1,000;

5777;2016.04.28 16:00:00;12,543;8,900;5,000;51,000;6,000;14,933;1,000;1,000;

5778;2016.04.28 17:00:00;12,588;8,600;4,000;54,000;6,000;14,933;1,000;1,000;

5779;2016.04.28 18:00:00;11,890;6,600;3,000;70,000;6,000;14,933;1,000;1,000;

5780;2016.04.28 19:00:00;12,223;5,100;2,000;82,000;5,000;14,933;1,000;1,000;

5781;2016.04.28 20:00:00;13,464;5,000;2,000;81,000;5,000;14,933;1,000;1,000;

5782;2016.04.28 21:00:00;13,422;4,100;2,000;88,000;4,000;14,933;1,000;1,000;

5783;2016.04.28 22:00:00;14,840;3,600;2,000;88,000;4,000;14,933;1,000;1,000;

5784;2016.04.28 23:00:00;14,390;3,600;3,000;88,000;2,000;14,933;1,000;1,000;

5785;2016.04.29 00:00:00;13,057;3,100;3,000;88,000;0,000;15,000;2,000;1,000;

5786;2016.04.29 01:00:00;16,946;2,400;3,000;90,000;0,000;15,000;2,000;1,000;

5787;2016.04.29 02:00:00;16,390;1,800;2,000;93,000;0,000;15,000;2,000;1,000;

5788;2016.04.29 03:00:00;16,668;1,100;2,000;95,000;0,000;15,000;2,000;1,000;

5789;2016.04.29 04:00:00;16,946;1,100;3,000;95,000;0,000;15,000;2,000;1,000;

5790;2016.04.29 05:00:00;17,279;2,300;3,000;92,000;0,000;15,000;2,000;1,000;

5791;2016.04.29 06:00:00;17,557;4,800;3,000;85,000;0,000;15,000;2,000;1,000;

5792;2016.04.29 07:00:00;16,779;7,100;4,000;72,000;2,000;15,000;2,000;1,000;

5793;2016.04.29 08:00:00;16,946;9,500;4,000;58,000;4,000;15,000;2,000;1,000;

5794;2016.04.29 09:00:00;15,946;10,100;4,000;50,000;3,000;15,000;2,000;1,000;

5795;2016.04.29 10:00:00;13,501;11,400;4,000;43,000;3,000;15,000;2,000;1,000;

5796;2016.04.29 11:00:00;12,834;12,300;4,000;40,000;5,000;15,000;2,000;1,000;

5797;2016.04.29 12:00:00;11,834;13,300;5,000;37,000;4,000;15,000;2,000;1,000;

5798;2016.04.29 13:00:00;10,612;14,000;4,000;33,000;5,000;15,000;2,000;1,000;

5799;2016.04.29 14:00:00;9,556;14,500;4,000;32,000;6,000;15,000;2,000;1,000;

5800;2016.04.29 15:00:00;9,001;14,300;4,000;32,000;6,000;15,000;2,000;1,000;

5801;2016.04.29 16:00:00;8,334;14,300;3,000;31,000;5,000;15,000;2,000;1,000;

5802;2016.04.29 17:00:00;7,575;13,700;3,000;31,000;4,000;15,000;2,000;1,000;

5803;2016.04.29 18:00:00;7,982;12,700;3,000;32,000;4,000;15,000;2,000;1,000;

5804;2016.04.29 19:00:00;8,334;10,800;2,000;41,000;2,000;15,000;2,000;1,000;

5805;2016.04.29 20:00:00;9,108;9,400;2,000;45,000;3,000;15,000;2,000;1,000;

5806;2016.04.29 21:00:00;10,171;8,600;2,000;48,000;0,000;15,000;2,000;1,000;

5807;2016.04.29 22:00:00;11,445;7,900;3,000;49,000;0,000;15,000;2,000;1,000;

5808;2016.04.29 23:00:00;12,723;7,600;4,000;50,000;0,000;15,000;2,000;1,000;

5809;2016.04.30 00:00:00;11,390;7,000;3,000;52,000;0,000;15,067;3,000;1,000;

5810;2016.04.30 01:00:00;13,501;6,800;4,000;54,000;0,000;15,067;3,000;1,000;

5811;2016.04.30 02:00:00;14,334;6,600;4,000;56,000;0,000;15,067;3,000;1,000;

5812;2016.04.30 03:00:00;13,723;5,900;4,000;59,000;0,000;15,067;3,000;1,000;

5813;2016.04.30 04:00:00;14,890;5,800;4,000;62,000;2,000;15,067;3,000;1,000;

5814;2016.04.30 05:00:00;15,168;6,900;3,000;61,000;4,000;15,067;3,000;1,000;

5815;2016.04.30 06:00:00;15,501;9,000;3,000;58,000;7,000;15,067;3,000;1,000;

5816;2016.04.30 07:00:00;14,612;12,200;4,000;46,000;8,000;15,067;3,000;1,000;

5817;2016.04.30 08:00:00;14,279;13,300;5,000;43,000;8,000;15,067;3,000;1,000;

5818;2016.04.30 09:00:00;12,168;14,500;5,000;41,000;8,000;15,067;3,000;1,000;

5819;2016.04.30 10:00:00;11,223;15,400;5,000;33,000;8,000;15,067;3,000;1,000;

5820;2016.04.30 11:00:00;9,612;15,300;4,000;33,000;8,000;15,067;3,000;1,000;

5821;2016.04.30 12:00:00;8,445;15,600;4,000;32,000;8,000;15,067;3,000;1,000;

5822;2016.04.30 13:00:00;7,278;16,200;3,000;31,000;8,000;15,067;3,000;1,000;

5823;2016.04.30 14:00:00;6,723;16,000;3,000;30,000;8,000;15,067;3,000;1,000;

5824;2016.04.30 15:00:00;5,598;16,200;2,000;29,000;8,000;15,067;3,000;1,000;

5825;2016.04.30 16:00:00;2,551;16,200;2,000;30,000;8,000;15,067;3,000;1,000;

5826;2016.04.30 17:00:00;1,288;15,700;2,000;30,000;8,000;15,067;3,000;1,000;

5827;2016.04.30 18:00:00;1,082;14,900;2,000;32,000;8,000;15,067;3,000;1,000;

5828;2016.04.30 19:00:00;0,630;13,200;1,000;36,000;8,000;15,067;3,000;1,000;

5829;2016.04.30 20:00:00;1,574;12,100;2,000;42,000;4,000;15,067;3,000;1,000;

5830;2016.04.30 21:00:00;13,020;11,300;3,000;51,000;0,000;15,067;3,000;1,000;

5831;2016.04.30 22:00:00;9,704;10,300;3,000;55,000;0,000;15,067;3,000;1,000;

5832;2016.04.30 23:00:00;10,760;9,600;3,000;58,000;0,000;15,067;3,000;1,000;

5833;2016.05.01 00:00:00;10,297;8,500;2,000;61,000;0,000;15,133;4,000;1,000;

5834;2016.05.01 01:00:00;11,705;7,600;2,000;66,000;0,000;15,133;4,000;1,000;

5835;2016.05.01 02:00:00;12,149;7,100;2,000;70,000;2,000;15,133;4,000;1,000;

5836;2016.05.01 03:00:00;13,316;5,700;1,000;76,000;2,000;15,133;4,000;1,000;

5837;2016.05.01 04:00:00;13,557;4,300;1,000;83,000;5,000;15,133;4,000;1,000;

5838;2016.05.01 05:00:00;14,705;6,100;1,000;84,000;7,000;15,133;4,000;1,000;

5839;2016.05.01 06:00:00;14,668;8,200;1,000;74,000;8,000;15,133;4,000;1,000;

5840;2016.05.01 07:00:00;14,927;10,700;1,000;68,000;8,000;15,133;4,000;1,000;

5841;2016.05.01 08:00:00;13,001;12,500;2,000;57,000;8,000;15,133;4,000;1,000;

5842;2016.05.01 09:00:00;11,686;13,400;3,000;57,000;8,000;15,133;4,000;1,000;

5843;2016.05.01 10:00:00;9,667;14,200;4,000;47,000;8,000;15,133;4,000;1,000;

5844;2016.05.01 11:00:00;8,760;13,800;4,000;57,000;8,000;15,133;4,000;1,000;

5845;2016.05.01 12:00:00;8,130;14,700;4,000;52,000;8,000;15,133;4,000;1,000;

5846;2016.05.01 13:00:00;7,352;14,600;4,000;55,000;8,000;15,133;4,000;1,000;

5847;2016.05.01 14:00:00;6,612;13,500;5,000;64,000;8,000;15,133;4,000;1,000;

5848;2016.05.01 15:00:00;6,186;14,200;4,000;60,000;8,000;15,133;4,000;1,000;

5849;2016.05.01 16:00:00;6,519;13,200;4,000;62,000;8,000;15,133;4,000;1,000;

5850;2016.05.01 17:00:00;6,260;12,400;3,000;63,000;4,000;15,133;4,000;1,000;

5851;2016.05.01 18:00:00;6,389;11,400;2,000;70,000;1,000;15,133;4,000;1,000;

5852;2016.05.01 19:00:00;7,278;9,200;1,000;81,000;0,000;15,133;4,000;1,000;

5853;2016.05.01 20:00:00;7,427;8,200;1,000;84,000;0,000;15,133;4,000;1,000;

5854;2016.05.01 21:00:00;9,223;6,900;0,000;87,000;0,000;15,133;4,000;1,000;

5855;2016.05.01 22:00:00;9,927;5,900;0,000;90,000;0,000;15,133;4,000;1,000;

5856;2016.05.01 23:00:00;10,686;5,400;1,000;93,000;0,000;15,133;4,000;1,000;

5857;2016.05.02 00:00:00;9,408;4,000;0,000;93,000;0,000;15,200;1,000;1,000;

5858;2016.05.02 01:00:00;13,020;3,800;0,000;95,000;0,000;15,200;1,000;1,000;

5859;2016.05.02 02:00:00;12,908;2,700;0,000;95,000;0,000;15,200;1,000;1,000;

5860;2016.05.02 03:00:00;13,946;2,400;0,000;94,000;0,000;15,200;1,000;1,000;

5861;2016.05.02 04:00:00;14,520;3,400;1,000;95,000;0,000;15,200;1,000;1,000;

5862;2016.05.02 05:00:00;15,279;5,400;1,000;94,000;0,000;15,200;1,000;1,000;

5863;2016.05.02 06:00:00;15,557;7,600;1,000;89,000;0,000;15,200;1,000;1,000;

5864;2016.05.02 07:00:00;15,335;11,100;2,000;68,000;1,000;15,200;1,000;1,000;

5865;2016.05.02 08:00:00;14,186;12,600;2,000;65,000;1,000;15,200;1,000;1,000;

5866;2016.05.02 09:00:00;13,205;12,500;4,000;60,000;1,000;15,200;1,000;1,000;

5867;2016.05.02 10:00:00;10,649;12,400;4,000;60,000;2,000;15,200;1,000;1,000;

5868;2016.05.02 11:00:00;9,593;12,200;5,000;60,000;2,000;15,200;1,000;1,000;

5869;2016.05.02 12:00:00;8,686;12,300;4,000;54,000;2,000;15,200;1,000;1,000;

5870;2016.05.02 13:00:00;7,723;13,200;4,000;58,000;2,000;15,200;1,000;1,000;

5871;2016.05.02 14:00:00;7,501;13,700;4,000;54,000;2,000;15,200;1,000;1,000;

5872;2016.05.02 15:00:00;7,075;14,100;4,000;53,000;1,000;15,200;1,000;1,000;

5873;2016.05.02 16:00:00;6,815;14,000;3,000;54,000;1,000;15,200;1,000;1,000;

5874;2016.05.02 17:00:00;6,667;14,500;3,000;40,000;2,000;15,200;1,000;1,000;

5875;2016.05.02 18:00:00;6,389;13,600;3,000;41,000;2,000;15,200;1,000;1,000;

5876;2016.05.02 19:00:00;6,241;11,300;1,000;50,000;1,000;15,200;1,000;1,000;

5877;2016.05.02 20:00:00;7,371;9,400;1,000;58,000;1,000;15,200;1,000;1,000;

5878;2016.05.02 21:00:00;7,686;10,600;1,000;49,000;0,000;15,200;1,000;1,000;

5879;2016.05.02 22:00:00;8,964;10,800;1,000;46,000;0,000;15,200;1,000;1,000;

5880;2016.05.02 23:00:00;9,575;10,200;2,000;47,000;0,000;15,200;1,000;1,000;

5881;2016.05.03 00:00:00;8,704;9,100;2,000;51,000;0,000;15,267;5,000;1,000;

5882;2016.05.03 01:00:00;11,149;7,300;1,000;59,000;0,000;15,267;5,000;1,000;

5883;2016.05.03 02:00:00;11,316;5,500;1,000;68,000;0,000;15,267;5,000;1,000;

5884;2016.05.03 03:00:00;12,149;6,000;2,000;65,000;0,000;15,267;5,000;1,000;

5885;2016.05.03 04:00:00;13,186;5,800;1,000;68,000;0,000;15,267;5,000;1,000;

5886;2016.05.03 05:00:00;13,464;6,700;1,000;77,000;1,000;15,267;5,000;1,000;

5887;2016.05.03 06:00:00;13,279;9,000;1,000;65,000;1,000;15,267;5,000;1,000;

5888;2016.05.03 07:00:00;13,538;12,200;2,000;61,000;1,000;15,267;5,000;1,000;

5889;2016.05.03 08:00:00;11,890;15,400;1,000;56,000;0,000;15,267;5,000;1,000;

5890;2016.05.03 09:00:00;10,501;16,000;3,000;53,000;1,000;15,267;5,000;1,000;

5891;2016.05.03 10:00:00;8,760;16,100;4,000;50,000;2,000;15,267;5,000;1,000;

5892;2016.05.03 11:00:00;7,723;16,400;4,000;49,000;4,000;15,267;5,000;1,000;

5893;2016.05.03 12:00:00;5,982;17,200;4,000;43,000;3,000;15,267;5,000;1,000;

5894;2016.05.03 13:00:00;5,426;17,100;4,000;41,000;4,000;15,267;5,000;1,000;

5895;2016.05.03 14:00:00;5,191;16,900;4,000;36,000;3,000;15,267;5,000;1,000;

5896;2016.05.03 15:00:00;4,199;17,000;4,000;37,000;1,000;15,267;5,000;1,000;

5897;2016.05.03 16:00:00;3,945;17,000;4,000;37,000;0,000;15,267;5,000;1,000;

5898;2016.05.03 17:00:00;4,667;16,500;3,000;39,000;1,000;15,267;5,000;1,000;

5899;2016.05.03 18:00:00;3,611;15,300;2,000;41,000;7,000;15,267;5,000;1,000;

5900;2016.05.03 19:00:00;4,778;13,600;1,000;47,000;7,000;15,267;5,000;1,000;

5901;2016.05.03 20:00:00;5,556;11,900;2,000;66,000;7,000;15,267;5,000;1,000;

5902;2016.05.03 21:00:00;6,167;10,800;2,000;75,000;7,000;15,267;5,000;1,000;

5903;2016.05.03 22:00:00;6,667;10,000;2,000;73,000;7,000;15,267;5,000;1,000;

5904;2016.05.03 23:00:00;7,352;9,100;2,000;74,000;3,000;15,267;5,000;1,000;

5905;2016.05.04 00:00:00;7,501;8,500;1,000;78,000;6,000;15,317;1,000;1,000;

5906;2016.05.04 01:00:00;9,297;7,400;2,000;89,000;6,000;15,317;1,000;1,000;

5907;2016.05.04 02:00:00;9,649;7,900;2,000;89,000;7,000;15,317;1,000;1,000;

5908;2016.05.04 03:00:00;10,001;8,300;4,000;91,000;8,000;15,317;1,000;1,000;

5909;2016.05.04 04:00:00;10,686;8,200;3,000;89,000;8,000;15,317;1,000;1,000;

5910;2016.05.04 05:00:00;10,408;8,100;5,000;86,000;7,000;15,317;1,000;1,000;

5911;2016.05.04 06:00:00;11,742;8,800;4,000;84,000;7,000;15,317;1,000;1,000;

5912;2016.05.04 07:00:00;11,038;9,200;4,000;79,000;7,000;15,317;1,000;1,000;

5913;2016.05.04 08:00:00;10,908;9,100;5,000;81,000;7,000;15,317;1,000;1,000;

5914;2016.05.04 09:00:00;10,501;9,200;5,000;83,000;8,000;15,317;1,000;1,000;

5915;2016.05.04 10:00:00;10,130;9,500;5,000;82,000;7,000;15,317;1,000;1,000;

5916;2016.05.04 11:00:00;9,900;9,600;6,000;79,000;7,000;15,317;1,000;1,000;

5917;2016.05.04 12:00:00;9,356;10,300;5,000;76,000;6,000;15,317;1,000;1,000;

5918;2016.05.04 13:00:00;9,098;10,400;5,000;69,000;5,000;15,317;1,000;1,000;

5919;2016.05.04 14:00:00;9,267;10,800;5,000;63,000;6,000;15,317;1,000;1,000;

5920;2016.05.04 15:00:00;8,994;10,600;5,000;70,000;5,000;15,317;1,000;1,000;

5921;2016.05.04 16:00:00;8,130;10,100;4,000;75,000;6,000;15,317;1,000;1,000;

5922;2016.05.04 17:00:00;8,612;10,500;3,000;76,000;4,000;15,317;1,000;1,000;

5923;2016.05.04 18:00:00;8,820;9,400;3,000;81,000;3,000;15,317;1,000;1,000;

5924;2016.05.04 19:00:00;8,403;8,400;1,000;84,000;3,000;15,317;1,000;1,000;

5925;2016.05.04 20:00:00;9,019;8,000;1,000;86,000;1,000;15,317;1,000;1,000;

5926;2016.05.04 21:00:00;9,371;7,300;2,000;86,000;0,000;15,317;1,000;1,000;

5927;2016.05.04 22:00:00;10,205;7,100;2,000;86,000;0,000;15,317;1,000;1,000;

5928;2016.05.04 23:00:00;10,760;6,800;1,000;87,000;0,000;15,317;1,000;1,000;

5929;2016.05.05 00:00:00;10,019;6,200;1,000;89,000;0,000;15,383;1,000;1,000;

5930;2016.05.05 01:00:00;11,853;5,200;1,000;91,000;0,000;15,383;1,000;1,000;

5931;2016.05.05 02:00:00;12,353;4,700;1,000;92,000;0,000;15,383;1,000;1,000;

5932;2016.05.05 03:00:00;12,649;4,100;1,000;93,000;0,000;15,383;1,000;1,000;

5933;2016.05.05 04:00:00;13,242;4,200;1,000;94,000;0,000;15,383;1,000;1,000;

5934;2016.05.05 05:00:00;13,279;6,000;1,000;91,000;0,000;15,383;1,000;1,000;

5935;2016.05.05 06:00:00;13,816;9,300;3,000;81,000;0,000;15,383;1,000;1,000;

5936;2016.05.05 07:00:00;13,538;11,200;2,000;74,000;1,000;15,383;1,000;1,000;

5937;2016.05.05 08:00:00;12,168;12,500;2,000;67,000;0,000;15,383;1,000;1,000;

5938;2016.05.05 09:00:00;2,185;13,800;3,000;61,000;0,000;15,383;1,000;1,000;

5939;2016.05.05 10:00:00;0,000;13,900;3,000;56,000;1,000;15,383;1,000;1,000;

5940;2016.05.05 11:00:00;0,000;13,800;4,000;53,000;0,000;15,383;1,000;1,000;

5941;2016.05.05 12:00:00;0,000;14,000;4,000;55,000;1,000;15,383;1,000;1,000;

5942;2016.05.05 13:00:00;0,000;13,900;4,000;49,000;0,000;15,383;1,000;1,000;

5943;2016.05.05 14:00:00;0,000;13,000;4,000;55,000;0,000;15,383;1,000;1,000;

5944;2016.05.05 15:00:00;0,000;12,600;4,000;56,000;0,000;15,383;1,000;1,000;

5945;2016.05.05 16:00:00;0,000;12,400;3,000;60,000;0,000;15,383;1,000;1,000;

5946;2016.05.05 17:00:00;0,000;11,900;2,000;68,000;0,000;15,383;1,000;1,000;

5947;2016.05.05 18:00:00;0,000;10,800;2,000;74,000;0,000;15,383;1,000;1,000;

5948;2016.05.05 19:00:00;0,000;9,600;2,000;84,000;0,000;15,383;1,000;1,000;

5949;2016.05.05 20:00:00;0,000;8,900;1,000;89,000;0,000;15,383;1,000;1,000;

5950;2016.05.05 21:00:00;0,000;8,200;1,000;93,000;0,000;15,383;1,000;1,000;

5951;2016.05.05 22:00:00;0,000;7,200;1,000;94,000;0,000;15,383;1,000;1,000;

5952;2016.05.05 23:00:00;0,000;6,200;1,000;93,000;0,000;15,383;1,000;1,000;

5953;2016.05.06 00:00:00;0,000;5,900;0,000;93,000;0,000;15,450;2,000;1,000;

5954;2016.05.06 01:00:00;0,000;5,200;0,000;94,000;0,000;15,450;2,000;1,000;

5955;2016.05.06 02:00:00;0,000;4,700;1,000;94,000;0,000;15,450;2,000;1,000;

5956;2016.05.06 03:00:00;0,000;4,000;1,000;93,000;0,000;15,450;2,000;1,000;

5957;2016.05.06 04:00:00;0,000;4,400;0,000;94,000;0,000;15,450;2,000;1,000;

5958;2016.05.06 05:00:00;0,000;10,600;1,000;58,000;0,000;15,450;2,000;1,000;

5959;2016.05.06 06:00:00;0,000;14,500;1,000;38,000;0,000;15,450;2,000;1,000;

5960;2016.05.06 07:00:00;0,000;16,400;3,000;33,000;1,000;15,450;2,000;1,000;

5961;2016.05.06 08:00:00;0,000;18,100;3,000;30,000;1,000;15,450;2,000;1,000;

5962;2016.05.06 09:00:00;0,000;19,000;2,000;32,000;1,000;15,450;2,000;1,000;

5963;2016.05.06 10:00:00;0,000;19,200;3,000;32,000;1,000;15,450;2,000;1,000;

5964;2016.05.06 11:00:00;0,000;19,800;2,000;39,000;1,000;15,450;2,000;1,000;

5965;2016.05.06 12:00:00;0,000;20,600;4,000;34,000;1,000;15,450;2,000;1,000;

5966;2016.05.06 13:00:00;0,000;20,400;4,000;33,000;2,000;15,450;2,000;1,000;

5967;2016.05.06 14:00:00;0,000;20,200;5,000;31,000;1,000;15,450;2,000;1,000;

5968;2016.05.06 15:00:00;0,000;19,800;5,000;33,000;1,000;15,450;2,000;1,000;

5969;2016.05.06 16:00:00;0,000;19,500;4,000;35,000;1,000;15,450;2,000;1,000;

5970;2016.05.06 17:00:00;0,000;18,700;3,000;38,000;1,000;15,450;2,000;1,000;

5971;2016.05.06 18:00:00;0,000;17,800;2,000;37,000;1,000;15,450;2,000;1,000;

5972;2016.05.06 19:00:00;0,000;14,600;2,000;47,000;1,000;15,450;2,000;1,000;

5973;2016.05.06 20:00:00;0,000;16,200;3,000;39,000;1,000;15,450;2,000;1,000;

5974;2016.05.06 21:00:00;0,000;15,300;4,000;41,000;0,000;15,450;2,000;1,000;

5975;2016.05.06 22:00:00;0,000;14,300;3,000;43,000;0,000;15,450;2,000;1,000;

5976;2016.05.06 23:00:00;0,000;13,100;3,000;45,000;0,000;15,450;2,000;1,000;

5977;2016.05.07 00:00:00;0,000;12,100;2,000;46,000;0,000;15,517;3,000;1,000;

5978;2016.05.07 01:00:00;0,000;11,800;3,000;45,000;0,000;15,517;3,000;1,000;

5979;2016.05.07 02:00:00;0,000;10,800;2,000;49,000;0,000;15,517;3,000;1,000;

5980;2016.05.07 03:00:00;0,000;10,300;2,000;49,000;0,000;15,517;3,000;1,000;

5981;2016.05.07 04:00:00;0,000;11,500;3,000;47,000;0,000;15,517;3,000;1,000;

5982;2016.05.07 05:00:00;0,000;12,900;3,000;44,000;0,000;15,517;3,000;1,000;

5983;2016.05.07 06:00:00;0,000;15,300;3,000;43,000;0,000;15,517;3,000;1,000;

5984;2016.05.07 07:00:00;0,000;18,300;3,000;40,000;0,000;15,517;3,000;1,000;

5985;2016.05.07 08:00:00;0,000;20,400;3,000;34,000;0,000;15,517;3,000;1,000;

5986;2016.05.07 09:00:00;0,000;21,700;2,000;29,000;0,000;15,517;3,000;1,000;

5987;2016.05.07 10:00:00;0,000;22,100;3,000;25,000;0,000;15,517;3,000;1,000;

5988;2016.05.07 11:00:00;0,000;22,900;2,000;24,000;1,000;15,517;3,000;1,000;

5989;2016.05.07 12:00:00;0,000;22,000;3,000;34,000;1,000;15,517;3,000;1,000;

5990;2016.05.07 13:00:00;0,000;21,700;5,000;35,000;1,000;15,517;3,000;1,000;

5991;2016.05.07 14:00:00;0,000;21,800;5,000;32,000;1,000;15,517;3,000;1,000;

5992;2016.05.07 15:00:00;0,000;22,300;5,000;32,000;1,000;15,517;3,000;1,000;

5993;2016.05.07 16:00:00;0,000;22,300;3,000;34,000;1,000;15,517;3,000;1,000;

5994;2016.05.07 17:00:00;0,000;22,000;2,000;38,000;0,000;15,517;3,000;1,000;

5995;2016.05.07 18:00:00;0,000;21,000;1,000;41,000;1,000;15,517;3,000;1,000;

5996;2016.05.07 19:00:00;0,000;16,900;0,000;55,000;0,000;15,517;3,000;1,000;

5997;2016.05.07 20:00:00;0,000;18,900;3,000;38,000;0,000;15,517;3,000;1,000;

5998;2016.05.07 21:00:00;0,000;17,500;3,000;41,000;0,000;15,517;3,000;1,000;

5999;2016.05.07 22:00:00;0,000;16,600;3,000;41,000;0,000;15,517;3,000;1,000;

6000;2016.05.07 23:00:00;0,000;15,700;3,000;43,000;0,000;15,517;3,000;1,000;

6001;2016.05.08 00:00:00;0,000;15,100;3,000;44,000;0,000;15,583;4,000;1,000;

6002;2016.05.08 01:00:00;0,000;13,800;2,000;49,000;0,000;15,583;4,000;1,000;

6003;2016.05.08 02:00:00;0,000;13,400;2,000;53,000;0,000;15,583;4,000;1,000;

6004;2016.05.08 03:00:00;0,000;12,300;1,000;58,000;0,000;15,583;4,000;1,000;

6005;2016.05.08 04:00:00;0,000;10,600;1,000;67,000;0,000;15,583;4,000;1,000;

6006;2016.05.08 05:00:00;0,000;14,700;0,000;57,000;0,000;15,583;4,000;1,000;

6007;2016.05.08 06:00:00;0,000;15,300;1,000;59,000;0,000;15,583;4,000;1,000;

6008;2016.05.08 07:00:00;0,000;17,800;2,000;57,000;0,000;15,583;4,000;1,000;

6009;2016.05.08 08:00:00;0,000;22,000;3,000;40,000;0,000;15,583;4,000;1,000;

6010;2016.05.08 09:00:00;0,000;23,100;3,000;31,000;2,000;15,583;4,000;1,000;

6011;2016.05.08 10:00:00;0,000;23,400;3,000;29,000;5,000;15,583;4,000;1,000;

6012;2016.05.08 11:00:00;0,000;23,600;3,000;29,000;5,000;15,583;4,000;1,000;

6013;2016.05.08 12:00:00;0,000;24,200;2,000;30,000;5,000;15,583;4,000;1,000;

6014;2016.05.08 13:00:00;0,000;22,700;5,000;38,000;3,000;15,583;4,000;1,000;

6015;2016.05.08 14:00:00;0,000;23,200;4,000;34,000;3,000;15,583;4,000;1,000;

6016;2016.05.08 15:00:00;0,000;23,000;4,000;35,000;2,000;15,583;4,000;1,000;

6017;2016.05.08 16:00:00;0,000;23,600;5,000;31,000;3,000;15,583;4,000;1,000;

6018;2016.05.08 17:00:00;0,000;23,100;4,000;28,000;2,000;15,583;4,000;1,000;

6019;2016.05.08 18:00:00;0,000;21,600;3,000;31,000;2,000;15,583;4,000;1,000;

6020;2016.05.08 19:00:00;0,000;20,700;3,000;33,000;1,000;15,583;4,000;1,000;

6021;2016.05.08 20:00:00;0,000;19,200;2,000;36,000;1,000;15,583;4,000;1,000;

6022;2016.05.08 21:00:00;0,000;18,300;2,000;38,000;1,000;15,583;4,000;1,000;

6023;2016.05.08 22:00:00;0,000;17,200;2,000;41,000;1,000;15,583;4,000;1,000;

6024;2016.05.08 23:00:00;0,000;16,800;2,000;41,000;0,000;15,583;4,000;1,000;

6025;2016.05.09 00:00:00;0,000;16,100;2,000;41,000;0,000;15,633;1,000;1,000;

6026;2016.05.09 01:00:00;0,000;14,600;1,000;46,000;0,000;15,633;1,000;1,000;

6027;2016.05.09 02:00:00;0,000;11,000;1,000;63,000;0,000;15,633;1,000;1,000;

6028;2016.05.09 03:00:00;0,000;9,200;0,000;70,000;1,000;15,633;1,000;1,000;

6029;2016.05.09 04:00:00;0,000;9,500;1,000;73,000;0,000;15,633;1,000;1,000;

6030;2016.05.09 05:00:00;0,000;10,100;0,000;78,000;1,000;15,633;1,000;1,000;

6031;2016.05.09 06:00:00;0,000;13,600;1,000;64,000;1,000;15,633;1,000;1,000;

6032;2016.05.09 07:00:00;0,000;16,500;1,000;54,000;2,000;15,633;1,000;1,000;

6033;2016.05.09 08:00:00;0,000;19,400;2,000;51,000;2,000;15,633;1,000;1,000;

6034;2016.05.09 09:00:00;0,000;19,100;3,000;57,000;3,000;15,633;1,000;1,000;

6035;2016.05.09 10:00:00;0,000;21,700;3,000;51,000;3,000;15,633;1,000;1,000;

6036;2016.05.09 11:00:00;0,000;22,100;2,000;44,000;5,000;15,633;1,000;1,000;

6037;2016.05.09 12:00:00;0,000;22,600;3,000;40,000;6,000;15,633;1,000;1,000;

6038;2016.05.09 13:00:00;0,000;22,500;3,000;48,000;5,000;15,633;1,000;1,000;

6039;2016.05.09 14:00:00;0,000;23,100;2,000;46,000;4,000;15,633;1,000;1,000;

6040;2016.05.09 15:00:00;0,000;24,600;3,000;32,000;4,000;15,633;1,000;1,000;

6041;2016.05.09 16:00:00;0,000;22,900;2,000;40,000;4,000;15,633;1,000;1,000;

6042;2016.05.09 17:00:00;0,000;20,500;1,000;50,000;3,000;15,633;1,000;1,000;

6043;2016.05.09 18:00:00;0,000;18,400;0,000;60,000;2,000;15,633;1,000;1,000;

6044;2016.05.09 19:00:00;0,000;20,100;1,000;40,000;2,000;15,633;1,000;1,000;

6045;2016.05.09 20:00:00;0,000;20,200;2,000;39,000;1,000;15,633;1,000;1,000;

6046;2016.05.09 21:00:00;0,000;18,900;2,000;41,000;1,000;15,633;1,000;1,000;

6047;2016.05.09 22:00:00;0,000;17,700;2,000;43,000;0,000;15,633;1,000;1,000;

6048;2016.05.09 23:00:00;0,000;15,100;1,000;53,000;0,000;15,633;1,000;1,000;

6049;2016.05.10 00:00:00;0,000;13,400;1,000;61,000;0,000;15,700;1,000;1,000;

6050;2016.05.10 01:00:00;0,000;14,200;2,000;60,000;0,000;15,700;1,000;1,000;

6051;2016.05.10 02:00:00;0,000;14,000;2,000;61,000;0,000;15,700;1,000;1,000;

6052;2016.05.10 03:00:00;0,000;12,900;2,000;65,000;0,000;15,700;1,000;1,000;

6053;2016.05.10 04:00:00;0,000;13,100;2,000;68,000;0,000;15,700;1,000;1,000;

6054;2016.05.10 05:00:00;0,000;14,800;2,000;65,000;0,000;15,700;1,000;1,000;

6055;2016.05.10 06:00:00;0,000;16,500;2,000;63,000;0,000;15,700;1,000;1,000;

6056;2016.05.10 07:00:00;0,000;19,300;2,000;52,000;0,000;15,700;1,000;1,000;

6057;2016.05.10 08:00:00;0,000;21,100;2,000;42,000;0,000;15,700;1,000;1,000;

6058;2016.05.10 09:00:00;0,000;22,200;3,000;38,000;1,000;15,700;1,000;1,000;

6059;2016.05.10 10:00:00;0,000;22,700;3,000;35,000;3,000;15,700;1,000;1,000;

6060;2016.05.10 11:00:00;0,000;23,200;4,000;30,000;4,000;15,700;1,000;1,000;

6061;2016.05.10 12:00:00;0,000;21,100;3,000;47,000;4,000;15,700;1,000;1,000;

6062;2016.05.10 13:00:00;0,000;20,700;4,000;49,000;4,000;15,700;1,000;1,000;

6063;2016.05.10 14:00:00;0,000;19,800;4,000;51,000;4,000;15,700;1,000;1,000;

6064;2016.05.10 15:00:00;0,000;20,900;3,000;50,000;3,000;15,700;1,000;1,000;

6065;2016.05.10 16:00:00;0,000;20,600;2,000;53,000;2,000;15,700;1,000;1,000;

6066;2016.05.10 17:00:00;0,000;21,000;2,000;51,000;2,000;15,700;1,000;1,000;

6067;2016.05.10 18:00:00;0,000;19,600;1,000;56,000;1,000;15,700;1,000;1,000;

6068;2016.05.10 19:00:00;0,000;17,300;1,000;63,000;1,000;15,700;1,000;1,000;

6069;2016.05.10 20:00:00;0,000;15,100;0,000;74,000;1,000;15,700;1,000;1,000;

6070;2016.05.10 21:00:00;0,000;14,000;1,000;76,000;1,000;15,700;1,000;1,000;

6071;2016.05.10 22:00:00;0,000;16,300;2,000;56,000;0,000;15,700;1,000;1,000;

6072;2016.05.10 23:00:00;0,000;15,500;2,000;58,000;0,000;15,700;1,000;1,000;

6073;2016.05.11 00:00:00;0,000;15,100;2,000;58,000;0,000;15,767;1,000;1,000;

6074;2016.05.11 01:00:00;0,000;15,000;3,000;57,000;0,000;15,767;1,000;1,000;

6075;2016.05.11 02:00:00;0,000;14,400;3,000;60,000;0,000;15,767;1,000;1,000;

6076;2016.05.11 03:00:00;0,000;13,800;2,000;62,000;1,000;15,767;1,000;1,000;

6077;2016.05.11 04:00:00;0,000;13,900;2,000;63,000;0,000;15,767;1,000;1,000;

6078;2016.05.11 05:00:00;0,000;15,600;2,000;58,000;0,000;15,767;1,000;1,000;

6079;2016.05.11 06:00:00;0,000;18,800;1,000;52,000;1,000;15,767;1,000;1,000;

6080;2016.05.11 07:00:00;0,000;21,000;2,000;43,000;0,000;15,767;1,000;1,000;

6081;2016.05.11 08:00:00;0,000;22,900;2,000;39,000;0,000;15,767;1,000;1,000;

6082;2016.05.11 09:00:00;0,000;20,500;3,000;48,000;6,000;15,767;1,000;1,000;

6083;2016.05.11 10:00:00;0,000;20,300;3,000;50,000;6,000;15,767;1,000;1,000;

6084;2016.05.11 11:00:00;0,000;22,700;4,000;45,000;6,000;15,767;1,000;1,000;

6085;2016.05.11 12:00:00;0,000;22,000;3,000;42,000;6,000;15,767;1,000;1,000;

6086;2016.05.11 13:00:00;0,000;23,100;4,000;40,000;7,000;15,767;1,000;1,000;

6087;2016.05.11 14:00:00;0,000;23,500;4,000;36,000;7,000;15,767;1,000;1,000;

6088;2016.05.11 15:00:00;0,000;22,800;4,000;38,000;7,000;15,767;1,000;1,000;

6089;2016.05.11 16:00:00;0,000;22,400;4,000;42,000;7,000;15,767;1,000;1,000;

6090;2016.05.11 17:00:00;0,000;18,700;3,000;60,000;7,000;15,767;1,000;1,000;

6091;2016.05.11 18:00:00;0,000;17,200;3,000;61,000;7,000;15,767;1,000;1,000;

6092;2016.05.11 19:00:00;0,000;14,900;3,000;70,000;4,000;15,767;1,000;1,000;

6093;2016.05.11 20:00:00;0,000;13,400;3,000;75,000;3,000;15,767;1,000;1,000;

6094;2016.05.11 21:00:00;0,000;11,700;2,000;84,000;2,000;15,767;1,000;1,000;

6095;2016.05.11 22:00:00;0,000;10,600;3,000;89,000;2,000;15,767;1,000;1,000;

6096;2016.05.11 23:00:00;0,000;10,200;3,000;89,000;1,000;15,767;1,000;1,000;

6097;2016.05.12 00:00:00;0,000;9,600;3,000;91,000;0,000;15,817;1,000;1,000;

6098;2016.05.12 01:00:00;0,000;9,100;3,000;93,000;0,000;15,817;1,000;1,000;

6099;2016.05.12 02:00:00;0,000;8,600;2,000;94,000;2,000;15,817;1,000;1,000;

6100;2016.05.12 03:00:00;0,000;7,200;2,000;96,000;4,000;15,817;1,000;1,000;

6101;2016.05.12 04:00:00;0,000;7,300;2,000;97,000;3,000;15,817;1,000;1,000;

6102;2016.05.12 05:00:00;0,000;9,500;2,000;96,000;2,000;15,817;1,000;1,000;

6103;2016.05.12 06:00:00;0,000;12,300;2,000;84,000;1,000;15,817;1,000;1,000;

6104;2016.05.12 07:00:00;0,000;14,200;3,000;73,000;2,000;15,817;1,000;1,000;

6105;2016.05.12 08:00:00;0,000;17,000;3,000;63,000;2,000;15,817;1,000;1,000;

6106;2016.05.12 09:00:00;0,000;19,100;3,000;46,000;2,000;15,817;1,000;1,000;

6107;2016.05.12 10:00:00;0,000;20,600;5,000;35,000;2,000;15,817;1,000;1,000;

6108;2016.05.12 11:00:00;0,000;21,200;4,000;38,000;4,000;15,817;1,000;1,000;

6109;2016.05.12 12:00:00;0,000;18,700;5,000;58,000;4,000;15,817;1,000;1,000;

6110;2016.05.12 13:00:00;0,000;18,600;5,000;57,000;4,000;15,817;1,000;1,000;

6111;2016.05.12 14:00:00;0,000;17,700;5,000;58,000;3,000;15,817;1,000;1,000;

6112;2016.05.12 15:00:00;0,000;16,100;4,000;63,000;3,000;15,817;1,000;1,000;

6113;2016.05.12 16:00:00;0,000;16,300;4,000;46,000;4,000;15,817;1,000;1,000;

6114;2016.05.12 17:00:00;0,000;14,600;4,000;55,000;4,000;15,817;1,000;1,000;

6115;2016.05.12 18:00:00;0,000;13,300;2,000;65,000;2,000;15,817;1,000;1,000;

6116;2016.05.12 19:00:00;0,000;11,800;2,000;74,000;2,000;15,817;1,000;1,000;

6117;2016.05.12 20:00:00;0,000;10,100;2,000;83,000;1,000;15,817;1,000;1,000;

6118;2016.05.12 21:00:00;0,000;9,200;3,000;88,000;1,000;15,817;1,000;1,000;

6119;2016.05.12 22:00:00;0,000;8,200;1,000;91,000;2,000;15,817;1,000;1,000;

6120;2016.05.12 23:00:00;0,000;8,100;3,000;94,000;1,000;15,817;1,000;1,000;

6121;2016.05.13 00:00:00;0,000;7,700;2,000;94,000;0,000;15,867;2,000;1,000;

6122;2016.05.13 01:00:00;0,000;7,300;2,000;95,000;0,000;15,867;2,000;1,000;

6123;2016.05.13 02:00:00;0,000;7,200;2,000;96,000;0,000;15,867;2,000;1,000;

6124;2016.05.13 03:00:00;0,000;7,000;1,000;96,000;0,000;15,867;2,000;1,000;

6125;2016.05.13 04:00:00;0,000;7,100;2,000;96,000;0,000;15,867;2,000;1,000;

6126;2016.05.13 05:00:00;0,000;8,900;2,000;95,000;1,000;15,867;2,000;1,000;

6127;2016.05.13 06:00:00;0,000;10,900;3,000;88,000;1,000;15,867;2,000;1,000;

6128;2016.05.13 07:00:00;0,000;13,100;2,000;82,000;2,000;15,867;2,000;1,000;

6129;2016.05.13 08:00:00;0,000;13,400;4,000;81,000;1,000;15,867;2,000;1,000;

6130;2016.05.13 09:00:00;0,000;14,100;4,000;76,000;1,000;15,867;2,000;1,000;

6131;2016.05.13 10:00:00;0,000;14,100;4,000;75,000;1,000;15,867;2,000;1,000;

6132;2016.05.13 11:00:00;0,000;13,400;5,000;74,000;1,000;15,867;2,000;1,000;

6133;2016.05.13 12:00:00;0,000;13,800;5,000;73,000;1,000;15,867;2,000;1,000;

6134;2016.05.13 13:00:00;0,000;14,200;4,000;73,000;2,000;15,867;2,000;1,000;

6135;2016.05.13 14:00:00;0,000;13,400;5,000;72,000;2,000;15,867;2,000;1,000;

6136;2016.05.13 15:00:00;0,000;12,700;4,000;76,000;2,000;15,867;2,000;1,000;

6137;2016.05.13 16:00:00;0,000;12,600;3,000;75,000;2,000;15,867;2,000;1,000;

6138;2016.05.13 17:00:00;0,000;11,200;4,000;83,000;2,000;15,867;2,000;1,000;

6139;2016.05.13 18:00:00;0,000;10,600;3,000;87,000;2,000;15,867;2,000;1,000;

6140;2016.05.13 19:00:00;0,000;9,400;2,000;91,000;2,000;15,867;2,000;1,000;

6141;2016.05.13 20:00:00;0,000;8,800;3,000;95,000;2,000;15,867;2,000;1,000;

6142;2016.05.13 21:00:00;0,000;8,300;1,000;95,000;1,000;15,867;2,000;1,000;

6143;2016.05.13 22:00:00;0,000;7,800;1,000;95,000;0,000;15,867;2,000;1,000;

6144;2016.05.13 23:00:00;0,000;7,400;0,000;95,000;0,000;15,867;2,000;1,000;

6145;2016.05.14 00:00:00;0,000;6,000;1,000;95,000;1,000;15,933;3,000;1,000;

6146;2016.05.14 01:00:00;0,000;6,400;1,000;96,000;3,000;15,933;3,000;1,000;

6147;2016.05.14 02:00:00;0,000;6,200;2,000;96,000;2,000;15,933;3,000;1,000;

6148;2016.05.14 03:00:00;0,000;5,800;2,000;95,000;1,000;15,933;3,000;1,000;

6149;2016.05.14 04:00:00;0,000;6,000;2,000;92,000;2,000;15,933;3,000;1,000;

6150;2016.05.14 05:00:00;0,000;7,400;2,000;83,000;3,000;15,933;3,000;1,000;

6151;2016.05.14 06:00:00;0,000;10,100;3,000;82,000;2,000;15,933;3,000;1,000;

6152;2016.05.14 07:00:00;0,000;12,300;4,000;81,000;2,000;15,933;3,000;1,000;

6153;2016.05.14 08:00:00;0,000;11,800;5,000;83,000;7,000;15,933;3,000;1,000;

6154;2016.05.14 09:00:00;0,000;11,900;6,000;79,000;6,000;15,933;3,000;1,000;

6155;2016.05.14 10:00:00;0,000;12,400;7,000;74,000;3,000;15,933;3,000;1,000;

6156;2016.05.14 11:00:00;0,000;12,700;7,000;72,000;3,000;15,933;3,000;1,000;

6157;2016.05.14 12:00:00;0,000;12,600;7,000;65,000;7,000;15,933;3,000;1,000;

6158;2016.05.14 13:00:00;0,000;12,000;6,000;63,000;8,000;15,933;3,000;1,000;

6159;2016.05.14 14:00:00;0,000;12,100;6,000;61,000;7,000;15,933;3,000;1,000;

6160;2016.05.14 15:00:00;0,000;12,400;6,000;60,000;6,000;15,933;3,000;1,000;

6161;2016.05.14 16:00:00;0,000;11,700;6,000;69,000;4,000;15,933;3,000;1,000;

6162;2016.05.14 17:00:00;0,000;11,500;5,000;67,000;1,000;15,933;3,000;1,000;

6163;2016.05.14 18:00:00;0,000;10,700;3,000;73,000;1,000;15,933;3,000;1,000;

6164;2016.05.14 19:00:00;0,000;9,100;3,000;78,000;2,000;15,933;3,000;1,000;

6165;2016.05.14 20:00:00;0,000;8,700;2,000;83,000;2,000;15,933;3,000;1,000;

6166;2016.05.14 21:00:00;0,000;8,000;3,000;84,000;6,000;15,933;3,000;1,000;

6167;2016.05.14 22:00:00;0,000;8,600;3,000;72,000;7,000;15,933;3,000;1,000;

6168;2016.05.14 23:00:00;0,000;8,800;4,000;77,000;7,000;15,933;3,000;1,000;

6169;2016.05.15 00:00:00;0,000;8,300;3,000;81,000;7,000;16,000;4,000;1,000;

6170;2016.05.15 01:00:00;0,000;7,100;3,000;82,000;7,000;16,000;4,000;1,000;

6171;2016.05.15 02:00:00;0,000;6,700;3,000;83,000;7,000;16,000;4,000;1,000;

6172;2016.05.15 03:00:00;0,000;6,300;3,000;83,000;6,000;16,000;4,000;1,000;

6173;2016.05.15 04:00:00;0,000;6,500;3,000;90,000;6,000;16,000;4,000;1,000;

6174;2016.05.15 05:00:00;0,000;7,200;3,000;90,000;7,000;16,000;4,000;1,000;

6175;2016.05.15 06:00:00;0,000;7,000;4,000;82,000;7,000;16,000;4,000;1,000;

6176;2016.05.15 07:00:00;0,000;8,700;5,000;79,000;7,000;16,000;4,000;1,000;

6177;2016.05.15 08:00:00;0,000;8,200;7,000;76,000;7,000;16,000;4,000;1,000;

6178;2016.05.15 09:00:00;0,000;9,300;5,000;73,000;7,000;16,000;4,000;1,000;

6179;2016.05.15 10:00:00;0,000;7,500;8,000;78,000;7,000;16,000;4,000;1,000;

6180;2016.05.15 11:00:00;0,000;8,400;4,000;83,000;7,000;16,000;4,000;1,000;

6181;2016.05.15 12:00:00;0,000;7,100;4,000;84,000;7,000;16,000;4,000;1,000;

6182;2016.05.15 13:00:00;0,000;9,500;5,000;81,000;6,000;16,000;4,000;1,000;

6183;2016.05.15 14:00:00;0,000;9,300;5,000;77,000;6,000;16,000;4,000;1,000;

6184;2016.05.15 15:00:00;0,000;8,500;5,000;82,000;7,000;16,000;4,000;1,000;

6185;2016.05.15 16:00:00;0,000;8,200;6,000;86,000;7,000;16,000;4,000;1,000;

6186;2016.05.15 17:00:00;0,000;8,000;5,000;88,000;7,000;16,000;4,000;1,000;

6187;2016.05.15 18:00:00;0,000;7,900;3,000;87,000;7,000;16,000;4,000;1,000;

6188;2016.05.15 19:00:00;0,000;7,800;3,000;83,000;7,000;16,000;4,000;1,000;

6189;2016.05.15 20:00:00;0,000;7,500;3,000;90,000;8,000;16,000;4,000;1,000;

6190;2016.05.15 21:00:00;0,000;6,900;3,000;91,000;7,000;16,000;4,000;1,000;

6191;2016.05.15 22:00:00;0,000;7,000;3,000;94,000;7,000;16,000;4,000;1,000;

6192;2016.05.15 23:00:00;0,000;7,500;3,000;93,000;7,000;16,000;4,000;1,000;

6193;2016.05.16 00:00:00;0,000;7,800;4,000;90,000;7,000;16,050;1,000;1,000;

6194;2016.05.16 01:00:00;0,000;8,100;4,000;87,000;7,000;16,050;1,000;1,000;

6195;2016.05.16 02:00:00;0,000;6,200;5,000;93,000;7,000;16,050;1,000;1,000;

6196;2016.05.16 03:00:00;0,000;6,200;5,000;93,000;8,000;16,050;1,000;1,000;

6197;2016.05.16 04:00:00;0,000;6,200;5,000;93,000;8,000;16,050;1,000;1,000;

6198;2016.05.16 05:00:00;0,000;6,600;4,000;92,000;8,000;16,050;1,000;1,000;

6199;2016.05.16 06:00:00;0,000;7,100;4,000;94,000;8,000;16,050;1,000;1,000;

6200;2016.05.16 07:00:00;0,000;8,300;5,000;94,000;8,000;16,050;1,000;1,000;

6201;2016.05.16 08:00:00;0,000;9,300;6,000;87,000;8,000;16,050;1,000;1,000;

6202;2016.05.16 09:00:00;0,000;9,800;7,000;81,000;8,000;16,050;1,000;1,000;

6203;2016.05.16 10:00:00;0,000;10,300;9,000;75,000;8,000;16,050;1,000;1,000;

6204;2016.05.16 11:00:00;0,000;11,000;8,000;75,000;8,000;16,050;1,000;1,000;

6205;2016.05.16 12:00:00;0,000;11,600;10,000;70,000;8,000;16,050;1,000;1,000;

6206;2016.05.16 13:00:00;0,000;11,300;8,000;70,000;8,000;16,050;1,000;1,000;

6207;2016.05.16 14:00:00;0,000;11,400;10,000;68,000;8,000;16,050;1,000;1,000;

6208;2016.05.16 15:00:00;0,000;11,300;9,000;71,000;7,000;16,050;1,000;1,000;

6209;2016.05.16 16:00:00;0,000;10,000;5,000;76,000;8,000;16,050;1,000;1,000;

6210;2016.05.16 17:00:00;0,000;10,700;8,000;72,000;8,000;16,050;1,000;1,000;

6211;2016.05.16 18:00:00;0,000;9,800;7,000;72,000;8,000;16,050;1,000;1,000;

6212;2016.05.16 19:00:00;0,000;8,300;7,000;79,000;8,000;16,050;1,000;1,000;

6213;2016.05.16 20:00:00;0,000;8,000;5,000;83,000;8,000;16,050;1,000;1,000;

6214;2016.05.16 21:00:00;0,000;7,800;6,000;82,000;8,000;16,050;1,000;1,000;

6215;2016.05.16 22:00:00;0,000;8,400;5,000;83,000;8,000;16,050;1,000;1,000;

6216;2016.05.16 23:00:00;0,000;9,100;6,000;79,000;8,000;16,050;1,000;1,000;

6217;2016.05.17 00:00:00;0,000;8,700;6,000;85,000;8,000;16,100;1,000;1,000;

6218;2016.05.17 01:00:00;0,000;8,300;5,000;87,000;8,000;16,100;1,000;1,000;

6219;2016.05.17 02:00:00;0,000;7,600;5,000;92,000;8,000;16,100;1,000;1,000;

6220;2016.05.17 03:00:00;0,000;7,600;3,000;94,000;8,000;16,100;1,000;1,000;

6221;2016.05.17 04:00:00;0,000;7,900;4,000;89,000;8,000;16,100;1,000;1,000;

6222;2016.05.17 05:00:00;0,000;7,700;5,000;89,000;8,000;16,100;1,000;1,000;

6223;2016.05.17 06:00:00;0,000;8,100;5,000;84,000;8,000;16,100;1,000;1,000;

6224;2016.05.17 07:00:00;0,000;8,400;4,000;82,000;8,000;16,100;1,000;1,000;

6225;2016.05.17 08:00:00;0,000;9,400;5,000;73,000;8,000;16,100;1,000;1,000;

6226;2016.05.17 09:00:00;0,000;9,600;6,000;71,000;8,000;16,100;1,000;1,000;

6227;2016.05.17 10:00:00;0,000;9,100;7,000;70,000;7,000;16,100;1,000;1,000;

6228;2016.05.17 11:00:00;0,000;8,800;3,000;83,000;7,000;16,100;1,000;1,000;

6229;2016.05.17 12:00:00;0,000;10,500;6,000;65,000;8,000;16,100;1,000;1,000;

6230;2016.05.17 13:00:00;0,000;11,200;6,000;62,000;7,000;16,100;1,000;1,000;

6231;2016.05.17 14:00:00;0,000;10,600;7,000;64,000;7,000;16,100;1,000;1,000;

6232;2016.05.17 15:00:00;0,000;10,900;6,000;63,000;6,000;16,100;1,000;1,000;

6233;2016.05.17 16:00:00;0,000;10,900;6,000;63,000;6,000;16,100;1,000;1,000;

6234;2016.05.17 17:00:00;0,000;10,300;4,000;65,000;6,000;16,100;1,000;1,000;

6235;2016.05.17 18:00:00;0,000;10,000;4,000;68,000;4,000;16,100;1,000;1,000;

6236;2016.05.17 19:00:00;0,000;8,900;2,000;76,000;2,000;16,100;1,000;1,000;

6237;2016.05.17 20:00:00;0,000;8,100;2,000;83,000;2,000;16,100;1,000;1,000;

6238;2016.05.17 21:00:00;0,000;8,200;1,000;84,000;6,000;16,100;1,000;1,000;

6239;2016.05.17 22:00:00;0,000;7,600;2,000;87,000;6,000;16,100;1,000;1,000;

6240;2016.05.17 23:00:00;0,000;7,200;1,000;88,000;5,000;16,100;1,000;1,000;

6241;2016.05.18 00:00:00;0,000;6,900;2,000;89,000;4,000;16,167;1,000;1,000;

6242;2016.05.18 01:00:00;0,000;6,000;2,000;92,000;1,000;16,167;1,000;1,000;

6243;2016.05.18 02:00:00;0,000;5,700;2,000;93,000;4,000;16,167;1,000;1,000;

6244;2016.05.18 03:00:00;0,000;5,600;2,000;94,000;6,000;16,167;1,000;1,000;

6245;2016.05.18 04:00:00;0,000;6,700;2,000;93,000;7,000;16,167;1,000;1,000;

6246;2016.05.18 05:00:00;0,000;7,400;1,000;92,000;8,000;16,167;1,000;1,000;

6247;2016.05.18 06:00:00;0,000;8,400;1,000;91,000;8,000;16,167;1,000;1,000;

6248;2016.05.18 07:00:00;0,000;9,200;1,000;89,000;8,000;16,167;1,000;1,000;

6249;2016.05.18 08:00:00;0,000;9,900;2,000;88,000;8,000;16,167;1,000;1,000;

6250;2016.05.18 09:00:00;0,000;10,900;2,000;76,000;8,000;16,167;1,000;1,000;

6251;2016.05.18 10:00:00;0,000;11,600;2,000;68,000;8,000;16,167;1,000;1,000;

6252;2016.05.18 11:00:00;0,000;11,600;3,000;70,000;7,000;16,167;1,000;1,000;

6253;2016.05.18 12:00:00;0,000;13,000;2,000;61,000;6,000;16,167;1,000;1,000;

6254;2016.05.18 13:00:00;0,000;13,400;2,000;60,000;6,000;16,167;1,000;1,000;

6255;2016.05.18 14:00:00;0,000;13,700;2,000;60,000;7,000;16,167;1,000;1,000;

6256;2016.05.18 15:00:00;0,000;14,100;1,000;56,000;7,000;16,167;1,000;1,000;

6257;2016.05.18 16:00:00;0,000;14,800;1,000;54,000;3,000;16,167;1,000;1,000;

6258;2016.05.18 17:00:00;0,000;14,600;1,000;52,000;3,000;16,167;1,000;1,000;

6259;2016.05.18 18:00:00;0,000;14,100;2,000;55,000;3,000;16,167;1,000;1,000;

6260;2016.05.18 19:00:00;0,000;12,600;2,000;63,000;2,000;16,167;1,000;1,000;

6261;2016.05.18 20:00:00;0,000;11,400;2,000;69,000;1,000;16,167;1,000;1,000;

6262;2016.05.18 21:00:00;0,000;10,200;3,000;74,000;0,000;16,167;1,000;1,000;

6263;2016.05.18 22:00:00;0,000;9,400;3,000;77,000;0,000;16,167;1,000;1,000;

6264;2016.05.18 23:00:00;0,000;8,900;3,000;82,000;5,000;16,167;1,000;1,000;

6265;2016.05.19 00:00:00;0,000;8,500;3,000;84,000;0,000;16,217;1,000;1,000;

6266;2016.05.19 01:00:00;0,000;8,200;3,000;85,000;0,000;16,217;1,000;1,000;

6267;2016.05.19 02:00:00;0,000;7,900;3,000;86,000;1,000;16,217;1,000;1,000;

6268;2016.05.19 03:00:00;0,000;7,800;2,000;86,000;6,000;16,217;1,000;1,000;

6269;2016.05.19 04:00:00;0,000;8,800;2,000;83,000;7,000;16,217;1,000;1,000;

6270;2016.05.19 05:00:00;0,000;9,500;3,000;82,000;8,000;16,217;1,000;1,000;

6271;2016.05.19 06:00:00;0,000;10,000;2,000;82,000;8,000;16,217;1,000;1,000;

6272;2016.05.19 07:00:00;0,000;10,600;2,000;79,000;8,000;16,217;1,000;1,000;

6273;2016.05.19 08:00:00;0,000;12,000;2,000;75,000;8,000;16,217;1,000;1,000;

6274;2016.05.19 09:00:00;0,000;14,900;3,000;70,000;7,000;16,217;1,000;1,000;

6275;2016.05.19 10:00:00;0,000;17,500;3,000;56,000;7,000;16,217;1,000;1,000;

6276;2016.05.19 11:00:00;0,000;18,400;3,000;50,000;7,000;16,217;1,000;1,000;

6277;2016.05.19 12:00:00;0,000;18,800;3,000;47,000;7,000;16,217;1,000;1,000;

6278;2016.05.19 13:00:00;0,000;16,800;2,000;63,000;7,000;16,217;1,000;1,000;

6279;2016.05.19 14:00:00;0,000;17,000;2,000;63,000;8,000;16,217;1,000;1,000;

6280;2016.05.19 15:00:00;0,000;17,400;2,000;64,000;8,000;16,217;1,000;1,000;

6281;2016.05.19 16:00:00;0,000;17,800;1,000;54,000;8,000;16,217;1,000;1,000;

6282;2016.05.19 17:00:00;0,000;17,900;1,000;54,000;7,000;16,217;1,000;1,000;

6283;2016.05.19 18:00:00;0,000;17,200;1,000;58,000;8,000;16,217;1,000;1,000;

6284;2016.05.19 19:00:00;0,000;16,300;1,000;65,000;8,000;16,217;1,000;1,000;

6285;2016.05.19 20:00:00;0,000;15,600;2,000;68,000;8,000;16,217;1,000;1,000;

6286;2016.05.19 21:00:00;0,000;15,000;2,000;70,000;8,000;16,217;1,000;1,000;

6287;2016.05.19 22:00:00;0,000;14,300;1,000;74,000;8,000;16,217;1,000;1,000;

6288;2016.05.19 23:00:00;0,000;13,900;2,000;76,000;7,000;16,217;1,000;1,000;

6289;2016.05.20 00:00:00;0,000;13,400;2,000;77,000;7,000;16,267;2,000;1,000;

6290;2016.05.20 01:00:00;0,000;12,600;2,000;79,000;6,000;16,267;2,000;1,000;

6291;2016.05.20 02:00:00;0,000;12,500;2,000;77,000;8,000;16,267;2,000;1,000;

6292;2016.05.20 03:00:00;0,000;12,100;2,000;77,000;6,000;16,267;2,000;1,000;

6293;2016.05.20 04:00:00;0,000;12,300;2,000;76,000;3,000;16,267;2,000;1,000;

6294;2016.05.20 05:00:00;0,000;13,500;2,000;72,000;2,000;16,267;2,000;1,000;

6295;2016.05.20 06:00:00;0,000;15,200;3,000;68,000;1,000;16,267;2,000;1,000;

6296;2016.05.20 07:00:00;0,000;17,400;3,000;58,000;1,000;16,267;2,000;1,000;

6297;2016.05.20 08:00:00;0,000;19,300;2,000;52,000;2,000;16,267;2,000;1,000;

6298;2016.05.20 09:00:00;0,000;20,500;2,000;44,000;2,000;16,267;2,000;1,000;

6299;2016.05.20 10:00:00;0,000;21,500;3,000;37,000;3,000;16,267;2,000;1,000;

6300;2016.05.20 11:00:00;0,000;18,300;6,000;56,000;6,000;16,267;2,000;1,000;

6301;2016.05.20 12:00:00;0,000;18,600;4,000;61,000;6,000;16,267;2,000;1,000;

6302;2016.05.20 13:00:00;0,000;17,800;4,000;64,000;3,000;16,267;2,000;1,000;

6303;2016.05.20 14:00:00;0,000;17,600;4,000;62,000;2,000;16,267;2,000;1,000;

6304;2016.05.20 15:00:00;0,000;16,500;4,000;63,000;6,000;16,267;2,000;1,000;

6305;2016.05.20 16:00:00;0,000;15,600;1,000;63,000;7,000;16,267;2,000;1,000;

6306;2016.05.20 17:00:00;0,000;16,200;1,000;65,000;7,000;16,267;2,000;1,000;

6307;2016.05.20 18:00:00;0,000;15,800;1,000;71,000;6,000;16,267;2,000;1,000;

6308;2016.05.20 19:00:00;0,000;13,500;1,000;82,000;7,000;16,267;2,000;1,000;

6309;2016.05.20 20:00:00;0,000;13,600;1,000;82,000;8,000;16,267;2,000;1,000;

6310;2016.05.20 21:00:00;0,000;13,800;2,000;74,000;7,000;16,267;2,000;1,000;

6311;2016.05.20 22:00:00;0,000;13,300;2,000;78,000;7,000;16,267;2,000;1,000;

6312;2016.05.20 23:00:00;0,000;13,200;1,000;81,000;7,000;16,267;2,000;1,000;

6313;2016.05.21 00:00:00;0,000;13,000;2,000;84,000;8,000;16,317;3,000;1,000;

6314;2016.05.21 01:00:00;0,000;13,100;2,000;84,000;8,000;16,317;3,000;1,000;

6315;2016.05.21 02:00:00;0,000;12,900;2,000;86,000;8,000;16,317;3,000;1,000;

6316;2016.05.21 03:00:00;0,000;13,000;2,000;86,000;8,000;16,317;3,000;1,000;

6317;2016.05.21 04:00:00;0,000;12,900;2,000;87,000;7,000;16,317;3,000;1,000;

6318;2016.05.21 05:00:00;0,000;13,500;1,000;85,000;7,000;16,317;3,000;1,000;

6319;2016.05.21 06:00:00;0,000;13,900;2,000;85,000;7,000;16,317;3,000;1,000;

6320;2016.05.21 07:00:00;0,000;14,900;3,000;81,000;7,000;16,317;3,000;1,000;

6321;2016.05.21 08:00:00;0,000;16,200;2,000;71,000;7,000;16,317;3,000;1,000;

6322;2016.05.21 09:00:00;0,000;16,900;2,000;74,000;6,000;16,317;3,000;1,000;

6323;2016.05.21 10:00:00;0,000;17,100;3,000;72,000;8,000;16,317;3,000;1,000;

6324;2016.05.21 11:00:00;0,000;17,500;2,000;72,000;8,000;16,317;3,000;1,000;

6325;2016.05.21 12:00:00;0,000;17,700;3,000;71,000;7,000;16,317;3,000;1,000;

6326;2016.05.21 13:00:00;0,000;18,100;3,000;66,000;7,000;16,317;3,000;1,000;

6327;2016.05.21 14:00:00;0,000;17,500;2,000;71,000;8,000;16,317;3,000;1,000;

6328;2016.05.21 15:00:00;0,000;17,700;2,000;69,000;8,000;16,317;3,000;1,000;

6329;2016.05.21 16:00:00;0,000;17,500;2,000;69,000;8,000;16,317;3,000;1,000;

6330;2016.05.21 17:00:00;0,000;17,900;1,000;62,000;7,000;16,317;3,000;1,000;

6331;2016.05.21 18:00:00;0,000;18,200;1,000;63,000;5,000;16,317;3,000;1,000;

6332;2016.05.21 19:00:00;0,000;16,400;1,000;72,000;6,000;16,317;3,000;1,000;

6333;2016.05.21 20:00:00;0,000;14,500;1,000;83,000;3,000;16,317;3,000;1,000;

6334;2016.05.21 21:00:00;0,000;15,100;1,000;79,000;6,000;16,317;3,000;1,000;

6335;2016.05.21 22:00:00;0,000;14,600;2,000;85,000;7,000;16,317;3,000;1,000;

6336;2016.05.21 23:00:00;0,000;14,500;3,000;85,000;8,000;16,317;3,000;1,000;

6337;2016.05.22 00:00:00;0,000;13,900;2,000;87,000;8,000;16,367;4,000;1,000;

6338;2016.05.22 01:00:00;0,000;13,700;2,000;86,000;8,000;16,367;4,000;1,000;

6339;2016.05.22 02:00:00;0,000;13,400;3,000;86,000;8,000;16,367;4,000;1,000;

6340;2016.05.22 03:00:00;0,000;13,000;3,000;87,000;7,000;16,367;4,000;1,000;

6341;2016.05.22 04:00:00;0,000;13,300;3,000;85,000;7,000;16,367;4,000;1,000;

6342;2016.05.22 05:00:00;0,000;14,400;3,000;81,000;5,000;16,367;4,000;1,000;

6343;2016.05.22 06:00:00;0,000;17,000;3,000;72,000;6,000;16,367;4,000;1,000;

6344;2016.05.22 07:00:00;0,000;19,500;3,000;60,000;3,000;16,367;4,000;1,000;

6345;2016.05.22 08:00:00;0,000;21,800;3,000;55,000;7,000;16,367;4,000;1,000;

6346;2016.05.22 09:00:00;0,000;23,500;4,000;43,000;7,000;16,367;4,000;1,000;

6347;2016.05.22 10:00:00;0,000;23,500;3,000;44,000;7,000;16,367;4,000;1,000;

6348;2016.05.22 11:00:00;0,000;24,400;5,000;39,000;8,000;16,367;4,000;1,000;

6349;2016.05.22 12:00:00;0,000;25,100;4,000;39,000;8,000;16,367;4,000;1,000;

6350;2016.05.22 13:00:00;0,000;25,700;4,000;35,000;8,000;16,367;4,000;1,000;

6351;2016.05.22 14:00:00;0,000;25,700;4,000;38,000;8,000;16,367;4,000;1,000;

6352;2016.05.22 15:00:00;0,000;25,600;4,000;40,000;8,000;16,367;4,000;1,000;

6353;2016.05.22 16:00:00;0,000;25,200;3,000;41,000;8,000;16,367;4,000;1,000;

6354;2016.05.22 17:00:00;0,000;24,800;4,000;39,000;8,000;16,367;4,000;1,000;

6355;2016.05.22 18:00:00;0,000;23,600;3,000;41,000;8,000;16,367;4,000;1,000;

6356;2016.05.22 19:00:00;0,000;22,100;2,000;45,000;8,000;16,367;4,000;1,000;

6357;2016.05.22 20:00:00;0,000;20,900;2,000;49,000;8,000;16,367;4,000;1,000;

6358;2016.05.22 21:00:00;0,000;19,900;3,000;53,000;8,000;16,367;4,000;1,000;

6359;2016.05.22 22:00:00;0,000;19,200;3,000;56,000;8,000;16,367;4,000;1,000;

6360;2016.05.22 23:00:00;0,000;18,700;4,000;57,000;8,000;16,367;4,000;1,000;

6361;2016.05.23 00:00:00;0,000;18,400;3,000;59,000;8,000;16,417;1,000;1,000;

6362;2016.05.23 01:00:00;0,000;17,800;4,000;61,000;8,000;16,417;1,000;1,000;

6363;2016.05.23 02:00:00;0,000;17,600;4,000;63,000;8,000;16,417;1,000;1,000;

6364;2016.05.23 03:00:00;0,000;16,900;4,000;65,000;8,000;16,417;1,000;1,000;

6365;2016.05.23 04:00:00;0,000;17,300;4,000;65,000;8,000;16,417;1,000;1,000;

6366;2016.05.23 05:00:00;0,000;18,500;4,000;63,000;8,000;16,417;1,000;1,000;

6367;2016.05.23 06:00:00;0,000;20,200;3,000;60,000;8,000;16,417;1,000;1,000;

6368;2016.05.23 07:00:00;0,000;22,500;3,000;51,000;4,000;16,417;1,000;1,000;

6369;2016.05.23 08:00:00;0,000;24,800;4,000;40,000;2,000;16,417;1,000;1,000;

6370;2016.05.23 09:00:00;0,000;26,100;6,000;36,000;1,000;16,417;1,000;1,000;

6371;2016.05.23 10:00:00;0,000;26,900;6,000;34,000;1,000;16,417;1,000;1,000;

6372;2016.05.23 11:00:00;0,000;27,600;5,000;31,000;3,000;16,417;1,000;1,000;

6373;2016.05.23 12:00:00;0,000;28,000;5,000;31,000;3,000;16,417;1,000;1,000;

6374;2016.05.23 13:00:00;0,000;28,300;4,000;34,000;5,000;16,417;1,000;1,000;

6375;2016.05.23 14:00:00;0,000;28,500;4,000;33,000;5,000;16,417;1,000;1,000;

6376;2016.05.23 15:00:00;0,000;28,600;4,000;30,000;5,000;16,417;1,000;1,000;

6377;2016.05.23 16:00:00;0,000;27,900;4,000;33,000;7,000;16,417;1,000;1,000;

6378;2016.05.23 17:00:00;0,000;27,500;3,000;33,000;7,000;16,417;1,000;1,000;

6379;2016.05.23 18:00:00;0,000;26,200;2,000;38,000;8,000;16,417;1,000;1,000;

6380;2016.05.23 19:00:00;0,000;24,600;3,000;41,000;3,000;16,417;1,000;1,000;

6381;2016.05.23 20:00:00;0,000;23,200;2,000;45,000;2,000;16,417;1,000;1,000;

6382;2016.05.23 21:00:00;0,000;22,600;2,000;46,000;2,000;16,417;1,000;1,000;

6383;2016.05.23 22:00:00;0,000;22,000;3,000;50,000;1,000;16,417;1,000;1,000;

6384;2016.05.23 23:00:00;0,000;21,100;3,000;53,000;4,000;16,417;1,000;1,000;

6385;2016.05.24 00:00:00;0,000;20,400;3,000;55,000;1,000;16,450;1,000;1,000;

6386;2016.05.24 01:00:00;0,000;19,700;3,000;58,000;1,000;16,450;1,000;1,000;

6387;2016.05.24 02:00:00;0,000;19,200;3,000;60,000;1,000;16,450;1,000;1,000;

6388;2016.05.24 03:00:00;0,000;18,500;3,000;63,000;2,000;16,450;1,000;1,000;

6389;2016.05.24 04:00:00;0,000;18,600;4,000;63,000;2,000;16,450;1,000;1,000;

6390;2016.05.24 05:00:00;0,000;19,200;4,000;62,000;2,000;16,450;1,000;1,000;

6391;2016.05.24 06:00:00;0,000;20,900;4,000;58,000;1,000;16,450;1,000;1,000;

6392;2016.05.24 07:00:00;0,000;22,300;4,000;53,000;0,000;16,450;1,000;1,000;

6393;2016.05.24 08:00:00;0,000;24,300;3,000;47,000;0,000;16,450;1,000;1,000;

6394;2016.05.24 09:00:00;0,000;25,900;4,000;39,000;1,000;16,450;1,000;1,000;

6395;2016.05.24 10:00:00;0,000;26,500;2,000;37,000;2,000;16,450;1,000;1,000;

6396;2016.05.24 11:00:00;0,000;26,900;4,000;33,000;4,000;16,450;1,000;1,000;

6397;2016.05.24 12:00:00;0,000;27,300;1,000;36,000;5,000;16,450;1,000;1,000;

6398;2016.05.24 13:00:00;0,000;27,800;2,000;33,000;5,000;16,450;1,000;1,000;

6399;2016.05.24 14:00:00;0,000;27,700;2,000;32,000;5,000;16,450;1,000;1,000;

6400;2016.05.24 15:00:00;0,000;26,600;3,000;36,000;5,000;16,450;1,000;1,000;

6401;2016.05.24 16:00:00;0,000;27,100;3,000;35,000;5,000;16,450;1,000;1,000;

6402;2016.05.24 17:00:00;0,000;25,700;3,000;41,000;3,000;16,450;1,000;1,000;

6403;2016.05.24 18:00:00;0,000;24,300;2,000;46,000;1,000;16,450;1,000;1,000;

6404;2016.05.24 19:00:00;0,000;22,700;1,000;50,000;1,000;16,450;1,000;1,000;

6405;2016.05.24 20:00:00;0,000;22,300;2,000;44,000;3,000;16,450;1,000;1,000;

6406;2016.05.24 21:00:00;0,000;20,900;2,000;45,000;1,000;16,450;1,000;1,000;

6407;2016.05.24 22:00:00;0,000;20,000;2,000;48,000;1,000;16,450;1,000;1,000;

6408;2016.05.24 23:00:00;0,000;18,400;1,000;54,000;1,000;16,450;1,000;1,000;

6409;2016.05.25 00:00:00;0,000;16,200;1,000;64,000;0,000;16,517;1,000;1,000;

6410;2016.05.25 01:00:00;0,000;14,700;1,000;70,000;7,000;16,517;1,000;1,000;

6411;2016.05.25 02:00:00;0,000;13,500;1,000;75,000;1,000;16,517;1,000;1,000;

6412;2016.05.25 03:00:00;0,000;13,700;1,000;77,000;1,000;16,517;1,000;1,000;

6413;2016.05.25 04:00:00;0,000;13,300;1,000;79,000;1,000;16,517;1,000;1,000;

6414;2016.05.25 05:00:00;0,000;15,000;1,000;77,000;2,000;16,517;1,000;1,000;

6415;2016.05.25 06:00:00;0,000;17,700;2,000;66,000;2,000;16,517;1,000;1,000;

6416;2016.05.25 07:00:00;0,000;20,300;2,000;59,000;3,000;16,517;1,000;1,000;

6417;2016.05.25 08:00:00;0,000;20,900;3,000;63,000;3,000;16,517;1,000;1,000;

6418;2016.05.25 09:00:00;0,000;20,700;3,000;63,000;3,000;16,517;1,000;1,000;

6419;2016.05.25 10:00:00;0,000;19,600;4,000;67,000;3,000;16,517;1,000;1,000;

6420;2016.05.25 11:00:00;0,000;20,000;4,000;61,000;3,000;16,517;1,000;1,000;

6421;2016.05.25 12:00:00;0,000;19,900;4,000;66,000;3,000;16,517;1,000;1,000;

6422;2016.05.25 13:00:00;0,000;17,300;4,000;74,000;2,000;16,517;1,000;1,000;

6423;2016.05.25 14:00:00;0,000;17,800;3,000;75,000;1,000;16,517;1,000;1,000;

6424;2016.05.25 15:00:00;0,000;15,800;4,000;81,000;1,000;16,517;1,000;1,000;

6425;2016.05.25 16:00:00;0,000;15,300;3,000;84,000;1,000;16,517;1,000;1,000;

6426;2016.05.25 17:00:00;0,000;15,800;3,000;83,000;0,000;16,517;1,000;1,000;

6427;2016.05.25 18:00:00;0,000;14,200;4,000;85,000;0,000;16,517;1,000;1,000;

6428;2016.05.25 19:00:00;0,000;11,800;3,000;94,000;1,000;16,517;1,000;1,000;

6429;2016.05.25 20:00:00;0,000;11,700;3,000;93,000;1,000;16,517;1,000;1,000;

6430;2016.05.25 21:00:00;0,000;10,800;1,000;94,000;0,000;16,517;1,000;1,000;

6431;2016.05.25 22:00:00;0,000;10,300;1,000;95,000;2,000;16,517;1,000;1,000;

6432;2016.05.25 23:00:00;0,000;10,800;2,000;96,000;8,000;16,517;1,000;1,000;

6433;2016.05.26 00:00:00;0,000;11,500;2,000;93,000;8,000;16,550;5,000;1,000;

6434;2016.05.26 01:00:00;0,000;11,300;2,000;92,000;8,000;16,550;5,000;1,000;

6435;2016.05.26 02:00:00;0,000;11,400;3,000;92,000;8,000;16,550;5,000;1,000;

6436;2016.05.26 03:00:00;0,000;11,200;3,000;93,000;8,000;16,550;5,000;1,000;

6437;2016.05.26 04:00:00;0,000;11,100;2,000;92,000;8,000;16,550;5,000;1,000;

6438;2016.05.26 05:00:00;0,000;11,000;2,000;93,000;8,000;16,550;5,000;1,000;

6439;2016.05.26 06:00:00;0,000;11,300;2,000;92,000;8,000;16,550;5,000;1,000;

6440;2016.05.26 07:00:00;0,000;11,700;2,000;90,000;8,000;16,550;5,000;1,000;

6441;2016.05.26 08:00:00;0,000;12,100;2,000;87,000;8,000;16,550;5,000;1,000;

6442;2016.05.26 09:00:00;0,000;13,500;2,000;81,000;7,000;16,550;5,000;1,000;

6443;2016.05.26 10:00:00;0,000;15,500;1,000;71,000;5,000;16,550;5,000;1,000;

6444;2016.05.26 11:00:00;0,000;15,400;4,000;75,000;1,000;16,550;5,000;1,000;

6445;2016.05.26 12:00:00;0,000;15,700;4,000;74,000;1,000;16,550;5,000;1,000;

6446;2016.05.26 13:00:00;0,000;16,300;4,000;72,000;2,000;16,550;5,000;1,000;

6447;2016.05.26 14:00:00;0,000;15,700;4,000;73,000;3,000;16,550;5,000;1,000;

6448;2016.05.26 15:00:00;0,000;16,000;4,000;70,000;3,000;16,550;5,000;1,000;

6449;2016.05.26 16:00:00;0,000;15,300;4,000;73,000;2,000;16,550;5,000;1,000;

6450;2016.05.26 17:00:00;0,000;15,500;3,000;75,000;5,000;16,550;5,000;1,000;

6451;2016.05.26 18:00:00;0,000;14,300;3,000;79,000;5,000;16,550;5,000;1,000;

6452;2016.05.26 19:00:00;0,000;12,700;2,000;82,000;5,000;16,550;5,000;1,000;

6453;2016.05.26 20:00:00;0,000;11,900;2,000;85,000;5,000;16,550;5,000;1,000;

6454;2016.05.26 21:00:00;0,000;11,400;1,000;87,000;5,000;16,550;5,000;1,000;

6455;2016.05.26 22:00:00;0,000;11,300;1,000;86,000;6,000;16,550;5,000;1,000;

6456;2016.05.26 23:00:00;0,000;10,800;1,000;88,000;6,000;16,550;5,000;1,000;

6457;2016.05.27 00:00:00;0,000;10,800;2,000;90,000;6,000;16,600;2,000;1,000;

6458;2016.05.27 01:00:00;0,000;11,000;1,000;93,000;6,000;16,600;2,000;1,000;

6459;2016.05.27 02:00:00;0,000;11,100;1,000;94,000;7,000;16,600;2,000;1,000;

6460;2016.05.27 03:00:00;0,000;11,100;1,000;95,000;8,000;16,600;2,000;1,000;

6461;2016.05.27 04:00:00;0,000;11,300;1,000;95,000;7,000;16,600;2,000;1,000;

6462;2016.05.27 05:00:00;0,000;12,200;1,000;92,000;7,000;16,600;2,000;1,000;

6463;2016.05.27 06:00:00;0,000;13,400;1,000;88,000;7,000;16,600;2,000;1,000;

6464;2016.05.27 07:00:00;0,000;15,100;3,000;81,000;7,000;16,600;2,000;1,000;

6465;2016.05.27 08:00:00;0,000;16,100;2,000;79,000;7,000;16,600;2,000;1,000;

6466;2016.05.27 09:00:00;0,000;16,300;2,000;77,000;7,000;16,600;2,000;1,000;

6467;2016.05.27 10:00:00;0,000;15,700;3,000;81,000;7,000;16,600;2,000;1,000;

6468;2016.05.27 11:00:00;0,000;15,400;4,000;81,000;7,000;16,600;2,000;1,000;

6469;2016.05.27 12:00:00;0,000;16,800;3,000;75,000;7,000;16,600;2,000;1,000;

6470;2016.05.27 13:00:00;0,000;15,400;4,000;77,000;7,000;16,600;2,000;1,000;

6471;2016.05.27 14:00:00;0,000;14,700;4,000;81,000;8,000;16,600;2,000;1,000;

6472;2016.05.27 15:00:00;0,000;14,800;2,000;77,000;8,000;16,600;2,000;1,000;

6473;2016.05.27 16:00:00;0,000;14,400;3,000;78,000;8,000;16,600;2,000;1,000;

6474;2016.05.27 17:00:00;0,000;14,900;2,000;79,000;8,000;16,600;2,000;1,000;

6475;2016.05.27 18:00:00;0,000;14,900;2,000;79,000;7,000;16,600;2,000;1,000;

6476;2016.05.27 19:00:00;0,000;14,000;2,000;86,000;7,000;16,600;2,000;1,000;

6477;2016.05.27 20:00:00;0,000;13,200;2,000;90,000;7,000;16,600;2,000;1,000;

6478;2016.05.27 21:00:00;0,000;12,800;2,000;93,000;8,000;16,600;2,000;1,000;

6479;2016.05.27 22:00:00;0,000;12,700;1,000;94,000;7,000;16,600;2,000;1,000;

6480;2016.05.27 23:00:00;0,000;12,900;1,000;95,000;8,000;16,600;2,000;1,000;

6481;2016.05.28 00:00:00;0,000;13,000;1,000;97,000;8,000;16,650;3,000;1,000;

6482;2016.05.28 01:00:00;0,000;13,000;1,000;97,000;8,000;16,650;3,000;1,000;

6483;2016.05.28 02:00:00;0,000;12,900;1,000;97,000;8,000;16,650;3,000;1,000;

6484;2016.05.28 03:00:00;0,000;12,900;2,000;98,000;8,000;16,650;3,000;1,000;

6485;2016.05.28 04:00:00;0,000;13,400;1,000;98,000;8,000;16,650;3,000;1,000;

6486;2016.05.28 05:00:00;0,000;14,100;1,000;98,000;8,000;16,650;3,000;1,000;

6487;2016.05.28 06:00:00;0,000;14,900;0,000;95,000;8,000;16,650;3,000;1,000;

6488;2016.05.28 07:00:00;0,000;15,700;1,000;91,000;8,000;16,650;3,000;1,000;

6489;2016.05.28 08:00:00;0,000;17,500;1,000;82,000;7,000;16,650;3,000;1,000;

6490;2016.05.28 09:00:00;0,000;18,500;1,000;71,000;7,000;16,650;3,000;1,000;

6491;2016.05.28 10:00:00;0,000;18,500;2,000;78,000;7,000;16,650;3,000;1,000;

6492;2016.05.28 11:00:00;0,000;19,800;2,000;69,000;4,000;16,650;3,000;1,000;

6493;2016.05.28 12:00:00;0,000;18,800;3,000;75,000;7,000;16,650;3,000;1,000;

6494;2016.05.28 13:00:00;0,000;17,900;3,000;78,000;7,000;16,650;3,000;1,000;

6495;2016.05.28 14:00:00;0,000;18,200;1,000;79,000;7,000;16,650;3,000;1,000;

6496;2016.05.28 15:00:00;0,000;20,500;3,000;73,000;3,000;16,650;3,000;1,000;

6497;2016.05.28 16:00:00;0,000;19,700;2,000;76,000;6,000;16,650;3,000;1,000;

6498;2016.05.28 17:00:00;0,000;19,700;2,000;81,000;3,000;16,650;3,000;1,000;

6499;2016.05.28 18:00:00;0,000;19,500;2,000;77,000;1,000;16,650;3,000;1,000;

6500;2016.05.28 19:00:00;0,000;18,700;1,000;78,000;7,000;16,650;3,000;1,000;

6501;2016.05.28 20:00:00;0,000;17,500;2,000;84,000;7,000;16,650;3,000;1,000;

6502;2016.05.28 21:00:00;0,000;16,500;1,000;90,000;7,000;16,650;3,000;1,000;

6503;2016.05.28 22:00:00;0,000;17,200;1,000;90,000;5,000;16,650;3,000;1,000;

6504;2016.05.28 23:00:00;0,000;16,000;1,000;93,000;8,000;16,650;3,000;1,000;

6505;2016.05.29 00:00:00;0,000;15,500;0,000;93,000;7,000;16,700;4,000;1,000;

6506;2016.05.29 01:00:00;0,000;15,100;1,000;93,000;7,000;16,700;4,000;1,000;

6507;2016.05.29 02:00:00;0,000;14,600;2,000;94,000;0,000;16,700;4,000;1,000;

6508;2016.05.29 03:00:00;0,000;14,100;2,000;96,000;1,000;16,700;4,000;1,000;

6509;2016.05.29 04:00:00;0,000;14,300;1,000;97,000;5,000;16,700;4,000;1,000;

6510;2016.05.29 05:00:00;0,000;16,400;1,000;94,000;2,000;16,700;4,000;1,000;

6511;2016.05.29 06:00:00;0,000;19,500;2,000;73,000;2,000;16,700;4,000;1,000;

6512;2016.05.29 07:00:00;0,000;21,400;2,000;69,000;6,000;16,700;4,000;1,000;

6513;2016.05.29 08:00:00;0,000;22,600;2,000;64,000;8,000;16,700;4,000;1,000;

6514;2016.05.29 09:00:00;0,000;24,600;3,000;58,000;8,000;16,700;4,000;1,000;

6515;2016.05.29 10:00:00;0,000;25,200;3,000;53,000;7,000;16,700;4,000;1,000;

6516;2016.05.29 11:00:00;0,000;26,000;2,000;50,000;7,000;16,700;4,000;1,000;

6517;2016.05.29 12:00:00;0,000;26,500;2,000;45,000;7,000;16,700;4,000;1,000;

6518;2016.05.29 13:00:00;0,000;25,000;2,000;51,000;7,000;16,700;4,000;1,000;

6519;2016.05.29 14:00:00;0,000;17,700;3,000;87,000;8,000;16,700;4,000;1,000;

6520;2016.05.29 15:00:00;0,000;17,800;2,000;90,000;8,000;16,700;4,000;1,000;

6521;2016.05.29 16:00:00;0,000;18,400;1,000;90,000;7,000;16,700;4,000;1,000;

6522;2016.05.29 17:00:00;0,000;18,800;3,000;91,000;8,000;16,700;4,000;1,000;

6523;2016.05.29 18:00:00;0,000;19,600;2,000;86,000;8,000;16,700;4,000;1,000;

6524;2016.05.29 19:00:00;0,000;19,600;1,000;85,000;8,000;16,700;4,000;1,000;

6525;2016.05.29 20:00:00;0,000;18,500;1,000;89,000;8,000;16,700;4,000;1,000;

6526;2016.05.29 21:00:00;0,000;20,400;1,000;83,000;8,000;16,700;4,000;1,000;

6527;2016.05.29 22:00:00;0,000;21,100;2,000;73,000;7,000;16,700;4,000;1,000;

6528;2016.05.29 23:00:00;0,000;21,300;2,000;70,000;6,000;16,700;4,000;1,000;

6529;2016.05.30 00:00:00;0,000;21,100;2,000;69,000;5,000;16,733;1,000;1,000;

6530;2016.05.30 01:00:00;0,000;20,800;2,000;68,000;4,000;16,733;1,000;1,000;

6531;2016.05.30 02:00:00;0,000;20,500;3,000;67,000;3,000;16,733;1,000;1,000;

6532;2016.05.30 03:00:00;0,000;19,800;3,000;69,000;2,000;16,733;1,000;1,000;

6533;2016.05.30 04:00:00;0,000;19,900;2,000;69,000;1,000;16,733;1,000;1,000;

6534;2016.05.30 05:00:00;0,000;20,800;2,000;67,000;3,000;16,733;1,000;1,000;

6535;2016.05.30 06:00:00;0,000;22,400;2,000;67,000;5,000;16,733;1,000;1,000;

6536;2016.05.30 07:00:00;0,000;23,700;2,000;62,000;6,000;16,733;1,000;1,000;

6537;2016.05.30 08:00:00;0,000;25,500;2,000;55,000;3,000;16,733;1,000;1,000;

6538;2016.05.30 09:00:00;0,000;26,300;4,000;51,000;3,000;16,733;1,000;1,000;

6539;2016.05.30 10:00:00;0,000;27,300;4,000;46,000;4,000;16,733;1,000;1,000;

6540;2016.05.30 11:00:00;0,000;27,400;4,000;45,000;4,000;16,733;1,000;1,000;

6541;2016.05.30 12:00:00;0,000;28,100;4,000;41,000;6,000;16,733;1,000;1,000;

6542;2016.05.30 13:00:00;0,000;27,800;4,000;40,000;6,000;16,733;1,000;1,000;

6543;2016.05.30 14:00:00;0,000;27,900;4,000;40,000;6,000;16,733;1,000;1,000;

6544;2016.05.30 15:00:00;0,000;27,900;4,000;45,000;6,000;16,733;1,000;1,000;

6545;2016.05.30 16:00:00;0,000;27,100;5,000;51,000;6,000;16,733;1,000;1,000;

6546;2016.05.30 17:00:00;0,000;26,300;4,000;54,000;6,000;16,733;1,000;1,000;

6547;2016.05.30 18:00:00;0,000;25,400;3,000;57,000;6,000;16,733;1,000;1,000;

6548;2016.05.30 19:00:00;0,000;23,900;2,000;64,000;7,000;16,733;1,000;1,000;

6549;2016.05.30 20:00:00;0,000;22,800;1,000;69,000;8,000;16,733;1,000;1,000;

6550;2016.05.30 21:00:00;0,000;21,400;1,000;69,000;8,000;16,733;1,000;1,000;

6551;2016.05.30 22:00:00;0,000;20,000;1,000;76,000;8,000;16,733;1,000;1,000;

6552;2016.05.30 23:00:00;0,000;18,700;1,000;82,000;3,000;16,733;1,000;1,000;

6553;2016.05.31 00:00:00;0,000;18,300;1,000;84,000;8,000;16,767;1,000;1,000;

6554;2016.05.31 01:00:00;0,000;19,100;1,000;84,000;8,000;16,767;1,000;1,000;

6555;2016.05.31 02:00:00;0,000;20,200;2,000;72,000;8,000;16,767;1,000;1,000;

6556;2016.05.31 03:00:00;0,000;19,800;1,000;74,000;8,000;16,767;1,000;1,000;

6557;2016.05.31 04:00:00;0,000;19,400;1,000;76,000;7,000;16,767;1,000;1,000;

6558;2016.05.31 05:00:00;0,000;20,000;1,000;76,000;7,000;16,767;1,000;1,000;

6559;2016.05.31 06:00:00;0,000;21,800;2,000;73,000;8,000;16,767;1,000;1,000;

6560;2016.05.31 07:00:00;0,000;23,300;2,000;67,000;8,000;16,767;1,000;1,000;

6561;2016.05.31 08:00:00;0,000;25,000;1,000;63,000;7,000;16,767;1,000;1,000;

6562;2016.05.31 09:00:00;0,000;25,000;3,000;66,000;7,000;16,767;1,000;1,000;

6563;2016.05.31 10:00:00;0,000;23,200;3,000;71,000;7,000;16,767;1,000;1,000;

6564;2016.05.31 11:00:00;0,000;19,100;1,000;76,000;7,000;16,767;1,000;1,000;

6565;2016.05.31 12:00:00;0,000;20,400;2,000;85,000;6,000;16,767;1,000;1,000;

6566;2016.05.31 13:00:00;0,000;18,800;4,000;77,000;7,000;16,767;1,000;1,000;

6567;2016.05.31 14:00:00;0,000;19,300;2,000;85,000;7,000;16,767;1,000;1,000;

6568;2016.05.31 15:00:00;0,000;18,600;2,000;86,000;7,000;16,767;1,000;1,000;

6569;2016.05.31 16:00:00;0,000;18,700;1,000;93,000;7,000;16,767;1,000;1,000;

6570;2016.05.31 17:00:00;0,000;18,600;1,000;89,000;7,000;16,767;1,000;1,000;

6571;2016.05.31 18:00:00;0,000;18,800;1,000;88,000;7,000;16,767;1,000;1,000;

6572;2016.05.31 19:00:00;0,000;18,000;2,000;90,000;7,000;16,767;1,000;1,000;

6573;2016.05.31 20:00:00;0,000;17,600;2,000;93,000;7,000;16,767;1,000;1,000;

6574;2016.05.31 21:00:00;0,000;17,500;1,000;95,000;8,000;16,767;1,000;1,000;

6575;2016.05.31 22:00:00;0,000;18,500;1,000;92,000;8,000;16,767;1,000;1,000;

6576;2016.05.31 23:00:00;0,000;17,800;1,000;92,000;4,000;16,767;1,000;1,000;

6577;2016.06.01 00:00:00;0,000;17,000;1,000;95,000;4,000;16,800;1,000;2,000;

6578;2016.06.01 01:00:00;0,000;16,400;1,000;97,000;7,000;16,800;1,000;2,000;

6579;2016.06.01 02:00:00;0,000;17,300;2,000;96,000;5,000;16,800;1,000;2,000;

6580;2016.06.01 03:00:00;0,000;17,900;2,000;89,000;6,000;16,800;1,000;2,000;

6581;2016.06.01 04:00:00;0,000;18,200;2,000;87,000;6,000;16,800;1,000;2,000;

6582;2016.06.01 05:00:00;0,000;19,100;1,000;85,000;4,000;16,800;1,000;2,000;

6583;2016.06.01 06:00:00;0,000;20,100;1,000;82,000;2,000;16,800;1,000;2,000;

6584;2016.06.01 07:00:00;0,000;21,600;2,000;76,000;4,000;16,800;1,000;2,000;

6585;2016.06.01 08:00:00;0,000;23,000;3,000;72,000;4,000;16,800;1,000;2,000;

6586;2016.06.01 09:00:00;0,000;23,300;2,000;70,000;6,000;16,800;1,000;2,000;

6587;2016.06.01 10:00:00;0,000;24,200;3,000;62,000;6,000;16,800;1,000;2,000;

6588;2016.06.01 11:00:00;0,000;24,200;4,000;66,000;5,000;16,800;1,000;2,000;

6589;2016.06.01 12:00:00;0,000;24,700;3,000;64,000;6,000;16,800;1,000;2,000;

6590;2016.06.01 13:00:00;0,000;25,200;4,000;55,000;4,000;16,800;1,000;2,000;

6591;2016.06.01 14:00:00;0,000;25,600;3,000;50,000;3,000;16,800;1,000;2,000;

6592;2016.06.01 15:00:00;0,000;26,100;3,000;50,000;4,000;16,800;1,000;2,000;

6593;2016.06.01 16:00:00;0,000;25,300;2,000;53,000;5,000;16,800;1,000;2,000;

6594;2016.06.01 17:00:00;0,000;24,200;2,000;61,000;5,000;16,800;1,000;2,000;

6595;2016.06.01 18:00:00;0,000;23,800;2,000;64,000;5,000;16,800;1,000;2,000;

6596;2016.06.01 19:00:00;0,000;21,600;1,000;75,000;7,000;16,800;1,000;2,000;

6597;2016.06.01 20:00:00;0,000;21,900;1,000;73,000;7,000;16,800;1,000;2,000;

6598;2016.06.01 21:00:00;0,000;21,700;2,000;69,000;7,000;16,800;1,000;2,000;

6599;2016.06.01 22:00:00;0,000;20,700;3,000;69,000;8,000;16,800;1,000;2,000;

6600;2016.06.01 23:00:00;0,000;19,600;2,000;71,000;1,000;16,800;1,000;2,000;

6601;2016.06.02 00:00:00;0,000;18,400;1,000;77,000;4,000;16,850;1,000;2,000;

6602;2016.06.02 01:00:00;0,000;18,200;3,000;81,000;7,000;16,850;1,000;2,000;

6603;2016.06.02 02:00:00;0,000;17,600;2,000;83,000;7,000;16,850;1,000;2,000;

6604;2016.06.02 03:00:00;0,000;17,500;1,000;84,000;7,000;16,850;1,000;2,000;

6605;2016.06.02 04:00:00;0,000;17,300;2,000;85,000;5,000;16,850;1,000;2,000;

6606;2016.06.02 05:00:00;0,000;18,700;3,000;79,000;7,000;16,850;1,000;2,000;

6607;2016.06.02 06:00:00;0,000;21,400;2,000;67,000;2,000;16,850;1,000;2,000;

6608;2016.06.02 07:00:00;0,000;22,100;2,000;64,000;2,000;16,850;1,000;2,000;

6609;2016.06.02 08:00:00;0,000;23,300;3,000;60,000;3,000;16,850;1,000;2,000;

6610;2016.06.02 09:00:00;0,000;24,300;3,000;54,000;5,000;16,850;1,000;2,000;

6611;2016.06.02 10:00:00;0,000;24,300;2,000;57,000;6,000;16,850;1,000;2,000;

6612;2016.06.02 11:00:00;0,000;25,500;3,000;50,000;6,000;16,850;1,000;2,000;

6613;2016.06.02 12:00:00;0,000;24,300;4,000;56,000;6,000;16,850;1,000;2,000;

6614;2016.06.02 13:00:00;0,000;25,100;4,000;53,000;6,000;16,850;1,000;2,000;

6615;2016.06.02 14:00:00;0,000;26,000;2,000;46,000;7,000;16,850;1,000;2,000;

6616;2016.06.02 15:00:00;0,000;20,600;1,000;79,000;7,000;16,850;1,000;2,000;

6617;2016.06.02 16:00:00;0,000;21,900;2,000;76,000;7,000;16,850;1,000;2,000;

6618;2016.06.02 17:00:00;0,000;22,400;1,000;77,000;8,000;16,850;1,000;2,000;

6619;2016.06.02 18:00:00;0,000;21,500;2,000;86,000;8,000;16,850;1,000;2,000;

6620;2016.06.02 19:00:00;0,000;20,700;1,000;89,000;8,000;16,850;1,000;2,000;

6621;2016.06.02 20:00:00;0,000;19,200;1,000;93,000;7,000;16,850;1,000;2,000;

6622;2016.06.02 21:00:00;0,000;18,100;1,000;94,000;6,000;16,850;1,000;2,000;

6623;2016.06.02 22:00:00;0,000;19,500;2,000;73,000;4,000;16,850;1,000;2,000;

6624;2016.06.02 23:00:00;0,000;20,200;1,000;68,000;2,000;16,850;1,000;2,000;

6625;2016.06.03 00:00:00;0,000;19,600;2,000;70,000;4,000;16,883;2,000;2,000;

6626;2016.06.03 01:00:00;0,000;17,500;1,000;81,000;5,000;16,883;2,000;2,000;

6627;2016.06.03 02:00:00;0,000;15,500;0,000;89,000;5,000;16,883;2,000;2,000;

6628;2016.06.03 03:00:00;0,000;16,200;1,000;90,000;6,000;16,883;2,000;2,000;

6629;2016.06.03 04:00:00;0,000;17,100;1,000;89,000;3,000;16,883;2,000;2,000;

6630;2016.06.03 05:00:00;0,000;18,500;1,000;85,000;2,000;16,883;2,000;2,000;

6631;2016.06.03 06:00:00;0,000;20,000;1,000;81,000;1,000;16,883;2,000;2,000;

6632;2016.06.03 07:00:00;0,000;22,100;2,000;81,000;1,000;16,883;2,000;2,000;

6633;2016.06.03 08:00:00;0,000;22,500;2,000;74,000;1,000;16,883;2,000;2,000;

6634;2016.06.03 09:00:00;0,000;22,500;3,000;76,000;2,000;16,883;2,000;2,000;

6635;2016.06.03 10:00:00;0,000;20,900;3,000;78,000;3,000;16,883;2,000;2,000;

6636;2016.06.03 11:00:00;0,000;23,100;3,000;73,000;2,000;16,883;2,000;2,000;

6637;2016.06.03 12:00:00;0,000;20,100;3,000;75,000;3,000;16,883;2,000;2,000;

6638;2016.06.03 13:00:00;0,000;20,300;3,000;73,000;2,000;16,883;2,000;2,000;

6639;2016.06.03 14:00:00;0,000;23,200;3,000;69,000;2,000;16,883;2,000;2,000;

6640;2016.06.03 15:00:00;0,000;23,100;3,000;68,000;2,000;16,883;2,000;2,000;

6641;2016.06.03 16:00:00;0,000;20,600;3,000;71,000;3,000;16,883;2,000;2,000;

6642;2016.06.03 17:00:00;0,000;21,200;2,000;72,000;2,000;16,883;2,000;2,000;

6643;2016.06.03 18:00:00;0,000;20,300;2,000;76,000;1,000;16,883;2,000;2,000;

6644;2016.06.03 19:00:00;0,000;18,400;2,000;82,000;1,000;16,883;2,000;2,000;

6645;2016.06.03 20:00:00;0,000;17,100;1,000;87,000;1,000;16,883;2,000;2,000;

6646;2016.06.03 21:00:00;0,000;16,100;2,000;91,000;1,000;16,883;2,000;2,000;

6647;2016.06.03 22:00:00;0,000;15,700;1,000;92,000;0,000;16,883;2,000;2,000;

6648;2016.06.03 23:00:00;0,000;14,900;1,000;92,000;0,000;16,883;2,000;2,000;

6649;2016.06.04 00:00:00;0,000;14,200;1,000;94,000;0,000;16,900;3,000;2,000;

6650;2016.06.04 01:00:00;0,000;13,500;1,000;94,000;0,000;16,900;3,000;2,000;

6651;2016.06.04 02:00:00;0,000;13,100;0,000;96,000;0,000;16,900;3,000;2,000;

6652;2016.06.04 03:00:00;0,000;13,400;0,000;97,000;0,000;16,900;3,000;2,000;

6653;2016.06.04 04:00:00;0,000;14,700;0,000;97,000;0,000;16,900;3,000;2,000;

6654;2016.06.04 05:00:00;0,000;18,000;1,000;87,000;0,000;16,900;3,000;2,000;

6655;2016.06.04 06:00:00;0,000;20,000;1,000;75,000;1,000;16,900;3,000;2,000;

6656;2016.06.04 07:00:00;0,000;21,500;2,000;65,000;1,000;16,900;3,000;2,000;

6657;2016.06.04 08:00:00;0,000;22,800;3,000;49,000;1,000;16,900;3,000;2,000;

6658;2016.06.04 09:00:00;0,000;24,000;3,000;39,000;1,000;16,900;3,000;2,000;

6659;2016.06.04 10:00:00;0,000;24,600;3,000;48,000;1,000;16,900;3,000;2,000;

6660;2016.06.04 11:00:00;0,000;25,500;3,000;42,000;1,000;16,900;3,000;2,000;

6661;2016.06.04 12:00:00;0,000;22,900;4,000;61,000;1,000;16,900;3,000;2,000;

6662;2016.06.04 13:00:00;0,000;23,700;4,000;58,000;1,000;16,900;3,000;2,000;

6663;2016.06.04 14:00:00;0,000;22,800;3,000;62,000;2,000;16,900;3,000;2,000;

6664;2016.06.04 15:00:00;0,000;23,800;5,000;52,000;1,000;16,900;3,000;2,000;

6665;2016.06.04 16:00:00;0,000;23,700;4,000;49,000;1,000;16,900;3,000;2,000;

6666;2016.06.04 17:00:00;0,000;22,800;4,000;52,000;1,000;16,900;3,000;2,000;

6667;2016.06.04 18:00:00;0,000;21,700;2,000;56,000;5,000;16,900;3,000;2,000;

6668;2016.06.04 19:00:00;0,000;20,200;1,000;58,000;6,000;16,900;3,000;2,000;

6669;2016.06.04 20:00:00;0,000;17,500;2,000;68,000;5,000;16,900;3,000;2,000;

6670;2016.06.04 21:00:00;0,000;15,700;1,000;72,000;4,000;16,900;3,000;2,000;

6671;2016.06.04 22:00:00;0,000;15,400;0,000;73,000;3,000;16,900;3,000;2,000;

6672;2016.06.04 23:00:00;0,000;14,500;2,000;72,000;0,000;16,900;3,000;2,000;

6673;2016.06.05 00:00:00;0,000;13,300;1,000;77,000;1,000;16,933;4,000;2,000;

6674;2016.06.05 01:00:00;0,000;13,700;1,000;73,000;2,000;16,933;4,000;2,000;

6675;2016.06.05 02:00:00;0,000;12,200;1,000;82,000;4,000;16,933;4,000;2,000;

6676;2016.06.05 03:00:00;0,000;14,300;1,000;75,000;4,000;16,933;4,000;2,000;

6677;2016.06.05 04:00:00;0,000;14,800;2,000;71,000;4,000;16,933;4,000;2,000;

6678;2016.06.05 05:00:00;0,000;15,900;2,000;68,000;6,000;16,933;4,000;2,000;

6679;2016.06.05 06:00:00;0,000;17,600;2,000;56,000;6,000;16,933;4,000;2,000;

6680;2016.06.05 07:00:00;0,000;17,800;2,000;51,000;2,000;16,933;4,000;2,000;

6681;2016.06.05 08:00:00;0,000;19,200;2,000;50,000;5,000;16,933;4,000;2,000;

6682;2016.06.05 09:00:00;0,000;18,600;3,000;52,000;6,000;16,933;4,000;2,000;

6683;2016.06.05 10:00:00;0,000;19,300;3,000;51,000;5,000;16,933;4,000;2,000;

6684;2016.06.05 11:00:00;0,000;20,500;3,000;45,000;3,000;16,933;4,000;2,000;

6685;2016.06.05 12:00:00;0,000;20,500;3,000;47,000;6,000;16,933;4,000;2,000;

6686;2016.06.05 13:00:00;0,000;20,600;3,000;42,000;5,000;16,933;4,000;2,000;

6687;2016.06.05 14:00:00;0,000;20,400;4,000;40,000;5,000;16,933;4,000;2,000;

6688;2016.06.05 15:00:00;0,000;19,800;3,000;40,000;6,000;16,933;4,000;2,000;

6689;2016.06.05 16:00:00;0,000;19,700;3,000;36,000;5,000;16,933;4,000;2,000;

6690;2016.06.05 17:00:00;0,000;19,100;3,000;37,000;3,000;16,933;4,000;2,000;

6691;2016.06.05 18:00:00;0,000;18,900;3,000;38,000;1,000;16,933;4,000;2,000;

6692;2016.06.05 19:00:00;0,000;17,800;2,000;36,000;0,000;16,933;4,000;2,000;

6693;2016.06.05 20:00:00;0,000;15,100;1,000;51,000;0,000;16,933;4,000;2,000;

6694;2016.06.05 21:00:00;0,000;11,600;1,000;68,000;0,000;16,933;4,000;2,000;

6695;2016.06.05 22:00:00;0,000;10,800;1,000;72,000;0,000;16,933;4,000;2,000;

6696;2016.06.05 23:00:00;0,000;12,000;1,000;67,000;0,000;16,933;4,000;2,000;

6697;2016.06.06 00:00:00;0,000;12,600;1,000;62,000;0,000;16,967;1,000;2,000;

6698;2016.06.06 01:00:00;0,000;11,100;2,000;69,000;0,000;16,967;1,000;2,000;

6699;2016.06.06 02:00:00;0,000;11,300;1,000;72,000;3,000;16,967;1,000;2,000;

6700;2016.06.06 03:00:00;0,000;11,000;1,000;74,000;6,000;16,967;1,000;2,000;

6701;2016.06.06 04:00:00;0,000;11,800;1,000;71,000;1,000;16,967;1,000;2,000;

6702;2016.06.06 05:00:00;0,000;12,800;2,000;65,000;3,000;16,967;1,000;2,000;

6703;2016.06.06 06:00:00;0,000;13,800;3,000;54,000;7,000;16,967;1,000;2,000;

6704;2016.06.06 07:00:00;0,000;14,500;3,000;48,000;2,000;16,967;1,000;2,000;

6705;2016.06.06 08:00:00;0,000;14,900;3,000;46,000;1,000;16,967;1,000;2,000;

6706;2016.06.06 09:00:00;0,000;15,900;3,000;42,000;1,000;16,967;1,000;2,000;

6707;2016.06.06 10:00:00;0,000;15,200;5,000;53,000;1,000;16,967;1,000;2,000;

6708;2016.06.06 11:00:00;0,000;14,700;5,000;50,000;1,000;16,967;1,000;2,000;

6709;2016.06.06 12:00:00;0,000;15,200;5,000;50,000;1,000;16,967;1,000;2,000;

6710;2016.06.06 13:00:00;0,000;15,000;5,000;52,000;1,000;16,967;1,000;2,000;

6711;2016.06.06 14:00:00;0,000;15,000;5,000;58,000;1,000;16,967;1,000;2,000;

6712;2016.06.06 15:00:00;0,000;14,800;5,000;58,000;1,000;16,967;1,000;2,000;

6713;2016.06.06 16:00:00;0,000;14,700;5,000;57,000;1,000;16,967;1,000;2,000;

6714;2016.06.06 17:00:00;0,000;14,800;4,000;60,000;1,000;16,967;1,000;2,000;

6715;2016.06.06 18:00:00;0,000;14,500;3,000;58,000;1,000;16,967;1,000;2,000;

6716;2016.06.06 19:00:00;0,000;12,900;2,000;65,000;1,000;16,967;1,000;2,000;

6717;2016.06.06 20:00:00;0,000;11,200;1,000;75,000;0,000;16,967;1,000;2,000;

6718;2016.06.06 21:00:00;0,000;10,300;1,000;83,000;0,000;16,967;1,000;2,000;

6719;2016.06.06 22:00:00;0,000;8,600;1,000;86,000;0,000;16,967;1,000;2,000;

6720;2016.06.06 23:00:00;0,000;8,000;1,000;87,000;0,000;16,967;1,000;2,000;

6721;2016.06.07 00:00:00;0,000;9,500;1,000;82,000;0,000;17,000;1,000;2,000;

6722;2016.06.07 01:00:00;0,000;9,600;2,000;77,000;0,000;17,000;1,000;2,000;

6723;2016.06.07 02:00:00;0,000;8,300;1,000;79,000;0,000;17,000;1,000;2,000;

6724;2016.06.07 03:00:00;0,000;9,100;2,000;77,000;0,000;17,000;1,000;2,000;

6725;2016.06.07 04:00:00;0,000;9,900;2,000;74,000;0,000;17,000;1,000;2,000;

6726;2016.06.07 05:00:00;0,000;11,700;3,000;69,000;0,000;17,000;1,000;2,000;

6727;2016.06.07 06:00:00;0,000;13,700;2,000;62,000;1,000;17,000;1,000;2,000;

6728;2016.06.07 07:00:00;0,000;15,400;1,000;55,000;1,000;17,000;1,000;2,000;

6729;2016.06.07 08:00:00;0,000;16,700;1,000;51,000;1,000;17,000;1,000;2,000;

6730;2016.06.07 09:00:00;0,000;17,300;2,000;42,000;1,000;17,000;1,000;2,000;

6731;2016.06.07 10:00:00;0,000;18,100;3,000;45,000;1,000;17,000;1,000;2,000;

6732;2016.06.07 11:00:00;0,000;18,500;3,000;42,000;1,000;17,000;1,000;2,000;

6733;2016.06.07 12:00:00;0,000;18,800;3,000;40,000;1,000;17,000;1,000;2,000;

6734;2016.06.07 13:00:00;0,000;18,500;3,000;38,000;2,000;17,000;1,000;2,000;

6735;2016.06.07 14:00:00;0,000;18,900;3,000;37,000;3,000;17,000;1,000;2,000;

6736;2016.06.07 15:00:00;0,000;18,900;3,000;36,000;3,000;17,000;1,000;2,000;

6737;2016.06.07 16:00:00;0,000;19,300;3,000;41,000;3,000;17,000;1,000;2,000;

6738;2016.06.07 17:00:00;0,000;19,100;2,000;41,000;2,000;17,000;1,000;2,000;

6739;2016.06.07 18:00:00;0,000;18,900;2,000;45,000;2,000;17,000;1,000;2,000;

6740;2016.06.07 19:00:00;0,000;18,100;0,000;51,000;2,000;17,000;1,000;2,000;

6741;2016.06.07 20:00:00;0,000;14,800;0,000;66,000;1,000;17,000;1,000;2,000;

6742;2016.06.07 21:00:00;0,000;16,200;2,000;61,000;1,000;17,000;1,000;2,000;

6743;2016.06.07 22:00:00;0,000;15,800;3,000;65,000;1,000;17,000;1,000;2,000;

6744;2016.06.07 23:00:00;0,000;14,700;2,000;68,000;3,000;17,000;1,000;2,000;

6745;2016.06.08 00:00:00;0,000;14,000;3,000;65,000;0,000;17,017;1,000;2,000;

6746;2016.06.08 01:00:00;0,000;13,600;2,000;63,000;1,000;17,017;1,000;2,000;

6747;2016.06.08 02:00:00;0,000;13,700;3,000;63,000;3,000;17,017;1,000;2,000;

6748;2016.06.08 03:00:00;0,000;13,300;2,000;65,000;2,000;17,017;1,000;2,000;

6749;2016.06.08 04:00:00;0,000;14,000;3,000;64,000;6,000;17,017;1,000;2,000;

6750;2016.06.08 05:00:00;0,000;15,400;4,000;63,000;2,000;17,017;1,000;2,000;

6751;2016.06.08 06:00:00;0,000;17,200;3,000;60,000;4,000;17,017;1,000;2,000;

6752;2016.06.08 07:00:00;0,000;18,300;3,000;68,000;1,000;17,017;1,000;2,000;

6753;2016.06.08 08:00:00;0,000;18,500;5,000;78,000;3,000;17,017;1,000;2,000;

6754;2016.06.08 09:00:00;0,000;17,000;6,000;78,000;1,000;17,017;1,000;2,000;

6755;2016.06.08 10:00:00;0,000;16,500;6,000;74,000;7,000;17,017;1,000;2,000;

6756;2016.06.08 11:00:00;0,000;16,400;7,000;73,000;6,000;17,017;1,000;2,000;

6757;2016.06.08 12:00:00;0,000;15,800;6,000;71,000;7,000;17,017;1,000;2,000;

6758;2016.06.08 13:00:00;0,000;15,200;7,000;74,000;7,000;17,017;1,000;2,000;

6759;2016.06.08 14:00:00;0,000;14,500;7,000;74,000;8,000;17,017;1,000;2,000;

6760;2016.06.08 15:00:00;0,000;14,400;6,000;73,000;8,000;17,017;1,000;2,000;

6761;2016.06.08 16:00:00;0,000;14,500;5,000;74,000;8,000;17,017;1,000;2,000;

6762;2016.06.08 17:00:00;0,000;14,100;4,000;76,000;8,000;17,017;1,000;2,000;

6763;2016.06.08 18:00:00;0,000;14,000;4,000;77,000;7,000;17,017;1,000;2,000;

6764;2016.06.08 19:00:00;0,278;13,700;4,000;82,000;7,000;17,017;1,000;2,000;

6765;2016.06.08 20:00:00;0,000;13,600;3,000;87,000;7,000;17,017;1,000;2,000;

6766;2016.06.08 21:00:00;0,000;13,700;4,000;89,000;7,000;17,017;1,000;2,000;

6767;2016.06.08 22:00:00;0,000;13,600;4,000;91,000;7,000;17,017;1,000;2,000;

6768;2016.06.08 23:00:00;0,000;12,800;4,000;89,000;7,000;17,017;1,000;2,000;

6769;2016.06.09 00:00:00;0,000;12,100;4,000;89,000;7,000;17,050;1,000;2,000;

6770;2016.06.09 01:00:00;0,000;11,000;2,000;94,000;8,000;17,050;1,000;2,000;

6771;2016.06.09 02:00:00;0,000;11,000;1,000;92,000;7,000;17,050;1,000;2,000;

6772;2016.06.09 03:00:00;0,000;10,200;1,000;92,000;7,000;17,050;1,000;2,000;

6773;2016.06.09 04:00:00;0,000;10,600;1,000;89,000;7,000;17,050;1,000;2,000;

6774;2016.06.09 05:00:00;0,000;11,500;2,000;74,000;7,000;17,050;1,000;2,000;

6775;2016.06.09 06:00:00;0,000;13,100;3,000;61,000;3,000;17,050;1,000;2,000;

6776;2016.06.09 07:00:00;0,000;14,100;2,000;54,000;2,000;17,050;1,000;2,000;

6777;2016.06.09 08:00:00;0,000;14,900;3,000;53,000;5,000;17,050;1,000;2,000;

6778;2016.06.09 09:00:00;0,000;15,100;4,000;44,000;6,000;17,050;1,000;2,000;

6779;2016.06.09 10:00:00;0,000;15,600;4,000;49,000;6,000;17,050;1,000;2,000;

6780;2016.06.09 11:00:00;0,000;15,500;4,000;47,000;6,000;17,050;1,000;2,000;

6781;2016.06.09 12:00:00;0,000;15,900;5,000;49,000;5,000;17,050;1,000;2,000;

6782;2016.06.09 13:00:00;0,000;16,400;4,000;37,000;4,000;17,050;1,000;2,000;

6783;2016.06.09 14:00:00;0,000;16,000;4,000;39,000;5,000;17,050;1,000;2,000;

6784;2016.06.09 15:00:00;0,000;15,800;3,000;41,000;6,000;17,050;1,000;2,000;

6785;2016.06.09 16:00:00;0,000;15,500;3,000;46,000;5,000;17,050;1,000;2,000;

6786;2016.06.09 17:00:00;0,000;14,900;3,000;50,000;3,000;17,050;1,000;2,000;

6787;2016.06.09 18:00:00;0,000;14,200;3,000;56,000;5,000;17,050;1,000;2,000;

6788;2016.06.09 19:00:00;0,000;13,400;1,000;61,000;3,000;17,050;1,000;2,000;

6789;2016.06.09 20:00:00;0,000;9,500;1,000;77,000;1,000;17,050;1,000;2,000;

6790;2016.06.09 21:00:00;0,000;9,800;1,000;83,000;4,000;17,050;1,000;2,000;

6791;2016.06.09 22:00:00;0,000;10,400;1,000;73,000;6,000;17,050;1,000;2,000;

6792;2016.06.09 23:00:00;0,000;9,600;2,000;75,000;8,000;17,050;1,000;2,000;

6793;2016.06.10 00:00:00;0,000;9,400;2,000;76,000;8,000;17,067;2,000;2,000;

6794;2016.06.10 01:00:00;0,000;9,100;2,000;77,000;7,000;17,067;2,000;2,000;

6795;2016.06.10 02:00:00;0,000;9,100;3,000;77,000;8,000;17,067;2,000;2,000;

6796;2016.06.10 03:00:00;0,000;10,400;2,000;74,000;7,000;17,067;2,000;2,000;

6797;2016.06.10 04:00:00;0,000;11,700;3,000;73,000;7,000;17,067;2,000;2,000;

6798;2016.06.10 05:00:00;0,000;12,400;3,000;82,000;8,000;17,067;2,000;2,000;

6799;2016.06.10 06:00:00;0,000;13,200;6,000;71,000;6,000;17,067;2,000;2,000;

6800;2016.06.10 07:00:00;0,000;13,400;5,000;74,000;7,000;17,067;2,000;2,000;

6801;2016.06.10 08:00:00;0,000;14,100;5,000;72,000;7,000;17,067;2,000;2,000;

6802;2016.06.10 09:00:00;0,000;14,400;7,000;74,000;6,000;17,067;2,000;2,000;

6803;2016.06.10 10:00:00;0,000;14,900;8,000;66,000;4,000;17,067;2,000;2,000;

6804;2016.06.10 11:00:00;0,000;15,300;10,000;70,000;6,000;17,067;2,000;2,000;

6805;2016.06.10 12:00:00;0,000;14,400;8,000;74,000;6,000;17,067;2,000;2,000;

6806;2016.06.10 13:00:00;0,000;15,400;8,000;74,000;7,000;17,067;2,000;2,000;

6807;2016.06.10 14:00:00;0,000;12,900;7,000;69,000;5,000;17,067;2,000;2,000;

6808;2016.06.10 15:00:00;0,000;13,600;5,000;68,000;4,000;17,067;2,000;2,000;

6809;2016.06.10 16:00:00;0,000;13,700;5,000;72,000;6,000;17,067;2,000;2,000;

6810;2016.06.10 17:00:00;0,000;13,500;3,000;61,000;2,000;17,067;2,000;2,000;

6811;2016.06.10 18:00:00;0,000;12,800;2,000;63,000;2,000;17,067;2,000;2,000;

6812;2016.06.10 19:00:00;0,000;11,400;1,000;75,000;6,000;17,067;2,000;2,000;

6813;2016.06.10 20:00:00;0,000;10,300;1,000;81,000;4,000;17,067;2,000;2,000;

6814;2016.06.10 21:00:00;0,000;8,800;1,000;87,000;3,000;17,067;2,000;2,000;

6815;2016.06.10 22:00:00;0,000;8,000;1,000;92,000;1,000;17,067;2,000;2,000;

6816;2016.06.10 23:00:00;0,000;7,800;1,000;93,000;1,000;17,067;2,000;2,000;

6817;2016.06.11 00:00:00;0,000;8,300;1,000;93,000;1,000;17,100;3,000;2,000;

6818;2016.06.11 01:00:00;0,000;7,500;1,000;91,000;5,000;17,100;3,000;2,000;

6819;2016.06.11 02:00:00;0,000;8,400;1,000;92,000;7,000;17,100;3,000;2,000;

6820;2016.06.11 03:00:00;0,000;8,800;3,000;93,000;8,000;17,100;3,000;2,000;

6821;2016.06.11 04:00:00;0,000;9,100;1,000;89,000;3,000;17,100;3,000;2,000;

6822;2016.06.11 05:00:00;0,000;10,800;1,000;79,000;0,000;17,100;3,000;2,000;

6823;2016.06.11 06:00:00;0,000;12,200;2,000;75,000;2,000;17,100;3,000;2,000;

6824;2016.06.11 07:00:00;0,000;12,800;3,000;69,000;3,000;17,100;3,000;2,000;

6825;2016.06.11 08:00:00;0,000;13,400;3,000;64,000;5,000;17,100;3,000;2,000;

6826;2016.06.11 09:00:00;0,000;13,700;4,000;60,000;5,000;17,100;3,000;2,000;

6827;2016.06.11 10:00:00;0,000;13,000;4,000;65,000;5,000;17,100;3,000;2,000;

6828;2016.06.11 11:00:00;0,000;13,500;4,000;65,000;3,000;17,100;3,000;2,000;

6829;2016.06.11 12:00:00;0,000;13,800;4,000;63,000;3,000;17,100;3,000;2,000;

6830;2016.06.11 13:00:00;0,000;13,500;4,000;59,000;2,000;17,100;3,000;2,000;

6831;2016.06.11 14:00:00;0,000;13,400;3,000;58,000;1,000;17,100;3,000;2,000;

6832;2016.06.11 15:00:00;0,000;13,200;4,000;58,000;1,000;17,100;3,000;2,000;

6833;2016.06.11 16:00:00;0,000;12,900;4,000;59,000;0,000;17,100;3,000;2,000;

6834;2016.06.11 17:00:00;0,000;13,000;3,000;66,000;0,000;17,100;3,000;2,000;

6835;2016.06.11 18:00:00;0,000;12,600;3,000;68,000;0,000;17,100;3,000;2,000;

6836;2016.06.11 19:00:00;0,000;11,800;2,000;68,000;0,000;17,100;3,000;2,000;

6837;2016.06.11 20:00:00;0,000;10,200;2,000;76,000;0,000;17,100;3,000;2,000;

6838;2016.06.11 21:00:00;0,000;8,400;1,000;82,000;0,000;17,100;3,000;2,000;

6839;2016.06.11 22:00:00;0,000;6,800;1,000;89,000;0,000;17,100;3,000;2,000;

6840;2016.06.11 23:00:00;0,000;6,200;0,000;91,000;0,000;17,100;3,000;2,000;

6841;2016.06.12 00:00:00;0,000;5,500;1,000;93,000;0,000;17,100;4,000;2,000;

6842;2016.06.12 01:00:00;0,000;4,900;0,000;94,000;0,000;17,100;4,000;2,000;

6843;2016.06.12 02:00:00;0,000;4,300;0,000;95,000;0,000;17,100;4,000;2,000;

6844;2016.06.12 03:00:00;0,000;4,300;0,000;96,000;1,000;17,100;4,000;2,000;

6845;2016.06.12 04:00:00;0,000;5,900;0,000;96,000;1,000;17,100;4,000;2,000;

6846;2016.06.12 05:00:00;0,000;8,600;1,000;90,000;2,000;17,100;4,000;2,000;

6847;2016.06.12 06:00:00;0,000;13,000;1,000;67,000;3,000;17,100;4,000;2,000;

6848;2016.06.12 07:00:00;0,000;14,400;2,000;59,000;5,000;17,100;4,000;2,000;

6849;2016.06.12 08:00:00;0,000;15,300;2,000;54,000;7,000;17,100;4,000;2,000;

6850;2016.06.12 09:00:00;0,000;16,300;3,000;51,000;7,000;17,100;4,000;2,000;

6851;2016.06.12 10:00:00;0,000;16,600;2,000;50,000;7,000;17,100;4,000;2,000;

6852;2016.06.12 11:00:00;0,000;17,500;2,000;49,000;8,000;17,100;4,000;2,000;

6853;2016.06.12 12:00:00;0,000;17,300;3,000;51,000;8,000;17,100;4,000;2,000;

6854;2016.06.12 13:00:00;0,000;17,600;2,000;50,000;8,000;17,100;4,000;2,000;

6855;2016.06.12 14:00:00;0,000;17,900;4,000;52,000;8,000;17,100;4,000;2,000;

6856;2016.06.12 15:00:00;0,000;17,900;4,000;51,000;8,000;17,100;4,000;2,000;

6857;2016.06.12 16:00:00;0,000;16,800;4,000;53,000;8,000;17,100;4,000;2,000;

6858;2016.06.12 17:00:00;0,000;16,200;3,000;57,000;8,000;17,100;4,000;2,000;

6859;2016.06.12 18:00:00;0,000;15,400;3,000;60,000;8,000;17,100;4,000;2,000;

6860;2016.06.12 19:00:00;0,000;15,200;2,000;60,000;8,000;17,100;4,000;2,000;

6861;2016.06.12 20:00:00;0,000;15,300;1,000;56,000;8,000;17,100;4,000;2,000;

6862;2016.06.12 21:00:00;0,000;15,300;3,000;51,000;8,000;17,100;4,000;2,000;

6863;2016.06.12 22:00:00;0,000;14,200;3,000;57,000;8,000;17,100;4,000;2,000;

6864;2016.06.12 23:00:00;0,000;12,800;2,000;69,000;8,000;17,100;4,000;2,000;

6865;2016.06.13 00:00:00;0,000;11,800;2,000;78,000;8,000;17,117;1,000;2,000;

6866;2016.06.13 01:00:00;0,000;11,200;2,000;85,000;8,000;17,117;1,000;2,000;

6867;2016.06.13 02:00:00;0,000;11,300;1,000;85,000;8,000;17,117;1,000;2,000;

6868;2016.06.13 03:00:00;0,000;11,700;2,000;81,000;8,000;17,117;1,000;2,000;

6869;2016.06.13 04:00:00;0,000;11,400;3,000;84,000;8,000;17,117;1,000;2,000;

6870;2016.06.13 05:00:00;0,000;11,400;2,000;86,000;8,000;17,117;1,000;2,000;

6871;2016.06.13 06:00:00;0,000;11,800;2,000;86,000;8,000;17,117;1,000;2,000;

6872;2016.06.13 07:00:00;0,000;12,000;3,000;86,000;8,000;17,117;1,000;2,000;

6873;2016.06.13 08:00:00;0,000;12,500;2,000;85,000;8,000;17,117;1,000;2,000;

6874;2016.06.13 09:00:00;0,000;12,700;2,000;86,000;8,000;17,117;1,000;2,000;

6875;2016.06.13 10:00:00;0,000;12,700;2,000;88,000;8,000;17,117;1,000;2,000;

6876;2016.06.13 11:00:00;0,000;12,800;2,000;90,000;8,000;17,117;1,000;2,000;

6877;2016.06.13 12:00:00;0,000;13,000;3,000;91,000;8,000;17,117;1,000;2,000;

6878;2016.06.13 13:00:00;0,000;13,100;3,000;88,000;8,000;17,117;1,000;2,000;

6879;2016.06.13 14:00:00;0,000;13,100;3,000;88,000;8,000;17,117;1,000;2,000;

6880;2016.06.13 15:00:00;0,000;13,400;3,000;87,000;8,000;17,117;1,000;2,000;

6881;2016.06.13 16:00:00;0,000;13,400;3,000;84,000;8,000;17,117;1,000;2,000;

6882;2016.06.13 17:00:00;0,000;12,600;3,000;86,000;8,000;17,117;1,000;2,000;

6883;2016.06.13 18:00:00;0,000;12,300;3,000;85,000;8,000;17,117;1,000;2,000;

6884;2016.06.13 19:00:00;0,000;12,100;3,000;84,000;8,000;17,117;1,000;2,000;

6885;2016.06.13 20:00:00;0,000;12,000;3,000;84,000;8,000;17,117;1,000;2,000;

6886;2016.06.13 21:00:00;0,000;11,900;3,000;85,000;8,000;17,117;1,000;2,000;

6887;2016.06.13 22:00:00;0,000;12,100;3,000;84,000;8,000;17,117;1,000;2,000;

6888;2016.06.13 23:00:00;0,000;12,400;4,000;77,000;8,000;17,117;1,000;2,000;

6889;2016.06.14 00:00:00;0,000;12,200;3,000;77,000;8,000;17,150;1,000;2,000;

6890;2016.06.14 01:00:00;0,000;12,200;3,000;76,000;8,000;17,150;1,000;2,000;

6891;2016.06.14 02:00:00;0,000;12,600;3,000;75,000;8,000;17,150;1,000;2,000;

6892;2016.06.14 03:00:00;0,000;12,400;2,000;77,000;8,000;17,150;1,000;2,000;

6893;2016.06.14 04:00:00;0,000;12,700;2,000;78,000;8,000;17,150;1,000;2,000;

6894;2016.06.14 05:00:00;0,000;13,200;2,000;79,000;8,000;17,150;1,000;2,000;

6895;2016.06.14 06:00:00;0,000;13,500;2,000;81,000;8,000;17,150;1,000;2,000;

6896;2016.06.14 07:00:00;0,000;14,200;3,000;77,000;8,000;17,150;1,000;2,000;

6897;2016.06.14 08:00:00;0,000;13,000;2,000;91,000;8,000;17,150;1,000;2,000;

6898;2016.06.14 09:00:00;0,000;13,100;3,000;93,000;8,000;17,150;1,000;2,000;

6899;2016.06.14 10:00:00;0,000;13,500;2,000;94,000;8,000;17,150;1,000;2,000;

6900;2016.06.14 11:00:00;0,000;14,700;2,000;92,000;8,000;17,150;1,000;2,000;

6901;2016.06.14 12:00:00;0,000;15,500;3,000;88,000;8,000;17,150;1,000;2,000;

6902;2016.06.14 13:00:00;0,000;18,000;3,000;81,000;8,000;17,150;1,000;2,000;

6903;2016.06.14 14:00:00;0,000;19,100;2,000;76,000;8,000;17,150;1,000;2,000;

6904;2016.06.14 15:00:00;0,000;20,100;2,000;66,000;8,000;17,150;1,000;2,000;

6905;2016.06.14 16:00:00;0,000;20,100;2,000;61,000;7,000;17,150;1,000;2,000;

6906;2016.06.14 17:00:00;0,000;19,200;2,000;71,000;8,000;17,150;1,000;2,000;

6907;2016.06.14 18:00:00;0,000;17,000;1,000;90,000;8,000;17,150;1,000;2,000;

6908;2016.06.14 19:00:00;0,000;15,900;1,000;93,000;6,000;17,150;1,000;2,000;

6909;2016.06.14 20:00:00;0,000;14,800;1,000;93,000;6,000;17,150;1,000;2,000;

6910;2016.06.14 21:00:00;0,000;14,400;2,000;96,000;4,000;17,150;1,000;2,000;

6911;2016.06.14 22:00:00;0,000;14,000;2,000;96,000;3,000;17,150;1,000;2,000;

6912;2016.06.14 23:00:00;0,000;13,500;1,000;97,000;1,000;17,150;1,000;2,000;

6913;2016.06.15 00:00:00;0,000;13,500;2,000;98,000;1,000;17,150;1,000;2,000;

6914;2016.06.15 01:00:00;0,000;13,000;1,000;97,000;2,000;17,150;1,000;2,000;

6915;2016.06.15 02:00:00;0,000;12,800;2,000;97,000;1,000;17,150;1,000;2,000;

6916;2016.06.15 03:00:00;0,000;12,200;2,000;97,000;4,000;17,150;1,000;2,000;

6917;2016.06.15 04:00:00;0,000;13,600;2,000;96,000;4,000;17,150;1,000;2,000;

6918;2016.06.15 05:00:00;0,000;15,200;2,000;90,000;3,000;17,150;1,000;2,000;

6919;2016.06.15 06:00:00;0,000;16,900;2,000;85,000;4,000;17,150;1,000;2,000;

6920;2016.06.15 07:00:00;0,000;18,500;2,000;77,000;4,000;17,150;1,000;2,000;

6921;2016.06.15 08:00:00;0,000;20,200;2,000;62,000;5,000;17,150;1,000;2,000;

6922;2016.06.15 09:00:00;0,000;21,100;2,000;62,000;6,000;17,150;1,000;2,000;

6923;2016.06.15 10:00:00;0,000;21,800;2,000;59,000;6,000;17,150;1,000;2,000;

6924;2016.06.15 11:00:00;0,000;18,300;3,000;76,000;6,000;17,150;1,000;2,000;

6925;2016.06.15 12:00:00;0,000;20,800;3,000;66,000;7,000;17,150;1,000;2,000;

6926;2016.06.15 13:00:00;0,000;21,500;3,000;65,000;7,000;17,150;1,000;2,000;

6927;2016.06.15 14:00:00;0,000;21,100;3,000;67,000;7,000;17,150;1,000;2,000;

6928;2016.06.15 15:00:00;0,000;20,800;3,000;65,000;7,000;17,150;1,000;2,000;

6929;2016.06.15 16:00:00;0,000;20,600;2,000;66,000;7,000;17,150;1,000;2,000;

6930;2016.06.15 17:00:00;0,000;18,200;4,000;81,000;8,000;17,150;1,000;2,000;

6931;2016.06.15 18:00:00;0,000;15,100;2,000;91,000;7,000;17,150;1,000;2,000;

6932;2016.06.15 19:00:00;0,000;14,800;1,000;93,000;8,000;17,150;1,000;2,000;

6933;2016.06.15 20:00:00;0,000;14,700;1,000;93,000;8,000;17,150;1,000;2,000;

6934;2016.06.15 21:00:00;0,000;14,600;2,000;94,000;7,000;17,150;1,000;2,000;

6935;2016.06.15 22:00:00;0,000;14,700;3,000;94,000;8,000;17,150;1,000;2,000;

6936;2016.06.15 23:00:00;0,000;14,700;3,000;96,000;8,000;17,150;1,000;2,000;

6937;2016.06.16 00:00:00;0,000;14,600;2,000;97,000;8,000;17,167;1,000;2,000;

6938;2016.06.16 01:00:00;0,000;14,600;2,000;97,000;8,000;17,167;1,000;2,000;

6939;2016.06.16 02:00:00;0,000;14,400;2,000;97,000;8,000;17,167;1,000;2,000;

6940;2016.06.16 03:00:00;0,000;14,400;1,000;97,000;8,000;17,167;1,000;2,000;

6941;2016.06.16 04:00:00;0,000;14,700;1,000;97,000;8,000;17,167;1,000;2,000;

6942;2016.06.16 05:00:00;0,000;14,800;3,000;97,000;8,000;17,167;1,000;2,000;

6943;2016.06.16 06:00:00;0,000;15,400;3,000;95,000;8,000;17,167;1,000;2,000;

6944;2016.06.16 07:00:00;0,000;15,800;4,000;89,000;8,000;17,167;1,000;2,000;

6945;2016.06.16 08:00:00;0,000;16,500;4,000;85,000;7,000;17,167;1,000;2,000;

6946;2016.06.16 09:00:00;0,000;18,600;4,000;68,000;5,000;17,167;1,000;2,000;

6947;2016.06.16 10:00:00;0,000;19,100;4,000;63,000;5,000;17,167;1,000;2,000;

6948;2016.06.16 11:00:00;0,000;15,800;4,000;85,000;6,000;17,167;1,000;2,000;

6949;2016.06.16 12:00:00;0,000;18,000;2,000;81,000;5,000;17,167;1,000;2,000;

6950;2016.06.16 13:00:00;0,000;19,100;3,000;67,000;4,000;17,167;1,000;2,000;

6951;2016.06.16 14:00:00;0,000;19,100;2,000;69,000;6,000;17,167;1,000;2,000;

6952;2016.06.16 15:00:00;0,000;19,900;3,000;67,000;7,000;17,167;1,000;2,000;

6953;2016.06.16 16:00:00;0,000;19,800;2,000;65,000;7,000;17,167;1,000;2,000;

6954;2016.06.16 17:00:00;0,000;19,400;2,000;67,000;7,000;17,167;1,000;2,000;

6955;2016.06.16 18:00:00;0,000;18,600;2,000;67,000;7,000;17,167;1,000;2,000;

6956;2016.06.16 19:00:00;0,000;18,000;1,000;73,000;7,000;17,167;1,000;2,000;

6957;2016.06.16 20:00:00;0,000;16,000;1,000;82,000;7,000;17,167;1,000;2,000;

6958;2016.06.16 21:00:00;0,000;15,200;0,000;88,000;7,000;17,167;1,000;2,000;

6959;2016.06.16 22:00:00;0,000;16,400;1,000;84,000;7,000;17,167;1,000;2,000;

6960;2016.06.16 23:00:00;0,000;15,000;0,000;90,000;8,000;17,167;1,000;2,000;

6961;2016.06.17 00:00:00;0,000;16,300;2,000;87,000;8,000;17,167;2,000;2,000;

6962;2016.06.17 01:00:00;0,000;16,900;2,000;77,000;8,000;17,167;2,000;2,000;

6963;2016.06.17 02:00:00;0,000;15,600;1,000;83,000;8,000;17,167;2,000;2,000;

6964;2016.06.17 03:00:00;0,000;14,700;2,000;90,000;7,000;17,167;2,000;2,000;

6965;2016.06.17 04:00:00;0,000;16,500;2,000;83,000;8,000;17,167;2,000;2,000;

6966;2016.06.17 05:00:00;0,000;16,600;2,000;81,000;8,000;17,167;2,000;2,000;

6967;2016.06.17 06:00:00;0,000;15,300;2,000;90,000;8,000;17,167;2,000;2,000;

6968;2016.06.17 07:00:00;0,000;15,500;3,000;91,000;8,000;17,167;2,000;2,000;

6969;2016.06.17 08:00:00;0,000;15,300;3,000;90,000;8,000;17,167;2,000;2,000;

6970;2016.06.17 09:00:00;0,000;15,100;2,000;92,000;8,000;17,167;2,000;2,000;

6971;2016.06.17 10:00:00;0,000;13,900;3,000;96,000;8,000;17,167;2,000;2,000;

6972;2016.06.17 11:00:00;0,000;13,700;3,000;98,000;8,000;17,167;2,000;2,000;

6973;2016.06.17 12:00:00;0,000;13,400;4,000;98,000;8,000;17,167;2,000;2,000;

6974;2016.06.17 13:00:00;0,000;13,200;4,000;98,000;8,000;17,167;2,000;2,000;

6975;2016.06.17 14:00:00;0,000;13,600;4,000;98,000;8,000;17,167;2,000;2,000;

6976;2016.06.17 15:00:00;0,000;12,900;10,000;98,000;8,000;17,167;2,000;2,000;

6977;2016.06.17 16:00:00;0,000;13,100;8,000;97,000;8,000;17,167;2,000;2,000;

6978;2016.06.17 17:00:00;0,000;13,100;7,000;96,000;8,000;17,167;2,000;2,000;

6979;2016.06.17 18:00:00;0,000;13,600;5,000;97,000;8,000;17,167;2,000;2,000;

6980;2016.06.17 19:00:00;0,000;14,400;6,000;95,000;8,000;17,167;2,000;2,000;

6981;2016.06.17 20:00:00;0,000;14,400;5,000;95,000;8,000;17,167;2,000;2,000;

6982;2016.06.17 21:00:00;0,000;14,500;4,000;95,000;8,000;17,167;2,000;2,000;

6983;2016.06.17 22:00:00;0,000;14,500;4,000;94,000;7,000;17,167;2,000;2,000;

6984;2016.06.17 23:00:00;0,000;14,700;4,000;95,000;7,000;17,167;2,000;2,000;

6985;2016.06.18 00:00:00;0,000;14,900;4,000;94,000;7,000;17,183;3,000;2,000;

6986;2016.06.18 01:00:00;0,000;14,600;4,000;94,000;7,000;17,183;3,000;2,000;

6987;2016.06.18 02:00:00;0,000;14,100;3,000;94,000;8,000;17,183;3,000;2,000;

6988;2016.06.18 03:00:00;0,000;14,500;4,000;94,000;8,000;17,183;3,000;2,000;

6989;2016.06.18 04:00:00;0,000;14,800;4,000;93,000;8,000;17,183;3,000;2,000;

6990;2016.06.18 05:00:00;0,000;14,900;4,000;92,000;7,000;17,183;3,000;2,000;

6991;2016.06.18 06:00:00;0,000;15,300;4,000;87,000;7,000;17,183;3,000;2,000;

6992;2016.06.18 07:00:00;0,000;15,800;7,000;81,000;4,000;17,183;3,000;2,000;

6993;2016.06.18 08:00:00;0,000;17,000;4,000;73,000;6,000;17,183;3,000;2,000;

6994;2016.06.18 09:00:00;0,000;17,900;5,000;65,000;6,000;17,183;3,000;2,000;

6995;2016.06.18 10:00:00;0,000;18,500;6,000;62,000;6,000;17,183;3,000;2,000;

6996;2016.06.18 11:00:00;0,000;19,500;5,000;63,000;5,000;17,183;3,000;2,000;

6997;2016.06.18 12:00:00;0,000;19,100;4,000;71,000;4,000;17,183;3,000;2,000;

6998;2016.06.18 13:00:00;0,000;19,600;5,000;63,000;3,000;17,183;3,000;2,000;

6999;2016.06.18 14:00:00;0,000;20,500;5,000;58,000;3,000;17,183;3,000;2,000;

7000;2016.06.18 15:00:00;0,000;20,700;3,000;60,000;4,000;17,183;3,000;2,000;

7001;2016.06.18 16:00:00;0,000;19,500;3,000;61,000;6,000;17,183;3,000;2,000;

7002;2016.06.18 17:00:00;0,000;18,600;2,000;64,000;7,000;17,183;3,000;2,000;

7003;2016.06.18 18:00:00;0,000;18,000;3,000;71,000;5,000;17,183;3,000;2,000;

7004;2016.06.18 19:00:00;0,000;17,300;1,000;77,000;4,000;17,183;3,000;2,000;

7005;2016.06.18 20:00:00;0,000;16,500;2,000;84,000;2,000;17,183;3,000;2,000;

7006;2016.06.18 21:00:00;0,000;15,900;2,000;87,000;1,000;17,183;3,000;2,000;

7007;2016.06.18 22:00:00;0,000;14,400;2,000;92,000;2,000;17,183;3,000;2,000;

7008;2016.06.18 23:00:00;0,000;13,800;2,000;91,000;0,000;17,183;3,000;2,000;

7009;2016.06.19 00:00:00;0,000;13,300;1,000;91,000;0,000;17,183;4,000;2,000;

7010;2016.06.19 01:00:00;0,000;13,000;2,000;92,000;0,000;17,183;4,000;2,000;

7011;2016.06.19 02:00:00;0,000;12,500;2,000;94,000;0,000;17,183;4,000;2,000;

7012;2016.06.19 03:00:00;0,000;12,200;2,000;95,000;1,000;17,183;4,000;2,000;

7013;2016.06.19 04:00:00;0,000;13,100;2,000;93,000;0,000;17,183;4,000;2,000;

7014;2016.06.19 05:00:00;0,000;14,100;2,000;91,000;0,000;17,183;4,000;2,000;

7015;2016.06.19 06:00:00;0,000;16,600;2,000;84,000;0,000;17,183;4,000;2,000;

7016;2016.06.19 07:00:00;0,000;18,400;2,000;72,000;0,000;17,183;4,000;2,000;

7017;2016.06.19 08:00:00;0,000;20,000;2,000;66,000;3,000;17,183;4,000;2,000;

7018;2016.06.19 09:00:00;0,000;20,600;3,000;60,000;3,000;17,183;4,000;2,000;

7019;2016.06.19 10:00:00;0,000;18,700;4,000;78,000;6,000;17,183;4,000;2,000;

7020;2016.06.19 11:00:00;0,000;18,000;5,000;79,000;6,000;17,183;4,000;2,000;

7021;2016.06.19 12:00:00;0,000;18,500;4,000;78,000;6,000;17,183;4,000;2,000;

7022;2016.06.19 13:00:00;0,000;17,300;5,000;68,000;6,000;17,183;4,000;2,000;

7023;2016.06.19 14:00:00;0,000;17,800;4,000;72,000;3,000;17,183;4,000;2,000;

7024;2016.06.19 15:00:00;0,000;17,900;3,000;75,000;2,000;17,183;4,000;2,000;

7025;2016.06.19 16:00:00;0,000;16,800;3,000;78,000;3,000;17,183;4,000;2,000;

7026;2016.06.19 17:00:00;0,000;16,100;3,000;77,000;2,000;17,183;4,000;2,000;

7027;2016.06.19 18:00:00;0,000;15,300;2,000;78,000;1,000;17,183;4,000;2,000;

7028;2016.06.19 19:00:00;0,000;14,900;2,000;78,000;2,000;17,183;4,000;2,000;

7029;2016.06.19 20:00:00;0,000;13,200;1,000;87,000;1,000;17,183;4,000;2,000;

7030;2016.06.19 21:00:00;0,000;11,700;1,000;93,000;1,000;17,183;4,000;2,000;

7031;2016.06.19 22:00:00;0,000;11,100;0,000;94,000;0,000;17,183;4,000;2,000;

7032;2016.06.19 23:00:00;0,000;10,800;0,000;95,000;0,000;17,183;4,000;2,000;

7033;2016.06.20 00:00:00;0,000;10,500;0,000;95,000;0,000;17,183;1,000;2,000;

7034;2016.06.20 01:00:00;0,000;10,300;0,000;96,000;0,000;17,183;1,000;2,000;

7035;2016.06.20 02:00:00;0,000;11,000;1,000;96,000;0,000;17,183;1,000;2,000;

7036;2016.06.20 03:00:00;0,000;10,100;1,000;96,000;1,000;17,183;1,000;2,000;

7037;2016.06.20 04:00:00;0,000;11,600;1,000;97,000;1,000;17,183;1,000;2,000;

7038;2016.06.20 05:00:00;0,000;13,100;2,000;85,000;1,000;17,183;1,000;2,000;

7039;2016.06.20 06:00:00;0,000;15,600;0,000;79,000;2,000;17,183;1,000;2,000;

7040;2016.06.20 07:00:00;0,000;16,000;2,000;70,000;2,000;17,183;1,000;2,000;

7041;2016.06.20 08:00:00;0,000;17,000;2,000;63,000;3,000;17,183;1,000;2,000;

7042;2016.06.20 09:00:00;0,000;17,200;2,000;64,000;3,000;17,183;1,000;2,000;

7043;2016.06.20 10:00:00;0,000;17,900;3,000;62,000;3,000;17,183;1,000;2,000;

7044;2016.06.20 11:00:00;0,000;18,000;3,000;63,000;3,000;17,183;1,000;2,000;

7045;2016.06.20 12:00:00;0,000;18,200;4,000;63,000;2,000;17,183;1,000;2,000;

7046;2016.06.20 13:00:00;0,000;18,600;3,000;60,000;2,000;17,183;1,000;2,000;

7047;2016.06.20 14:00:00;0,000;20,100;2,000;62,000;2,000;17,183;1,000;2,000;

7048;2016.06.20 15:00:00;0,000;21,100;2,000;55,000;6,000;17,183;1,000;2,000;

7049;2016.06.20 16:00:00;0,000;21,700;3,000;53,000;3,000;17,183;1,000;2,000;

7050;2016.06.20 17:00:00;0,000;20,900;3,000;59,000;2,000;17,183;1,000;2,000;

7051;2016.06.20 18:00:00;0,000;20,700;2,000;60,000;3,000;17,183;1,000;2,000;

7052;2016.06.20 19:00:00;0,000;19,500;2,000;66,000;6,000;17,183;1,000;2,000;

7053;2016.06.20 20:00:00;0,000;18,500;2,000;70,000;2,000;17,183;1,000;2,000;

7054;2016.06.20 21:00:00;0,000;17,100;2,000;77,000;2,000;17,183;1,000;2,000;

7055;2016.06.20 22:00:00;0,000;16,000;2,000;82,000;2,000;17,183;1,000;2,000;

7056;2016.06.20 23:00:00;0,000;15,500;2,000;84,000;2,000;17,183;1,000;2,000;

7057;2016.06.21 00:00:00;0,000;14,900;3,000;87,000;2,000;17,200;1,000;2,000;

7058;2016.06.21 01:00:00;0,000;14,400;2,000;90,000;3,000;17,200;1,000;2,000;

7059;2016.06.21 02:00:00;0,000;14,000;3,000;93,000;4,000;17,200;1,000;2,000;

7060;2016.06.21 03:00:00;0,000;14,000;3,000;94,000;5,000;17,200;1,000;2,000;

7061;2016.06.21 04:00:00;0,000;14,900;4,000;91,000;7,000;17,200;1,000;2,000;

7062;2016.06.21 05:00:00;0,000;15,600;3,000;88,000;8,000;17,200;1,000;2,000;

7063;2016.06.21 06:00:00;0,000;15,800;4,000;88,000;8,000;17,200;1,000;2,000;

7064;2016.06.21 07:00:00;0,000;16,600;3,000;87,000;8,000;17,200;1,000;2,000;

7065;2016.06.21 08:00:00;0,000;16,600;3,000;88,000;8,000;17,200;1,000;2,000;

7066;2016.06.21 09:00:00;0,000;15,400;3,000;92,000;8,000;17,200;1,000;2,000;

7067;2016.06.21 10:00:00;0,000;15,700;3,000;93,000;8,000;17,200;1,000;2,000;

7068;2016.06.21 11:00:00;0,000;16,300;4,000;92,000;8,000;17,200;1,000;2,000;

7069;2016.06.21 12:00:00;0,000;16,200;2,000;95,000;8,000;17,200;1,000;2,000;

7070;2016.06.21 13:00:00;0,000;17,500;4,000;88,000;8,000;17,200;1,000;2,000;

7071;2016.06.21 14:00:00;0,000;17,900;4,000;87,000;7,000;17,200;1,000;2,000;

7072;2016.06.21 15:00:00;0,000;18,000;5,000;84,000;6,000;17,200;1,000;2,000;

7073;2016.06.21 16:00:00;0,000;18,600;6,000;77,000;4,000;17,200;1,000;2,000;

7074;2016.06.21 17:00:00;0,000;17,900;5,000;76,000;4,000;17,200;1,000;2,000;

7075;2016.06.21 18:00:00;0,000;17,200;3,000;79,000;3,000;17,200;1,000;2,000;

7076;2016.06.21 19:00:00;0,000;16,900;1,000;81,000;3,000;17,200;1,000;2,000;

7077;2016.06.21 20:00:00;0,000;15,300;1,000;85,000;0,000;17,200;1,000;2,000;

7078;2016.06.21 21:00:00;0,000;14,500;2,000;90,000;0,000;17,200;1,000;2,000;

7079;2016.06.21 22:00:00;0,000;14,100;2,000;91,000;0,000;17,200;1,000;2,000;

7080;2016.06.21 23:00:00;0,000;13,600;2,000;94,000;0,000;17,200;1,000;2,000;

7081;2016.06.22 00:00:00;0,000;13,200;2,000;95,000;0,000;17,183;1,000;2,000;

7082;2016.06.22 01:00:00;0,000;13,000;1,000;96,000;0,000;17,183;1,000;2,000;

7083;2016.06.22 02:00:00;0,000;12,800;2,000;96,000;2,000;17,183;1,000;2,000;

7084;2016.06.22 03:00:00;0,000;13,000;1,000;97,000;2,000;17,183;1,000;2,000;

7085;2016.06.22 04:00:00;0,000;14,100;2,000;95,000;4,000;17,183;1,000;2,000;

7086;2016.06.22 05:00:00;0,000;15,100;2,000;92,000;7,000;17,183;1,000;2,000;

7087;2016.06.22 06:00:00;0,000;16,900;2,000;89,000;1,000;17,183;1,000;2,000;

7088;2016.06.22 07:00:00;0,000;19,600;3,000;77,000;0,000;17,183;1,000;2,000;

7089;2016.06.22 08:00:00;0,000;21,500;2,000;68,000;2,000;17,183;1,000;2,000;

7090;2016.06.22 09:00:00;0,000;22,600;2,000;64,000;3,000;17,183;1,000;2,000;

7091;2016.06.22 10:00:00;0,000;23,500;2,000;56,000;3,000;17,183;1,000;2,000;

7092;2016.06.22 11:00:00;0,000;24,500;2,000;54,000;4,000;17,183;1,000;2,000;

7093;2016.06.22 12:00:00;0,000;25,100;3,000;51,000;4,000;17,183;1,000;2,000;

7094;2016.06.22 13:00:00;0,000;25,900;3,000;47,000;5,000;17,183;1,000;2,000;

7095;2016.06.22 14:00:00;0,000;23,900;2,000;58,000;5,000;17,183;1,000;2,000;

7096;2016.06.22 15:00:00;0,000;25,000;2,000;55,000;5,000;17,183;1,000;2,000;

7097;2016.06.22 16:00:00;0,000;25,900;1,000;50,000;3,000;17,183;1,000;2,000;

7098;2016.06.22 17:00:00;0,000;25,700;1,000;49,000;3,000;17,183;1,000;2,000;

7099;2016.06.22 18:00:00;0,000;24,700;1,000;56,000;3,000;17,183;1,000;2,000;

7100;2016.06.22 19:00:00;0,000;23,800;1,000;60,000;3,000;17,183;1,000;2,000;

7101;2016.06.22 20:00:00;0,000;22,300;2,000;65,000;3,000;17,183;1,000;2,000;

7102;2016.06.22 21:00:00;0,000;21,300;2,000;70,000;3,000;17,183;1,000;2,000;

7103;2016.06.22 22:00:00;0,000;20,500;2,000;72,000;2,000;17,183;1,000;2,000;

7104;2016.06.22 23:00:00;0,000;19,400;2,000;75,000;3,000;17,183;1,000;2,000;

7105;2016.06.23 00:00:00;0,000;18,600;2,000;78,000;1,000;17,183;1,000;2,000;

7106;2016.06.23 01:00:00;0,000;18,000;2,000;82,000;0,000;17,183;1,000;2,000;

7107;2016.06.23 02:00:00;0,000;17,700;2,000;83,000;0,000;17,183;1,000;2,000;

7108;2016.06.23 03:00:00;0,000;17,400;2,000;85,000;1,000;17,183;1,000;2,000;

7109;2016.06.23 04:00:00;0,000;18,400;2,000;81,000;1,000;17,183;1,000;2,000;

7110;2016.06.23 05:00:00;0,000;20,200;2,000;75,000;0,000;17,183;1,000;2,000;

7111;2016.06.23 06:00:00;0,000;21,600;2,000;73,000;1,000;17,183;1,000;2,000;

7112;2016.06.23 07:00:00;0,000;23,600;2,000;66,000;1,000;17,183;1,000;2,000;

7113;2016.06.23 08:00:00;0,000;24,900;2,000;64,000;2,000;17,183;1,000;2,000;

7114;2016.06.23 09:00:00;0,000;25,900;3,000;56,000;1,000;17,183;1,000;2,000;

7115;2016.06.23 10:00:00;0,000;26,900;4,000;53,000;1,000;17,183;1,000;2,000;

7116;2016.06.23 11:00:00;0,000;27,300;3,000;50,000;1,000;17,183;1,000;2,000;

7117;2016.06.23 12:00:00;0,000;28,300;3,000;47,000;2,000;17,183;1,000;2,000;

7118;2016.06.23 13:00:00;0,000;28,900;3,000;44,000;2,000;17,183;1,000;2,000;

7119;2016.06.23 14:00:00;0,000;29,200;3,000;43,000;2,000;17,183;1,000;2,000;

7120;2016.06.23 15:00:00;0,000;29,400;3,000;40,000;2,000;17,183;1,000;2,000;

7121;2016.06.23 16:00:00;0,000;29,600;3,000;40,000;1,000;17,183;1,000;2,000;

7122;2016.06.23 17:00:00;0,000;29,300;3,000;40,000;1,000;17,183;1,000;2,000;

7123;2016.06.23 18:00:00;0,000;28,700;4,000;42,000;1,000;17,183;1,000;2,000;

7124;2016.06.23 19:00:00;0,000;26,800;3,000;51,000;1,000;17,183;1,000;2,000;

7125;2016.06.23 20:00:00;0,000;25,200;4,000;54,000;1,000;17,183;1,000;2,000;

7126;2016.06.23 21:00:00;0,000;24,300;4,000;56,000;1,000;17,183;1,000;2,000;

7127;2016.06.23 22:00:00;0,000;23,400;3,000;58,000;0,000;17,183;1,000;2,000;

7128;2016.06.23 23:00:00;0,000;22,900;3,000;59,000;0,000;17,183;1,000;2,000;

7129;2016.06.24 00:00:00;0,000;22,100;3,000;60,000;5,000;17,183;2,000;2,000;

7130;2016.06.24 01:00:00;0,000;21,600;3,000;60,000;6,000;17,183;2,000;2,000;

7131;2016.06.24 02:00:00;0,000;21,200;4,000;61,000;8,000;17,183;2,000;2,000;

7132;2016.06.24 03:00:00;0,000;21,100;4,000;61,000;8,000;17,183;2,000;2,000;

7133;2016.06.24 04:00:00;0,000;21,300;4,000;62,000;8,000;17,183;2,000;2,000;

7134;2016.06.24 05:00:00;0,000;22,600;4,000;61,000;3,000;17,183;2,000;2,000;

7135;2016.06.24 06:00:00;0,000;24,300;4,000;60,000;1,000;17,183;2,000;2,000;

7136;2016.06.24 07:00:00;0,000;25,800;4,000;59,000;1,000;17,183;2,000;2,000;

7137;2016.06.24 08:00:00;0,000;27,700;4,000;54,000;0,000;17,183;2,000;2,000;

7138;2016.06.24 09:00:00;0,000;29,400;3,000;48,000;0,000;17,183;2,000;2,000;

7139;2016.06.24 10:00:00;0,000;30,200;4,000;46,000;0,000;17,183;2,000;2,000;

7140;2016.06.24 11:00:00;0,000;31,500;4,000;41,000;0,000;17,183;2,000;2,000;

7141;2016.06.24 12:00:00;0,000;32,000;4,000;41,000;1,000;17,183;2,000;2,000;

7142;2016.06.24 13:00:00;0,000;27,100;6,000;62,000;1,000;17,183;2,000;2,000;

7143;2016.06.24 14:00:00;0,000;26,000;4,000;62,000;1,000;17,183;2,000;2,000;

7144;2016.06.24 15:00:00;0,000;25,200;3,000;63,000;0,000;17,183;2,000;2,000;

7145;2016.06.24 16:00:00;0,000;26,300;3,000;57,000;0,000;17,183;2,000;2,000;

7146;2016.06.24 17:00:00;0,000;25,600;4,000;53,000;0,000;17,183;2,000;2,000;

7147;2016.06.24 18:00:00;0,000;25,800;2,000;51,000;1,000;17,183;2,000;2,000;

7148;2016.06.24 19:00:00;0,000;23,200;1,000;69,000;1,000;17,183;2,000;2,000;

7149;2016.06.24 20:00:00;0,000;21,300;1,000;78,000;1,000;17,183;2,000;2,000;

7150;2016.06.24 21:00:00;0,000;19,800;1,000;85,000;1,000;17,183;2,000;2,000;

7151;2016.06.24 22:00:00;0,000;19,800;1,000;87,000;1,000;17,183;2,000;2,000;

7152;2016.06.24 23:00:00;0,000;19,200;1,000;89,000;0,000;17,183;2,000;2,000;

7153;2016.06.25 00:00:00;0,000;21,200;5,000;87,000;1,000;17,167;3,000;2,000;

7154;2016.06.25 01:00:00;0,000;20,000;2,000;82,000;0,000;17,167;3,000;2,000;

7155;2016.06.25 02:00:00;0,000;19,500;2,000;85,000;0,000;17,167;3,000;2,000;

7156;2016.06.25 03:00:00;0,000;21,500;1,000;71,000;0,000;17,167;3,000;2,000;

7157;2016.06.25 04:00:00;0,000;21,000;0,000;79,000;0,000;17,167;3,000;2,000;

7158;2016.06.25 05:00:00;0,000;23,600;1,000;71,000;0,000;17,167;3,000;2,000;

7159;2016.06.25 06:00:00;0,000;25,800;1,000;65,000;1,000;17,167;3,000;2,000;

7160;2016.06.25 07:00:00;0,000;26,100;2,000;68,000;0,000;17,167;3,000;2,000;

7161;2016.06.25 08:00:00;0,000;28,200;2,000;62,000;1,000;17,167;3,000;2,000;

7162;2016.06.25 09:00:00;0,000;30,600;2,000;50,000;1,000;17,167;3,000;2,000;

7163;2016.06.25 10:00:00;0,000;31,500;2,000;48,000;3,000;17,167;3,000;2,000;

7164;2016.06.25 11:00:00;0,000;31,000;3,000;46,000;5,000;17,167;3,000;2,000;

7165;2016.06.25 12:00:00;0,000;32,500;3,000;39,000;6,000;17,167;3,000;2,000;

7166;2016.06.25 13:00:00;0,000;31,700;2,000;44,000;7,000;17,167;3,000;2,000;

7167;2016.06.25 14:00:00;0,000;30,600;1,000;46,000;7,000;17,167;3,000;2,000;

7168;2016.06.25 15:00:00;0,000;24,000;6,000;71,000;7,000;17,167;3,000;2,000;

7169;2016.06.25 16:00:00;0,000;24,600;2,000;65,000;7,000;17,167;3,000;2,000;

7170;2016.06.25 17:00:00;0,000;22,300;8,000;77,000;8,000;17,167;3,000;2,000;

7171;2016.06.25 18:00:00;0,000;20,700;1,000;91,000;8,000;17,167;3,000;2,000;

7172;2016.06.25 19:00:00;0,000;20,500;4,000;90,000;8,000;17,167;3,000;2,000;

7173;2016.06.25 20:00:00;0,000;20,400;4,000;89,000;8,000;17,167;3,000;2,000;

7174;2016.06.25 21:00:00;0,000;20,100;3,000;89,000;8,000;17,167;3,000;2,000;

7175;2016.06.25 22:00:00;0,000;19,600;3,000;92,000;7,000;17,167;3,000;2,000;

7176;2016.06.25 23:00:00;0,000;19,400;1,000;92,000;7,000;17,167;3,000;2,000;

7177;2016.06.26 00:00:00;0,000;18,800;2,000;95,000;7,000;17,167;4,000;2,000;

7178;2016.06.26 01:00:00;0,000;19,000;3,000;96,000;7,000;17,167;4,000;2,000;

7179;2016.06.26 02:00:00;0,000;19,500;3,000;95,000;8,000;17,167;4,000;2,000;

7180;2016.06.26 03:00:00;0,000;20,000;2,000;94,000;8,000;17,167;4,000;2,000;

7181;2016.06.26 04:00:00;0,000;20,100;2,000;94,000;8,000;17,167;4,000;2,000;

7182;2016.06.26 05:00:00;0,000;20,900;3,000;92,000;7,000;17,167;4,000;2,000;

7183;2016.06.26 06:00:00;0,000;21,700;4,000;84,000;7,000;17,167;4,000;2,000;

7184;2016.06.26 07:00:00;0,000;20,800;2,000;88,000;8,000;17,167;4,000;2,000;

7185;2016.06.26 08:00:00;0,000;17,600;6,000;95,000;8,000;17,167;4,000;2,000;

7186;2016.06.26 09:00:00;0,000;17,000;6,000;93,000;8,000;17,167;4,000;2,000;

7187;2016.06.26 10:00:00;0,000;16,700;6,000;91,000;8,000;17,167;4,000;2,000;

7188;2016.06.26 11:00:00;0,000;17,100;4,000;89,000;8,000;17,167;4,000;2,000;

7189;2016.06.26 12:00:00;0,000;17,900;6,000;82,000;7,000;17,167;4,000;2,000;

7190;2016.06.26 13:00:00;0,000;17,700;6,000;78,000;8,000;17,167;4,000;2,000;

7191;2016.06.26 14:00:00;0,000;18,100;5,000;76,000;8,000;17,167;4,000;2,000;

7192;2016.06.26 15:00:00;0,000;19,400;5,000;72,000;5,000;17,167;4,000;2,000;

7193;2016.06.26 16:00:00;0,000;19,000;5,000;71,000;4,000;17,167;4,000;2,000;

7194;2016.06.26 17:00:00;0,000;18,500;3,000;71,000;8,000;17,167;4,000;2,000;

7195;2016.06.26 18:00:00;0,000;17,900;2,000;73,000;8,000;17,167;4,000;2,000;

7196;2016.06.26 19:00:00;0,000;17,400;1,000;74,000;7,000;17,167;4,000;2,000;

7197;2016.06.26 20:00:00;0,000;15,800;1,000;81,000;7,000;17,167;4,000;2,000;

7198;2016.06.26 21:00:00;0,000;14,700;1,000;85,000;7,000;17,167;4,000;2,000;

7199;2016.06.26 22:00:00;0,000;14,600;2,000;88,000;4,000;17,167;4,000;2,000;

7200;2016.06.26 23:00:00;0,000;14,500;2,000;87,000;3,000;17,167;4,000;2,000;

7201;2016.06.27 00:00:00;0,000;13,700;1,000;89,000;3,000;17,167;1,000;2,000;

7202;2016.06.27 01:00:00;0,000;13,400;2,000;91,000;1,000;17,167;1,000;2,000;

7203;2016.06.27 02:00:00;0,000;13,200;1,000;92,000;0,000;17,167;1,000;2,000;

7204;2016.06.27 03:00:00;0,000;13,100;2,000;92,000;2,000;17,167;1,000;2,000;

7205;2016.06.27 04:00:00;0,000;14,000;2,000;89,000;3,000;17,167;1,000;2,000;

7206;2016.06.27 05:00:00;0,000;15,300;2,000;87,000;4,000;17,167;1,000;2,000;

7207;2016.06.27 06:00:00;0,000;17,800;3,000;74,000;2,000;17,167;1,000;2,000;

7208;2016.06.27 07:00:00;0,000;19,700;3,000;61,000;1,000;17,167;1,000;2,000;

7209;2016.06.27 08:00:00;0,000;20,700;3,000;56,000;1,000;17,167;1,000;2,000;

7210;2016.06.27 09:00:00;0,000;21,500;4,000;51,000;6,000;17,167;1,000;2,000;

7211;2016.06.27 10:00:00;0,000;20,900;3,000;60,000;7,000;17,167;1,000;2,000;

7212;2016.06.27 11:00:00;0,000;18,400;3,000;72,000;7,000;17,167;1,000;2,000;

7213;2016.06.27 12:00:00;0,000;19,400;3,000;72,000;7,000;17,167;1,000;2,000;

7214;2016.06.27 13:00:00;0,000;19,900;3,000;65,000;2,000;17,167;1,000;2,000;

7215;2016.06.27 14:00:00;0,000;20,400;4,000;60,000;2,000;17,167;1,000;2,000;

7216;2016.06.27 15:00:00;0,000;19,800;3,000;61,000;7,000;17,167;1,000;2,000;

7217;2016.06.27 16:00:00;0,000;20,800;2,000;60,000;7,000;17,167;1,000;2,000;

7218;2016.06.27 17:00:00;0,000;20,000;2,000;56,000;3,000;17,167;1,000;2,000;

7219;2016.06.27 18:00:00;0,000;20,000;1,000;54,000;3,000;17,167;1,000;2,000;

7220;2016.06.27 19:00:00;0,000;18,000;1,000;71,000;2,000;17,167;1,000;2,000;

7221;2016.06.27 20:00:00;0,000;15,700;1,000;79,000;2,000;17,167;1,000;2,000;

7222;2016.06.27 21:00:00;0,000;16,800;2,000;71,000;1,000;17,167;1,000;2,000;

7223;2016.06.27 22:00:00;0,000;15,300;1,000;79,000;3,000;17,167;1,000;2,000;

7224;2016.06.27 23:00:00;0,000;15,000;2,000;81,000;4,000;17,167;1,000;2,000;

7225;2016.06.28 00:00:00;0,000;14,700;2,000;81,000;4,000;17,150;1,000;2,000;

7226;2016.06.28 01:00:00;0,000;14,300;2,000;84,000;4,000;17,150;1,000;2,000;

7227;2016.06.28 02:00:00;0,000;13,800;2,000;88,000;3,000;17,150;1,000;2,000;

7228;2016.06.28 03:00:00;0,000;13,500;2,000;91,000;3,000;17,150;1,000;2,000;

7229;2016.06.28 04:00:00;0,000;14,200;2,000;90,000;6,000;17,150;1,000;2,000;

7230;2016.06.28 05:00:00;0,000;15,500;2,000;83,000;7,000;17,150;1,000;2,000;

7231;2016.06.28 06:00:00;0,000;16,500;2,000;81,000;6,000;17,150;1,000;2,000;

7232;2016.06.28 07:00:00;0,000;18,000;1,000;83,000;7,000;17,150;1,000;2,000;

7233;2016.06.28 08:00:00;0,000;18,200;3,000;83,000;8,000;17,150;1,000;2,000;

7234;2016.06.28 09:00:00;0,000;18,100;3,000;81,000;8,000;17,150;1,000;2,000;

7235;2016.06.28 10:00:00;0,000;15,400;5,000;92,000;8,000;17,150;1,000;2,000;

7236;2016.06.28 11:00:00;0,000;14,900;2,000;95,000;8,000;17,150;1,000;2,000;

7237;2016.06.28 12:00:00;0,000;14,600;4,000;91,000;8,000;17,150;1,000;2,000;

7238;2016.06.28 13:00:00;0,000;14,600;3,000;92,000;7,000;17,150;1,000;2,000;

7239;2016.06.28 14:00:00;0,000;15,600;2,000;83,000;7,000;17,150;1,000;2,000;

7240;2016.06.28 15:00:00;0,000;16,800;2,000;73,000;5,000;17,150;1,000;2,000;

7241;2016.06.28 16:00:00;0,000;17,200;2,000;66,000;5,000;17,150;1,000;2,000;

7242;2016.06.28 17:00:00;0,000;16,400;2,000;79,000;7,000;17,150;1,000;2,000;

7243;2016.06.28 18:00:00;0,000;16,700;2,000;72,000;7,000;17,150;1,000;2,000;

7244;2016.06.28 19:00:00;0,000;15,900;1,000;83,000;5,000;17,150;1,000;2,000;

7245;2016.06.28 20:00:00;0,000;13,800;0,000;90,000;5,000;17,150;1,000;2,000;

7246;2016.06.28 21:00:00;0,000;12,600;0,000;93,000;6,000;17,150;1,000;2,000;

7247;2016.06.28 22:00:00;0,000;12,900;1,000;96,000;4,000;17,150;1,000;2,000;

7248;2016.06.28 23:00:00;0,000;12,700;2,000;97,000;4,000;17,150;1,000;2,000;

7249;2016.06.29 00:00:00;0,000;12,300;2,000;97,000;2,000;17,117;1,000;2,000;

7250;2016.06.29 01:00:00;0,000;12,000;1,000;97,000;1,000;17,117;1,000;2,000;

7251;2016.06.29 02:00:00;0,000;11,600;2,000;97,000;1,000;17,117;1,000;2,000;

7252;2016.06.29 03:00:00;0,000;11,600;2,000;98,000;6,000;17,117;1,000;2,000;

7253;2016.06.29 04:00:00;0,000;12,600;2,000;92,000;7,000;17,117;1,000;2,000;

7254;2016.06.29 05:00:00;0,000;13,500;3,000;91,000;7,000;17,117;1,000;2,000;

7255;2016.06.29 06:00:00;0,000;15,500;3,000;85,000;8,000;17,117;1,000;2,000;

7256;2016.06.29 07:00:00;0,000;15,900;4,000;86,000;8,000;17,117;1,000;2,000;

7257;2016.06.29 08:00:00;0,000;17,200;3,000;85,000;8,000;17,117;1,000;2,000;

7258;2016.06.29 09:00:00;0,000;18,000;3,000;78,000;8,000;17,117;1,000;2,000;

7259;2016.06.29 10:00:00;0,000;19,600;5,000;74,000;8,000;17,117;1,000;2,000;

7260;2016.06.29 11:00:00;0,000;20,300;5,000;68,000;7,000;17,117;1,000;2,000;

7261;2016.06.29 12:00:00;0,000;21,600;4,000;66,000;7,000;17,117;1,000;2,000;

7262;2016.06.29 13:00:00;0,000;22,300;4,000;67,000;6,000;17,117;1,000;2,000;

7263;2016.06.29 14:00:00;0,000;22,500;5,000;62,000;5,000;17,117;1,000;2,000;

7264;2016.06.29 15:00:00;0,000;22,500;4,000;63,000;7,000;17,117;1,000;2,000;

7265;2016.06.29 16:00:00;0,000;17,300;2,000;89,000;5,000;17,117;1,000;2,000;

7266;2016.06.29 17:00:00;0,000;19,100;2,000;81,000;3,000;17,117;1,000;2,000;

7267;2016.06.29 18:00:00;0,000;18,900;2,000;77,000;1,000;17,117;1,000;2,000;

7268;2016.06.29 19:00:00;0,000;17,600;1,000;86,000;1,000;17,117;1,000;2,000;

7269;2016.06.29 20:00:00;0,000;15,900;1,000;93,000;5,000;17,117;1,000;2,000;

7270;2016.06.29 21:00:00;0,000;15,700;1,000;94,000;3,000;17,117;1,000;2,000;

7271;2016.06.29 22:00:00;0,000;15,500;1,000;95,000;0,000;17,117;1,000;2,000;

7272;2016.06.29 23:00:00;0,000;15,000;1,000;97,000;1,000;17,117;1,000;2,000;

7273;2016.06.30 00:00:00;0,000;14,800;1,000;97,000;0,000;17,117;1,000;2,000;

7274;2016.06.30 01:00:00;0,000;14,300;2,000;97,000;0,000;17,117;1,000;2,000;

7275;2016.06.30 02:00:00;0,000;14,000;1,000;97,000;0,000;17,117;1,000;2,000;

7276;2016.06.30 03:00:00;0,000;13,300;2,000;96,000;0,000;17,117;1,000;2,000;

7277;2016.06.30 04:00:00;0,000;13,700;2,000;95,000;6,000;17,117;1,000;2,000;

7278;2016.06.30 05:00:00;0,000;14,600;2,000;95,000;7,000;17,117;1,000;2,000;

7279;2016.06.30 06:00:00;0,000;16,600;2,000;91,000;8,000;17,117;1,000;2,000;

7280;2016.06.30 07:00:00;0,000;18,900;1,000;71,000;8,000;17,117;1,000;2,000;

7281;2016.06.30 08:00:00;0,000;20,700;1,000;63,000;7,000;17,117;1,000;2,000;

7282;2016.06.30 09:00:00;0,000;21,800;2,000;53,000;7,000;17,117;1,000;2,000;

7283;2016.06.30 10:00:00;0,000;23,400;1,000;44,000;7,000;17,117;1,000;2,000;

7284;2016.06.30 11:00:00;0,000;23,900;2,000;46,000;8,000;17,117;1,000;2,000;

7285;2016.06.30 12:00:00;0,000;24,000;1,000;48,000;8,000;17,117;1,000;2,000;

7286;2016.06.30 13:00:00;0,000;24,400;1,000;48,000;8,000;17,117;1,000;2,000;

7287;2016.06.30 14:00:00;0,000;24,400;2,000;49,000;8,000;17,117;1,000;2,000;

7288;2016.06.30 15:00:00;0,000;24,400;3,000;47,000;7,000;17,117;1,000;2,000;

7289;2016.06.30 16:00:00;0,000;24,400;3,000;47,000;7,000;17,117;1,000;2,000;

7290;2016.06.30 17:00:00;0,000;23,400;2,000;55,000;7,000;17,117;1,000;2,000;

7291;2016.06.30 18:00:00;0,000;22,300;2,000;60,000;7,000;17,117;1,000;2,000;

7292;2016.06.30 19:00:00;0,000;19,400;1,000;75,000;7,000;17,117;1,000;2,000;

7293;2016.06.30 20:00:00;0,000;18,800;2,000;72,000;7,000;17,117;1,000;2,000;

7294;2016.06.30 21:00:00;0,000;18,000;1,000;78,000;6,000;17,117;1,000;2,000;

7295;2016.06.30 22:00:00;0,000;17,000;0,000;83,000;4,000;17,117;1,000;2,000;

7296;2016.06.30 23:00:00;0,000;17,200;1,000;86,000;3,000;17,117;1,000;2,000;

7297;2016.07.01 00:00:00;0,000;16,200;1,000;87,000;1,000;17,100;2,000;2,000;

7298;2016.07.01 01:00:00;0,000;15,900;2,000;90,000;3,000;17,100;2,000;2,000;

7299;2016.07.01 02:00:00;0,000;15,400;2,000;89,000;3,000;17,100;2,000;2,000;

7300;2016.07.01 03:00:00;0,000;15,300;1,000;88,000;5,000;17,100;2,000;2,000;

7301;2016.07.01 04:00:00;0,000;15,900;2,000;86,000;6,000;17,100;2,000;2,000;

7302;2016.07.01 05:00:00;0,000;17,300;2,000;83,000;2,000;17,100;2,000;2,000;

7303;2016.07.01 06:00:00;0,000;20,100;2,000;74,000;1,000;17,100;2,000;2,000;

7304;2016.07.01 07:00:00;0,000;21,900;3,000;61,000;2,000;17,100;2,000;2,000;

7305;2016.07.01 08:00:00;0,000;23,000;4,000;57,000;2,000;17,100;2,000;2,000;

7306;2016.07.01 09:00:00;0,000;24,000;4,000;52,000;6,000;17,100;2,000;2,000;

7307;2016.07.01 10:00:00;0,000;25,100;4,000;53,000;5,000;17,100;2,000;2,000;

7308;2016.07.01 11:00:00;0,000;25,200;4,000;51,000;6,000;17,100;2,000;2,000;

7309;2016.07.01 12:00:00;0,000;21,000;1,000;75,000;7,000;17,100;2,000;2,000;

7310;2016.07.01 13:00:00;0,000;24,700;3,000;59,000;7,000;17,100;2,000;2,000;

7311;2016.07.01 14:00:00;0,000;23,500;3,000;64,000;6,000;17,100;2,000;2,000;

7312;2016.07.01 15:00:00;0,000;24,000;2,000;56,000;6,000;17,100;2,000;2,000;

7313;2016.07.01 16:00:00;0,000;24,100;2,000;56,000;6,000;17,100;2,000;2,000;

7314;2016.07.01 17:00:00;0,000;24,000;1,000;62,000;8,000;17,100;2,000;2,000;

7315;2016.07.01 18:00:00;0,000;24,000;1,000;64,000;8,000;17,100;2,000;2,000;

7316;2016.07.01 19:00:00;0,000;23,800;1,000;60,000;8,000;17,100;2,000;2,000;

7317;2016.07.01 20:00:00;0,000;23,300;3,000;63,000;8,000;17,100;2,000;2,000;

7318;2016.07.01 21:00:00;0,000;22,100;2,000;69,000;8,000;17,100;2,000;2,000;

7319;2016.07.01 22:00:00;0,000;21,100;2,000;73,000;6,000;17,100;2,000;2,000;

7320;2016.07.01 23:00:00;0,000;20,100;2,000;77,000;0,000;17,100;2,000;2,000;

7321;2016.07.02 00:00:00;0,000;19,600;2,000;79,000;0,000;17,067;3,000;2,000;

7322;2016.07.02 01:00:00;0,000;18,800;3,000;79,000;1,000;17,067;3,000;2,000;

7323;2016.07.02 02:00:00;0,000;18,600;2,000;77,000;1,000;17,067;3,000;2,000;

7324;2016.07.02 03:00:00;0,000;18,700;2,000;76,000;1,000;17,067;3,000;2,000;

7325;2016.07.02 04:00:00;0,000;19,500;3,000;73,000;2,000;17,067;3,000;2,000;

7326;2016.07.02 05:00:00;0,000;20,700;3,000;70,000;2,000;17,067;3,000;2,000;

7327;2016.07.02 06:00:00;0,000;21,900;3,000;68,000;7,000;17,067;3,000;2,000;

7328;2016.07.02 07:00:00;0,000;23,500;3,000;63,000;7,000;17,067;3,000;2,000;

7329;2016.07.02 08:00:00;0,000;24,800;5,000;50,000;7,000;17,067;3,000;2,000;

7330;2016.07.02 09:00:00;0,000;25,700;4,000;47,000;7,000;17,067;3,000;2,000;

7331;2016.07.02 10:00:00;0,000;26,100;4,000;46,000;7,000;17,067;3,000;2,000;

7332;2016.07.02 11:00:00;0,000;27,300;5,000;41,000;7,000;17,067;3,000;2,000;

7333;2016.07.02 12:00:00;0,000;20,500;9,000;75,000;7,000;17,067;3,000;2,000;

7334;2016.07.02 13:00:00;0,000;18,800;4,000;91,000;8,000;17,067;3,000;2,000;

7335;2016.07.02 14:00:00;0,000;17,700;5,000;94,000;8,000;17,067;3,000;2,000;

7336;2016.07.02 15:00:00;0,000;16,700;5,000;96,000;8,000;17,067;3,000;2,000;

7337;2016.07.02 16:00:00;0,000;16,600;3,000;95,000;8,000;17,067;3,000;2,000;

7338;2016.07.02 17:00:00;0,000;16,600;1,000;94,000;8,000;17,067;3,000;2,000;

7339;2016.07.02 18:00:00;0,000;16,400;1,000;94,000;8,000;17,067;3,000;2,000;

7340;2016.07.02 19:00:00;0,000;16,200;2,000;95,000;7,000;17,067;3,000;2,000;

7341;2016.07.02 20:00:00;0,000;15,800;2,000;93,000;7,000;17,067;3,000;2,000;

7342;2016.07.02 21:00:00;0,000;15,400;2,000;95,000;7,000;17,067;3,000;2,000;

7343;2016.07.02 22:00:00;0,000;15,000;3,000;93,000;7,000;17,067;3,000;2,000;

7344;2016.07.02 23:00:00;0,000;14,200;2,000;93,000;7,000;17,067;3,000;2,000;

7345;2016.07.03 00:00:00;0,000;14,000;2,000;94,000;7,000;17,050;4,000;2,000;

7346;2016.07.03 01:00:00;0,000;13,600;3,000;93,000;7,000;17,050;4,000;2,000;

7347;2016.07.03 02:00:00;0,000;12,700;3,000;92,000;6,000;17,050;4,000;2,000;

7348;2016.07.03 03:00:00;0,000;11,800;2,000;94,000;5,000;17,050;4,000;2,000;

7349;2016.07.03 04:00:00;0,000;11,600;2,000;94,000;5,000;17,050;4,000;2,000;

7350;2016.07.03 05:00:00;0,000;12,500;3,000;91,000;5,000;17,050;4,000;2,000;

7351;2016.07.03 06:00:00;0,000;14,300;3,000;88,000;4,000;17,050;4,000;2,000;

7352;2016.07.03 07:00:00;0,000;15,800;4,000;77,000;5,000;17,050;4,000;2,000;

7353;2016.07.03 08:00:00;0,000;16,300;5,000;70,000;5,000;17,050;4,000;2,000;

7354;2016.07.03 09:00:00;0,000;16,600;5,000;64,000;5,000;17,050;4,000;2,000;

7355;2016.07.03 10:00:00;0,000;17,600;5,000;58,000;5,000;17,050;4,000;2,000;

7356;2016.07.03 11:00:00;0,000;17,100;4,000;63,000;5,000;17,050;4,000;2,000;

7357;2016.07.03 12:00:00;0,000;18,200;3,000;57,000;3,000;17,050;4,000;2,000;

7358;2016.07.03 13:00:00;0,000;18,600;3,000;55,000;3,000;17,050;4,000;2,000;

7359;2016.07.03 14:00:00;0,000;18,400;3,000;53,000;3,000;17,050;4,000;2,000;

7360;2016.07.03 15:00:00;0,000;18,900;3,000;52,000;3,000;17,050;4,000;2,000;

7361;2016.07.03 16:00:00;0,000;18,400;3,000;50,000;4,000;17,050;4,000;2,000;

7362;2016.07.03 17:00:00;0,000;13,700;3,000;78,000;7,000;17,050;4,000;2,000;

7363;2016.07.03 18:00:00;0,000;15,400;2,000;72,000;5,000;17,050;4,000;2,000;

7364;2016.07.03 19:00:00;0,000;14,000;2,000;84,000;4,000;17,050;4,000;2,000;

7365;2016.07.03 20:00:00;0,000;12,900;2,000;91,000;1,000;17,050;4,000;2,000;

7366;2016.07.03 21:00:00;0,000;12,400;2,000;91,000;1,000;17,050;4,000;2,000;

7367;2016.07.03 22:00:00;0,000;12,200;2,000;91,000;1,000;17,050;4,000;2,000;

7368;2016.07.03 23:00:00;0,000;11,800;2,000;93,000;7,000;17,050;4,000;2,000;

7369;2016.07.04 00:00:00;0,000;11,700;2,000;92,000;2,000;17,033;1,000;2,000;

7370;2016.07.04 01:00:00;0,000;11,200;1,000;92,000;1,000;17,033;1,000;2,000;

7371;2016.07.04 02:00:00;0,000;11,100;1,000;92,000;3,000;17,033;1,000;2,000;

7372;2016.07.04 03:00:00;0,000;10,700;2,000;94,000;2,000;17,033;1,000;2,000;

7373;2016.07.04 04:00:00;0,000;10,900;1,000;95,000;5,000;17,033;1,000;2,000;

7374;2016.07.04 05:00:00;0,000;12,100;1,000;96,000;7,000;17,033;1,000;2,000;

7375;2016.07.04 06:00:00;0,000;14,100;2,000;93,000;7,000;17,033;1,000;2,000;

7376;2016.07.04 07:00:00;0,000;15,500;3,000;88,000;6,000;17,033;1,000;2,000;

7377;2016.07.04 08:00:00;0,000;16,100;5,000;70,000;7,000;17,033;1,000;2,000;

7378;2016.07.04 09:00:00;0,000;13,500;6,000;77,000;6,000;17,033;1,000;2,000;

7379;2016.07.04 10:00:00;0,000;16,900;6,000;63,000;5,000;17,033;1,000;2,000;

7380;2016.07.04 11:00:00;0,000;17,200;7,000;55,000;2,000;17,033;1,000;2,000;

7381;2016.07.04 12:00:00;0,000;17,600;7,000;55,000;3,000;17,033;1,000;2,000;

7382;2016.07.04 13:00:00;0,000;18,300;6,000;54,000;2,000;17,033;1,000;2,000;

7383;2016.07.04 14:00:00;0,000;18,300;5,000;56,000;3,000;17,033;1,000;2,000;

7384;2016.07.04 15:00:00;0,000;17,700;5,000;57,000;3,000;17,033;1,000;2,000;

7385;2016.07.04 16:00:00;0,000;18,100;5,000;58,000;2,000;17,033;1,000;2,000;

7386;2016.07.04 17:00:00;0,000;17,900;4,000;58,000;2,000;17,033;1,000;2,000;

7387;2016.07.04 18:00:00;0,000;17,300;3,000;60,000;2,000;17,033;1,000;2,000;

7388;2016.07.04 19:00:00;0,000;16,300;1,000;65,000;2,000;17,033;1,000;2,000;

7389;2016.07.04 20:00:00;0,000;14,400;1,000;78,000;2,000;17,033;1,000;2,000;

7390;2016.07.04 21:00:00;0,000;12,400;1,000;83,000;1,000;17,033;1,000;2,000;

7391;2016.07.04 22:00:00;0,000;13,400;1,000;82,000;1,000;17,033;1,000;2,000;

7392;2016.07.04 23:00:00;0,000;12,800;2,000;84,000;1,000;17,033;1,000;2,000;

7393;2016.07.05 00:00:00;0,000;12,500;2,000;86,000;6,000;17,017;1,000;2,000;

7394;2016.07.05 01:00:00;0,000;12,600;2,000;84,000;6,000;17,017;1,000;2,000;

7395;2016.07.05 02:00:00;0,000;12,300;2,000;84,000;6,000;17,017;1,000;2,000;

7396;2016.07.05 03:00:00;0,000;12,500;2,000;84,000;5,000;17,017;1,000;2,000;

7397;2016.07.05 04:00:00;0,000;12,400;2,000;84,000;5,000;17,017;1,000;2,000;

7398;2016.07.05 05:00:00;0,000;13,600;2,000;78,000;5,000;17,017;1,000;2,000;

7399;2016.07.05 06:00:00;0,000;15,200;2,000;74,000;6,000;17,017;1,000;2,000;

7400;2016.07.05 07:00:00;0,000;17,800;3,000;67,000;7,000;17,017;1,000;2,000;

7401;2016.07.05 08:00:00;0,000;19,800;3,000;56,000;8,000;17,017;1,000;2,000;

7402;2016.07.05 09:00:00;0,000;21,300;3,000;50,000;8,000;17,017;1,000;2,000;

7403;2016.07.05 10:00:00;0,000;21,900;4,000;48,000;7,000;17,017;1,000;2,000;

7404;2016.07.05 11:00:00;0,000;22,200;4,000;43,000;7,000;17,017;1,000;2,000;

7405;2016.07.05 12:00:00;0,000;22,400;3,000;48,000;6,000;17,017;1,000;2,000;

7406;2016.07.05 13:00:00;0,000;23,200;5,000;41,000;6,000;17,017;1,000;2,000;

7407;2016.07.05 14:00:00;0,000;23,900;5,000;38,000;4,000;17,017;1,000;2,000;

7408;2016.07.05 15:00:00;0,000;23,700;4,000;40,000;5,000;17,017;1,000;2,000;

7409;2016.07.05 16:00:00;0,000;22,500;3,000;46,000;7,000;17,017;1,000;2,000;

7410;2016.07.05 17:00:00;0,000;21,600;3,000;58,000;7,000;17,017;1,000;2,000;

7411;2016.07.05 18:00:00;0,000;20,700;4,000;61,000;8,000;17,017;1,000;2,000;

7412;2016.07.05 19:00:00;0,000;16,200;4,000;87,000;7,000;17,017;1,000;2,000;

7413;2016.07.05 20:00:00;0,000;16,100;3,000;90,000;7,000;17,017;1,000;2,000;

7414;2016.07.05 21:00:00;0,000;15,300;3,000;93,000;7,000;17,017;1,000;2,000;

7415;2016.07.05 22:00:00;0,000;14,300;3,000;93,000;7,000;17,017;1,000;2,000;

7416;2016.07.05 23:00:00;0,000;14,000;3,000;94,000;8,000;17,017;1,000;2,000;

7417;2016.07.06 00:00:00;0,000;14,400;3,000;94,000;8,000;16,983;1,000;2,000;

7418;2016.07.06 01:00:00;0,000;14,500;3,000;95,000;8,000;16,983;1,000;2,000;

7419;2016.07.06 02:00:00;0,000;14,200;4,000;92,000;8,000;16,983;1,000;2,000;

7420;2016.07.06 03:00:00;0,000;14,100;4,000;94,000;6,000;16,983;1,000;2,000;

7421;2016.07.06 04:00:00;0,000;14,300;5,000;92,000;7,000;16,983;1,000;2,000;

7422;2016.07.06 05:00:00;0,000;13,600;6,000;92,000;8,000;16,983;1,000;2,000;

7423;2016.07.06 06:00:00;0,000;14,100;6,000;87,000;8,000;16,983;1,000;2,000;

7424;2016.07.06 07:00:00;0,000;13,400;6,000;89,000;8,000;16,983;1,000;2,000;

7425;2016.07.06 08:00:00;0,000;13,600;7,000;86,000;7,000;16,983;1,000;2,000;

7426;2016.07.06 09:00:00;0,000;13,700;7,000;82,000;7,000;16,983;1,000;2,000;

7427;2016.07.06 10:00:00;0,000;12,600;7,000;91,000;8,000;16,983;1,000;2,000;

7428;2016.07.06 11:00:00;0,000;12,500;7,000;94,000;8,000;16,983;1,000;2,000;

7429;2016.07.06 12:00:00;0,000;13,500;9,000;94,000;8,000;16,983;1,000;2,000;

7430;2016.07.06 13:00:00;0,000;13,800;10,000;94,000;8,000;16,983;1,000;2,000;

7431;2016.07.06 14:00:00;0,000;14,100;10,000;91,000;8,000;16,983;1,000;2,000;

7432;2016.07.06 15:00:00;0,000;14,500;10,000;90,000;8,000;16,983;1,000;2,000;

7433;2016.07.06 16:00:00;0,000;15,000;9,000;88,000;8,000;16,983;1,000;2,000;

7434;2016.07.06 17:00:00;0,000;15,100;10,000;87,000;8,000;16,983;1,000;2,000;

7435;2016.07.06 18:00:00;0,000;12,900;8,000;90,000;8,000;16,983;1,000;2,000;

7436;2016.07.06 19:00:00;0,000;13,800;7,000;91,000;8,000;16,983;1,000;2,000;

7437;2016.07.06 20:00:00;0,000;15,300;9,000;85,000;7,000;16,983;1,000;2,000;

7438;2016.07.06 21:00:00;0,000;15,500;9,000;83,000;7,000;16,983;1,000;2,000;

7439;2016.07.06 22:00:00;0,000;14,900;10,000;83,000;7,000;16,983;1,000;2,000;

7440;2016.07.06 23:00:00;0,000;15,000;9,000;82,000;7,000;16,983;1,000;2,000;

7441;2016.07.07 00:00:00;0,000;14,900;9,000;82,000;7,000;16,967;1,000;2,000;

7442;2016.07.07 01:00:00;0,000;14,500;7,000;83,000;7,000;16,967;1,000;2,000;

7443;2016.07.07 02:00:00;0,000;14,400;7,000;82,000;7,000;16,967;1,000;2,000;

7444;2016.07.07 03:00:00;0,000;14,300;6,000;79,000;8,000;16,967;1,000;2,000;

7445;2016.07.07 04:00:00;0,000;14,200;5,000;75,000;7,000;16,967;1,000;2,000;

7446;2016.07.07 05:00:00;0,000;14,000;6,000;76,000;8,000;16,967;1,000;2,000;

7447;2016.07.07 06:00:00;0,000;13,900;5,000;73,000;8,000;16,967;1,000;2,000;

7448;2016.07.07 07:00:00;0,000;14,900;7,000;67,000;7,000;16,967;1,000;2,000;

7449;2016.07.07 08:00:00;0,000;15,100;6,000;69,000;7,000;16,967;1,000;2,000;

7450;2016.07.07 09:00:00;0,000;15,100;6,000;71,000;7,000;16,967;1,000;2,000;

7451;2016.07.07 10:00:00;0,000;16,000;7,000;63,000;6,000;16,967;1,000;2,000;

7452;2016.07.07 11:00:00;0,000;15,700;8,000;63,000;6,000;16,967;1,000;2,000;

7453;2016.07.07 12:00:00;0,000;16,100;9,000;64,000;6,000;16,967;1,000;2,000;

7454;2016.07.07 13:00:00;0,000;16,400;7,000;61,000;5,000;16,967;1,000;2,000;

7455;2016.07.07 14:00:00;0,000;16,900;7,000;61,000;4,000;16,967;1,000;2,000;

7456;2016.07.07 15:00:00;0,000;17,000;6,000;61,000;2,000;16,967;1,000;2,000;

7457;2016.07.07 16:00:00;0,000;17,100;7,000;60,000;2,000;16,967;1,000;2,000;

7458;2016.07.07 17:00:00;0,000;16,900;5,000;62,000;2,000;16,967;1,000;2,000;

7459;2016.07.07 18:00:00;0,000;16,200;3,000;67,000;3,000;16,967;1,000;2,000;

7460;2016.07.07 19:00:00;0,000;15,400;2,000;72,000;5,000;16,967;1,000;2,000;

7461;2016.07.07 20:00:00;0,000;14,600;3,000;77,000;4,000;16,967;1,000;2,000;

7462;2016.07.07 21:00:00;0,000;14,400;2,000;82,000;1,000;16,967;1,000;2,000;

7463;2016.07.07 22:00:00;0,000;14,200;2,000;84,000;7,000;16,967;1,000;2,000;

7464;2016.07.07 23:00:00;0,000;13,900;1,000;86,000;7,000;16,967;1,000;2,000;

7465;2016.07.08 00:00:00;0,000;14,100;2,000;85,000;7,000;16,933;2,000;2,000;

7466;2016.07.08 01:00:00;0,000;13,800;2,000;87,000;7,000;16,933;2,000;2,000;

7467;2016.07.08 02:00:00;0,000;13,500;2,000;89,000;7,000;16,933;2,000;2,000;

7468;2016.07.08 03:00:00;0,000;13,300;2,000;88,000;8,000;16,933;2,000;2,000;

7469;2016.07.08 04:00:00;0,000;14,100;2,000;85,000;8,000;16,933;2,000;2,000;

7470;2016.07.08 05:00:00;0,000;14,200;2,000;84,000;8,000;16,933;2,000;2,000;

7471;2016.07.08 06:00:00;0,000;14,600;2,000;82,000;8,000;16,933;2,000;2,000;

7472;2016.07.08 07:00:00;0,000;15,900;2,000;77,000;8,000;16,933;2,000;2,000;

7473;2016.07.08 08:00:00;0,000;17,300;2,000;71,000;8,000;16,933;2,000;2,000;

7474;2016.07.08 09:00:00;0,000;20,400;4,000;62,000;6,000;16,933;2,000;2,000;

7475;2016.07.08 10:00:00;0,000;21,500;4,000;56,000;7,000;16,933;2,000;2,000;

7476;2016.07.08 11:00:00;0,000;21,900;4,000;53,000;7,000;16,933;2,000;2,000;

7477;2016.07.08 12:00:00;0,000;22,300;3,000;50,000;6,000;16,933;2,000;2,000;

7478;2016.07.08 13:00:00;0,000;22,800;4,000;48,000;7,000;16,933;2,000;2,000;

7479;2016.07.08 14:00:00;0,000;21,100;3,000;58,000;7,000;16,933;2,000;2,000;

7480;2016.07.08 15:00:00;0,000;20,600;2,000;57,000;8,000;16,933;2,000;2,000;

7481;2016.07.08 16:00:00;0,000;20,800;1,000;55,000;8,000;16,933;2,000;2,000;

7482;2016.07.08 17:00:00;0,000;21,000;1,000;63,000;8,000;16,933;2,000;2,000;

7483;2016.07.08 18:00:00;0,000;19,000;5,000;70,000;8,000;16,933;2,000;2,000;

7484;2016.07.08 19:00:00;0,000;16,300;3,000;89,000;8,000;16,933;2,000;2,000;

7485;2016.07.08 20:00:00;0,000;15,900;1,000;93,000;8,000;16,933;2,000;2,000;

7486;2016.07.08 21:00:00;0,000;15,700;1,000;94,000;8,000;16,933;2,000;2,000;

7487;2016.07.08 22:00:00;0,000;15,200;2,000;95,000;8,000;16,933;2,000;2,000;

7488;2016.07.08 23:00:00;0,000;14,900;2,000;96,000;7,000;16,933;2,000;2,000;

7489;2016.07.09 00:00:00;0,000;15,400;3,000;95,000;7,000;16,900;3,000;2,000;

7490;2016.07.09 01:00:00;0,000;15,800;4,000;94,000;8,000;16,900;3,000;2,000;

7491;2016.07.09 02:00:00;0,000;15,400;4,000;91,000;8,000;16,900;3,000;2,000;

7492;2016.07.09 03:00:00;0,000;15,000;4,000;91,000;7,000;16,900;3,000;2,000;

7493;2016.07.09 04:00:00;0,000;14,600;3,000;92,000;7,000;16,900;3,000;2,000;

7494;2016.07.09 05:00:00;0,000;14,500;4,000;93,000;8,000;16,900;3,000;2,000;

7495;2016.07.09 06:00:00;0,000;14,900;5,000;93,000;8,000;16,900;3,000;2,000;

7496;2016.07.09 07:00:00;0,000;15,500;6,000;90,000;7,000;16,900;3,000;2,000;

7497;2016.07.09 08:00:00;0,000;16,000;6,000;88,000;8,000;16,900;3,000;2,000;

7498;2016.07.09 09:00:00;0,000;17,000;6,000;83,000;7,000;16,900;3,000;2,000;

7499;2016.07.09 10:00:00;0,000;16,900;7,000;83,000;7,000;16,900;3,000;2,000;

7500;2016.07.09 11:00:00;0,000;17,400;6,000;84,000;7,000;16,900;3,000;2,000;

7501;2016.07.09 12:00:00;0,000;17,700;8,000;81,000;7,000;16,900;3,000;2,000;

7502;2016.07.09 13:00:00;0,000;17,400;8,000;82,000;7,000;16,900;3,000;2,000;

7503;2016.07.09 14:00:00;0,000;17,000;7,000;83,000;7,000;16,900;3,000;2,000;

7504;2016.07.09 15:00:00;0,000;18,300;6,000;78,000;6,000;16,900;3,000;2,000;

7505;2016.07.09 16:00:00;0,000;18,100;7,000;73,000;6,000;16,900;3,000;2,000;

7506;2016.07.09 17:00:00;0,000;17,500;5,000;79,000;7,000;16,900;3,000;2,000;

7507;2016.07.09 18:00:00;0,000;16,900;4,000;82,000;8,000;16,900;3,000;2,000;

7508;2016.07.09 19:00:00;0,000;16,500;3,000;84,000;8,000;16,900;3,000;2,000;

7509;2016.07.09 20:00:00;0,000;15,600;2,000;87,000;7,000;16,900;3,000;2,000;

7510;2016.07.09 21:00:00;0,000;15,000;2,000;89,000;7,000;16,900;3,000;2,000;

7511;2016.07.09 22:00:00;0,000;14,700;3,000;89,000;2,000;16,900;3,000;2,000;

7512;2016.07.09 23:00:00;0,000;14,300;2,000;89,000;4,000;16,900;3,000;2,000;

7513;2016.07.10 00:00:00;0,000;14,200;2,000;89,000;2,000;16,850;4,000;2,000;

7514;2016.07.10 01:00:00;0,000;13,900;2,000;90,000;6,000;16,850;4,000;2,000;

7515;2016.07.10 02:00:00;0,000;14,200;2,000;89,000;7,000;16,850;4,000;2,000;

7516;2016.07.10 03:00:00;0,000;14,600;2,000;88,000;8,000;16,850;4,000;2,000;

7517;2016.07.10 04:00:00;0,000;15,000;2,000;87,000;8,000;16,850;4,000;2,000;

7518;2016.07.10 05:00:00;0,000;15,800;2,000;86,000;8,000;16,850;4,000;2,000;

7519;2016.07.10 06:00:00;0,000;16,200;3,000;84,000;8,000;16,850;4,000;2,000;

7520;2016.07.10 07:00:00;0,000;16,900;4,000;83,000;8,000;16,850;4,000;2,000;

7521;2016.07.10 08:00:00;0,000;16,800;3,000;92,000;7,000;16,850;4,000;2,000;

7522;2016.07.10 09:00:00;0,000;19,300;3,000;86,000;8,000;16,850;4,000;2,000;

7523;2016.07.10 10:00:00;0,000;17,300;2,000;92,000;8,000;16,850;4,000;2,000;

7524;2016.07.10 11:00:00;0,000;19,800;3,000;88,000;7,000;16,850;4,000;2,000;

7525;2016.07.10 12:00:00;0,000;22,400;5,000;69,000;7,000;16,850;4,000;2,000;

7526;2016.07.10 13:00:00;0,000;24,200;4,000;66,000;5,000;16,850;4,000;2,000;

7527;2016.07.10 14:00:00;0,000;24,700;3,000;63,000;7,000;16,850;4,000;2,000;

7528;2016.07.10 15:00:00;0,000;25,500;3,000;60,000;7,000;16,850;4,000;2,000;

7529;2016.07.10 16:00:00;0,000;25,000;2,000;64,000;7,000;16,850;4,000;2,000;

7530;2016.07.10 17:00:00;0,000;22,900;2,000;71,000;7,000;16,850;4,000;2,000;

7531;2016.07.10 18:00:00;0,000;21,700;1,000;77,000;7,000;16,850;4,000;2,000;

7532;2016.07.10 19:00:00;0,000;21,300;1,000;84,000;7,000;16,850;4,000;2,000;

7533;2016.07.10 20:00:00;0,000;19,700;1,000;90,000;7,000;16,850;4,000;2,000;

7534;2016.07.10 21:00:00;0,000;18,300;0,000;93,000;7,000;16,850;4,000;2,000;

7535;2016.07.10 22:00:00;0,000;19,300;1,000;93,000;7,000;16,850;4,000;2,000;

7536;2016.07.10 23:00:00;0,000;19,800;2,000;88,000;7,000;16,850;4,000;2,000;

7537;2016.07.11 00:00:00;0,000;19,700;3,000;85,000;7,000;16,817;1,000;2,000;

7538;2016.07.11 01:00:00;0,000;19,800;3,000;79,000;8,000;16,817;1,000;2,000;

7539;2016.07.11 02:00:00;0,000;19,900;3,000;76,000;7,000;16,817;1,000;2,000;

7540;2016.07.11 03:00:00;0,000;20,200;3,000;76,000;7,000;16,817;1,000;2,000;

7541;2016.07.11 04:00:00;0,000;20,300;3,000;76,000;7,000;16,817;1,000;2,000;

7542;2016.07.11 05:00:00;0,000;20,600;1,000;78,000;7,000;16,817;1,000;2,000;

7543;2016.07.11 06:00:00;0,000;21,100;2,000;77,000;7,000;16,817;1,000;2,000;

7544;2016.07.11 07:00:00;0,000;21,900;2,000;78,000;8,000;16,817;1,000;2,000;

7545;2016.07.11 08:00:00;0,000;23,000;2,000;71,000;8,000;16,817;1,000;2,000;

7546;2016.07.11 09:00:00;0,000;23,600;3,000;72,000;8,000;16,817;1,000;2,000;

7547;2016.07.11 10:00:00;0,000;26,000;4,000;59,000;8,000;16,817;1,000;2,000;

7548;2016.07.11 11:00:00;0,000;26,200;4,000;61,000;8,000;16,817;1,000;2,000;

7549;2016.07.11 12:00:00;0,000;23,900;4,000;67,000;8,000;16,817;1,000;2,000;

7550;2016.07.11 13:00:00;0,000;23,700;4,000;73,000;8,000;16,817;1,000;2,000;

7551;2016.07.11 14:00:00;0,000;21,800;4,000;75,000;7,000;16,817;1,000;2,000;

7552;2016.07.11 15:00:00;0,000;21,600;3,000;77,000;6,000;16,817;1,000;2,000;

7553;2016.07.11 16:00:00;0,000;21,200;3,000;76,000;4,000;16,817;1,000;2,000;

7554;2016.07.11 17:00:00;0,000;20,800;2,000;73,000;3,000;16,817;1,000;2,000;

7555;2016.07.11 18:00:00;0,000;20,300;2,000;73,000;5,000;16,817;1,000;2,000;

7556;2016.07.11 19:00:00;0,000;19,200;3,000;72,000;7,000;16,817;1,000;2,000;

7557;2016.07.11 20:00:00;0,000;18,200;1,000;75,000;7,000;16,817;1,000;2,000;

7558;2016.07.11 21:00:00;0,000;18,000;1,000;76,000;7,000;16,817;1,000;2,000;

7559;2016.07.11 22:00:00;0,000;17,500;2,000;79,000;7,000;16,817;1,000;2,000;

7560;2016.07.11 23:00:00;0,000;16,500;2,000;84,000;7,000;16,817;1,000;2,000;

7561;2016.07.12 00:00:00;0,000;16,000;2,000;86,000;2,000;16,783;1,000;2,000;

7562;2016.07.12 01:00:00;0,000;15,400;2,000;89,000;2,000;16,783;1,000;2,000;

7563;2016.07.12 02:00:00;0,000;15,100;2,000;90,000;2,000;16,783;1,000;2,000;

7564;2016.07.12 03:00:00;0,000;15,000;2,000;89,000;2,000;16,783;1,000;2,000;

7565;2016.07.12 04:00:00;0,000;15,900;2,000;84,000;7,000;16,783;1,000;2,000;

7566;2016.07.12 05:00:00;0,000;16,700;2,000;82,000;7,000;16,783;1,000;2,000;

7567;2016.07.12 06:00:00;0,000;18,700;3,000;71,000;7,000;16,783;1,000;2,000;

7568;2016.07.12 07:00:00;0,000;19,900;3,000;70,000;8,000;16,783;1,000;2,000;

7569;2016.07.12 08:00:00;0,000;20,900;4,000;64,000;7,000;16,783;1,000;2,000;

7570;2016.07.12 09:00:00;0,000;21,800;5,000;58,000;6,000;16,783;1,000;2,000;

7571;2016.07.12 10:00:00;0,000;22,700;6,000;50,000;5,000;16,783;1,000;2,000;

7572;2016.07.12 11:00:00;0,000;22,200;4,000;54,000;6,000;16,783;1,000;2,000;

7573;2016.07.12 12:00:00;0,000;23,500;5,000;45,000;5,000;16,783;1,000;2,000;

7574;2016.07.12 13:00:00;0,000;22,400;3,000;52,000;7,000;16,783;1,000;2,000;

7575;2016.07.12 14:00:00;0,000;23,000;4,000;53,000;7,000;16,783;1,000;2,000;

7576;2016.07.12 15:00:00;0,000;23,400;4,000;50,000;8,000;16,783;1,000;2,000;

7577;2016.07.12 16:00:00;0,000;22,700;2,000;57,000;7,000;16,783;1,000;2,000;

7578;2016.07.12 17:00:00;0,000;21,100;2,000;64,000;7,000;16,783;1,000;2,000;

7579;2016.07.12 18:00:00;0,000;19,900;3,000;69,000;7,000;16,783;1,000;2,000;

7580;2016.07.12 19:00:00;0,000;18,300;1,000;82,000;7,000;16,783;1,000;2,000;

7581;2016.07.12 20:00:00;0,000;17,500;1,000;83,000;7,000;16,783;1,000;2,000;

7582;2016.07.12 21:00:00;0,000;16,300;0,000;91,000;7,000;16,783;1,000;2,000;

7583;2016.07.12 22:00:00;0,000;15,700;1,000;93,000;7,000;16,783;1,000;2,000;

7584;2016.07.12 23:00:00;0,000;15,200;1,000;93,000;7,000;16,783;1,000;2,000;

7585;2016.07.13 00:00:00;0,000;15,000;1,000;94,000;7,000;16,750;1,000;2,000;

7586;2016.07.13 01:00:00;0,000;15,800;1,000;92,000;8,000;16,750;1,000;2,000;

7587;2016.07.13 02:00:00;0,000;15,600;1,000;92,000;8,000;16,750;1,000;2,000;

7588;2016.07.13 03:00:00;0,000;15,000;1,000;94,000;5,000;16,750;1,000;2,000;

7589;2016.07.13 04:00:00;0,000;15,100;1,000;94,000;5,000;16,750;1,000;2,000;

7590;2016.07.13 05:00:00;0,000;16,600;2,000;88,000;4,000;16,750;1,000;2,000;

7591;2016.07.13 06:00:00;0,000;18,300;1,000;77,000;6,000;16,750;1,000;2,000;

7592;2016.07.13 07:00:00;0,000;18,800;1,000;77,000;7,000;16,750;1,000;2,000;

7593;2016.07.13 08:00:00;0,000;18,900;4,000;74,000;7,000;16,750;1,000;2,000;

7594;2016.07.13 09:00:00;0,000;19,300;3,000;79,000;7,000;16,750;1,000;2,000;

7595;2016.07.13 10:00:00;0,000;19,100;3,000;73,000;7,000;16,750;1,000;2,000;

7596;2016.07.13 11:00:00;0,000;19,600;3,000;70,000;6,000;16,750;1,000;2,000;

7597;2016.07.13 12:00:00;0,000;19,900;3,000;72,000;4,000;16,750;1,000;2,000;

7598;2016.07.13 13:00:00;0,000;19,600;4,000;70,000;8,000;16,750;1,000;2,000;

7599;2016.07.13 14:00:00;0,000;18,500;4,000;73,000;8,000;16,750;1,000;2,000;

7600;2016.07.13 15:00:00;0,000;18,100;3,000;74,000;8,000;16,750;1,000;2,000;

7601;2016.07.13 16:00:00;0,000;18,900;2,000;69,000;7,000;16,750;1,000;2,000;

7602;2016.07.13 17:00:00;0,000;19,000;1,000;67,000;7,000;16,750;1,000;2,000;

7603;2016.07.13 18:00:00;0,000;18,500;2,000;72,000;7,000;16,750;1,000;2,000;

7604;2016.07.13 19:00:00;0,000;17,400;1,000;77,000;6,000;16,750;1,000;2,000;

7605;2016.07.13 20:00:00;0,000;16,400;1,000;81,000;8,000;16,750;1,000;2,000;

7606;2016.07.13 21:00:00;0,000;14,300;0,000;93,000;8,000;16,750;1,000;2,000;

7607;2016.07.13 22:00:00;0,000;15,900;1,000;83,000;8,000;16,750;1,000;2,000;

7608;2016.07.13 23:00:00;0,000;14,800;0,000;89,000;8,000;16,750;1,000;2,000;

7609;2016.07.14 00:00:00;0,000;14,300;1,000;89,000;8,000;16,717;1,000;2,000;

7610;2016.07.14 01:00:00;0,000;13,900;0,000;93,000;7,000;16,717;1,000;2,000;

7611;2016.07.14 02:00:00;0,000;14,500;0,000;91,000;8,000;16,717;1,000;2,000;

7612;2016.07.14 03:00:00;0,000;15,000;1,000;90,000;8,000;16,717;1,000;2,000;

7613;2016.07.14 04:00:00;0,000;14,600;2,000;93,000;8,000;16,717;1,000;2,000;

7614;2016.07.14 05:00:00;0,000;15,400;2,000;90,000;8,000;16,717;1,000;2,000;

7615;2016.07.14 06:00:00;0,000;15,500;2,000;90,000;8,000;16,717;1,000;2,000;

7616;2016.07.14 07:00:00;0,000;15,600;2,000;93,000;8,000;16,717;1,000;2,000;

7617;2016.07.14 08:00:00;0,000;15,800;2,000;93,000;8,000;16,717;1,000;2,000;

7618;2016.07.14 09:00:00;0,000;15,400;4,000;88,000;8,000;16,717;1,000;2,000;

7619;2016.07.14 10:00:00;0,000;15,000;2,000;90,000;8,000;16,717;1,000;2,000;

7620;2016.07.14 11:00:00;0,000;15,200;3,000;93,000;8,000;16,717;1,000;2,000;

7621;2016.07.14 12:00:00;0,000;14,300;3,000;89,000;8,000;16,717;1,000;2,000;

7622;2016.07.14 13:00:00;0,000;14,400;3,000;91,000;8,000;16,717;1,000;2,000;

7623;2016.07.14 14:00:00;0,000;14,500;4,000;92,000;8,000;16,717;1,000;2,000;

7624;2016.07.14 15:00:00;0,000;14,100;5,000;93,000;8,000;16,717;1,000;2,000;

7625;2016.07.14 16:00:00;0,000;13,900;5,000;94,000;8,000;16,717;1,000;2,000;

7626;2016.07.14 17:00:00;0,000;14,000;6,000;95,000;8,000;16,717;1,000;2,000;

7627;2016.07.14 18:00:00;0,000;13,800;7,000;95,000;8,000;16,717;1,000;2,000;

7628;2016.07.14 19:00:00;0,000;13,100;7,000;94,000;8,000;16,717;1,000;2,000;

7629;2016.07.14 20:00:00;0,000;13,000;7,000;93,000;8,000;16,717;1,000;2,000;

7630;2016.07.14 21:00:00;0,000;13,200;6,000;91,000;8,000;16,717;1,000;2,000;

7631;2016.07.14 22:00:00;0,000;13,100;5,000;93,000;8,000;16,717;1,000;2,000;

7632;2016.07.14 23:00:00;0,000;13,600;5,000;94,000;8,000;16,717;1,000;2,000;

7633;2016.07.15 00:00:00;0,000;13,900;5,000;94,000;8,000;16,667;2,000;2,000;

7634;2016.07.15 01:00:00;0,000;14,000;5,000;93,000;8,000;16,667;2,000;2,000;

7635;2016.07.15 02:00:00;0,000;14,300;5,000;93,000;8,000;16,667;2,000;2,000;

7636;2016.07.15 03:00:00;0,000;14,300;4,000;94,000;8,000;16,667;2,000;2,000;

7637;2016.07.15 04:00:00;0,000;14,300;2,000;94,000;8,000;16,667;2,000;2,000;

7638;2016.07.15 05:00:00;0,000;15,200;2,000;96,000;7,000;16,667;2,000;2,000;

7639;2016.07.15 06:00:00;0,000;15,900;3,000;94,000;7,000;16,667;2,000;2,000;

7640;2016.07.15 07:00:00;0,000;16,600;3,000;89,000;6,000;16,667;2,000;2,000;

7641;2016.07.15 08:00:00;0,000;17,700;6,000;84,000;7,000;16,667;2,000;2,000;

7642;2016.07.15 09:00:00;0,000;18,000;6,000;78,000;7,000;16,667;2,000;2,000;

7643;2016.07.15 10:00:00;0,000;17,800;6,000;77,000;7,000;16,667;2,000;2,000;

7644;2016.07.15 11:00:00;0,000;18,100;6,000;79,000;6,000;16,667;2,000;2,000;

7645;2016.07.15 12:00:00;0,000;17,900;6,000;79,000;7,000;16,667;2,000;2,000;

7646;2016.07.15 13:00:00;0,000;17,600;8,000;79,000;7,000;16,667;2,000;2,000;

7647;2016.07.15 14:00:00;0,000;17,800;7,000;78,000;6,000;16,667;2,000;2,000;

7648;2016.07.15 15:00:00;0,000;17,600;8,000;75,000;7,000;16,667;2,000;2,000;

7649;2016.07.15 16:00:00;0,000;16,900;7,000;76,000;7,000;16,667;2,000;2,000;

7650;2016.07.15 17:00:00;0,000;15,900;5,000;83,000;7,000;16,667;2,000;2,000;

7651;2016.07.15 18:00:00;0,000;14,900;3,000;91,000;8,000;16,667;2,000;2,000;

7652;2016.07.15 19:00:00;0,000;14,800;3,000;89,000;8,000;16,667;2,000;2,000;

7653;2016.07.15 20:00:00;0,000;14,700;3,000;89,000;7,000;16,667;2,000;2,000;

7654;2016.07.15 21:00:00;0,000;14,900;3,000;89,000;7,000;16,667;2,000;2,000;

7655;2016.07.15 22:00:00;0,000;15,600;4,000;83,000;7,000;16,667;2,000;2,000;

7656;2016.07.15 23:00:00;0,000;15,600;4,000;82,000;7,000;16,667;2,000;2,000;

7657;2016.07.16 00:00:00;0,000;15,500;4,000;82,000;7,000;16,633;3,000;2,000;

7658;2016.07.16 01:00:00;0,000;15,400;3,000;79,000;8,000;16,633;3,000;2,000;

7659;2016.07.16 02:00:00;0,000;15,100;3,000;79,000;8,000;16,633;3,000;2,000;

7660;2016.07.16 03:00:00;0,000;14,400;2,000;85,000;8,000;16,633;3,000;2,000;

7661;2016.07.16 04:00:00;0,000;14,400;2,000;84,000;8,000;16,633;3,000;2,000;

7662;2016.07.16 05:00:00;0,000;14,400;2,000;84,000;8,000;16,633;3,000;2,000;

7663;2016.07.16 06:00:00;0,000;14,500;2,000;86,000;8,000;16,633;3,000;2,000;

7664;2016.07.16 07:00:00;0,000;15,800;4,000;78,000;7,000;16,633;3,000;2,000;

7665;2016.07.16 08:00:00;0,000;16,600;5,000;72,000;7,000;16,633;3,000;2,000;

7666;2016.07.16 09:00:00;0,000;16,900;4,000;67,000;7,000;16,633;3,000;2,000;

7667;2016.07.16 10:00:00;0,000;17,700;4,000;63,000;7,000;16,633;3,000;2,000;

7668;2016.07.16 11:00:00;0,000;19,300;3,000;57,000;8,000;16,633;3,000;2,000;

7669;2016.07.16 12:00:00;0,000;19,700;3,000;51,000;7,000;16,633;3,000;2,000;

7670;2016.07.16 13:00:00;0,000;19,100;4,000;65,000;8,000;16,633;3,000;2,000;

7671;2016.07.16 14:00:00;0,000;19,900;2,000;60,000;8,000;16,633;3,000;2,000;

7672;2016.07.16 15:00:00;0,000;21,600;4,000;49,000;6,000;16,633;3,000;2,000;

7673;2016.07.16 16:00:00;0,000;20,700;2,000;57,000;6,000;16,633;3,000;2,000;

7674;2016.07.16 17:00:00;0,000;21,000;2,000;53,000;7,000;16,633;3,000;2,000;

7675;2016.07.16 18:00:00;0,000;20,100;1,000;69,000;7,000;16,633;3,000;2,000;

7676;2016.07.16 19:00:00;0,000;18,400;3,000;73,000;7,000;16,633;3,000;2,000;

7677;2016.07.16 20:00:00;0,000;18,700;2,000;68,000;8,000;16,633;3,000;2,000;

7678;2016.07.16 21:00:00;0,000;18,700;2,000;70,000;8,000;16,633;3,000;2,000;

7679;2016.07.16 22:00:00;0,000;18,100;2,000;72,000;8,000;16,633;3,000;2,000;

7680;2016.07.16 23:00:00;0,000;17,800;3,000;74,000;8,000;16,633;3,000;2,000;

7681;2016.07.17 00:00:00;0,000;17,300;2,000;89,000;8,000;16,583;4,000;2,000;

7682;2016.07.17 01:00:00;0,000;17,100;2,000;95,000;8,000;16,583;4,000;2,000;

7683;2016.07.17 02:00:00;0,000;17,400;2,000;95,000;8,000;16,583;4,000;2,000;

7684;2016.07.17 03:00:00;0,000;17,400;1,000;95,000;8,000;16,583;4,000;2,000;

7685;2016.07.17 04:00:00;0,000;17,200;1,000;94,000;7,000;16,583;4,000;2,000;

7686;2016.07.17 05:00:00;0,000;17,400;1,000;95,000;7,000;16,583;4,000;2,000;

7687;2016.07.17 06:00:00;0,000;17,800;3,000;86,000;6,000;16,583;4,000;2,000;

7688;2016.07.17 07:00:00;0,000;18,000;5,000;79,000;6,000;16,583;4,000;2,000;

7689;2016.07.17 08:00:00;0,000;17,900;5,000;74,000;5,000;16,583;4,000;2,000;

7690;2016.07.17 09:00:00;0,000;18,400;5,000;73,000;6,000;16,583;4,000;2,000;

7691;2016.07.17 10:00:00;0,000;19,100;4,000;66,000;4,000;16,583;4,000;2,000;

7692;2016.07.17 11:00:00;0,000;19,600;6,000;62,000;4,000;16,583;4,000;2,000;

7693;2016.07.17 12:00:00;0,000;19,300;6,000;63,000;4,000;16,583;4,000;2,000;

7694;2016.07.17 13:00:00;0,000;18,600;5,000;69,000;3,000;16,583;4,000;2,000;

7695;2016.07.17 14:00:00;0,000;18,800;5,000;65,000;2,000;16,583;4,000;2,000;

7696;2016.07.17 15:00:00;0,000;18,100;4,000;66,000;6,000;16,583;4,000;2,000;

7697;2016.07.17 16:00:00;0,000;16,800;3,000;69,000;7,000;16,583;4,000;2,000;

7698;2016.07.17 17:00:00;0,000;15,900;4,000;75,000;8,000;16,583;4,000;2,000;

7699;2016.07.17 18:00:00;0,000;15,400;2,000;84,000;8,000;16,583;4,000;2,000;

7700;2016.07.17 19:00:00;0,000;15,300;2,000;87,000;8,000;16,583;4,000;2,000;

7701;2016.07.17 20:00:00;0,000;15,100;2,000;88,000;8,000;16,583;4,000;2,000;

7702;2016.07.17 21:00:00;0,000;14,800;3,000;91,000;8,000;16,583;4,000;2,000;

7703;2016.07.17 22:00:00;0,000;14,500;2,000;91,000;7,000;16,583;4,000;2,000;

7704;2016.07.17 23:00:00;0,000;14,300;2,000;93,000;8,000;16,583;4,000;2,000;

7705;2016.07.18 00:00:00;0,000;14,300;2,000;94,000;8,000;16,533;1,000;2,000;

7706;2016.07.18 01:00:00;0,000;14,400;2,000;94,000;8,000;16,533;1,000;2,000;

7707;2016.07.18 02:00:00;0,000;14,700;2,000;94,000;8,000;16,533;1,000;2,000;

7708;2016.07.18 03:00:00;0,000;14,900;2,000;92,000;8,000;16,533;1,000;2,000;

7709;2016.07.18 04:00:00;0,000;14,600;2,000;94,000;8,000;16,533;1,000;2,000;

7710;2016.07.18 05:00:00;0,000;14,700;3,000;95,000;8,000;16,533;1,000;2,000;

7711;2016.07.18 06:00:00;0,000;16,400;3,000;90,000;7,000;16,533;1,000;2,000;

7712;2016.07.18 07:00:00;0,000;16,500;4,000;83,000;7,000;16,533;1,000;2,000;

7713;2016.07.18 08:00:00;0,000;16,700;3,000;83,000;7,000;16,533;1,000;2,000;

7714;2016.07.18 09:00:00;0,000;16,600;4,000;87,000;7,000;16,533;1,000;2,000;

7715;2016.07.18 10:00:00;0,000;16,300;4,000;84,000;8,000;16,533;1,000;2,000;

7716;2016.07.18 11:00:00;0,000;16,800;4,000;83,000;7,000;16,533;1,000;2,000;

7717;2016.07.18 12:00:00;0,000;17,500;5,000;76,000;7,000;16,533;1,000;2,000;

7718;2016.07.18 13:00:00;0,000;17,200;5,000;78,000;7,000;16,533;1,000;2,000;

7719;2016.07.18 14:00:00;0,000;17,800;6,000;69,000;6,000;16,533;1,000;2,000;

7720;2016.07.18 15:00:00;0,000;17,800;5,000;69,000;7,000;16,533;1,000;2,000;

7721;2016.07.18 16:00:00;0,000;17,400;5,000;72,000;7,000;16,533;1,000;2,000;

7722;2016.07.18 17:00:00;0,000;17,700;5,000;72,000;6,000;16,533;1,000;2,000;

7723;2016.07.18 18:00:00;0,000;16,600;3,000;81,000;7,000;16,533;1,000;2,000;

7724;2016.07.18 19:00:00;0,000;16,300;3,000;83,000;7,000;16,533;1,000;2,000;

7725;2016.07.18 20:00:00;0,000;16,400;3,000;82,000;7,000;16,533;1,000;2,000;

7726;2016.07.18 21:00:00;0,000;16,200;2,000;85,000;8,000;16,533;1,000;2,000;

7727;2016.07.18 22:00:00;0,000;15,200;2,000;94,000;8,000;16,533;1,000;2,000;

7728;2016.07.18 23:00:00;0,000;15,100;5,000;96,000;8,000;16,533;1,000;2,000;

7729;2016.07.19 00:00:00;0,000;14,800;2,000;97,000;8,000;16,500;1,000;2,000;

7730;2016.07.19 01:00:00;0,000;15,000;1,000;97,000;8,000;16,500;1,000;2,000;

7731;2016.07.19 02:00:00;0,000;15,100;2,000;96,000;7,000;16,500;1,000;2,000;

7732;2016.07.19 03:00:00;0,000;14,900;2,000;95,000;7,000;16,500;1,000;2,000;

7733;2016.07.19 04:00:00;0,000;15,100;1,000;95,000;7,000;16,500;1,000;2,000;

7734;2016.07.19 05:00:00;0,000;15,700;3,000;93,000;7,000;16,500;1,000;2,000;

7735;2016.07.19 06:00:00;0,000;15,900;3,000;89,000;6,000;16,500;1,000;2,000;

7736;2016.07.19 07:00:00;0,000;16,400;3,000;87,000;6,000;16,500;1,000;2,000;

7737;2016.07.19 08:00:00;0,000;17,200;3,000;81,000;5,000;16,500;1,000;2,000;

7738;2016.07.19 09:00:00;0,000;17,600;3,000;76,000;5,000;16,500;1,000;2,000;

7739;2016.07.19 10:00:00;0,000;18,000;4,000;76,000;6,000;16,500;1,000;2,000;

7740;2016.07.19 11:00:00;0,000;18,600;4,000;73,000;6,000;16,500;1,000;2,000;

7741;2016.07.19 12:00:00;0,000;18,700;4,000;74,000;5,000;16,500;1,000;2,000;

7742;2016.07.19 13:00:00;0,000;18,800;4,000;72,000;4,000;16,500;1,000;2,000;

7743;2016.07.19 14:00:00;0,000;18,700;4,000;70,000;3,000;16,500;1,000;2,000;

7744;2016.07.19 15:00:00;0,000;18,600;4,000;76,000;4,000;16,500;1,000;2,000;

7745;2016.07.19 16:00:00;0,000;18,400;4,000;74,000;3,000;16,500;1,000;2,000;

7746;2016.07.19 17:00:00;0,000;18,100;3,000;77,000;2,000;16,500;1,000;2,000;

7747;2016.07.19 18:00:00;0,000;17,700;2,000;79,000;0,000;16,500;1,000;2,000;

7748;2016.07.19 19:00:00;0,000;16,900;1,000;84,000;0,000;16,500;1,000;2,000;

7749;2016.07.19 20:00:00;0,000;14,900;1,000;93,000;0,000;16,500;1,000;2,000;

7750;2016.07.19 21:00:00;0,000;14,300;1,000;96,000;0,000;16,500;1,000;2,000;

7751;2016.07.19 22:00:00;0,000;13,100;1,000;96,000;0,000;16,500;1,000;2,000;

7752;2016.07.19 23:00:00;0,000;13,500;1,000;97,000;0,000;16,500;1,000;2,000;

7753;2016.07.20 00:00:00;0,000;13,300;1,000;97,000;0,000;16,450;1,000;2,000;

7754;2016.07.20 01:00:00;0,000;12,600;1,000;97,000;0,000;16,450;1,000;2,000;

7755;2016.07.20 02:00:00;0,000;11,700;2,000;97,000;0,000;16,450;1,000;2,000;

7756;2016.07.20 03:00:00;0,000;11,400;1,000;98,000;0,000;16,450;1,000;2,000;

7757;2016.07.20 04:00:00;0,000;11,400;2,000;99,000;0,000;16,450;1,000;2,000;

7758;2016.07.20 05:00:00;0,000;12,300;2,000;99,000;0,000;16,450;1,000;2,000;

7759;2016.07.20 06:00:00;0,000;14,100;2,000;99,000;1,000;16,450;1,000;2,000;

7760;2016.07.20 07:00:00;0,000;17,100;2,000;90,000;5,000;16,450;1,000;2,000;

7761;2016.07.20 08:00:00;0,000;18,400;2,000;82,000;4,000;16,450;1,000;2,000;

7762;2016.07.20 09:00:00;0,000;19,500;3,000;76,000;4,000;16,450;1,000;2,000;

7763;2016.07.20 10:00:00;0,000;20,300;3,000;70,000;2,000;16,450;1,000;2,000;

7764;2016.07.20 11:00:00;0,000;20,700;3,000;69,000;1,000;16,450;1,000;2,000;

7765;2016.07.20 12:00:00;0,000;20,500;3,000;70,000;1,000;16,450;1,000;2,000;

7766;2016.07.20 13:00:00;0,000;20,800;4,000;64,000;1,000;16,450;1,000;2,000;

7767;2016.07.20 14:00:00;0,000;20,800;3,000;66,000;1,000;16,450;1,000;2,000;

7768;2016.07.20 15:00:00;0,000;20,900;3,000;61,000;1,000;16,450;1,000;2,000;

7769;2016.07.20 16:00:00;0,000;21,000;2,000;57,000;0,000;16,450;1,000;2,000;

7770;2016.07.20 17:00:00;0,000;21,100;2,000;60,000;0,000;16,450;1,000;2,000;

7771;2016.07.20 18:00:00;0,000;21,100;1,000;54,000;0,000;16,450;1,000;2,000;

7772;2016.07.20 19:00:00;0,000;20,300;1,000;61,000;0,000;16,450;1,000;2,000;

7773;2016.07.20 20:00:00;0,000;16,800;0,000;81,000;0,000;16,450;1,000;2,000;

7774;2016.07.20 21:00:00;0,000;15,600;1,000;86,000;0,000;16,450;1,000;2,000;

7775;2016.07.20 22:00:00;0,000;14,500;1,000;89,000;0,000;16,450;1,000;2,000;

7776;2016.07.20 23:00:00;0,000;16,400;2,000;79,000;0,000;16,450;1,000;2,000;

7777;2016.07.21 00:00:00;0,000;16,300;2,000;79,000;0,000;16,400;1,000;2,000;

7778;2016.07.21 01:00:00;0,000;16,100;2,000;78,000;0,000;16,400;1,000;2,000;

7779;2016.07.21 02:00:00;0,000;15,800;1,000;82,000;0,000;16,400;1,000;2,000;

7780;2016.07.21 03:00:00;0,000;15,600;1,000;84,000;6,000;16,400;1,000;2,000;

7781;2016.07.21 04:00:00;0,000;16,000;2,000;81,000;3,000;16,400;1,000;2,000;

7782;2016.07.21 05:00:00;0,000;16,900;1,000;82,000;5,000;16,400;1,000;2,000;

7783;2016.07.21 06:00:00;0,000;17,400;1,000;84,000;6,000;16,400;1,000;2,000;

7784;2016.07.21 07:00:00;0,000;20,400;1,000;65,000;7,000;16,400;1,000;2,000;

7785;2016.07.21 08:00:00;0,000;21,800;1,000;63,000;7,000;16,400;1,000;2,000;

7786;2016.07.21 09:00:00;0,000;22,800;2,000;53,000;6,000;16,400;1,000;2,000;

7787;2016.07.21 10:00:00;0,000;22,600;2,000;55,000;5,000;16,400;1,000;2,000;

7788;2016.07.21 11:00:00;0,000;23,200;3,000;58,000;6,000;16,400;1,000;2,000;

7789;2016.07.21 12:00:00;0,000;23,700;3,000;47,000;7,000;16,400;1,000;2,000;

7790;2016.07.21 13:00:00;0,000;23,900;4,000;45,000;8,000;16,400;1,000;2,000;

7791;2016.07.21 14:00:00;0,000;23,900;4,000;43,000;4,000;16,400;1,000;2,000;

7792;2016.07.21 15:00:00;0,000;23,800;3,000;41,000;3,000;16,400;1,000;2,000;

7793;2016.07.21 16:00:00;0,000;22,500;4,000;45,000;2,000;16,400;1,000;2,000;

7794;2016.07.21 17:00:00;0,000;21,700;2,000;47,000;1,000;16,400;1,000;2,000;

7795;2016.07.21 18:00:00;0,000;20,900;2,000;50,000;1,000;16,400;1,000;2,000;

7796;2016.07.21 19:00:00;0,000;19,600;1,000;56,000;1,000;16,400;1,000;2,000;

7797;2016.07.21 20:00:00;0,000;15,600;1,000;74,000;1,000;16,400;1,000;2,000;

7798;2016.07.21 21:00:00;0,000;14,000;0,000;81,000;1,000;16,400;1,000;2,000;

7799;2016.07.21 22:00:00;0,000;12,800;1,000;92,000;0,000;16,400;1,000;2,000;

7800;2016.07.21 23:00:00;0,000;12,100;1,000;94,000;0,000;16,400;1,000;2,000;

7801;2016.07.22 00:00:00;0,000;11,800;1,000;96,000;0,000;16,350;2,000;2,000;

7802;2016.07.22 01:00:00;0,000;11,300;1,000;94,000;0,000;16,350;2,000;2,000;

7803;2016.07.22 02:00:00;0,000;12,100;1,000;94,000;0,000;16,350;2,000;2,000;

7804;2016.07.22 03:00:00;0,000;11,300;1,000;95,000;0,000;16,350;2,000;2,000;

7805;2016.07.22 04:00:00;0,000;11,200;1,000;96,000;0,000;16,350;2,000;2,000;

7806;2016.07.22 05:00:00;0,000;14,100;1,000;88,000;0,000;16,350;2,000;2,000;

7807;2016.07.22 06:00:00;0,000;16,900;0,000;77,000;0,000;16,350;2,000;2,000;

7808;2016.07.22 07:00:00;0,000;18,800;2,000;76,000;0,000;16,350;2,000;2,000;

7809;2016.07.22 08:00:00;0,000;20,300;2,000;62,000;0,000;16,350;2,000;2,000;

7810;2016.07.22 09:00:00;0,000;20,500;3,000;65,000;0,000;16,350;2,000;2,000;

7811;2016.07.22 10:00:00;0,000;20,800;3,000;68,000;0,000;16,350;2,000;2,000;

7812;2016.07.22 11:00:00;0,000;20,900;4,000;70,000;1,000;16,350;2,000;2,000;

7813;2016.07.22 12:00:00;0,000;21,400;4,000;64,000;1,000;16,350;2,000;2,000;

7814;2016.07.22 13:00:00;0,000;21,900;4,000;61,000;1,000;16,350;2,000;2,000;

7815;2016.07.22 14:00:00;0,000;21,600;4,000;66,000;1,000;16,350;2,000;2,000;

7816;2016.07.22 15:00:00;0,000;21,400;4,000;62,000;1,000;16,350;2,000;2,000;

7817;2016.07.22 16:00:00;0,000;21,200;3,000;61,000;1,000;16,350;2,000;2,000;

7818;2016.07.22 17:00:00;0,000;20,700;3,000;61,000;1,000;16,350;2,000;2,000;

7819;2016.07.22 18:00:00;0,000;20,100;2,000;66,000;1,000;16,350;2,000;2,000;

7820;2016.07.22 19:00:00;0,000;18,900;1,000;75,000;1,000;16,350;2,000;2,000;

7821;2016.07.22 20:00:00;0,000;17,600;1,000;84,000;1,000;16,350;2,000;2,000;

7822;2016.07.22 21:00:00;0,000;16,800;1,000;87,000;1,000;16,350;2,000;2,000;

7823;2016.07.22 22:00:00;0,000;15,700;1,000;90,000;1,000;16,350;2,000;2,000;

7824;2016.07.22 23:00:00;0,000;14,800;1,000;94,000;0,000;16,350;2,000;2,000;

7825;2016.07.23 00:00:00;0,000;14,300;1,000;96,000;0,000;16,300;3,000;2,000;

7826;2016.07.23 01:00:00;0,000;14,300;1,000;97,000;1,000;16,300;3,000;2,000;

7827;2016.07.23 02:00:00;0,000;15,100;0,000;98,000;7,000;16,300;3,000;2,000;

7828;2016.07.23 03:00:00;0,000;16,000;0,000;97,000;8,000;16,300;3,000;2,000;

7829;2016.07.23 04:00:00;0,000;16,400;0,000;96,000;8,000;16,300;3,000;2,000;

7830;2016.07.23 05:00:00;0,000;17,400;0,000;94,000;7,000;16,300;3,000;2,000;

7831;2016.07.23 06:00:00;0,000;19,600;2,000;76,000;7,000;16,300;3,000;2,000;

7832;2016.07.23 07:00:00;0,000;20,500;2,000;70,000;6,000;16,300;3,000;2,000;

7833;2016.07.23 08:00:00;0,000;20,700;1,000;68,000;7,000;16,300;3,000;2,000;

7834;2016.07.23 09:00:00;0,000;20,500;2,000;73,000;8,000;16,300;3,000;2,000;

7835;2016.07.23 10:00:00;0,000;20,000;2,000;78,000;8,000;16,300;3,000;2,000;

7836;2016.07.23 11:00:00;0,000;20,200;2,000;78,000;8,000;16,300;3,000;2,000;

7837;2016.07.23 12:00:00;0,000;20,700;2,000;71,000;8,000;16,300;3,000;2,000;

7838;2016.07.23 13:00:00;0,000;21,000;2,000;69,000;7,000;16,300;3,000;2,000;

7839;2016.07.23 14:00:00;0,000;21,500;1,000;69,000;7,000;16,300;3,000;2,000;

7840;2016.07.23 15:00:00;0,000;21,500;2,000;69,000;7,000;16,300;3,000;2,000;

7841;2016.07.23 16:00:00;0,000;21,100;3,000;69,000;7,000;16,300;3,000;2,000;

7842;2016.07.23 17:00:00;0,000;20,400;2,000;76,000;7,000;16,300;3,000;2,000;

7843;2016.07.23 18:00:00;0,000;20,000;2,000;78,000;7,000;16,300;3,000;2,000;

7844;2016.07.23 19:00:00;0,000;19,000;1,000;79,000;8,000;16,300;3,000;2,000;

7845;2016.07.23 20:00:00;0,000;17,700;1,000;85,000;7,000;16,300;3,000;2,000;

7846;2016.07.23 21:00:00;0,000;16,600;1,000;90,000;7,000;16,300;3,000;2,000;

7847;2016.07.23 22:00:00;0,000;15,700;1,000;94,000;7,000;16,300;3,000;2,000;

7848;2016.07.23 23:00:00;0,000;15,300;0,000;96,000;7,000;16,300;3,000;2,000;

7849;2016.07.24 00:00:00;0,000;14,900;1,000;97,000;7,000;16,250;4,000;2,000;

7850;2016.07.24 01:00:00;0,000;15,000;1,000;97,000;7,000;16,250;4,000;2,000;

7851;2016.07.24 02:00:00;0,000;14,800;1,000;97,000;7,000;16,250;4,000;2,000;

7852;2016.07.24 03:00:00;0,000;14,400;0,000;96,000;7,000;16,250;4,000;2,000;

7853;2016.07.24 04:00:00;0,000;15,200;1,000;98,000;7,000;16,250;4,000;2,000;

7854;2016.07.24 05:00:00;0,000;16,500;2,000;95,000;7,000;16,250;4,000;2,000;

7855;2016.07.24 06:00:00;0,000;17,400;2,000;93,000;8,000;16,250;4,000;2,000;

7856;2016.07.24 07:00:00;0,000;18,200;1,000;90,000;8,000;16,250;4,000;2,000;

7857;2016.07.24 08:00:00;0,000;19,000;1,000;88,000;8,000;16,250;4,000;2,000;

7858;2016.07.24 09:00:00;0,000;19,700;2,000;82,000;8,000;16,250;4,000;2,000;

7859;2016.07.24 10:00:00;0,000;20,600;1,000;77,000;8,000;16,250;4,000;2,000;

7860;2016.07.24 11:00:00;0,000;21,100;2,000;75,000;7,000;16,250;4,000;2,000;

7861;2016.07.24 12:00:00;0,000;21,700;2,000;74,000;7,000;16,250;4,000;2,000;

7862;2016.07.24 13:00:00;0,000;22,000;3,000;74,000;7,000;16,250;4,000;2,000;

7863;2016.07.24 14:00:00;0,000;22,000;3,000;70,000;6,000;16,250;4,000;2,000;

7864;2016.07.24 15:00:00;0,000;21,700;3,000;74,000;5,000;16,250;4,000;2,000;

7865;2016.07.24 16:00:00;0,000;22,500;2,000;70,000;8,000;16,250;4,000;2,000;

7866;2016.07.24 17:00:00;0,000;22,500;1,000;70,000;8,000;16,250;4,000;2,000;

7867;2016.07.24 18:00:00;0,000;21,800;2,000;73,000;4,000;16,250;4,000;2,000;

7868;2016.07.24 19:00:00;0,000;20,500;1,000;79,000;2,000;16,250;4,000;2,000;

7869;2016.07.24 20:00:00;0,000;19,200;1,000;85,000;1,000;16,250;4,000;2,000;

7870;2016.07.24 21:00:00;0,000;17,200;0,000;92,000;1,000;16,250;4,000;2,000;

7871;2016.07.24 22:00:00;0,000;16,100;0,000;95,000;1,000;16,250;4,000;2,000;

7872;2016.07.24 23:00:00;0,000;15,600;0,000;97,000;1,000;16,250;4,000;2,000;

7873;2016.07.25 00:00:00;0,000;15,100;1,000;97,000;1,000;16,183;1,000;2,000;

7874;2016.07.25 01:00:00;0,000;14,700;0,000;98,000;1,000;16,183;1,000;2,000;

7875;2016.07.25 02:00:00;0,000;14,000;1,000;98,000;0,000;16,183;1,000;2,000;

7876;2016.07.25 03:00:00;0,000;13,700;0,000;98,000;0,000;16,183;1,000;2,000;

7877;2016.07.25 04:00:00;0,000;14,100;0,000;98,000;0,000;16,183;1,000;2,000;

7878;2016.07.25 05:00:00;0,000;16,000;1,000;98,000;0,000;16,183;1,000;2,000;

7879;2016.07.25 06:00:00;0,000;19,000;1,000;88,000;2,000;16,183;1,000;2,000;

7880;2016.07.25 07:00:00;0,000;20,800;1,000;79,000;0,000;16,183;1,000;2,000;

7881;2016.07.25 08:00:00;0,000;22,300;1,000;75,000;1,000;16,183;1,000;2,000;

7882;2016.07.25 09:00:00;0,000;23,800;1,000;70,000;5,000;16,183;1,000;2,000;

7883;2016.07.25 10:00:00;0,000;24,100;2,000;69,000;2,000;16,183;1,000;2,000;

7884;2016.07.25 11:00:00;0,000;24,800;3,000;67,000;2,000;16,183;1,000;2,000;

7885;2016.07.25 12:00:00;0,000;24,400;3,000;67,000;1,000;16,183;1,000;2,000;

7886;2016.07.25 13:00:00;0,000;24,700;3,000;65,000;1,000;16,183;1,000;2,000;

7887;2016.07.25 14:00:00;0,000;24,800;3,000;62,000;1,000;16,183;1,000;2,000;

7888;2016.07.25 15:00:00;0,000;24,700;3,000;61,000;1,000;16,183;1,000;2,000;

7889;2016.07.25 16:00:00;0,000;24,600;2,000;61,000;1,000;16,183;1,000;2,000;

7890;2016.07.25 17:00:00;0,000;24,100;1,000;63,000;1,000;16,183;1,000;2,000;

7891;2016.07.25 18:00:00;0,000;23,000;2,000;74,000;2,000;16,183;1,000;2,000;

7892;2016.07.25 19:00:00;0,000;20,900;1,000;85,000;2,000;16,183;1,000;2,000;

7893;2016.07.25 20:00:00;0,000;19,300;0,000;91,000;1,000;16,183;1,000;2,000;

7894;2016.07.25 21:00:00;0,000;17,800;1,000;95,000;0,000;16,183;1,000;2,000;

7895;2016.07.25 22:00:00;0,000;16,900;1,000;95,000;0,000;16,183;1,000;2,000;

7896;2016.07.25 23:00:00;0,000;16,700;1,000;96,000;0,000;16,183;1,000;2,000;

7897;2016.07.26 00:00:00;0,000;16,200;1,000;95,000;0,000;16,150;1,000;2,000;

7898;2016.07.26 01:00:00;0,000;16,400;1,000;97,000;0,000;16,150;1,000;2,000;

7899;2016.07.26 02:00:00;0,000;17,000;1,000;95,000;0,000;16,150;1,000;2,000;

7900;2016.07.26 03:00:00;0,000;16,800;2,000;96,000;2,000;16,150;1,000;2,000;

7901;2016.07.26 04:00:00;0,000;16,900;1,000;96,000;1,000;16,150;1,000;2,000;

7902;2016.07.26 05:00:00;0,000;18,700;1,000;90,000;1,000;16,150;1,000;2,000;

7903;2016.07.26 06:00:00;0,000;20,900;1,000;81,000;6,000;16,150;1,000;2,000;

7904;2016.07.26 07:00:00;0,000;22,600;1,000;71,000;1,000;16,150;1,000;2,000;

7905;2016.07.26 08:00:00;0,000;24,000;1,000;65,000;7,000;16,150;1,000;2,000;

7906;2016.07.26 09:00:00;0,000;24,500;1,000;64,000;8,000;16,150;1,000;2,000;

7907;2016.07.26 10:00:00;0,000;24,700;2,000;66,000;7,000;16,150;1,000;2,000;

7908;2016.07.26 11:00:00;0,000;23,500;3,000;63,000;7,000;16,150;1,000;2,000;

7909;2016.07.26 12:00:00;0,000;23,300;4,000;71,000;2,000;16,150;1,000;2,000;

7910;2016.07.26 13:00:00;0,000;22,600;6,000;83,000;7,000;16,150;1,000;2,000;

7911;2016.07.26 14:00:00;0,000;21,600;5,000;83,000;7,000;16,150;1,000;2,000;

7912;2016.07.26 15:00:00;0,000;21,400;4,000;85,000;7,000;16,150;1,000;2,000;

7913;2016.07.26 16:00:00;0,000;20,800;4,000;83,000;7,000;16,150;1,000;2,000;

7914;2016.07.26 17:00:00;0,000;20,600;4,000;81,000;6,000;16,150;1,000;2,000;

7915;2016.07.26 18:00:00;0,000;20,000;3,000;78,000;6,000;16,150;1,000;2,000;

7916;2016.07.26 19:00:00;0,000;18,500;2,000;84,000;2,000;16,150;1,000;2,000;

7917;2016.07.26 20:00:00;0,000;17,200;1,000;87,000;1,000;16,150;1,000;2,000;

7918;2016.07.26 21:00:00;0,000;15,400;2,000;92,000;1,000;16,150;1,000;2,000;

7919;2016.07.26 22:00:00;0,000;16,100;1,000;93,000;0,000;16,150;1,000;2,000;

7920;2016.07.26 23:00:00;0,000;15,900;1,000;92,000;0,000;16,150;1,000;2,000;

7921;2016.07.27 00:00:00;0,000;14,900;1,000;92,000;0,000;16,083;1,000;2,000;

7922;2016.07.27 01:00:00;0,000;14,600;1,000;96,000;0,000;16,083;1,000;2,000;

7923;2016.07.27 02:00:00;0,000;14,100;2,000;96,000;2,000;16,083;1,000;2,000;

7924;2016.07.27 03:00:00;0,000;13,800;1,000;95,000;2,000;16,083;1,000;2,000;

7925;2016.07.27 04:00:00;0,000;13,900;1,000;96,000;2,000;16,083;1,000;2,000;

7926;2016.07.27 05:00:00;0,000;15,500;1,000;93,000;3,000;16,083;1,000;2,000;

7927;2016.07.27 06:00:00;0,000;18,100;1,000;86,000;5,000;16,083;1,000;2,000;

7928;2016.07.27 07:00:00;0,000;20,500;2,000;71,000;6,000;16,083;1,000;2,000;

7929;2016.07.27 08:00:00;0,000;21,600;2,000;66,000;7,000;16,083;1,000;2,000;

7930;2016.07.27 09:00:00;0,000;22,600;1,000;55,000;7,000;16,083;1,000;2,000;

7931;2016.07.27 10:00:00;0,000;23,700;2,000;51,000;7,000;16,083;1,000;2,000;

7932;2016.07.27 11:00:00;0,000;23,400;2,000;67,000;7,000;16,083;1,000;2,000;

7933;2016.07.27 12:00:00;0,000;23,400;5,000;65,000;7,000;16,083;1,000;2,000;

7934;2016.07.27 13:00:00;0,000;23,600;4,000;61,000;7,000;16,083;1,000;2,000;

7935;2016.07.27 14:00:00;0,000;22,800;4,000;61,000;7,000;16,083;1,000;2,000;

7936;2016.07.27 15:00:00;0,000;23,100;4,000;60,000;6,000;16,083;1,000;2,000;

7937;2016.07.27 16:00:00;0,000;21,900;3,000;66,000;6,000;16,083;1,000;2,000;

7938;2016.07.27 17:00:00;0,000;21,600;2,000;70,000;7,000;16,083;1,000;2,000;

7939;2016.07.27 18:00:00;0,000;20,700;1,000;70,000;8,000;16,083;1,000;2,000;

7940;2016.07.27 19:00:00;0,000;20,200;3,000;78,000;8,000;16,083;1,000;2,000;

7941;2016.07.27 20:00:00;0,000;18,600;2,000;93,000;8,000;16,083;1,000;2,000;

7942;2016.07.27 21:00:00;0,000;18,700;3,000;95,000;7,000;16,083;1,000;2,000;

7943;2016.07.27 22:00:00;0,000;18,900;1,000;95,000;7,000;16,083;1,000;2,000;

7944;2016.07.27 23:00:00;0,000;18,800;1,000;96,000;7,000;16,083;1,000;2,000;

7945;2016.07.28 00:00:00;0,000;18,500;1,000;95,000;7,000;16,033;1,000;2,000;

7946;2016.07.28 01:00:00;0,000;18,300;2,000;94,000;7,000;16,033;1,000;2,000;

7947;2016.07.28 02:00:00;0,000;17,700;1,000;95,000;2,000;16,033;1,000;2,000;

7948;2016.07.28 03:00:00;0,000;17,300;2,000;97,000;8,000;16,033;1,000;2,000;

7949;2016.07.28 04:00:00;0,000;17,100;2,000;98,000;8,000;16,033;1,000;2,000;

7950;2016.07.28 05:00:00;0,000;17,800;2,000;97,000;8,000;16,033;1,000;2,000;

7951;2016.07.28 06:00:00;0,000;18,400;3,000;96,000;8,000;16,033;1,000;2,000;

7952;2016.07.28 07:00:00;0,000;19,400;3,000;93,000;7,000;16,033;1,000;2,000;

7953;2016.07.28 08:00:00;0,000;20,400;3,000;88,000;7,000;16,033;1,000;2,000;

7954;2016.07.28 09:00:00;0,000;21,300;4,000;77,000;6,000;16,033;1,000;2,000;

7955;2016.07.28 10:00:00;0,000;22,100;4,000;73,000;4,000;16,033;1,000;2,000;

7956;2016.07.28 11:00:00;0,000;21,900;4,000;70,000;5,000;16,033;1,000;2,000;

7957;2016.07.28 12:00:00;0,000;22,000;4,000;71,000;7,000;16,033;1,000;2,000;

7958;2016.07.28 13:00:00;0,000;20,900;3,000;75,000;7,000;16,033;1,000;2,000;

7959;2016.07.28 14:00:00;0,000;21,400;5,000;73,000;5,000;16,033;1,000;2,000;

7960;2016.07.28 15:00:00;0,000;21,100;4,000;74,000;6,000;16,033;1,000;2,000;

7961;2016.07.28 16:00:00;0,000;20,400;2,000;83,000;8,000;16,033;1,000;2,000;

7962;2016.07.28 17:00:00;0,000;20,500;2,000;79,000;7,000;16,033;1,000;2,000;

7963;2016.07.28 18:00:00;0,000;19,600;2,000;82,000;8,000;16,033;1,000;2,000;

7964;2016.07.28 19:00:00;0,000;18,700;1,000;87,000;7,000;16,033;1,000;2,000;

7965;2016.07.28 20:00:00;0,000;17,700;0,000;92,000;7,000;16,033;1,000;2,000;

7966;2016.07.28 21:00:00;0,000;17,700;0,000;92,000;6,000;16,033;1,000;2,000;

7967;2016.07.28 22:00:00;0,000;17,000;0,000;95,000;7,000;16,033;1,000;2,000;

7968;2016.07.28 23:00:00;0,000;17,100;0,000;94,000;5,000;16,033;1,000;2,000;

7969;2016.07.29 00:00:00;0,000;16,500;0,000;95,000;1,000;15,983;2,000;2,000;

7970;2016.07.29 01:00:00;0,000;16,600;1,000;98,000;3,000;15,983;2,000;2,000;

7971;2016.07.29 02:00:00;0,000;16,700;1,000;96,000;6,000;15,983;2,000;2,000;

7972;2016.07.29 03:00:00;0,000;16,600;2,000;95,000;4,000;15,983;2,000;2,000;

7973;2016.07.29 04:00:00;0,000;16,800;2,000;94,000;7,000;15,983;2,000;2,000;

7974;2016.07.29 05:00:00;0,000;17,100;3,000;93,000;8,000;15,983;2,000;2,000;

7975;2016.07.29 06:00:00;0,000;17,000;2,000;97,000;8,000;15,983;2,000;2,000;

7976;2016.07.29 07:00:00;0,000;17,400;1,000;96,000;8,000;15,983;2,000;2,000;

7977;2016.07.29 08:00:00;0,000;18,200;2,000;92,000;8,000;15,983;2,000;2,000;

7978;2016.07.29 09:00:00;0,000;18,000;2,000;94,000;8,000;15,983;2,000;2,000;

7979;2016.07.29 10:00:00;0,000;18,300;2,000;94,000;8,000;15,983;2,000;2,000;

7980;2016.07.29 11:00:00;0,000;19,500;3,000;83,000;7,000;15,983;2,000;2,000;

7981;2016.07.29 12:00:00;0,000;21,300;3,000;76,000;7,000;15,983;2,000;2,000;

7982;2016.07.29 13:00:00;0,000;22,400;3,000;72,000;6,000;15,983;2,000;2,000;

7983;2016.07.29 14:00:00;0,000;21,100;3,000;83,000;5,000;15,983;2,000;2,000;

7984;2016.07.29 15:00:00;0,000;21,300;3,000;76,000;4,000;15,983;2,000;2,000;

7985;2016.07.29 16:00:00;0,000;20,300;0,000;82,000;7,000;15,983;2,000;2,000;

7986;2016.07.29 17:00:00;0,000;21,100;1,000;77,000;2,000;15,983;2,000;2,000;

7987;2016.07.29 18:00:00;0,000;20,500;1,000;83,000;2,000;15,983;2,000;2,000;

7988;2016.07.29 19:00:00;0,000;19,700;1,000;90,000;7,000;15,983;2,000;2,000;

7989;2016.07.29 20:00:00;0,000;17,800;2,000;90,000;7,000;15,983;2,000;2,000;

7990;2016.07.29 21:00:00;0,000;17,200;2,000;93,000;7,000;15,983;2,000;2,000;

7991;2016.07.29 22:00:00;0,000;17,200;2,000;93,000;6,000;15,983;2,000;2,000;

7992;2016.07.29 23:00:00;0,000;16,700;2,000;94,000;0,000;15,983;2,000;2,000;

7993;2016.07.30 00:00:00;0,000;16,500;2,000;95,000;0,000;15,917;3,000;2,000;

7994;2016.07.30 01:00:00;0,000;16,500;2,000;96,000;5,000;15,917;3,000;2,000;

7995;2016.07.30 02:00:00;0,000;16,600;1,000;95,000;6,000;15,917;3,000;2,000;

7996;2016.07.30 03:00:00;0,000;16,200;3,000;95,000;3,000;15,917;3,000;2,000;

7997;2016.07.30 04:00:00;0,000;16,200;3,000;95,000;7,000;15,917;3,000;2,000;

7998;2016.07.30 05:00:00;0,000;16,600;3,000;92,000;6,000;15,917;3,000;2,000;

7999;2016.07.30 06:00:00;0,000;17,800;3,000;87,000;7,000;15,917;3,000;2,000;

8000;2016.07.30 07:00:00;0,000;19,200;3,000;84,000;7,000;15,917;3,000;2,000;

8001;2016.07.30 08:00:00;0,000;20,400;4,000;81,000;7,000;15,917;3,000;2,000;

8002;2016.07.30 09:00:00;0,000;21,200;4,000;72,000;7,000;15,917;3,000;2,000;

8003;2016.07.30 10:00:00;0,000;22,500;4,000;69,000;7,000;15,917;3,000;2,000;

8004;2016.07.30 11:00:00;0,000;21,100;4,000;81,000;7,000;15,917;3,000;2,000;

8005;2016.07.30 12:00:00;0,000;20,800;3,000;78,000;7,000;15,917;3,000;2,000;

8006;2016.07.30 13:00:00;0,000;21,700;4,000;73,000;7,000;15,917;3,000;2,000;

8007;2016.07.30 14:00:00;0,000;22,400;3,000;64,000;6,000;15,917;3,000;2,000;

8008;2016.07.30 15:00:00;0,000;23,200;5,000;62,000;5,000;15,917;3,000;2,000;

8009;2016.07.30 16:00:00;0,000;22,200;3,000;65,000;7,000;15,917;3,000;2,000;

8010;2016.07.30 17:00:00;0,000;18,100;5,000;92,000;7,000;15,917;3,000;2,000;

8011;2016.07.30 18:00:00;0,000;18,500;0,000;90,000;7,000;15,917;3,000;2,000;

8012;2016.07.30 19:00:00;0,000;18,900;2,000;87,000;7,000;15,917;3,000;2,000;

8013;2016.07.30 20:00:00;0,000;18,000;2,000;93,000;7,000;15,917;3,000;2,000;

8014;2016.07.30 21:00:00;0,000;17,600;2,000;93,000;7,000;15,917;3,000;2,000;

8015;2016.07.30 22:00:00;0,000;17,400;2,000;93,000;7,000;15,917;3,000;2,000;

8016;2016.07.30 23:00:00;0,000;16,900;2,000;95,000;6,000;15,917;3,000;2,000;

8017;2016.07.31 00:00:00;0,000;16,500;2,000;95,000;4,000;15,867;4,000;2,000;

8018;2016.07.31 01:00:00;0,000;16,200;2,000;96,000;0,000;15,867;4,000;2,000;

8019;2016.07.31 02:00:00;0,000;15,800;2,000;96,000;7,000;15,867;4,000;2,000;

8020;2016.07.31 03:00:00;0,000;15,600;2,000;97,000;7,000;15,867;4,000;2,000;

8021;2016.07.31 04:00:00;0,000;15,600;2,000;97,000;7,000;15,867;4,000;2,000;

8022;2016.07.31 05:00:00;0,000;16,000;1,000;96,000;7,000;15,867;4,000;2,000;

8023;2016.07.31 06:00:00;0,000;17,800;1,000;95,000;7,000;15,867;4,000;2,000;

8024;2016.07.31 07:00:00;0,000;19,200;1,000;82,000;6,000;15,867;4,000;2,000;

8025;2016.07.31 08:00:00;0,000;19,600;2,000;76,000;6,000;15,867;4,000;2,000;

8026;2016.07.31 09:00:00;0,000;20,600;2,000;69,000;6,000;15,867;4,000;2,000;

8027;2016.07.31 10:00:00;0,000;20,800;2,000;69,000;6,000;15,867;4,000;2,000;

8028;2016.07.31 11:00:00;0,000;21,200;2,000;68,000;6,000;15,867;4,000;2,000;

8029;2016.07.31 12:00:00;0,000;21,100;3,000;65,000;7,000;15,867;4,000;2,000;

8030;2016.07.31 13:00:00;0,000;20,800;3,000;63,000;7,000;15,867;4,000;2,000;

8031;2016.07.31 14:00:00;0,000;20,100;2,000;68,000;7,000;15,867;4,000;2,000;

8032;2016.07.31 15:00:00;0,000;20,200;3,000;66,000;7,000;15,867;4,000;2,000;

8033;2016.07.31 16:00:00;0,000;20,400;3,000;66,000;7,000;15,867;4,000;2,000;

8034;2016.07.31 17:00:00;0,000;19,900;2,000;72,000;7,000;15,867;4,000;2,000;

8035;2016.07.31 18:00:00;0,000;19,100;1,000;77,000;7,000;15,867;4,000;2,000;

8036;2016.07.31 19:00:00;0,000;18,300;1,000;82,000;7,000;15,867;4,000;2,000;

8037;2016.07.31 20:00:00;0,000;18,100;2,000;78,000;8,000;15,867;4,000;2,000;

8038;2016.07.31 21:00:00;0,000;17,500;1,000;82,000;7,000;15,867;4,000;2,000;

8039;2016.07.31 22:00:00;0,000;16,800;2,000;88,000;8,000;15,867;4,000;2,000;

8040;2016.07.31 23:00:00;0,000;16,300;1,000;95,000;8,000;15,867;4,000;2,000;

8041;2016.08.01 00:00:00;0,000;16,400;3,000;97,000;8,000;15,800;1,000;2,000;

8042;2016.08.01 01:00:00;0,000;16,200;3,000;95,000;8,000;15,800;1,000;2,000;

8043;2016.08.01 02:00:00;0,000;16,000;2,000;95,000;7,000;15,800;1,000;2,000;

8044;2016.08.01 03:00:00;0,000;16,000;1,000;96,000;8,000;15,800;1,000;2,000;

8045;2016.08.01 04:00:00;0,000;16,000;1,000;97,000;7,000;15,800;1,000;2,000;

8046;2016.08.01 05:00:00;0,000;16,100;4,000;91,000;7,000;15,800;1,000;2,000;

8047;2016.08.01 06:00:00;0,000;15,800;3,000;94,000;5,000;15,800;1,000;2,000;

8048;2016.08.01 07:00:00;0,000;17,500;3,000;86,000;5,000;15,800;1,000;2,000;

8049;2016.08.01 08:00:00;0,000;16,400;3,000;86,000;7,000;15,800;1,000;2,000;

8050;2016.08.01 09:00:00;0,000;17,900;3,000;82,000;6,000;15,800;1,000;2,000;

8051;2016.08.01 10:00:00;0,000;18,300;5,000;74,000;7,000;15,800;1,000;2,000;

8052;2016.08.01 11:00:00;0,000;19,300;5,000;70,000;4,000;15,800;1,000;2,000;

8053;2016.08.01 12:00:00;0,000;19,600;6,000;65,000;3,000;15,800;1,000;2,000;

8054;2016.08.01 13:00:00;0,000;20,300;5,000;57,000;2,000;15,800;1,000;2,000;

8055;2016.08.01 14:00:00;0,000;19,700;6,000;62,000;5,000;15,800;1,000;2,000;

8056;2016.08.01 15:00:00;0,000;18,200;6,000;66,000;5,000;15,800;1,000;2,000;

8057;2016.08.01 16:00:00;0,000;18,900;6,000;66,000;5,000;15,800;1,000;2,000;

8058;2016.08.01 17:00:00;0,000;19,000;4,000;63,000;3,000;15,800;1,000;2,000;

8059;2016.08.01 18:00:00;0,000;17,700;3,000;72,000;3,000;15,800;1,000;2,000;

8060;2016.08.01 19:00:00;0,000;16,300;1,000;77,000;3,000;15,800;1,000;2,000;

8061;2016.08.01 20:00:00;0,000;15,100;2,000;83,000;3,000;15,800;1,000;2,000;

8062;2016.08.01 21:00:00;0,000;14,400;2,000;86,000;2,000;15,800;1,000;2,000;

8063;2016.08.01 22:00:00;0,000;13,900;2,000;88,000;1,000;15,800;1,000;2,000;

8064;2016.08.01 23:00:00;0,000;13,500;3,000;88,000;0,000;15,800;1,000;2,000;

8065;2016.08.02 00:00:00;0,000;13,300;2,000;87,000;0,000;15,733;1,000;2,000;

8066;2016.08.02 01:00:00;0,000;12,600;2,000;91,000;0,000;15,733;1,000;2,000;

8067;2016.08.02 02:00:00;0,000;12,500;2,000;91,000;2,000;15,733;1,000;2,000;

8068;2016.08.02 03:00:00;0,000;12,100;2,000;92,000;3,000;15,733;1,000;2,000;

8069;2016.08.02 04:00:00;0,000;12,100;2,000;93,000;3,000;15,733;1,000;2,000;

8070;2016.08.02 05:00:00;0,000;13,500;2,000;90,000;1,000;15,733;1,000;2,000;

8071;2016.08.02 06:00:00;0,000;15,100;2,000;85,000;1,000;15,733;1,000;2,000;

8072;2016.08.02 07:00:00;0,000;17,000;3,000;77,000;5,000;15,733;1,000;2,000;

8073;2016.08.02 08:00:00;0,000;18,200;4,000;69,000;5,000;15,733;1,000;2,000;

8074;2016.08.02 09:00:00;0,000;19,000;3,000;58,000;4,000;15,733;1,000;2,000;

8075;2016.08.02 10:00:00;0,000;19,400;4,000;57,000;7,000;15,733;1,000;2,000;

8076;2016.08.02 11:00:00;0,000;17,700;3,000;79,000;7,000;15,733;1,000;2,000;

8077;2016.08.02 12:00:00;0,000;15,300;4,000;84,000;8,000;15,733;1,000;2,000;

8078;2016.08.02 13:00:00;0,000;14,600;3,000;79,000;8,000;15,733;1,000;2,000;

8079;2016.08.02 14:00:00;0,000;16,200;2,000;88,000;8,000;15,733;1,000;2,000;

8080;2016.08.02 15:00:00;0,000;17,000;2,000;73,000;8,000;15,733;1,000;2,000;

8081;2016.08.02 16:00:00;0,000;17,000;2,000;75,000;8,000;15,733;1,000;2,000;

8082;2016.08.02 17:00:00;0,000;16,900;2,000;79,000;7,000;15,733;1,000;2,000;

8083;2016.08.02 18:00:00;0,000;16,700;2,000;81,000;7,000;15,733;1,000;2,000;

8084;2016.08.02 19:00:00;0,000;16,000;2,000;84,000;7,000;15,733;1,000;2,000;

8085;2016.08.02 20:00:00;0,000;14,900;2,000;87,000;5,000;15,733;1,000;2,000;

8086;2016.08.02 21:00:00;0,000;14,100;2,000;91,000;3,000;15,733;1,000;2,000;

8087;2016.08.02 22:00:00;0,000;13,700;2,000;94,000;2,000;15,733;1,000;2,000;

8088;2016.08.02 23:00:00;0,000;13,200;2,000;96,000;0,000;15,733;1,000;2,000;

8089;2016.08.03 00:00:00;0,000;12,500;2,000;96,000;0,000;15,700;1,000;2,000;

8090;2016.08.03 01:00:00;0,000;12,100;2,000;97,000;0,000;15,700;1,000;2,000;

8091;2016.08.03 02:00:00;0,000;11,700;2,000;98,000;1,000;15,700;1,000;2,000;

8092;2016.08.03 03:00:00;0,000;10,900;2,000;98,000;9,000;15,700;1,000;2,000;

8093;2016.08.03 04:00:00;0,000;10,900;2,000;99,000;9,000;15,700;1,000;2,000;

8094;2016.08.03 05:00:00;0,000;11,200;3,000;99,000;9,000;15,700;1,000;2,000;

8095;2016.08.03 06:00:00;0,000;12,000;3,000;99,000;8,000;15,700;1,000;2,000;

8096;2016.08.03 07:00:00;0,000;13,200;3,000;99,000;8,000;15,700;1,000;2,000;

8097;2016.08.03 08:00:00;0,000;15,000;4,000;89,000;7,000;15,700;1,000;2,000;

8098;2016.08.03 09:00:00;0,000;16,800;4,000;77,000;6,000;15,700;1,000;2,000;

8099;2016.08.03 10:00:00;0,000;18,500;4,000;69,000;7,000;15,700;1,000;2,000;

8100;2016.08.03 11:00:00;0,000;19,800;4,000;64,000;7,000;15,700;1,000;2,000;

8101;2016.08.03 12:00:00;0,000;19,800;4,000;68,000;8,000;15,700;1,000;2,000;

8102;2016.08.03 13:00:00;0,000;19,000;3,000;77,000;8,000;15,700;1,000;2,000;

8103;2016.08.03 14:00:00;0,000;19,000;3,000;77,000;8,000;15,700;1,000;2,000;

8104;2016.08.03 15:00:00;0,000;18,200;4,000;86,000;8,000;15,700;1,000;2,000;

8105;2016.08.03 16:00:00;0,000;18,100;4,000;89,000;8,000;15,700;1,000;2,000;

8106;2016.08.03 17:00:00;0,000;17,600;3,000;96,000;8,000;15,700;1,000;2,000;

8107;2016.08.03 18:00:00;0,000;18,100;4,000;95,000;8,000;15,700;1,000;2,000;

8108;2016.08.03 19:00:00;0,000;18,400;3,000;95,000;8,000;15,700;1,000;2,000;

8109;2016.08.03 20:00:00;0,000;18,600;4,000;94,000;8,000;15,700;1,000;2,000;

8110;2016.08.03 21:00:00;0,000;18,500;3,000;97,000;8,000;15,700;1,000;2,000;

8111;2016.08.03 22:00:00;0,000;18,600;3,000;97,000;8,000;15,700;1,000;2,000;

8112;2016.08.03 23:00:00;0,000;18,600;3,000;96,000;8,000;15,700;1,000;2,000;

8113;2016.08.04 00:00:00;0,000;18,500;3,000;97,000;8,000;15,633;1,000;2,000;

8114;2016.08.04 01:00:00;0,000;18,600;3,000;96,000;8,000;15,633;1,000;2,000;

8115;2016.08.04 02:00:00;0,000;18,300;2,000;97,000;7,000;15,633;1,000;2,000;

8116;2016.08.04 03:00:00;0,000;18,300;2,000;98,000;8,000;15,633;1,000;2,000;

8117;2016.08.04 04:00:00;0,000;18,200;2,000;97,000;7,000;15,633;1,000;2,000;

8118;2016.08.04 05:00:00;0,000;18,700;2,000;96,000;8,000;15,633;1,000;2,000;

8119;2016.08.04 06:00:00;0,000;18,300;3,000;93,000;8,000;15,633;1,000;2,000;

8120;2016.08.04 07:00:00;0,000;18,600;2,000;94,000;8,000;15,633;1,000;2,000;

8121;2016.08.04 08:00:00;0,000;19,400;3,000;97,000;7,000;15,633;1,000;2,000;

8122;2016.08.04 09:00:00;0,000;21,600;5,000;83,000;6,000;15,633;1,000;2,000;

8123;2016.08.04 10:00:00;0,000;22,000;4,000;84,000;5,000;15,633;1,000;2,000;

8124;2016.08.04 11:00:00;0,000;23,000;5,000;67,000;6,000;15,633;1,000;2,000;

8125;2016.08.04 12:00:00;0,000;24,300;5,000;62,000;5,000;15,633;1,000;2,000;

8126;2016.08.04 13:00:00;0,000;25,300;4,000;61,000;6,000;15,633;1,000;2,000;

8127;2016.08.04 14:00:00;0,000;21,800;3,000;78,000;6,000;15,633;1,000;2,000;

8128;2016.08.04 15:00:00;0,000;21,500;3,000;72,000;7,000;15,633;1,000;2,000;

8129;2016.08.04 16:00:00;0,000;19,200;1,000;89,000;7,000;15,633;1,000;2,000;

8130;2016.08.04 17:00:00;0,000;19,200;0,000;89,000;8,000;15,633;1,000;2,000;

8131;2016.08.04 18:00:00;0,000;19,000;1,000;89,000;8,000;15,633;1,000;2,000;

8132;2016.08.04 19:00:00;0,000;18,900;1,000;92,000;8,000;15,633;1,000;2,000;

8133;2016.08.04 20:00:00;0,000;18,500;1,000;95,000;7,000;15,633;1,000;2,000;

8134;2016.08.04 21:00:00;0,000;18,100;2,000;96,000;8,000;15,633;1,000;2,000;

8135;2016.08.04 22:00:00;0,000;18,100;1,000;96,000;8,000;15,633;1,000;2,000;

8136;2016.08.04 23:00:00;0,000;17,900;1,000;95,000;8,000;15,633;1,000;2,000;

8137;2016.08.05 00:00:00;0,000;17,500;1,000;96,000;8,000;15,567;2,000;2,000;

8138;2016.08.05 01:00:00;0,000;17,500;1,000;95,000;8,000;15,567;2,000;2,000;

8139;2016.08.05 02:00:00;0,000;17,300;1,000;97,000;8,000;15,567;2,000;2,000;

8140;2016.08.05 03:00:00;0,000;17,200;1,000;97,000;8,000;15,567;2,000;2,000;

8141;2016.08.05 04:00:00;0,000;17,000;1,000;95,000;8,000;15,567;2,000;2,000;

8142;2016.08.05 05:00:00;0,000;16,700;2,000;90,000;8,000;15,567;2,000;2,000;

8143;2016.08.05 06:00:00;0,000;16,500;1,000;94,000;8,000;15,567;2,000;2,000;

8144;2016.08.05 07:00:00;0,000;16,700;2,000;96,000;8,000;15,567;2,000;2,000;

8145;2016.08.05 08:00:00;0,000;16,500;2,000;93,000;8,000;15,567;2,000;2,000;

8146;2016.08.05 09:00:00;0,000;15,800;3,000;91,000;8,000;15,567;2,000;2,000;

8147;2016.08.05 10:00:00;0,000;16,000;1,000;92,000;8,000;15,567;2,000;2,000;

8148;2016.08.05 11:00:00;0,000;16,400;1,000;91,000;8,000;15,567;2,000;2,000;

8149;2016.08.05 12:00:00;0,000;16,400;2,000;92,000;8,000;15,567;2,000;2,000;

8150;2016.08.05 13:00:00;0,000;16,400;2,000;92,000;8,000;15,567;2,000;2,000;

8151;2016.08.05 14:00:00;0,000;16,600;2,000;90,000;8,000;15,567;2,000;2,000;

8152;2016.08.05 15:00:00;0,000;16,600;2,000;93,000;8,000;15,567;2,000;2,000;

8153;2016.08.05 16:00:00;0,000;16,500;1,000;89,000;8,000;15,567;2,000;2,000;

8154;2016.08.05 17:00:00;0,000;16,400;1,000;94,000;8,000;15,567;2,000;2,000;

8155;2016.08.05 18:00:00;0,000;16,400;2,000;95,000;8,000;15,567;2,000;2,000;

8156;2016.08.05 19:00:00;0,000;16,200;2,000;95,000;7,000;15,567;2,000;2,000;

8157;2016.08.05 20:00:00;0,000;15,700;2,000;97,000;7,000;15,567;2,000;2,000;

8158;2016.08.05 21:00:00;0,000;15,600;2,000;98,000;8,000;15,567;2,000;2,000;

8159;2016.08.05 22:00:00;0,000;15,500;2,000;98,000;8,000;15,567;2,000;2,000;

8160;2016.08.05 23:00:00;0,000;15,100;2,000;98,000;4,000;15,567;2,000;2,000;

8161;2016.08.06 00:00:00;0,000;15,100;3,000;98,000;7,000;15,500;3,000;2,000;

8162;2016.08.06 01:00:00;0,000;15,100;2,000;98,000;8,000;15,500;3,000;2,000;

8163;2016.08.06 02:00:00;0,000;14,800;2,000;98,000;7,000;15,500;3,000;2,000;

8164;2016.08.06 03:00:00;0,000;15,200;2,000;97,000;7,000;15,500;3,000;2,000;

8165;2016.08.06 04:00:00;0,000;14,600;2,000;97,000;7,000;15,500;3,000;2,000;

8166;2016.08.06 05:00:00;0,000;14,800;2,000;97,000;6,000;15,500;3,000;2,000;

8167;2016.08.06 06:00:00;0,000;16,500;3,000;94,000;5,000;15,500;3,000;2,000;

8168;2016.08.06 07:00:00;0,000;17,100;4,000;88,000;7,000;15,500;3,000;2,000;

8169;2016.08.06 08:00:00;0,000;17,500;5,000;87,000;8,000;15,500;3,000;2,000;

8170;2016.08.06 09:00:00;0,000;17,800;4,000;86,000;8,000;15,500;3,000;2,000;

8171;2016.08.06 10:00:00;0,000;16,100;3,000;94,000;8,000;15,500;3,000;2,000;

8172;2016.08.06 11:00:00;0,000;18,000;2,000;86,000;7,000;15,500;3,000;2,000;

8173;2016.08.06 12:00:00;0,000;17,100;5,000;81,000;8,000;15,500;3,000;2,000;

8174;2016.08.06 13:00:00;0,000;16,800;3,000;90,000;7,000;15,500;3,000;2,000;

8175;2016.08.06 14:00:00;0,000;19,100;4,000;74,000;6,000;15,500;3,000;2,000;

8176;2016.08.06 15:00:00;0,000;18,200;4,000;74,000;7,000;15,500;3,000;2,000;

8177;2016.08.06 16:00:00;0,000;16,400;3,000;76,000;8,000;15,500;3,000;2,000;

8178;2016.08.06 17:00:00;0,000;15,100;3,000;89,000;7,000;15,500;3,000;2,000;

8179;2016.08.06 18:00:00;0,000;14,700;2,000;93,000;6,000;15,500;3,000;2,000;

8180;2016.08.06 19:00:00;0,000;14,400;2,000;95,000;6,000;15,500;3,000;2,000;

8181;2016.08.06 20:00:00;0,000;13,400;2,000;96,000;6,000;15,500;3,000;2,000;

8182;2016.08.06 21:00:00;0,000;13,900;2,000;90,000;7,000;15,500;3,000;2,000;

8183;2016.08.06 22:00:00;0,000;13,000;2,000;88,000;6,000;15,500;3,000;2,000;

8184;2016.08.06 23:00:00;0,000;13,600;5,000;90,000;8,000;15,500;3,000;2,000;

8185;2016.08.07 00:00:00;0,000;13,400;3,000;93,000;8,000;15,450;4,000;2,000;

8186;2016.08.07 01:00:00;0,000;13,700;3,000;95,000;8,000;15,450;4,000;2,000;

8187;2016.08.07 02:00:00;0,000;13,700;2,000;94,000;7,000;15,450;4,000;2,000;

8188;2016.08.07 03:00:00;0,000;13,400;3,000;94,000;6,000;15,450;4,000;2,000;

8189;2016.08.07 04:00:00;0,000;12,800;3,000;93,000;2,000;15,450;4,000;2,000;

8190;2016.08.07 05:00:00;0,000;13,500;3,000;91,000;2,000;15,450;4,000;2,000;

8191;2016.08.07 06:00:00;0,000;15,500;4,000;75,000;2,000;15,450;4,000;2,000;

8192;2016.08.07 07:00:00;0,000;16,700;7,000;68,000;4,000;15,450;4,000;2,000;

8193;2016.08.07 08:00:00;0,000;17,200;8,000;65,000;4,000;15,450;4,000;2,000;

8194;2016.08.07 09:00:00;0,000;17,400;6,000;71,000;5,000;15,450;4,000;2,000;

8195;2016.08.07 10:00:00;0,000;17,500;5,000;68,000;5,000;15,450;4,000;2,000;

8196;2016.08.07 11:00:00;0,000;18,700;5,000;65,000;5,000;15,450;4,000;2,000;

8197;2016.08.07 12:00:00;0,000;19,100;6,000;63,000;5,000;15,450;4,000;2,000;

8198;2016.08.07 13:00:00;0,000;19,600;4,000;62,000;5,000;15,450;4,000;2,000;

8199;2016.08.07 14:00:00;0,000;19,500;4,000;66,000;7,000;15,450;4,000;2,000;

8200;2016.08.07 15:00:00;0,000;19,500;4,000;66,000;7,000;15,450;4,000;2,000;

8201;2016.08.07 16:00:00;0,000;19,700;2,000;65,000;7,000;15,450;4,000;2,000;

8202;2016.08.07 17:00:00;0,000;20,000;2,000;61,000;7,000;15,450;4,000;2,000;

8203;2016.08.07 18:00:00;0,000;19,500;2,000;63,000;7,000;15,450;4,000;2,000;

8204;2016.08.07 19:00:00;0,000;18,800;2,000;66,000;3,000;15,450;4,000;2,000;

8205;2016.08.07 20:00:00;0,000;17,900;3,000;70,000;1,000;15,450;4,000;2,000;

8206;2016.08.07 21:00:00;0,000;17,600;3,000;72,000;8,000;15,450;4,000;2,000;

8207;2016.08.07 22:00:00;0,000;17,300;3,000;73,000;7,000;15,450;4,000;2,000;

8208;2016.08.07 23:00:00;0,000;17,300;3,000;73,000;6,000;15,450;4,000;2,000;

8209;2016.08.08 00:00:00;0,000;17,200;3,000;72,000;6,000;15,383;1,000;2,000;

8210;2016.08.08 01:00:00;0,000;17,200;2,000;72,000;7,000;15,383;1,000;2,000;

8211;2016.08.08 02:00:00;0,000;17,300;3,000;70,000;7,000;15,383;1,000;2,000;

8212;2016.08.08 03:00:00;0,000;17,200;2,000;71,000;8,000;15,383;1,000;2,000;

8213;2016.08.08 04:00:00;0,000;17,200;3,000;72,000;7,000;15,383;1,000;2,000;

8214;2016.08.08 05:00:00;0,000;17,800;2,000;71,000;7,000;15,383;1,000;2,000;

8215;2016.08.08 06:00:00;0,000;18,400;3,000;70,000;7,000;15,383;1,000;2,000;

8216;2016.08.08 07:00:00;0,000;19,800;3,000;68,000;7,000;15,383;1,000;2,000;

8217;2016.08.08 08:00:00;0,000;18,900;3,000;84,000;7,000;15,383;1,000;2,000;

8218;2016.08.08 09:00:00;0,000;20,900;4,000;76,000;6,000;15,383;1,000;2,000;

8219;2016.08.08 10:00:00;0,000;21,100;4,000;77,000;5,000;15,383;1,000;2,000;

8220;2016.08.08 11:00:00;0,000;23,600;5,000;65,000;6,000;15,383;1,000;2,000;

8221;2016.08.08 12:00:00;0,000;24,800;5,000;57,000;5,000;15,383;1,000;2,000;

8222;2016.08.08 13:00:00;0,000;24,000;5,000;61,000;5,000;15,383;1,000;2,000;

8223;2016.08.08 14:00:00;0,000;23,900;7,000;51,000;3,000;15,383;1,000;2,000;

8224;2016.08.08 15:00:00;0,000;24,100;7,000;50,000;5,000;15,383;1,000;2,000;

8225;2016.08.08 16:00:00;0,000;19,200;8,000;81,000;5,000;15,383;1,000;2,000;

8226;2016.08.08 17:00:00;0,000;18,500;6,000;73,000;5,000;15,383;1,000;2,000;

8227;2016.08.08 18:00:00;0,000;17,900;4,000;76,000;7,000;15,383;1,000;2,000;

8228;2016.08.08 19:00:00;0,000;17,500;2,000;77,000;7,000;15,383;1,000;2,000;

8229;2016.08.08 20:00:00;0,000;17,300;2,000;78,000;7,000;15,383;1,000;2,000;

8230;2016.08.08 21:00:00;0,000;16,900;2,000;81,000;8,000;15,383;1,000;2,000;

8231;2016.08.08 22:00:00;0,000;16,100;2,000;83,000;3,000;15,383;1,000;2,000;

8232;2016.08.08 23:00:00;0,000;16,200;2,000;82,000;6,000;15,383;1,000;2,000;

8233;2016.08.09 00:00:00;0,000;16,000;3,000;77,000;7,000;15,317;1,000;2,000;

8234;2016.08.09 01:00:00;0,000;15,100;2,000;82,000;4,000;15,317;1,000;2,000;

8235;2016.08.09 02:00:00;0,000;14,300;3,000;81,000;2,000;15,317;1,000;2,000;

8236;2016.08.09 03:00:00;0,000;13,700;3,000;84,000;2,000;15,317;1,000;2,000;

8237;2016.08.09 04:00:00;0,000;13,500;3,000;85,000;3,000;15,317;1,000;2,000;

8238;2016.08.09 05:00:00;0,000;14,200;3,000;83,000;5,000;15,317;1,000;2,000;

8239;2016.08.09 06:00:00;0,000;14,400;4,000;84,000;6,000;15,317;1,000;2,000;

8240;2016.08.09 07:00:00;0,000;15,800;4,000;69,000;7,000;15,317;1,000;2,000;

8241;2016.08.09 08:00:00;0,000;16,600;6,000;64,000;8,000;15,317;1,000;2,000;

8242;2016.08.09 09:00:00;0,000;17,300;6,000;56,000;8,000;15,317;1,000;2,000;

8243;2016.08.09 10:00:00;0,000;17,400;5,000;55,000;8,000;15,317;1,000;2,000;

8244;2016.08.09 11:00:00;0,000;17,000;4,000;62,000;8,000;15,317;1,000;2,000;

8245;2016.08.09 12:00:00;0,000;17,100;5,000;54,000;7,000;15,317;1,000;2,000;

8246;2016.08.09 13:00:00;0,000;17,900;5,000;56,000;5,000;15,317;1,000;2,000;

8247;2016.08.09 14:00:00;0,000;18,500;5,000;51,000;3,000;15,317;1,000;2,000;

8248;2016.08.09 15:00:00;0,000;18,700;4,000;52,000;3,000;15,317;1,000;2,000;

8249;2016.08.09 16:00:00;0,000;17,400;4,000;67,000;5,000;15,317;1,000;2,000;

8250;2016.08.09 17:00:00;0,000;17,000;3,000;68,000;6,000;15,317;1,000;2,000;

8251;2016.08.09 18:00:00;0,000;14,500;2,000;84,000;7,000;15,317;1,000;2,000;

8252;2016.08.09 19:00:00;0,000;13,900;2,000;86,000;7,000;15,317;1,000;2,000;

8253;2016.08.09 20:00:00;0,000;14,100;3,000;83,000;5,000;15,317;1,000;2,000;

8254;2016.08.09 21:00:00;0,000;13,300;2,000;85,000;1,000;15,317;1,000;2,000;

8255;2016.08.09 22:00:00;0,000;12,500;2,000;88,000;5,000;15,317;1,000;2,000;

8256;2016.08.09 23:00:00;0,000;12,500;3,000;86,000;6,000;15,317;1,000;2,000;

8257;2016.08.10 00:00:00;0,000;12,000;3,000;86,000;6,000;15,250;1,000;2,000;

8258;2016.08.10 01:00:00;0,000;11,100;3,000;87,000;0,000;15,250;1,000;2,000;

8259;2016.08.10 02:00:00;0,000;10,400;2,000;87,000;0,000;15,250;1,000;2,000;

8260;2016.08.10 03:00:00;0,000;9,700;2,000;88,000;1,000;15,250;1,000;2,000;

8261;2016.08.10 04:00:00;0,000;9,700;3,000;87,000;2,000;15,250;1,000;2,000;

8262;2016.08.10 05:00:00;0,000;10,400;4,000;86,000;1,000;15,250;1,000;2,000;

8263;2016.08.10 06:00:00;0,000;11,900;4,000;81,000;2,000;15,250;1,000;2,000;

8264;2016.08.10 07:00:00;0,000;13,300;5,000;74,000;1,000;15,250;1,000;2,000;

8265;2016.08.10 08:00:00;0,000;14,700;5,000;61,000;2,000;15,250;1,000;2,000;

8266;2016.08.10 09:00:00;0,000;15,800;4,000;58,000;5,000;15,250;1,000;2,000;

8267;2016.08.10 10:00:00;0,000;15,900;5,000;60,000;5,000;15,250;1,000;2,000;

8268;2016.08.10 11:00:00;0,000;16,000;5,000;52,000;6,000;15,250;1,000;2,000;

8269;2016.08.10 12:00:00;0,000;16,200;4,000;53,000;4,000;15,250;1,000;2,000;

8270;2016.08.10 13:00:00;0,000;16,400;5,000;52,000;5,000;15,250;1,000;2,000;

8271;2016.08.10 14:00:00;0,000;16,600;5,000;54,000;4,000;15,250;1,000;2,000;

8272;2016.08.10 15:00:00;0,000;15,700;4,000;56,000;6,000;15,250;1,000;2,000;

8273;2016.08.10 16:00:00;0,000;16,100;5,000;53,000;6,000;15,250;1,000;2,000;

8274;2016.08.10 17:00:00;0,000;15,700;4,000;57,000;1,000;15,250;1,000;2,000;

8275;2016.08.10 18:00:00;0,000;14,800;2,000;60,000;1,000;15,250;1,000;2,000;

8276;2016.08.10 19:00:00;0,000;13,200;3,000;66,000;2,000;15,250;1,000;2,000;

8277;2016.08.10 20:00:00;0,000;12,800;2,000;65,000;4,000;15,250;1,000;2,000;

8278;2016.08.10 21:00:00;0,000;11,600;4,000;77,000;6,000;15,250;1,000;2,000;

8279;2016.08.10 22:00:00;0,000;11,200;2,000;82,000;1,000;15,250;1,000;2,000;

8280;2016.08.10 23:00:00;0,000;10,600;2,000;84,000;1,000;15,250;1,000;2,000;

8281;2016.08.11 00:00:00;0,000;10,300;3,000;86,000;8,000;15,183;1,000;2,000;

8282;2016.08.11 01:00:00;0,000;10,100;3,000;84,000;2,000;15,183;1,000;2,000;

8283;2016.08.11 02:00:00;0,000;9,300;2,000;87,000;6,000;15,183;1,000;2,000;

8284;2016.08.11 03:00:00;0,000;9,000;3,000;89,000;7,000;15,183;1,000;2,000;

8285;2016.08.11 04:00:00;0,000;9,800;2,000;90,000;7,000;15,183;1,000;2,000;

8286;2016.08.11 05:00:00;0,000;9,600;4,000;91,000;6,000;15,183;1,000;2,000;

8287;2016.08.11 06:00:00;0,000;11,200;4,000;89,000;6,000;15,183;1,000;2,000;

8288;2016.08.11 07:00:00;0,000;11,700;4,000;86,000;4,000;15,183;1,000;2,000;

8289;2016.08.11 08:00:00;0,000;13,600;5,000;76,000;6,000;15,183;1,000;2,000;

8290;2016.08.11 09:00:00;0,000;13,100;4,000;85,000;7,000;15,183;1,000;2,000;

8291;2016.08.11 10:00:00;0,000;11,300;5,000;85,000;7,000;15,183;1,000;2,000;

8292;2016.08.11 11:00:00;0,000;13,500;3,000;84,000;6,000;15,183;1,000;2,000;

8293;2016.08.11 12:00:00;0,000;13,800;4,000;73,000;6,000;15,183;1,000;2,000;

8294;2016.08.11 13:00:00;0,000;15,000;6,000;57,000;7,000;15,183;1,000;2,000;

8295;2016.08.11 14:00:00;0,000;15,900;6,000;57,000;6,000;15,183;1,000;2,000;

8296;2016.08.11 15:00:00;0,000;15,900;5,000;58,000;6,000;15,183;1,000;2,000;

8297;2016.08.11 16:00:00;0,000;15,300;5,000;57,000;6,000;15,183;1,000;2,000;

8298;2016.08.11 17:00:00;0,000;14,200;3,000;65,000;5,000;15,183;1,000;2,000;

8299;2016.08.11 18:00:00;0,000;12,100;2,000;87,000;7,000;15,183;1,000;2,000;

8300;2016.08.11 19:00:00;0,000;11,700;2,000;82,000;6,000;15,183;1,000;2,000;

8301;2016.08.11 20:00:00;0,000;11,500;1,000;85,000;7,000;15,183;1,000;2,000;

8302;2016.08.11 21:00:00;0,000;11,300;2,000;88,000;6,000;15,183;1,000;2,000;

8303;2016.08.11 22:00:00;0,000;10,500;2,000;90,000;1,000;15,183;1,000;2,000;

8304;2016.08.11 23:00:00;0,000;9,900;2,000;89,000;2,000;15,183;1,000;2,000;

8305;2016.08.12 00:00:00;0,000;10,200;2,000;88,000;7,000;15,117;2,000;2,000;

8306;2016.08.12 01:00:00;0,000;10,300;2,000;88,000;7,000;15,117;2,000;2,000;

8307;2016.08.12 02:00:00;0,000;11,100;2,000;86,000;8,000;15,117;2,000;2,000;

8308;2016.08.12 03:00:00;0,000;11,100;1,000;88,000;8,000;15,117;2,000;2,000;

8309;2016.08.12 04:00:00;0,000;11,000;2,000;89,000;8,000;15,117;2,000;2,000;

8310;2016.08.12 05:00:00;0,000;11,300;2,000;87,000;8,000;15,117;2,000;2,000;

8311;2016.08.12 06:00:00;0,000;12,000;2,000;85,000;7,000;15,117;2,000;2,000;

8312;2016.08.12 07:00:00;0,000;13,300;2,000;77,000;7,000;15,117;2,000;2,000;

8313;2016.08.12 08:00:00;0,000;13,800;4,000;76,000;7,000;15,117;2,000;2,000;

8314;2016.08.12 09:00:00;0,000;15,100;3,000;72,000;8,000;15,117;2,000;2,000;

8315;2016.08.12 10:00:00;0,000;15,300;4,000;73,000;8,000;15,117;2,000;2,000;

8316;2016.08.12 11:00:00;0,000;15,500;3,000;76,000;8,000;15,117;2,000;2,000;

8317;2016.08.12 12:00:00;0,000;15,900;3,000;77,000;8,000;15,117;2,000;2,000;

8318;2016.08.12 13:00:00;0,000;16,000;3,000;78,000;8,000;15,117;2,000;2,000;

8319;2016.08.12 14:00:00;0,000;16,700;3,000;75,000;8,000;15,117;2,000;2,000;

8320;2016.08.12 15:00:00;0,000;17,400;3,000;72,000;7,000;15,117;2,000;2,000;

8321;2016.08.12 16:00:00;0,000;17,300;3,000;73,000;7,000;15,117;2,000;2,000;

8322;2016.08.12 17:00:00;0,000;17,100;2,000;76,000;7,000;15,117;2,000;2,000;

8323;2016.08.12 18:00:00;0,000;16,800;2,000;79,000;7,000;15,117;2,000;2,000;

8324;2016.08.12 19:00:00;0,000;16,100;2,000;83,000;7,000;15,117;2,000;2,000;

8325;2016.08.12 20:00:00;0,000;16,000;3,000;83,000;7,000;15,117;2,000;2,000;

8326;2016.08.12 21:00:00;0,000;16,100;3,000;83,000;7,000;15,117;2,000;2,000;

8327;2016.08.12 22:00:00;0,000;15,200;4,000;94,000;8,000;15,117;2,000;2,000;

8328;2016.08.12 23:00:00;0,000;15,200;3,000;96,000;8,000;15,117;2,000;2,000;

8329;2016.08.13 00:00:00;0,000;15,600;3,000;97,000;8,000;15,050;3,000;2,000;

8330;2016.08.13 01:00:00;0,000;15,800;3,000;97,000;8,000;15,050;3,000;2,000;

8331;2016.08.13 02:00:00;0,000;16,200;3,000;96,000;8,000;15,050;3,000;2,000;

8332;2016.08.13 03:00:00;0,000;16,300;3,000;96,000;8,000;15,050;3,000;2,000;

8333;2016.08.13 04:00:00;0,000;16,100;3,000;95,000;6,000;15,050;3,000;2,000;

8334;2016.08.13 05:00:00;0,000;16,400;3,000;94,000;6,000;15,050;3,000;2,000;

8335;2016.08.13 06:00:00;0,000;17,200;4,000;90,000;5,000;15,050;3,000;2,000;

8336;2016.08.13 07:00:00;0,000;17,700;4,000;83,000;7,000;15,050;3,000;2,000;

8337;2016.08.13 08:00:00;0,000;18,300;5,000;76,000;7,000;15,050;3,000;2,000;

8338;2016.08.13 09:00:00;0,000;19,300;4,000;75,000;6,000;15,050;3,000;2,000;

8339;2016.08.13 10:00:00;0,000;20,900;4,000;69,000;5,000;15,050;3,000;2,000;

8340;2016.08.13 11:00:00;0,000;22,100;5,000;64,000;6,000;15,050;3,000;2,000;

8341;2016.08.13 12:00:00;0,000;22,200;4,000;62,000;6,000;15,050;3,000;2,000;

8342;2016.08.13 13:00:00;0,000;23,500;4,000;57,000;6,000;15,050;3,000;2,000;

8343;2016.08.13 14:00:00;0,000;24,000;5,000;55,000;7,000;15,050;3,000;2,000;

8344;2016.08.13 15:00:00;0,000;23,000;2,000;61,000;7,000;15,050;3,000;2,000;

8345;2016.08.13 16:00:00;0,000;19,700;6,000;83,000;7,000;15,050;3,000;2,000;

8346;2016.08.13 17:00:00;0,000;18,800;5,000;82,000;7,000;15,050;3,000;2,000;

8347;2016.08.13 18:00:00;0,000;18,500;3,000;83,000;4,000;15,050;3,000;2,000;

8348;2016.08.13 19:00:00;0,000;18,200;3,000;84,000;7,000;15,050;3,000;2,000;

8349;2016.08.13 20:00:00;0,000;18,400;5,000;79,000;7,000;15,050;3,000;2,000;

8350;2016.08.13 21:00:00;0,000;17,900;5,000;83,000;7,000;15,050;3,000;2,000;

8351;2016.08.13 22:00:00;0,000;17,700;5,000;77,000;7,000;15,050;3,000;2,000;

8352;2016.08.13 23:00:00;0,000;17,600;4,000;81,000;6,000;15,050;3,000;2,000;

8353;2016.08.14 00:00:00;0,000;17,200;4,000;84,000;7,000;14,983;4,000;2,000;

8354;2016.08.14 01:00:00;0,000;16,500;4,000;84,000;6,000;14,983;4,000;2,000;

8355;2016.08.14 02:00:00;0,000;16,100;2,000;86,000;7,000;14,983;4,000;2,000;

8356;2016.08.14 03:00:00;0,000;15,600;3,000;84,000;5,000;14,983;4,000;2,000;

8357;2016.08.14 04:00:00;0,000;15,000;3,000;84,000;3,000;14,983;4,000;2,000;

8358;2016.08.14 05:00:00;0,000;14,900;3,000;87,000;7,000;14,983;4,000;2,000;

8359;2016.08.14 06:00:00;0,000;16,500;4,000;76,000;7,000;14,983;4,000;2,000;

8360;2016.08.14 07:00:00;0,000;15,500;4,000;87,000;7,000;14,983;4,000;2,000;

8361;2016.08.14 08:00:00;0,000;16,500;4,000;85,000;7,000;14,983;4,000;2,000;

8362;2016.08.14 09:00:00;0,000;17,500;6,000;75,000;7,000;14,983;4,000;2,000;

8363;2016.08.14 10:00:00;0,000;16,700;7,000;77,000;7,000;14,983;4,000;2,000;

8364;2016.08.14 11:00:00;0,000;17,100;7,000;73,000;6,000;14,983;4,000;2,000;

8365;2016.08.14 12:00:00;0,000;17,600;7,000;69,000;5,000;14,983;4,000;2,000;

8366;2016.08.14 13:00:00;0,000;17,300;6,000;70,000;4,000;14,983;4,000;2,000;

8367;2016.08.14 14:00:00;0,000;18,200;7,000;64,000;2,000;14,983;4,000;2,000;

8368;2016.08.14 15:00:00;0,000;17,900;6,000;67,000;3,000;14,983;4,000;2,000;

8369;2016.08.14 16:00:00;0,000;18,300;5,000;67,000;2,000;14,983;4,000;2,000;

8370;2016.08.14 17:00:00;0,000;18,100;3,000;69,000;2,000;14,983;4,000;2,000;

8371;2016.08.14 18:00:00;0,000;16,800;2,000;76,000;6,000;14,983;4,000;2,000;

8372;2016.08.14 19:00:00;0,000;16,200;2,000;81,000;6,000;14,983;4,000;2,000;

8373;2016.08.14 20:00:00;0,000;15,300;2,000;86,000;3,000;14,983;4,000;2,000;

8374;2016.08.14 21:00:00;0,000;15,200;2,000;87,000;6,000;14,983;4,000;2,000;

8375;2016.08.14 22:00:00;0,000;15,000;2,000;88,000;6,000;14,983;4,000;2,000;

8376;2016.08.14 23:00:00;0,000;14,800;2,000;91,000;4,000;14,983;4,000;2,000;

8377;2016.08.15 00:00:00;0,000;14,600;2,000;93,000;6,000;14,917;5,000;2,000;

8378;2016.08.15 01:00:00;0,000;14,700;2,000;92,000;4,000;14,917;5,000;2,000;

8379;2016.08.15 02:00:00;0,000;13,700;2,000;93,000;4,000;14,917;5,000;2,000;

8380;2016.08.15 03:00:00;0,000;13,600;2,000;95,000;4,000;14,917;5,000;2,000;

8381;2016.08.15 04:00:00;0,000;13,500;1,000;95,000;5,000;14,917;5,000;2,000;

8382;2016.08.15 05:00:00;0,000;13,400;2,000;95,000;4,000;14,917;5,000;2,000;

8383;2016.08.15 06:00:00;0,000;16,100;4,000;86,000;6,000;14,917;5,000;2,000;

8384;2016.08.15 07:00:00;0,000;16,600;5,000;81,000;6,000;14,917;5,000;2,000;

8385;2016.08.15 08:00:00;0,000;17,200;5,000;77,000;6,000;14,917;5,000;2,000;

8386;2016.08.15 09:00:00;0,000;17,200;5,000;79,000;7,000;14,917;5,000;2,000;

8387;2016.08.15 10:00:00;0,000;17,600;5,000;70,000;7,000;14,917;5,000;2,000;

8388;2016.08.15 11:00:00;0,000;16,800;6,000;74,000;6,000;14,917;5,000;2,000;

8389;2016.08.15 12:00:00;0,000;17,600;6,000;72,000;6,000;14,917;5,000;2,000;

8390;2016.08.15 13:00:00;0,000;18,100;5,000;73,000;5,000;14,917;5,000;2,000;

8391;2016.08.15 14:00:00;0,000;17,400;6,000;67,000;5,000;14,917;5,000;2,000;

8392;2016.08.15 15:00:00;0,000;17,100;6,000;70,000;3,000;14,917;5,000;2,000;

8393;2016.08.15 16:00:00;0,000;16,900;6,000;72,000;1,000;14,917;5,000;2,000;

8394;2016.08.15 17:00:00;0,000;16,000;5,000;77,000;2,000;14,917;5,000;2,000;

8395;2016.08.15 18:00:00;0,000;15,100;3,000;82,000;2,000;14,917;5,000;2,000;

8396;2016.08.15 19:00:00;0,000;14,500;2,000;85,000;4,000;14,917;5,000;2,000;

8397;2016.08.15 20:00:00;0,000;14,200;3,000;88,000;1,000;14,917;5,000;2,000;

8398;2016.08.15 21:00:00;0,000;13,500;2,000;90,000;0,000;14,917;5,000;2,000;

8399;2016.08.15 22:00:00;0,000;12,900;2,000;91,000;0,000;14,917;5,000;2,000;

8400;2016.08.15 23:00:00;0,000;12,500;2,000;93,000;1,000;14,917;5,000;2,000;

8401;2016.08.16 00:00:00;0,000;12,500;1,000;94,000;5,000;14,867;1,000;2,000;

8402;2016.08.16 01:00:00;0,000;12,500;1,000;95,000;3,000;14,867;1,000;2,000;

8403;2016.08.16 02:00:00;0,000;12,800;1,000;95,000;3,000;14,867;1,000;2,000;

8404;2016.08.16 03:00:00;0,000;12,200;1,000;95,000;5,000;14,867;1,000;2,000;

8405;2016.08.16 04:00:00;0,000;11,500;1,000;96,000;6,000;14,867;1,000;2,000;

8406;2016.08.16 05:00:00;0,000;12,800;1,000;96,000;6,000;14,867;1,000;2,000;

8407;2016.08.16 06:00:00;0,000;14,900;1,000;93,000;6,000;14,867;1,000;2,000;

8408;2016.08.16 07:00:00;0,000;17,000;2,000;76,000;6,000;14,867;1,000;2,000;

8409;2016.08.16 08:00:00;0,000;17,800;3,000;67,000;7,000;14,867;1,000;2,000;

8410;2016.08.16 09:00:00;0,000;17,800;3,000;63,000;7,000;14,867;1,000;2,000;

8411;2016.08.16 10:00:00;0,000;17,700;3,000;65,000;8,000;14,867;1,000;2,000;

8412;2016.08.16 11:00:00;0,000;17,700;4,000;67,000;8,000;14,867;1,000;2,000;

8413;2016.08.16 12:00:00;0,000;17,300;5,000;70,000;7,000;14,867;1,000;2,000;

8414;2016.08.16 13:00:00;0,000;16,500;4,000;64,000;7,000;14,867;1,000;2,000;

8415;2016.08.16 14:00:00;0,000;16,500;4,000;71,000;7,000;14,867;1,000;2,000;

8416;2016.08.16 15:00:00;0,000;16,800;3,000;69,000;7,000;14,867;1,000;2,000;

8417;2016.08.16 16:00:00;0,000;16,100;3,000;76,000;6,000;14,867;1,000;2,000;

8418;2016.08.16 17:00:00;0,000;16,000;3,000;72,000;5,000;14,867;1,000;2,000;

8419;2016.08.16 18:00:00;0,000;14,600;2,000;81,000;4,000;14,867;1,000;2,000;

8420;2016.08.16 19:00:00;0,000;12,500;1,000;90,000;1,000;14,867;1,000;2,000;

8421;2016.08.16 20:00:00;0,000;11,300;1,000;95,000;2,000;14,867;1,000;2,000;

8422;2016.08.16 21:00:00;0,000;10,400;1,000;96,000;0,000;14,867;1,000;2,000;

8423;2016.08.16 22:00:00;0,000;9,500;1,000;96,000;0,000;14,867;1,000;2,000;

8424;2016.08.16 23:00:00;0,000;9,000;1,000;96,000;0,000;14,867;1,000;2,000;

8425;2016.08.17 00:00:00;0,000;9,500;1,000;98,000;1,000;14,800;1,000;2,000;

8426;2016.08.17 01:00:00;0,000;9,600;1,000;97,000;1,000;14,800;1,000;2,000;

8427;2016.08.17 02:00:00;0,000;9,200;1,000;96,000;6,000;14,800;1,000;2,000;

8428;2016.08.17 03:00:00;0,000;9,800;1,000;96,000;7,000;14,800;1,000;2,000;

8429;2016.08.17 04:00:00;0,000;10,000;1,000;96,000;6,000;14,800;1,000;2,000;

8430;2016.08.17 05:00:00;0,000;10,700;1,000;93,000;7,000;14,800;1,000;2,000;

8431;2016.08.17 06:00:00;0,000;11,900;2,000;92,000;7,000;14,800;1,000;2,000;

8432;2016.08.17 07:00:00;0,000;15,000;1,000;91,000;7,000;14,800;1,000;2,000;

8433;2016.08.17 08:00:00;0,000;15,900;2,000;91,000;7,000;14,800;1,000;2,000;

8434;2016.08.17 09:00:00;0,000;17,900;4,000;75,000;6,000;14,800;1,000;2,000;

8435;2016.08.17 10:00:00;0,000;19,100;5,000;61,000;6,000;14,800;1,000;2,000;

8436;2016.08.17 11:00:00;0,000;19,300;5,000;55,000;6,000;14,800;1,000;2,000;

8437;2016.08.17 12:00:00;0,000;18,200;6,000;61,000;7,000;14,800;1,000;2,000;

8438;2016.08.17 13:00:00;0,000;18,200;5,000;63,000;7,000;14,800;1,000;2,000;

8439;2016.08.17 14:00:00;0,000;18,200;6,000;65,000;7,000;14,800;1,000;2,000;

8440;2016.08.17 15:00:00;0,000;17,900;6,000;69,000;7,000;14,800;1,000;2,000;

8441;2016.08.17 16:00:00;0,000;17,800;6,000;74,000;7,000;14,800;1,000;2,000;

8442;2016.08.17 17:00:00;0,000;16,700;4,000;81,000;7,000;14,800;1,000;2,000;

8443;2016.08.17 18:00:00;0,000;16,200;3,000;90,000;8,000;14,800;1,000;2,000;

8444;2016.08.17 19:00:00;0,000;16,000;2,000;93,000;8,000;14,800;1,000;2,000;

8445;2016.08.17 20:00:00;0,000;15,900;3,000;93,000;8,000;14,800;1,000;2,000;

8446;2016.08.17 21:00:00;0,000;15,500;3,000;93,000;8,000;14,800;1,000;2,000;

8447;2016.08.17 22:00:00;0,000;14,900;2,000;89,000;8,000;14,800;1,000;2,000;

8448;2016.08.17 23:00:00;0,000;14,500;1,000;94,000;8,000;14,800;1,000;2,000;

8449;2016.08.18 00:00:00;0,000;14,200;2,000;96,000;8,000;14,717;1,000;2,000;

8450;2016.08.18 01:00:00;0,000;14,100;2,000;97,000;8,000;14,717;1,000;2,000;

8451;2016.08.18 02:00:00;0,000;13,700;0,000;97,000;8,000;14,717;1,000;2,000;

8452;2016.08.18 03:00:00;0,000;13,800;1,000;98,000;8,000;14,717;1,000;2,000;

8453;2016.08.18 04:00:00;0,000;13,600;1,000;98,000;8,000;14,717;1,000;2,000;

8454;2016.08.18 05:00:00;0,000;13,500;1,000;98,000;8,000;14,717;1,000;2,000;

8455;2016.08.18 06:00:00;0,000;13,800;1,000;97,000;8,000;14,717;1,000;2,000;

8456;2016.08.18 07:00:00;0,000;14,400;2,000;96,000;7,000;14,717;1,000;2,000;

8457;2016.08.18 08:00:00;0,000;14,500;2,000;95,000;7,000;14,717;1,000;2,000;

8458;2016.08.18 09:00:00;0,000;16,000;4,000;83,000;6,000;14,717;1,000;2,000;

8459;2016.08.18 10:00:00;0,000;16,600;5,000;78,000;7,000;14,717;1,000;2,000;

8460;2016.08.18 11:00:00;0,000;16,300;5,000;75,000;7,000;14,717;1,000;2,000;

8461;2016.08.18 12:00:00;0,000;16,200;5,000;77,000;7,000;14,717;1,000;2,000;

8462;2016.08.18 13:00:00;0,000;16,100;5,000;78,000;8,000;14,717;1,000;2,000;

8463;2016.08.18 14:00:00;0,000;15,600;5,000;86,000;8,000;14,717;1,000;2,000;

8464;2016.08.18 15:00:00;0,000;15,000;5,000;91,000;8,000;14,717;1,000;2,000;

8465;2016.08.18 16:00:00;0,000;14,800;5,000;94,000;8,000;14,717;1,000;2,000;

8466;2016.08.18 17:00:00;0,000;14,600;4,000;96,000;8,000;14,717;1,000;2,000;

8467;2016.08.18 18:00:00;0,000;14,800;4,000;96,000;7,000;14,717;1,000;2,000;

8468;2016.08.18 19:00:00;0,000;14,900;4,000;97,000;7,000;14,717;1,000;2,000;

8469;2016.08.18 20:00:00;0,000;14,800;3,000;96,000;6,000;14,717;1,000;2,000;

8470;2016.08.18 21:00:00;0,000;14,500;3,000;97,000;6,000;14,717;1,000;2,000;

8471;2016.08.18 22:00:00;0,000;14,500;2,000;97,000;6,000;14,717;1,000;2,000;

8472;2016.08.18 23:00:00;0,000;14,300;2,000;97,000;6,000;14,717;1,000;2,000;

8473;2016.08.19 00:00:00;0,000;13,800;2,000;97,000;5,000;14,650;2,000;2,000;

8474;2016.08.19 01:00:00;0,000;13,500;2,000;97,000;6,000;14,650;2,000;2,000;

8475;2016.08.19 02:00:00;0,000;13,600;1,000;97,000;7,000;14,650;2,000;2,000;

8476;2016.08.19 03:00:00;0,000;13,500;2,000;97,000;7,000;14,650;2,000;2,000;

8477;2016.08.19 04:00:00;0,000;13,600;1,000;98,000;7,000;14,650;2,000;2,000;

8478;2016.08.19 05:00:00;0,000;13,900;2,000;98,000;7,000;14,650;2,000;2,000;

8479;2016.08.19 06:00:00;0,000;14,600;2,000;97,000;6,000;14,650;2,000;2,000;

8480;2016.08.19 07:00:00;0,000;15,800;2,000;93,000;7,000;14,650;2,000;2,000;

8481;2016.08.19 08:00:00;0,000;17,100;3,000;88,000;7,000;14,650;2,000;2,000;

8482;2016.08.19 09:00:00;0,000;17,900;3,000;81,000;7,000;14,650;2,000;2,000;

8483;2016.08.19 10:00:00;0,000;16,700;4,000;86,000;7,000;14,650;2,000;2,000;

8484;2016.08.19 11:00:00;0,000;16,700;2,000;90,000;7,000;14,650;2,000;2,000;

8485;2016.08.19 12:00:00;0,000;18,200;2,000;79,000;6,000;14,650;2,000;2,000;

8486;2016.08.19 13:00:00;0,000;19,400;3,000;75,000;5,000;14,650;2,000;2,000;

8487;2016.08.19 14:00:00;0,000;19,500;2,000;72,000;2,000;14,650;2,000;2,000;

8488;2016.08.19 15:00:00;0,000;19,400;2,000;70,000;1,000;14,650;2,000;2,000;

8489;2016.08.19 16:00:00;0,000;19,300;2,000;67,000;1,000;14,650;2,000;2,000;

8490;2016.08.19 17:00:00;0,000;18,600;2,000;72,000;1,000;14,650;2,000;2,000;

8491;2016.08.19 18:00:00;0,000;17,500;1,000;81,000;1,000;14,650;2,000;2,000;

8492;2016.08.19 19:00:00;0,000;15,400;1,000;89,000;1,000;14,650;2,000;2,000;

8493;2016.08.19 20:00:00;0,000;14,100;0,000;95,000;0,000;14,650;2,000;2,000;

8494;2016.08.19 21:00:00;0,000;13,200;0,000;95,000;0,000;14,650;2,000;2,000;

8495;2016.08.19 22:00:00;0,000;12,600;1,000;96,000;0,000;14,650;2,000;2,000;

8496;2016.08.19 23:00:00;0,000;12,700;2,000;98,000;1,000;14,650;2,000;2,000;

8497;2016.08.20 00:00:00;0,000;13,400;2,000;98,000;1,000;14,583;3,000;2,000;

8498;2016.08.20 01:00:00;0,000;13,900;2,000;95,000;3,000;14,583;3,000;2,000;

8499;2016.08.20 02:00:00;0,000;14,000;2,000;93,000;5,000;14,583;3,000;2,000;

8500;2016.08.20 03:00:00;0,000;13,800;3,000;92,000;2,000;14,583;3,000;2,000;

8501;2016.08.20 04:00:00;0,000;14,300;3,000;90,000;6,000;14,583;3,000;2,000;

8502;2016.08.20 05:00:00;0,000;15,200;3,000;84,000;7,000;14,583;3,000;2,000;

8503;2016.08.20 06:00:00;0,000;16,900;3,000;74,000;7,000;14,583;3,000;2,000;

8504;2016.08.20 07:00:00;0,000;18,500;4,000;68,000;8,000;14,583;3,000;2,000;

8505;2016.08.20 08:00:00;0,000;19,400;3,000;63,000;8,000;14,583;3,000;2,000;

8506;2016.08.20 09:00:00;0,000;17,100;3,000;84,000;8,000;14,583;3,000;2,000;

8507;2016.08.20 10:00:00;0,000;19,700;3,000;73,000;8,000;14,583;3,000;2,000;

8508;2016.08.20 11:00:00;0,000;21,300;3,000;67,000;8,000;14,583;3,000;2,000;

8509;2016.08.20 12:00:00;0,000;23,000;3,000;64,000;7,000;14,583;3,000;2,000;

8510;2016.08.20 13:00:00;0,000;24,900;3,000;57,000;8,000;14,583;3,000;2,000;

8511;2016.08.20 14:00:00;0,000;25,400;2,000;55,000;8,000;14,583;3,000;2,000;

8512;2016.08.20 15:00:00;0,000;25,500;3,000;53,000;8,000;14,583;3,000;2,000;

8513;2016.08.20 16:00:00;0,000;23,200;2,000;68,000;7,000;14,583;3,000;2,000;

8514;2016.08.20 17:00:00;0,000;22,800;1,000;75,000;8,000;14,583;3,000;2,000;

8515;2016.08.20 18:00:00;0,000;22,700;1,000;72,000;8,000;14,583;3,000;2,000;

8516;2016.08.20 19:00:00;0,000;20,700;2,000;87,000;8,000;14,583;3,000;2,000;

8517;2016.08.20 20:00:00;0,000;20,000;1,000;91,000;8,000;14,583;3,000;2,000;

8518;2016.08.20 21:00:00;0,000;18,800;1,000;95,000;7,000;14,583;3,000;2,000;

8519;2016.08.20 22:00:00;0,000;18,400;0,000;96,000;7,000;14,583;3,000;2,000;

8520;2016.08.20 23:00:00;0,000;18,600;1,000;97,000;8,000;14,583;3,000;2,000;

8521;2016.08.21 00:00:00;0,000;18,100;5,000;95,000;8,000;14,517;4,000;2,000;

8522;2016.08.21 01:00:00;0,000;17,300;2,000;97,000;8,000;14,517;4,000;2,000;

8523;2016.08.21 02:00:00;0,000;16,900;3,000;97,000;8,000;14,517;4,000;2,000;

8524;2016.08.21 03:00:00;0,000;16,600;0,000;98,000;8,000;14,517;4,000;2,000;

8525;2016.08.21 04:00:00;0,000;16,700;2,000;98,000;8,000;14,517;4,000;2,000;

8526;2016.08.21 05:00:00;0,000;16,700;2,000;99,000;8,000;14,517;4,000;2,000;

8527;2016.08.21 06:00:00;0,000;16,700;2,000;98,000;8,000;14,517;4,000;2,000;

8528;2016.08.21 07:00:00;0,000;17,000;2,000;97,000;8,000;14,517;4,000;2,000;

8529;2016.08.21 08:00:00;0,000;17,100;2,000;96,000;8,000;14,517;4,000;2,000;

8530;2016.08.21 09:00:00;0,000;17,500;2,000;93,000;8,000;14,517;4,000;2,000;

8531;2016.08.21 10:00:00;0,000;17,700;2,000;91,000;8,000;14,517;4,000;2,000;

8532;2016.08.21 11:00:00;0,000;18,200;2,000;90,000;8,000;14,517;4,000;2,000;

8533;2016.08.21 12:00:00;0,000;18,200;2,000;91,000;8,000;14,517;4,000;2,000;

8534;2016.08.21 13:00:00;0,000;18,300;2,000;92,000;8,000;14,517;4,000;2,000;

8535;2016.08.21 14:00:00;0,000;18,900;1,000;85,000;7,000;14,517;4,000;2,000;

8536;2016.08.21 15:00:00;0,000;19,600;2,000;79,000;8,000;14,517;4,000;2,000;

8537;2016.08.21 16:00:00;0,000;19,600;2,000;79,000;8,000;14,517;4,000;2,000;

8538;2016.08.21 17:00:00;0,000;19,800;2,000;79,000;8,000;14,517;4,000;2,000;

8539;2016.08.21 18:00:00;0,000;18,900;1,000;85,000;6,000;14,517;4,000;2,000;

8540;2016.08.21 19:00:00;0,000;17,300;1,000;92,000;6,000;14,517;4,000;2,000;

8541;2016.08.21 20:00:00;0,000;16,600;1,000;94,000;5,000;14,517;4,000;2,000;

8542;2016.08.21 21:00:00;0,000;16,400;1,000;94,000;6,000;14,517;4,000;2,000;

8543;2016.08.21 22:00:00;0,000;15,700;1,000;96,000;4,000;14,517;4,000;2,000;

8544;2016.08.21 23:00:00;0,000;15,100;2,000;95,000;3,000;14,517;4,000;2,000;

8545;2016.08.22 00:00:00;0,000;14,700;2,000;93,000;3,000;14,450;1,000;2,000;

8546;2016.08.22 01:00:00;0,000;14,200;2,000;94,000;1,000;14,450;1,000;2,000;

8547;2016.08.22 02:00:00;0,000;13,600;2,000;96,000;3,000;14,450;1,000;2,000;

8548;2016.08.22 03:00:00;0,000;13,200;2,000;97,000;3,000;14,450;1,000;2,000;

8549;2016.08.22 04:00:00;0,000;13,100;2,000;97,000;4,000;14,450;1,000;2,000;

8550;2016.08.22 05:00:00;0,000;13,200;2,000;96,000;6,000;14,450;1,000;2,000;

8551;2016.08.22 06:00:00;0,000;14,000;2,000;95,000;6,000;14,450;1,000;2,000;

8552;2016.08.22 07:00:00;0,000;15,000;2,000;92,000;6,000;14,450;1,000;2,000;

8553;2016.08.22 08:00:00;0,000;16,300;2,000;90,000;6,000;14,450;1,000;2,000;

8554;2016.08.22 09:00:00;0,000;18,300;2,000;84,000;6,000;14,450;1,000;2,000;

8555;2016.08.22 10:00:00;0,000;19,700;3,000;70,000;6,000;14,450;1,000;2,000;

8556;2016.08.22 11:00:00;0,000;17,400;4,000;90,000;7,000;14,450;1,000;2,000;

8557;2016.08.22 12:00:00;0,000;19,300;3,000;79,000;6,000;14,450;1,000;2,000;

8558;2016.08.22 13:00:00;0,000;18,600;4,000;82,000;7,000;14,450;1,000;2,000;

8559;2016.08.22 14:00:00;0,000;19,500;4,000;76,000;7,000;14,450;1,000;2,000;

8560;2016.08.22 15:00:00;0,000;19,000;3,000;76,000;7,000;14,450;1,000;2,000;

8561;2016.08.22 16:00:00;0,000;19,600;3,000;74,000;5,000;14,450;1,000;2,000;

8562;2016.08.22 17:00:00;0,000;19,200;1,000;71,000;5,000;14,450;1,000;2,000;

8563;2016.08.22 18:00:00;0,000;17,800;1,000;77,000;5,000;14,450;1,000;2,000;

8564;2016.08.22 19:00:00;0,000;16,200;1,000;86,000;3,000;14,450;1,000;2,000;

8565;2016.08.22 20:00:00;0,000;16,000;2,000;90,000;4,000;14,450;1,000;2,000;

8566;2016.08.22 21:00:00;0,000;15,600;2,000;92,000;1,000;14,450;1,000;2,000;

8567;2016.08.22 22:00:00;0,000;15,100;3,000;93,000;4,000;14,450;1,000;2,000;

8568;2016.08.22 23:00:00;0,000;15,400;3,000;93,000;7,000;14,450;1,000;2,000;

8569;2016.08.23 00:00:00;0,000;15,700;2,000;90,000;7,000;14,383;1,000;2,000;

8570;2016.08.23 01:00:00;0,000;15,800;2,000;89,000;8,000;14,383;1,000;2,000;

8571;2016.08.23 02:00:00;0,000;15,900;2,000;88,000;8,000;14,383;1,000;2,000;

8572;2016.08.23 03:00:00;0,000;16,100;2,000;87,000;8,000;14,383;1,000;2,000;

8573;2016.08.23 04:00:00;0,000;15,700;3,000;93,000;8,000;14,383;1,000;2,000;

8574;2016.08.23 05:00:00;0,000;15,700;3,000;97,000;8,000;14,383;1,000;2,000;

8575;2016.08.23 06:00:00;0,000;16,200;3,000;98,000;8,000;14,383;1,000;2,000;

8576;2016.08.23 07:00:00;0,000;16,800;3,000;98,000;8,000;14,383;1,000;2,000;

8577;2016.08.23 08:00:00;0,000;17,400;3,000;98,000;8,000;14,383;1,000;2,000;

8578;2016.08.23 09:00:00;0,000;18,700;3,000;97,000;7,000;14,383;1,000;2,000;

8579;2016.08.23 10:00:00;0,000;19,700;5,000;88,000;7,000;14,383;1,000;2,000;

8580;2016.08.23 11:00:00;0,000;19,100;6,000;88,000;7,000;14,383;1,000;2,000;

8581;2016.08.23 12:00:00;0,000;19,200;5,000;89,000;8,000;14,383;1,000;2,000;

8582;2016.08.23 13:00:00;0,000;19,600;5,000;85,000;7,000;14,383;1,000;2,000;

8583;2016.08.23 14:00:00;0,000;19,500;4,000;87,000;7,000;14,383;1,000;2,000;

8584;2016.08.23 15:00:00;0,000;19,100;6,000;88,000;8,000;14,383;1,000;2,000;

8585;2016.08.23 16:00:00;0,000;18,700;3,000;89,000;7,000;14,383;1,000;2,000;

8586;2016.08.23 17:00:00;0,000;18,500;3,000;90,000;7,000;14,383;1,000;2,000;

8587;2016.08.23 18:00:00;0,000;17,700;3,000;90,000;2,000;14,383;1,000;2,000;

8588;2016.08.23 19:00:00;0,000;16,700;2,000;95,000;1,000;14,383;1,000;2,000;

8589;2016.08.23 20:00:00;0,000;16,200;2,000;97,000;0,000;14,383;1,000;2,000;

8590;2016.08.23 21:00:00;0,000;15,700;1,000;98,000;0,000;14,383;1,000;2,000;

8591;2016.08.23 22:00:00;0,000;15,200;1,000;98,000;0,000;14,383;1,000;2,000;

8592;2016.08.23 23:00:00;0,000;14,900;2,000;99,000;0,000;14,383;1,000;2,000;

8593;2016.08.24 00:00:00;0,000;14,600;1,000;99,000;1,000;14,317;1,000;2,000;

8594;2016.08.24 01:00:00;0,000;14,300;1,000;99,000;9,000;14,317;1,000;2,000;

8595;2016.08.24 02:00:00;0,000;14,000;2,000;100,000;9,000;14,317;1,000;2,000;

8596;2016.08.24 03:00:00;0,000;14,000;1,000;100,000;9,000;14,317;1,000;2,000;

8597;2016.08.24 04:00:00;0,000;13,900;1,000;100,000;9,000;14,317;1,000;2,000;

8598;2016.08.24 05:00:00;0,000;13,700;2,000;100,000;9,000;14,317;1,000;2,000;

8599;2016.08.24 06:00:00;0,000;14,300;2,000;100,000;9,000;14,317;1,000;2,000;

8600;2016.08.24 07:00:00;0,000;15,200;2,000;100,000;9,000;14,317;1,000;2,000;

8601;2016.08.24 08:00:00;0,000;16,300;2,000;100,000;8,000;14,317;1,000;2,000;

8602;2016.08.24 09:00:00;0,000;18,000;1,000;98,000;5,000;14,317;1,000;2,000;

8603;2016.08.24 10:00:00;0,000;20,600;1,000;72,000;4,000;14,317;1,000;2,000;

8604;2016.08.24 11:00:00;0,000;20,400;2,000;75,000;6,000;14,317;1,000;2,000;

8605;2016.08.24 12:00:00;0,000;21,100;2,000;74,000;5,000;14,317;1,000;2,000;

8606;2016.08.24 13:00:00;0,000;21,100;2,000;71,000;6,000;14,317;1,000;2,000;

8607;2016.08.24 14:00:00;0,000;21,000;3,000;70,000;6,000;14,317;1,000;2,000;

8608;2016.08.24 15:00:00;0,000;21,000;3,000;70,000;4,000;14,317;1,000;2,000;

8609;2016.08.24 16:00:00;0,000;20,400;3,000;74,000;2,000;14,317;1,000;2,000;

8610;2016.08.24 17:00:00;0,000;20,400;1,000;75,000;2,000;14,317;1,000;2,000;

8611;2016.08.24 18:00:00;0,000;19,500;1,000;81,000;3,000;14,317;1,000;2,000;

8612;2016.08.24 19:00:00;0,000;18,000;1,000;89,000;1,000;14,317;1,000;2,000;

8613;2016.08.24 20:00:00;0,000;16,300;0,000;95,000;1,000;14,317;1,000;2,000;

8614;2016.08.24 21:00:00;0,000;17,000;2,000;96,000;0,000;14,317;1,000;2,000;

8615;2016.08.24 22:00:00;0,000;17,300;2,000;94,000;0,000;14,317;1,000;2,000;

8616;2016.08.24 23:00:00;0,000;16,500;2,000;92,000;0,000;14,317;1,000;2,000;

8617;2016.08.25 00:00:00;0,000;15,700;2,000;91,000;0,000;14,233;1,000;2,000;

8618;2016.08.25 01:00:00;0,000;15,200;2,000;90,000;0,000;14,233;1,000;2,000;

8619;2016.08.25 02:00:00;0,000;14,800;2,000;91,000;0,000;14,233;1,000;2,000;

8620;2016.08.25 03:00:00;0,000;14,600;3,000;92,000;0,000;14,233;1,000;2,000;

8621;2016.08.25 04:00:00;0,000;14,400;3,000;92,000;0,000;14,233;1,000;2,000;

8622;2016.08.25 05:00:00;0,000;14,800;2,000;91,000;0,000;14,233;1,000;2,000;

8623;2016.08.25 06:00:00;0,000;16,500;3,000;85,000;0,000;14,233;1,000;2,000;

8624;2016.08.25 07:00:00;0,000;18,700;3,000;76,000;1,000;14,233;1,000;2,000;

8625;2016.08.25 08:00:00;0,000;20,800;3,000;68,000;1,000;14,233;1,000;2,000;

8626;2016.08.25 09:00:00;0,000;21,900;3,000;66,000;0,000;14,233;1,000;2,000;

8627;2016.08.25 10:00:00;0,000;22,900;3,000;60,000;1,000;14,233;1,000;2,000;

8628;2016.08.25 11:00:00;0,000;23,700;3,000;54,000;1,000;14,233;1,000;2,000;

8629;2016.08.25 12:00:00;0,000;24,600;4,000;52,000;1,000;14,233;1,000;2,000;

8630;2016.08.25 13:00:00;0,000;25,500;3,000;52,000;1,000;14,233;1,000;2,000;

8631;2016.08.25 14:00:00;0,000;25,700;4,000;49,000;1,000;14,233;1,000;2,000;

8632;2016.08.25 15:00:00;0,000;25,800;3,000;49,000;2,000;14,233;1,000;2,000;

8633;2016.08.25 16:00:00;0,000;25,700;3,000;49,000;2,000;14,233;1,000;2,000;

8634;2016.08.25 17:00:00;0,000;24,900;3,000;51,000;2,000;14,233;1,000;2,000;

8635;2016.08.25 18:00:00;0,000;23,100;2,000;58,000;2,000;14,233;1,000;2,000;

8636;2016.08.25 19:00:00;0,000;21,400;3,000;64,000;2,000;14,233;1,000;2,000;

8637;2016.08.25 20:00:00;0,000;20,100;3,000;69,000;0,000;14,233;1,000;2,000;

8638;2016.08.25 21:00:00;0,000;19,400;3,000;69,000;0,000;14,233;1,000;2,000;

8639;2016.08.25 22:00:00;0,000;19,200;3,000;68,000;0,000;14,233;1,000;2,000;

8640;2016.08.25 23:00:00;0,000;18,600;3,000;70,000;0,000;14,233;1,000;2,000;

8641;2016.08.26 00:00:00;0,000;18,300;3,000;71,000;0,000;14,183;2,000;2,000;

8642;2016.08.26 01:00:00;0,000;18,000;4,000;72,000;0,000;14,183;2,000;2,000;

8643;2016.08.26 02:00:00;0,000;17,600;4,000;74,000;0,000;14,183;2,000;2,000;

8644;2016.08.26 03:00:00;0,000;17,300;4,000;75,000;0,000;14,183;2,000;2,000;

8645;2016.08.26 04:00:00;0,000;17,000;4,000;75,000;1,000;14,183;2,000;2,000;

8646;2016.08.26 05:00:00;0,000;17,700;4,000;72,000;1,000;14,183;2,000;2,000;

8647;2016.08.26 06:00:00;0,000;19,200;4,000;67,000;1,000;14,183;2,000;2,000;

8648;2016.08.26 07:00:00;0,000;20,800;4,000;62,000;1,000;14,183;2,000;2,000;

8649;2016.08.26 08:00:00;0,000;22,700;5,000;56,000;1,000;14,183;2,000;2,000;

8650;2016.08.26 09:00:00;0,000;24,300;5,000;52,000;1,000;14,183;2,000;2,000;

8651;2016.08.26 10:00:00;0,000;25,700;5,000;50,000;1,000;14,183;2,000;2,000;

8652;2016.08.26 11:00:00;0,000;26,800;5,000;47,000;1,000;14,183;2,000;2,000;

8653;2016.08.26 12:00:00;0,000;27,800;6,000;45,000;1,000;14,183;2,000;2,000;

8654;2016.08.26 13:00:00;0,000;28,400;5,000;42,000;1,000;14,183;2,000;2,000;

8655;2016.08.26 14:00:00;0,000;28,600;5,000;43,000;1,000;14,183;2,000;2,000;

8656;2016.08.26 15:00:00;0,000;28,300;5,000;41,000;1,000;14,183;2,000;2,000;

8657;2016.08.26 16:00:00;0,000;27,700;3,000;43,000;1,000;14,183;2,000;2,000;

8658;2016.08.26 17:00:00;0,000;26,600;3,000;47,000;2,000;14,183;2,000;2,000;

8659;2016.08.26 18:00:00;0,000;24,800;3,000;53,000;2,000;14,183;2,000;2,000;

8660;2016.08.26 19:00:00;0,000;23,300;3,000;58,000;1,000;14,183;2,000;2,000;

8661;2016.08.26 20:00:00;0,000;22,100;3,000;64,000;0,000;14,183;2,000;2,000;

8662;2016.08.26 21:00:00;0,000;21,500;3,000;66,000;0,000;14,183;2,000;2,000;

8663;2016.08.26 22:00:00;0,000;20,600;3,000;68,000;0,000;14,183;2,000;2,000;

8664;2016.08.26 23:00:00;0,000;20,100;2,000;71,000;0,000;14,183;2,000;2,000;

8665;2016.08.27 00:00:00;0,000;19,000;2,000;75,000;0,000;14,100;3,000;2,000;

8666;2016.08.27 01:00:00;0,000;18,200;2,000;81,000;0,000;14,100;3,000;2,000;

8667;2016.08.27 02:00:00;0,000;18,100;2,000;81,000;1,000;14,100;3,000;2,000;

8668;2016.08.27 03:00:00;0,000;17,100;1,000;85,000;2,000;14,100;3,000;2,000;

8669;2016.08.27 04:00:00;0,000;15,900;0,000;90,000;1,000;14,100;3,000;2,000;

8670;2016.08.27 05:00:00;0,000;17,100;1,000;94,000;1,000;14,100;3,000;2,000;

8671;2016.08.27 06:00:00;0,000;19,200;2,000;86,000;1,000;14,100;3,000;2,000;

8672;2016.08.27 07:00:00;0,000;19,800;3,000;78,000;0,000;14,100;3,000;2,000;

8673;2016.08.27 08:00:00;0,000;19,800;3,000;77,000;7,000;14,100;3,000;2,000;

8674;2016.08.27 09:00:00;0,000;20,400;3,000;77,000;3,000;14,100;3,000;2,000;

8675;2016.08.27 10:00:00;0,000;20,100;4,000;78,000;6,000;14,100;3,000;2,000;

8676;2016.08.27 11:00:00;0,000;20,400;3,000;78,000;3,000;14,100;3,000;2,000;

8677;2016.08.27 12:00:00;0,000;20,500;3,000;76,000;0,000;14,100;3,000;2,000;

8678;2016.08.27 13:00:00;0,000;21,100;3,000;72,000;0,000;14,100;3,000;2,000;

8679;2016.08.27 14:00:00;0,000;21,000;3,000;67,000;0,000;14,100;3,000;2,000;

8680;2016.08.27 15:00:00;0,000;20,900;3,000;66,000;0,000;14,100;3,000;2,000;

8681;2016.08.27 16:00:00;0,000;20,100;3,000;63,000;0,000;14,100;3,000;2,000;

8682;2016.08.27 17:00:00;0,000;19,200;2,000;72,000;1,000;14,100;3,000;2,000;

8683;2016.08.27 18:00:00;0,000;17,900;2,000;78,000;1,000;14,100;3,000;2,000;

8684;2016.08.27 19:00:00;0,000;17,000;1,000;81,000;7,000;14,100;3,000;2,000;

8685;2016.08.27 20:00:00;0,000;16,300;1,000;84,000;4,000;14,100;3,000;2,000;

8686;2016.08.27 21:00:00;0,000;16,300;0,000;78,000;5,000;14,100;3,000;2,000;

8687;2016.08.27 22:00:00;0,000;16,900;2,000;60,000;6,000;14,100;3,000;2,000;

8688;2016.08.27 23:00:00;0,000;16,700;1,000;69,000;4,000;14,100;3,000;2,000;

8689;2016.08.28 00:00:00;0,000;16,600;2,000;60,000;0,000;14,033;4,000;2,000;

8690;2016.08.28 01:00:00;0,000;16,000;1,000;63,000;0,000;14,033;4,000;2,000;

8691;2016.08.28 02:00:00;0,000;14,600;2,000;83,000;0,000;14,033;4,000;2,000;

8692;2016.08.28 03:00:00;0,000;14,600;2,000;81,000;4,000;14,033;4,000;2,000;

8693;2016.08.28 04:00:00;0,000;14,200;1,000;86,000;3,000;14,033;4,000;2,000;

8694;2016.08.28 05:00:00;0,000;14,200;2,000;88,000;2,000;14,033;4,000;2,000;

8695;2016.08.28 06:00:00;0,000;17,300;3,000;72,000;2,000;14,033;4,000;2,000;

8696;2016.08.28 07:00:00;0,000;19,600;4,000;74,000;3,000;14,033;4,000;2,000;

8697;2016.08.28 08:00:00;0,000;22,800;4,000;66,000;3,000;14,033;4,000;2,000;

8698;2016.08.28 09:00:00;0,000;25,100;3,000;61,000;2,000;14,033;4,000;2,000;

8699;2016.08.28 10:00:00;0,000;27,000;3,000;51,000;2,000;14,033;4,000;2,000;

8700;2016.08.28 11:00:00;0,000;28,500;3,000;48,000;2,000;14,033;4,000;2,000;

8701;2016.08.28 12:00:00;0,000;28,900;3,000;42,000;3,000;14,033;4,000;2,000;

8702;2016.08.28 13:00:00;0,000;29,200;4,000;43,000;4,000;14,033;4,000;2,000;

8703;2016.08.28 14:00:00;0,000;29,700;4,000;40,000;6,000;14,033;4,000;2,000;

8704;2016.08.28 15:00:00;0,000;29,200;3,000;41,000;6,000;14,033;4,000;2,000;

8705;2016.08.28 16:00:00;0,000;28,900;3,000;47,000;7,000;14,033;4,000;2,000;

8706;2016.08.28 17:00:00;0,000;27,600;3,000;53,000;7,000;14,033;4,000;2,000;

8707;2016.08.28 18:00:00;0,000;26,100;2,000;60,000;7,000;14,033;4,000;2,000;

8708;2016.08.28 19:00:00;0,000;24,600;3,000;66,000;7,000;14,033;4,000;2,000;

8709;2016.08.28 20:00:00;0,000;23,600;3,000;68,000;8,000;14,033;4,000;2,000;

8710;2016.08.28 21:00:00;0,000;23,100;3,000;68,000;8,000;14,033;4,000;2,000;

8711;2016.08.28 22:00:00;0,000;20,800;6,000;85,000;8,000;14,033;4,000;2,000;

8712;2016.08.28 23:00:00;0,000;19,400;3,000;89,000;8,000;14,033;4,000;2,000;

8713;2016.08.29 00:00:00;0,000;18,400;2,000;92,000;8,000;13,967;1,000;2,000;

8714;2016.08.29 01:00:00;0,000;18,400;5,000;93,000;6,000;13,967;1,000;2,000;

8715;2016.08.29 02:00:00;0,000;17,800;3,000;95,000;3,000;13,967;1,000;2,000;

8716;2016.08.29 03:00:00;0,000;18,300;3,000;93,000;3,000;13,967;1,000;2,000;

8717;2016.08.29 04:00:00;0,000;18,100;3,000;93,000;8,000;13,967;1,000;2,000;

8718;2016.08.29 05:00:00;0,000;17,900;3,000;93,000;7,000;13,967;1,000;2,000;

8719;2016.08.29 06:00:00;0,000;18,300;3,000;91,000;7,000;13,967;1,000;2,000;

8720;2016.08.29 07:00:00;0,000;19,100;5,000;84,000;6,000;13,967;1,000;2,000;

8721;2016.08.29 08:00:00;0,000;19,100;5,000;81,000;7,000;13,967;1,000;2,000;

8722;2016.08.29 09:00:00;0,000;20,300;6,000;73,000;6,000;13,967;1,000;2,000;

8723;2016.08.29 10:00:00;0,000;21,100;6,000;68,000;7,000;13,967;1,000;2,000;

8724;2016.08.29 11:00:00;0,000;19,500;5,000;75,000;6,000;13,967;1,000;2,000;

8725;2016.08.29 12:00:00;0,000;19,700;5,000;74,000;6,000;13,967;1,000;2,000;

8726;2016.08.29 13:00:00;0,000;19,900;7,000;70,000;7,000;13,967;1,000;2,000;

8727;2016.08.29 14:00:00;0,000;18,800;5,000;77,000;6,000;13,967;1,000;2,000;

8728;2016.08.29 15:00:00;0,000;18,900;8,000;68,000;4,000;13,967;1,000;2,000;

8729;2016.08.29 16:00:00;0,000;18,700;7,000;70,000;4,000;13,967;1,000;2,000;

8730;2016.08.29 17:00:00;0,000;17,900;5,000;74,000;2,000;13,967;1,000;2,000;

8731;2016.08.29 18:00:00;0,000;16,800;3,000;78,000;5,000;13,967;1,000;2,000;

8732;2016.08.29 19:00:00;0,000;17,000;5,000;77,000;3,000;13,967;1,000;2,000;

8733;2016.08.29 20:00:00;0,000;16,400;3,000;82,000;1,000;13,967;1,000;2,000;

8734;2016.08.29 21:00:00;0,000;16,600;3,000;81,000;6,000;13,967;1,000;2,000;

8735;2016.08.29 22:00:00;0,000;16,500;3,000;78,000;7,000;13,967;1,000;2,000;

8736;2016.08.29 23:00:00;0,000;16,800;5,000;73,000;7,000;13,967;1,000;2,000;

8737;2016.08.30 00:00:00;0,000;16,100;5,000;76,000;1,000;13,883;1,000;2,000;

8738;2016.08.30 01:00:00;0,000;15,900;4,000;77,000;1,000;13,883;1,000;2,000;

8739;2016.08.30 02:00:00;0,000;15,600;5,000;74,000;1,000;13,883;1,000;2,000;

8740;2016.08.30 03:00:00;0,000;15,200;5,000;73,000;1,000;13,883;1,000;2,000;

8741;2016.08.30 04:00:00;0,000;14,700;4,000;75,000;3,000;13,883;1,000;2,000;

8742;2016.08.30 05:00:00;0,000;14,900;4,000;76,000;3,000;13,883;1,000;2,000;

8743;2016.08.30 06:00:00;0,000;16,000;5,000;76,000;7,000;13,883;1,000;2,000;

8744;2016.08.30 07:00:00;0,000;16,900;6,000;70,000;5,000;13,883;1,000;2,000;

8745;2016.08.30 08:00:00;0,000;17,500;7,000;68,000;5,000;13,883;1,000;2,000;

8746;2016.08.30 09:00:00;0,000;17,000;6,000;69,000;5,000;13,883;1,000;2,000;

8747;2016.08.30 10:00:00;0,000;17,100;6,000;65,000;5,000;13,883;1,000;2,000;

8748;2016.08.30 11:00:00;0,000;18,100;7,000;62,000;5,000;13,883;1,000;2,000;

8749;2016.08.30 12:00:00;0,000;17,700;6,000;64,000;5,000;13,883;1,000;2,000;

8750;2016.08.30 13:00:00;0,000;18,000;6,000;62,000;5,000;13,883;1,000;2,000;

8751;2016.08.30 14:00:00;0,000;18,200;6,000;64,000;5,000;13,883;1,000;2,000;

8752;2016.08.30 15:00:00;0,000;18,600;5,000;62,000;3,000;13,883;1,000;2,000;

8753;2016.08.30 16:00:00;0,000;18,500;5,000;67,000;2,000;13,883;1,000;2,000;

8754;2016.08.30 17:00:00;0,000;17,900;4,000;71,000;1,000;13,883;1,000;2,000;

8755;2016.08.30 18:00:00;0,000;16,700;2,000;77,000;1,000;13,883;1,000;2,000;

8756;2016.08.30 19:00:00;0,000;15,800;2,000;83,000;0,000;13,883;1,000;2,000;

8757;2016.08.30 20:00:00;0,000;15,200;2,000;87,000;0,000;13,883;1,000;2,000;

8758;2016.08.30 21:00:00;0,000;14,700;2,000;88,000;0,000;13,883;1,000;2,000;

8759;2016.08.30 22:00:00;0,000;14,200;2,000;89,000;0,000;13,883;1,000;2,000;

8760;2016.08.30 23:00:00;0,000;13,600;2,000;92,000;0,000;13,883;1,000;2,000;

8761;2016.08.31 00:00:00;0,000;13,700;2,000;92,000;0,000;13,833;1,000;2,000;

8762;2016.08.31 01:00:00;0,000;13,300;1,000;92,000;0,000;13,833;1,000;2,000;

8763;2016.08.31 02:00:00;0,000;12,400;2,000;94,000;0,000;13,833;1,000;2,000;

8764;2016.08.31 03:00:00;0,000;12,000;2,000;95,000;0,000;13,833;1,000;2,000;

8765;2016.08.31 04:00:00;0,000;11,800;3,000;95,000;0,000;13,833;1,000;2,000;

8766;2016.08.31 05:00:00;0,000;12,000;3,000;94,000;0,000;13,833;1,000;2,000;

8767;2016.08.31 06:00:00;0,000;13,900;2,000;90,000;0,000;13,833;1,000;2,000;

8768;2016.08.31 07:00:00;0,000;16,300;2,000;86,000;0,000;13,833;1,000;2,000;

8769;2016.08.31 08:00:00;0,000;18,400;3,000;79,000;0,000;13,833;1,000;2,000;

8770;2016.08.31 09:00:00;0,000;20,200;3,000;68,000;4,000;13,833;1,000;2,000;

8771;2016.08.31 10:00:00;0,000;20,000;3,000;66,000;4,000;13,833;1,000;2,000;

8772;2016.08.31 11:00:00;0,000;20,900;3,000;62,000;3,000;13,833;1,000;2,000;

8773;2016.08.31 12:00:00;0,000;22,600;2,000;55,000;2,000;13,833;1,000;2,000;

8774;2016.08.31 13:00:00;0,000;21,200;2,000;65,000;1,000;13,833;1,000;2,000;

8775;2016.08.31 14:00:00;0,000;21,000;3,000;65,000;1,000;13,833;1,000;2,000;

8776;2016.08.31 15:00:00;0,000;20,600;2,000;66,000;0,000;13,833;1,000;2,000;

8777;2016.08.31 16:00:00;0,000;20,300;2,000;68,000;0,000;13,833;1,000;2,000;

8778;2016.08.31 17:00:00;0,000;19,600;2,000;71,000;0,000;13,833;1,000;2,000;

8779;2016.08.31 18:00:00;0,000;18,100;1,000;78,000;1,000;13,833;1,000;2,000;

8780;2016.08.31 19:00:00;0,000;16,200;0,000;86,000;1,000;13,833;1,000;2,000;

8781;2016.08.31 20:00:00;0,000;15,100;1,000;93,000;0,000;13,833;1,000;2,000;

8782;2016.08.31 21:00:00;0,000;16,500;2,000;89,000;0,000;13,833;1,000;2,000;

8783;2016.08.31 22:00:00;0,000;16,100;2,000;87,000;0,000;13,833;1,000;2,000;

8784;2016.08.31 23:00:00;0,000;15,600;2,000;86,000;0,000;13,833;1,000;2,000;

8785;2016.09.01 00:00:00;0,000;15,300;2,000;85,000;0,000;13,750;1,000;3,000;

8786;2016.09.01 01:00:00;0,000;14,800;2,000;86,000;0,000;13,750;1,000;3,000;

8787;2016.09.01 02:00:00;0,000;14,500;2,000;84,000;0,000;13,750;1,000;3,000;

8788;2016.09.01 03:00:00;0,000;14,200;2,000;85,000;1,000;13,750;1,000;3,000;

8789;2016.09.01 04:00:00;0,000;13,800;2,000;85,000;1,000;13,750;1,000;3,000;

8790;2016.09.01 05:00:00;0,000;14,000;3,000;83,000;1,000;13,750;1,000;3,000;

8791;2016.09.01 06:00:00;0,000;15,800;3,000;75,000;1,000;13,750;1,000;3,000;

8792;2016.09.01 07:00:00;0,000;18,200;3,000;66,000;1,000;13,750;1,000;3,000;

8793;2016.09.01 08:00:00;0,000;20,500;2,000;60,000;2,000;13,750;1,000;3,000;

8794;2016.09.01 09:00:00;0,000;22,300;2,000;52,000;2,000;13,750;1,000;3,000;

8795;2016.09.01 10:00:00;0,000;23,200;3,000;51,000;3,000;13,750;1,000;3,000;

8796;2016.09.01 11:00:00;0,000;22,500;6,000;58,000;3,000;13,750;1,000;3,000;

8797;2016.09.01 12:00:00;0,000;23,200;4,000;52,000;4,000;13,750;1,000;3,000;

8798;2016.09.01 13:00:00;0,000;21,700;5,000;56,000;6,000;13,750;1,000;3,000;

8799;2016.09.01 14:00:00;0,000;20,800;6,000;55,000;6,000;13,750;1,000;3,000;

8800;2016.09.01 15:00:00;0,000;20,300;5,000;58,000;6,000;13,750;1,000;3,000;

8801;2016.09.01 16:00:00;0,000;19,900;4,000;62,000;5,000;13,750;1,000;3,000;

8802;2016.09.01 17:00:00;0,000;19,300;2,000;67,000;3,000;13,750;1,000;3,000;

8803;2016.09.01 18:00:00;0,000;17,900;1,000;75,000;2,000;13,750;1,000;3,000;

8804;2016.09.01 19:00:00;0,000;15,800;1,000;84,000;3,000;13,750;1,000;3,000;

8805;2016.09.01 20:00:00;0,000;14,600;0,000;90,000;5,000;13,750;1,000;3,000;

8806;2016.09.01 21:00:00;0,000;15,900;1,000;87,000;6,000;13,750;1,000;3,000;

8807;2016.09.01 22:00:00;0,000;16,000;2,000;85,000;6,000;13,750;1,000;3,000;

8808;2016.09.01 23:00:00;0,000;16,700;2,000;83,000;2,000;13,750;1,000;3,000;

8809;2016.09.02 00:00:00;0,000;15,700;2,000;88,000;2,000;13,683;2,000;3,000;

8810;2016.09.02 01:00:00;0,000;15,500;2,000;90,000;6,000;13,683;2,000;3,000;

8811;2016.09.02 02:00:00;0,000;15,600;3,000;90,000;4,000;13,683;2,000;3,000;

8812;2016.09.02 03:00:00;0,000;15,000;2,000;91,000;2,000;13,683;2,000;3,000;

8813;2016.09.02 04:00:00;0,000;14,400;2,000;90,000;5,000;13,683;2,000;3,000;

8814;2016.09.02 05:00:00;0,000;14,200;2,000;91,000;5,000;13,683;2,000;3,000;

8815;2016.09.02 06:00:00;0,000;16,100;3,000;88,000;6,000;13,683;2,000;3,000;

8816;2016.09.02 07:00:00;0,000;17,600;3,000;83,000;7,000;13,683;2,000;3,000;

8817;2016.09.02 08:00:00;0,000;18,000;4,000;73,000;7,000;13,683;2,000;3,000;

8818;2016.09.02 09:00:00;0,000;18,700;3,000;71,000;4,000;13,683;2,000;3,000;

8819;2016.09.02 10:00:00;0,000;18,800;5,000;68,000;4,000;13,683;2,000;3,000;

8820;2016.09.02 11:00:00;0,000;19,300;5,000;66,000;3,000;13,683;2,000;3,000;

8821;2016.09.02 12:00:00;0,000;19,400;6,000;62,000;3,000;13,683;2,000;3,000;

8822;2016.09.02 13:00:00;0,000;19,800;5,000;63,000;3,000;13,683;2,000;3,000;

8823;2016.09.02 14:00:00;0,000;19,300;5,000;61,000;6,000;13,683;2,000;3,000;

8824;2016.09.02 15:00:00;0,000;19,500;3,000;62,000;7,000;13,683;2,000;3,000;

8825;2016.09.02 16:00:00;0,000;17,800;2,000;70,000;8,000;13,683;2,000;3,000;

8826;2016.09.02 17:00:00;0,000;17,700;1,000;74,000;8,000;13,683;2,000;3,000;

8827;2016.09.02 18:00:00;0,000;16,800;1,000;76,000;8,000;13,683;2,000;3,000;

8828;2016.09.02 19:00:00;0,000;15,300;1,000;86,000;7,000;13,683;2,000;3,000;

8829;2016.09.02 20:00:00;0,000;16,200;2,000;81,000;7,000;13,683;2,000;3,000;

8830;2016.09.02 21:00:00;0,000;15,800;2,000;82,000;8,000;13,683;2,000;3,000;

8831;2016.09.02 22:00:00;0,000;15,900;3,000;81,000;7,000;13,683;2,000;3,000;

8832;2016.09.02 23:00:00;0,000;15,800;3,000;81,000;7,000;13,683;2,000;3,000;

8833;2016.09.03 00:00:00;0,000;15,900;2,000;79,000;8,000;13,617;3,000;3,000;

8834;2016.09.03 01:00:00;0,000;15,900;3,000;78,000;8,000;13,617;3,000;3,000;

8835;2016.09.03 02:00:00;0,000;15,600;3,000;84,000;8,000;13,617;3,000;3,000;

8836;2016.09.03 03:00:00;0,000;15,500;3,000;86,000;8,000;13,617;3,000;3,000;

8837;2016.09.03 04:00:00;0,000;15,100;2,000;88,000;8,000;13,617;3,000;3,000;

8838;2016.09.03 05:00:00;0,000;14,900;2,000;90,000;8,000;13,617;3,000;3,000;

8839;2016.09.03 06:00:00;0,000;15,200;1,000;91,000;7,000;13,617;3,000;3,000;

8840;2016.09.03 07:00:00;0,000;16,200;3,000;86,000;2,000;13,617;3,000;3,000;

8841;2016.09.03 08:00:00;0,000;18,400;3,000;75,000;3,000;13,617;3,000;3,000;

8842;2016.09.03 09:00:00;0,000;20,200;5,000;70,000;5,000;13,617;3,000;3,000;

8843;2016.09.03 10:00:00;0,000;20,900;6,000;66,000;6,000;13,617;3,000;3,000;

8844;2016.09.03 11:00:00;0,000;21,000;7,000;71,000;7,000;13,617;3,000;3,000;

8845;2016.09.03 12:00:00;0,000;19,800;6,000;73,000;6,000;13,617;3,000;3,000;

8846;2016.09.03 13:00:00;0,000;21,300;6,000;66,000;6,000;13,617;3,000;3,000;

8847;2016.09.03 14:00:00;0,000;21,200;4,000;68,000;7,000;13,617;3,000;3,000;

8848;2016.09.03 15:00:00;0,000;21,000;3,000;63,000;8,000;13,617;3,000;3,000;

8849;2016.09.03 16:00:00;0,000;19,300;2,000;74,000;7,000;13,617;3,000;3,000;

8850;2016.09.03 17:00:00;0,000;18,800;1,000;82,000;7,000;13,617;3,000;3,000;

8851;2016.09.03 18:00:00;0,000;18,100;2,000;85,000;8,000;13,617;3,000;3,000;

8852;2016.09.03 19:00:00;0,000;16,800;2,000;85,000;6,000;13,617;3,000;3,000;

8853;2016.09.03 20:00:00;0,000;15,800;1,000;89,000;2,000;13,617;3,000;3,000;

8854;2016.09.03 21:00:00;0,000;16,100;2,000;95,000;6,000;13,617;3,000;3,000;

8855;2016.09.03 22:00:00;0,000;16,000;1,000;97,000;7,000;13,617;3,000;3,000;

8856;2016.09.03 23:00:00;0,000;15,700;2,000;98,000;7,000;13,617;3,000;3,000;

8857;2016.09.04 00:00:00;0,000;15,400;2,000;98,000;8,000;13,533;4,000;3,000;

8858;2016.09.04 01:00:00;0,000;15,200;2,000;98,000;8,000;13,533;4,000;3,000;

8859;2016.09.04 02:00:00;0,000;15,100;2,000;98,000;8,000;13,533;4,000;3,000;

8860;2016.09.04 03:00:00;0,000;15,200;2,000;96,000;8,000;13,533;4,000;3,000;

8861;2016.09.04 04:00:00;0,000;15,000;2,000;96,000;8,000;13,533;4,000;3,000;

8862;2016.09.04 05:00:00;0,000;15,100;2,000;96,000;8,000;13,533;4,000;3,000;

8863;2016.09.04 06:00:00;0,000;15,200;2,000;97,000;8,000;13,533;4,000;3,000;

8864;2016.09.04 07:00:00;0,000;15,700;1,000;96,000;8,000;13,533;4,000;3,000;

8865;2016.09.04 08:00:00;0,000;16,200;1,000;91,000;8,000;13,533;4,000;3,000;

8866;2016.09.04 09:00:00;0,000;17,100;2,000;89,000;8,000;13,533;4,000;3,000;

8867;2016.09.04 10:00:00;0,000;16,700;3,000;93,000;8,000;13,533;4,000;3,000;

8868;2016.09.04 11:00:00;0,000;16,200;3,000;95,000;8,000;13,533;4,000;3,000;

8869;2016.09.04 12:00:00;0,000;15,600;2,000;96,000;8,000;13,533;4,000;3,000;

8870;2016.09.04 13:00:00;0,000;15,600;1,000;97,000;8,000;13,533;4,000;3,000;

8871;2016.09.04 14:00:00;0,000;15,400;2,000;97,000;8,000;13,533;4,000;3,000;

8872;2016.09.04 15:00:00;0,000;15,800;1,000;97,000;8,000;13,533;4,000;3,000;

8873;2016.09.04 16:00:00;0,000;15,600;2,000;96,000;8,000;13,533;4,000;3,000;

8874;2016.09.04 17:00:00;0,000;15,500;2,000;96,000;8,000;13,533;4,000;3,000;

8875;2016.09.04 18:00:00;0,000;15,400;1,000;97,000;8,000;13,533;4,000;3,000;

8876;2016.09.04 19:00:00;0,000;15,400;2,000;97,000;8,000;13,533;4,000;3,000;

8877;2016.09.04 20:00:00;0,000;15,200;2,000;98,000;8,000;13,533;4,000;3,000;

8878;2016.09.04 21:00:00;0,000;15,200;2,000;98,000;8,000;13,533;4,000;3,000;

8879;2016.09.04 22:00:00;0,000;15,300;2,000;98,000;8,000;13,533;4,000;3,000;

8880;2016.09.04 23:00:00;0,000;15,200;3,000;98,000;8,000;13,533;4,000;3,000;

8881;2016.09.05 00:00:00;0,000;15,100;2,000;98,000;8,000;13,483;1,000;3,000;

8882;2016.09.05 01:00:00;0,000;15,100;2,000;98,000;8,000;13,483;1,000;3,000;

8883;2016.09.05 02:00:00;0,000;15,000;3,000;98,000;8,000;13,483;1,000;3,000;

8884;2016.09.05 03:00:00;0,000;14,900;3,000;97,000;8,000;13,483;1,000;3,000;

8885;2016.09.05 04:00:00;0,000;14,900;3,000;96,000;7,000;13,483;1,000;3,000;

8886;2016.09.05 05:00:00;0,000;14,800;3,000;96,000;8,000;13,483;1,000;3,000;

8887;2016.09.05 06:00:00;0,000;14,900;1,000;97,000;8,000;13,483;1,000;3,000;

8888;2016.09.05 07:00:00;0,000;15,000;2,000;97,000;8,000;13,483;1,000;3,000;

8889;2016.09.05 08:00:00;0,000;15,500;2,000;96,000;8,000;13,483;1,000;3,000;

8890;2016.09.05 09:00:00;0,000;15,200;2,000;97,000;8,000;13,483;1,000;3,000;

8891;2016.09.05 10:00:00;0,000;16,200;2,000;92,000;7,000;13,483;1,000;3,000;

8892;2016.09.05 11:00:00;0,000;17,500;2,000;83,000;6,000;13,483;1,000;3,000;

8893;2016.09.05 12:00:00;0,000;18,300;2,000;73,000;4,000;13,483;1,000;3,000;

8894;2016.09.05 13:00:00;0,000;18,700;3,000;69,000;3,000;13,483;1,000;3,000;

8895;2016.09.05 14:00:00;0,000;19,300;3,000;69,000;2,000;13,483;1,000;3,000;

8896;2016.09.05 15:00:00;0,000;18,500;4,000;69,000;2,000;13,483;1,000;3,000;

8897;2016.09.05 16:00:00;0,000;17,700;4,000;71,000;2,000;13,483;1,000;3,000;

8898;2016.09.05 17:00:00;0,000;16,400;3,000;74,000;2,000;13,483;1,000;3,000;

8899;2016.09.05 18:00:00;0,000;14,600;1,000;83,000;1,000;13,483;1,000;3,000;

8900;2016.09.05 19:00:00;0,000;13,700;1,000;85,000;1,000;13,483;1,000;3,000;

8901;2016.09.05 20:00:00;0,000;13,100;1,000;87,000;0,000;13,483;1,000;3,000;

8902;2016.09.05 21:00:00;0,000;11,700;1,000;92,000;0,000;13,483;1,000;3,000;

8903;2016.09.05 22:00:00;0,000;11,200;1,000;96,000;0,000;13,483;1,000;3,000;

8904;2016.09.05 23:00:00;0,000;11,100;1,000;97,000;0,000;13,483;1,000;3,000;

8905;2016.09.06 00:00:00;0,000;10,600;1,000;97,000;0,000;13,400;1,000;3,000;

8906;2016.09.06 01:00:00;0,000;11,700;0,000;98,000;7,000;13,400;1,000;3,000;

8907;2016.09.06 02:00:00;0,000;11,700;1,000;98,000;7,000;13,400;1,000;3,000;

8908;2016.09.06 03:00:00;0,000;11,500;1,000;98,000;8,000;13,400;1,000;3,000;

8909;2016.09.06 04:00:00;0,000;12,200;1,000;98,000;7,000;13,400;1,000;3,000;

8910;2016.09.06 05:00:00;0,000;12,100;1,000;98,000;7,000;13,400;1,000;3,000;

8911;2016.09.06 06:00:00;0,000;14,300;1,000;94,000;7,000;13,400;1,000;3,000;

8912;2016.09.06 07:00:00;0,000;16,300;1,000;85,000;4,000;13,400;1,000;3,000;

8913;2016.09.06 08:00:00;0,000;17,800;1,000;76,000;3,000;13,400;1,000;3,000;

8914;2016.09.06 09:00:00;0,000;18,100;2,000;72,000;3,000;13,400;1,000;3,000;

8915;2016.09.06 10:00:00;0,000;18,900;2,000;65,000;3,000;13,400;1,000;3,000;

8916;2016.09.06 11:00:00;0,000;19,300;2,000;64,000;3,000;13,400;1,000;3,000;

8917;2016.09.06 12:00:00;0,000;19,200;3,000;65,000;2,000;13,400;1,000;3,000;

8918;2016.09.06 13:00:00;0,000;19,200;2,000;66,000;2,000;13,400;1,000;3,000;

8919;2016.09.06 14:00:00;0,000;19,000;2,000;67,000;2,000;13,400;1,000;3,000;

8920;2016.09.06 15:00:00;0,000;18,900;2,000;65,000;3,000;13,400;1,000;3,000;

8921;2016.09.06 16:00:00;0,000;18,200;2,000;70,000;4,000;13,400;1,000;3,000;

8922;2016.09.06 17:00:00;0,000;17,200;2,000;76,000;5,000;13,400;1,000;3,000;

8923;2016.09.06 18:00:00;0,000;15,300;1,000;87,000;4,000;13,400;1,000;3,000;

8924;2016.09.06 19:00:00;0,000;13,500;0,000;93,000;2,000;13,400;1,000;3,000;

8925;2016.09.06 20:00:00;0,000;13,900;2,000;94,000;0,000;13,400;1,000;3,000;

8926;2016.09.06 21:00:00;0,000;13,200;1,000;94,000;0,000;13,400;1,000;3,000;

8927;2016.09.06 22:00:00;0,000;13,100;2,000;94,000;0,000;13,400;1,000;3,000;

8928;2016.09.06 23:00:00;0,000;12,500;2,000;95,000;0,000;13,400;1,000;3,000;

8929;2016.09.07 00:00:00;0,000;12,000;2,000;96,000;0,000;13,333;1,000;3,000;

8930;2016.09.07 01:00:00;0,000;11,700;2,000;96,000;0,000;13,333;1,000;3,000;

8931;2016.09.07 02:00:00;0,000;11,400;2,000;95,000;0,000;13,333;1,000;3,000;

8932;2016.09.07 03:00:00;0,000;11,200;3,000;95,000;1,000;13,333;1,000;3,000;

8933;2016.09.07 04:00:00;0,000;11,100;2,000;95,000;1,000;13,333;1,000;3,000;

8934;2016.09.07 05:00:00;0,000;11,400;2,000;93,000;4,000;13,333;1,000;3,000;

8935;2016.09.07 06:00:00;0,000;12,900;2,000;88,000;4,000;13,333;1,000;3,000;

8936;2016.09.07 07:00:00;0,000;15,400;2,000;83,000;4,000;13,333;1,000;3,000;

8937;2016.09.07 08:00:00;0,000;17,900;2,000;73,000;4,000;13,333;1,000;3,000;

8938;2016.09.07 09:00:00;0,000;19,800;3,000;68,000;3,000;13,333;1,000;3,000;

8939;2016.09.07 10:00:00;0,000;21,100;3,000;61,000;4,000;13,333;1,000;3,000;

8940;2016.09.07 11:00:00;0,000;21,800;3,000;55,000;5,000;13,333;1,000;3,000;

8941;2016.09.07 12:00:00;0,000;22,000;3,000;55,000;6,000;13,333;1,000;3,000;

8942;2016.09.07 13:00:00;0,000;22,700;3,000;52,000;4,000;13,333;1,000;3,000;

8943;2016.09.07 14:00:00;0,000;21,400;2,000;64,000;2,000;13,333;1,000;3,000;

8944;2016.09.07 15:00:00;0,000;21,200;1,000;65,000;1,000;13,333;1,000;3,000;

8945;2016.09.07 16:00:00;0,000;20,000;2,000;68,000;1,000;13,333;1,000;3,000;

8946;2016.09.07 17:00:00;0,000;19,000;1,000;74,000;1,000;13,333;1,000;3,000;

8947;2016.09.07 18:00:00;0,000;16,800;1,000;86,000;1,000;13,333;1,000;3,000;

8948;2016.09.07 19:00:00;0,000;15,000;1,000;93,000;1,000;13,333;1,000;3,000;

8949;2016.09.07 20:00:00;0,000;13,900;0,000;95,000;0,000;13,333;1,000;3,000;

8950;2016.09.07 21:00:00;0,000;13,400;2,000;97,000;0,000;13,333;1,000;3,000;

8951;2016.09.07 22:00:00;0,000;13,000;2,000;96,000;0,000;13,333;1,000;3,000;

8952;2016.09.07 23:00:00;0,000;13,000;1,000;98,000;0,000;13,333;1,000;3,000;

8953;2016.09.08 00:00:00;0,000;13,700;2,000;95,000;0,000;13,250;1,000;3,000;

8954;2016.09.08 01:00:00;0,000;13,200;2,000;95,000;0,000;13,250;1,000;3,000;

8955;2016.09.08 02:00:00;0,000;13,200;2,000;94,000;0,000;13,250;1,000;3,000;

8956;2016.09.08 03:00:00;0,000;12,900;2,000;93,000;0,000;13,250;1,000;3,000;

8957;2016.09.08 04:00:00;0,000;12,700;2,000;93,000;1,000;13,250;1,000;3,000;

8958;2016.09.08 05:00:00;0,000;13,100;2,000;92,000;1,000;13,250;1,000;3,000;

8959;2016.09.08 06:00:00;0,000;14,600;2,000;87,000;1,000;13,250;1,000;3,000;

8960;2016.09.08 07:00:00;0,000;17,400;2,000;79,000;5,000;13,250;1,000;3,000;

8961;2016.09.08 08:00:00;0,000;19,700;2,000;74,000;5,000;13,250;1,000;3,000;

8962;2016.09.08 09:00:00;0,000;21,500;3,000;71,000;2,000;13,250;1,000;3,000;

8963;2016.09.08 10:00:00;0,000;23,000;3,000;62,000;2,000;13,250;1,000;3,000;

8964;2016.09.08 11:00:00;0,000;24,200;2,000;55,000;1,000;13,250;1,000;3,000;

8965;2016.09.08 12:00:00;0,000;24,900;2,000;58,000;1,000;13,250;1,000;3,000;

8966;2016.09.08 13:00:00;0,000;25,200;2,000;57,000;1,000;13,250;1,000;3,000;

8967;2016.09.08 14:00:00;0,000;25,800;2,000;57,000;1,000;13,250;1,000;3,000;

8968;2016.09.08 15:00:00;0,000;25,700;2,000;60,000;0,000;13,250;1,000;3,000;

8969;2016.09.08 16:00:00;0,000;25,300;2,000;61,000;0,000;13,250;1,000;3,000;

8970;2016.09.08 17:00:00;0,000;23,900;2,000;67,000;0,000;13,250;1,000;3,000;

8971;2016.09.08 18:00:00;0,000;21,500;1,000;77,000;0,000;13,250;1,000;3,000;

8972;2016.09.08 19:00:00;0,000;18,700;1,000;91,000;0,000;13,250;1,000;3,000;

8973;2016.09.08 20:00:00;0,000;17,800;0,000;96,000;0,000;13,250;1,000;3,000;

8974;2016.09.08 21:00:00;0,000;19,500;2,000;87,000;0,000;13,250;1,000;3,000;

8975;2016.09.08 22:00:00;0,000;19,500;3,000;84,000;0,000;13,250;1,000;3,000;

8976;2016.09.08 23:00:00;0,000;18,900;3,000;85,000;0,000;13,250;1,000;3,000;

8977;2016.09.09 00:00:00;0,000;18,200;3,000;86,000;0,000;13,183;2,000;3,000;

8978;2016.09.09 01:00:00;0,000;17,700;3,000;87,000;0,000;13,183;2,000;3,000;

8979;2016.09.09 02:00:00;0,000;17,200;3,000;88,000;0,000;13,183;2,000;3,000;

8980;2016.09.09 03:00:00;0,000;16,800;3,000;90,000;0,000;13,183;2,000;3,000;

8981;2016.09.09 04:00:00;0,000;16,400;3,000;91,000;0,000;13,183;2,000;3,000;

8982;2016.09.09 05:00:00;0,000;16,400;3,000;91,000;2,000;13,183;2,000;3,000;

8983;2016.09.09 06:00:00;0,000;17,700;2,000;86,000;2,000;13,183;2,000;3,000;

8984;2016.09.09 07:00:00;0,000;18,900;3,000;82,000;3,000;13,183;2,000;3,000;

8985;2016.09.09 08:00:00;0,000;20,600;2,000;77,000;3,000;13,183;2,000;3,000;

8986;2016.09.09 09:00:00;0,000;23,100;2,000;66,000;5,000;13,183;2,000;3,000;

8987;2016.09.09 10:00:00;0,000;25,300;1,000;56,000;5,000;13,183;2,000;3,000;

8988;2016.09.09 11:00:00;0,000;26,400;1,000;52,000;6,000;13,183;2,000;3,000;

8989;2016.09.09 12:00:00;0,000;24,700;5,000;65,000;5,000;13,183;2,000;3,000;

8990;2016.09.09 13:00:00;0,000;24,000;3,000;66,000;6,000;13,183;2,000;3,000;

8991;2016.09.09 14:00:00;0,000;23,200;2,000;72,000;5,000;13,183;2,000;3,000;

8992;2016.09.09 15:00:00;0,000;21,900;3,000;76,000;5,000;13,183;2,000;3,000;

8993;2016.09.09 16:00:00;0,000;19,500;5,000;90,000;7,000;13,183;2,000;3,000;

8994;2016.09.09 17:00:00;0,000;18,900;4,000;90,000;8,000;13,183;2,000;3,000;

8995;2016.09.09 18:00:00;0,000;18,700;2,000;91,000;8,000;13,183;2,000;3,000;

8996;2016.09.09 19:00:00;0,000;18,400;3,000;92,000;8,000;13,183;2,000;3,000;

8997;2016.09.09 20:00:00;0,000;18,200;2,000;93,000;8,000;13,183;2,000;3,000;

8998;2016.09.09 21:00:00;0,000;18,300;1,000;93,000;8,000;13,183;2,000;3,000;

8999;2016.09.09 22:00:00;0,000;17,700;1,000;94,000;0,000;13,183;2,000;3,000;

9000;2016.09.09 23:00:00;0,000;17,000;2,000;96,000;7,000;13,183;2,000;3,000;

9001;2016.09.10 00:00:00;0,000;17,300;2,000;96,000;7,000;13,117;3,000;3,000;

9002;2016.09.10 01:00:00;0,000;16,600;1,000;97,000;8,000;13,117;3,000;3,000;

9003;2016.09.10 02:00:00;0,000;16,200;2,000;99,000;9,000;13,117;3,000;3,000;

9004;2016.09.10 03:00:00;0,000;16,000;1,000;99,000;9,000;13,117;3,000;3,000;

9005;2016.09.10 04:00:00;0,000;16,000;1,000;100,000;9,000;13,117;3,000;3,000;

9006;2016.09.10 05:00:00;0,000;15,900;1,000;100,000;9,000;13,117;3,000;3,000;

9007;2016.09.10 06:00:00;0,000;16,200;2,000;100,000;8,000;13,117;3,000;3,000;

9008;2016.09.10 07:00:00;0,000;16,800;2,000;99,000;8,000;13,117;3,000;3,000;

9009;2016.09.10 08:00:00;0,000;17,300;2,000;96,000;8,000;13,117;3,000;3,000;

9010;2016.09.10 09:00:00;0,000;18,100;1,000;93,000;8,000;13,117;3,000;3,000;

9011;2016.09.10 10:00:00;0,000;19,700;1,000;79,000;7,000;13,117;3,000;3,000;

9012;2016.09.10 11:00:00;0,000;19,500;2,000;87,000;7,000;13,117;3,000;3,000;

9013;2016.09.10 12:00:00;0,000;19,900;2,000;85,000;7,000;13,117;3,000;3,000;

9014;2016.09.10 13:00:00;0,000;19,600;3,000;87,000;8,000;13,117;3,000;3,000;

9015;2016.09.10 14:00:00;0,000;20,100;3,000;85,000;1,000;13,117;3,000;3,000;

9016;2016.09.10 15:00:00;0,000;19,800;2,000;86,000;1,000;13,117;3,000;3,000;

9017;2016.09.10 16:00:00;0,000;19,000;2,000;88,000;0,000;13,117;3,000;3,000;

9018;2016.09.10 17:00:00;0,000;18,100;2,000;92,000;1,000;13,117;3,000;3,000;

9019;2016.09.10 18:00:00;0,000;17,000;1,000;96,000;1,000;13,117;3,000;3,000;

9020;2016.09.10 19:00:00;0,000;16,400;1,000;97,000;0,000;13,117;3,000;3,000;

9021;2016.09.10 20:00:00;0,000;14,900;0,000;97,000;9,000;13,117;3,000;3,000;

9022;2016.09.10 21:00:00;0,000;13,900;0,000;98,000;9,000;13,117;3,000;3,000;

9023;2016.09.10 22:00:00;0,000;13,500;2,000;99,000;0,000;13,117;3,000;3,000;

9024;2016.09.10 23:00:00;0,000;15,000;2,000;99,000;3,000;13,117;3,000;3,000;

9025;2016.09.11 00:00:00;0,000;15,300;2,000;100,000;9,000;13,050;4,000;3,000;

9026;2016.09.11 01:00:00;0,000;15,800;3,000;100,000;9,000;13,050;4,000;3,000;

9027;2016.09.11 02:00:00;0,000;15,600;3,000;100,000;9,000;13,050;4,000;3,000;

9028;2016.09.11 03:00:00;0,000;15,400;3,000;100,000;9,000;13,050;4,000;3,000;

9029;2016.09.11 04:00:00;0,000;15,000;3,000;100,000;9,000;13,050;4,000;3,000;

9030;2016.09.11 05:00:00;0,000;15,000;3,000;100,000;9,000;13,050;4,000;3,000;

9031;2016.09.11 06:00:00;0,000;15,200;2,000;100,000;9,000;13,050;4,000;3,000;

9032;2016.09.11 07:00:00;0,000;15,600;3,000;100,000;9,000;13,050;4,000;3,000;

9033;2016.09.11 08:00:00;0,000;17,100;2,000;100,000;1,000;13,050;4,000;3,000;

9034;2016.09.11 09:00:00;0,000;20,700;3,000;83,000;1,000;13,050;4,000;3,000;

9035;2016.09.11 10:00:00;0,000;23,700;3,000;64,000;1,000;13,050;4,000;3,000;

9036;2016.09.11 11:00:00;0,000;25,300;3,000;57,000;1,000;13,050;4,000;3,000;

9037;2016.09.11 12:00:00;0,000;26,300;2,000;55,000;3,000;13,050;4,000;3,000;

9038;2016.09.11 13:00:00;0,000;27,100;2,000;54,000;5,000;13,050;4,000;3,000;

9039;2016.09.11 14:00:00;0,000;27,400;2,000;51,000;5,000;13,050;4,000;3,000;

9040;2016.09.11 15:00:00;0,000;23,100;4,000;70,000;3,000;13,050;4,000;3,000;

9041;2016.09.11 16:00:00;0,000;22,400;2,000;73,000;4,000;13,050;4,000;3,000;

9042;2016.09.11 17:00:00;0,000;20,300;2,000;85,000;6,000;13,050;4,000;3,000;

9043;2016.09.11 18:00:00;0,000;19,000;1,000;91,000;8,000;13,050;4,000;3,000;

9044;2016.09.11 19:00:00;0,000;18,000;1,000;94,000;2,000;13,050;4,000;3,000;

9045;2016.09.11 20:00:00;0,000;16,900;1,000;97,000;2,000;13,050;4,000;3,000;

9046;2016.09.11 21:00:00;0,000;16,400;0,000;97,000;1,000;13,050;4,000;3,000;

9047;2016.09.11 22:00:00;0,000;16,000;0,000;97,000;1,000;13,050;4,000;3,000;

9048;2016.09.11 23:00:00;0,000;15,700;0,000;98,000;0,000;13,050;4,000;3,000;

9049;2016.09.12 00:00:00;0,000;15,800;0,000;99,000;0,000;12,967;1,000;3,000;

9050;2016.09.12 01:00:00;0,000;15,600;0,000;99,000;0,000;12,967;1,000;3,000;

9051;2016.09.12 02:00:00;0,000;14,800;1,000;98,000;0,000;12,967;1,000;3,000;

9052;2016.09.12 03:00:00;0,000;14,200;0,000;99,000;0,000;12,967;1,000;3,000;

9053;2016.09.12 04:00:00;0,000;14,300;1,000;99,000;0,000;12,967;1,000;3,000;

9054;2016.09.12 05:00:00;0,000;14,400;1,000;100,000;2,000;12,967;1,000;3,000;

9055;2016.09.12 06:00:00;0,000;15,900;1,000;100,000;1,000;12,967;1,000;3,000;

9056;2016.09.12 07:00:00;0,000;18,500;1,000;98,000;1,000;12,967;1,000;3,000;

9057;2016.09.12 08:00:00;0,000;21,900;1,000;71,000;1,000;12,967;1,000;3,000;

9058;2016.09.12 09:00:00;0,000;23,100;2,000;66,000;0,000;12,967;1,000;3,000;

9059;2016.09.12 10:00:00;0,000;24,300;2,000;62,000;0,000;12,967;1,000;3,000;

9060;2016.09.12 11:00:00;0,000;25,000;2,000;62,000;0,000;12,967;1,000;3,000;

9061;2016.09.12 12:00:00;0,000;25,100;2,000;72,000;0,000;12,967;1,000;3,000;

9062;2016.09.12 13:00:00;0,000;25,400;3,000;69,000;0,000;12,967;1,000;3,000;

9063;2016.09.12 14:00:00;0,000;25,000;3,000;73,000;0,000;12,967;1,000;3,000;

9064;2016.09.12 15:00:00;0,000;25,500;2,000;74,000;0,000;12,967;1,000;3,000;

9065;2016.09.12 16:00:00;0,000;25,600;2,000;69,000;0,000;12,967;1,000;3,000;

9066;2016.09.12 17:00:00;0,000;22,300;1,000;87,000;0,000;12,967;1,000;3,000;

9067;2016.09.12 18:00:00;0,000;20,600;1,000;90,000;0,000;12,967;1,000;3,000;

9068;2016.09.12 19:00:00;0,000;19,200;0,000;94,000;0,000;12,967;1,000;3,000;

9069;2016.09.12 20:00:00;0,000;18,500;1,000;96,000;0,000;12,967;1,000;3,000;

9070;2016.09.12 21:00:00;0,000;17,900;1,000;97,000;0,000;12,967;1,000;3,000;

9071;2016.09.12 22:00:00;0,000;16,900;0,000;97,000;0,000;12,967;1,000;3,000;

9072;2016.09.12 23:00:00;0,000;16,200;1,000;98,000;0,000;12,967;1,000;3,000;

9073;2016.09.13 00:00:00;0,000;15,400;0,000;99,000;0,000;12,900;1,000;3,000;

9074;2016.09.13 01:00:00;0,000;14,900;1,000;99,000;0,000;12,900;1,000;3,000;

9075;2016.09.13 02:00:00;0,000;15,000;0,000;99,000;0,000;12,900;1,000;3,000;

9076;2016.09.13 03:00:00;0,000;14,400;0,000;99,000;0,000;12,900;1,000;3,000;

9077;2016.09.13 04:00:00;0,000;14,400;1,000;100,000;0,000;12,900;1,000;3,000;

9078;2016.09.13 05:00:00;0,000;14,500;0,000;100,000;0,000;12,900;1,000;3,000;

9079;2016.09.13 06:00:00;0,000;16,000;0,000;100,000;0,000;12,900;1,000;3,000;

9080;2016.09.13 07:00:00;0,000;17,500;1,000;98,000;0,000;12,900;1,000;3,000;

9081;2016.09.13 08:00:00;0,000;20,700;1,000;89,000;0,000;12,900;1,000;3,000;

9082;2016.09.13 09:00:00;0,000;23,600;2,000;73,000;0,000;12,900;1,000;3,000;

9083;2016.09.13 10:00:00;0,000;25,000;2,000;65,000;0,000;12,900;1,000;3,000;

9084;2016.09.13 11:00:00;0,000;26,100;2,000;61,000;0,000;12,900;1,000;3,000;

9085;2016.09.13 12:00:00;0,000;26,800;2,000;57,000;0,000;12,900;1,000;3,000;

9086;2016.09.13 13:00:00;0,000;25,900;3,000;65,000;0,000;12,900;1,000;3,000;

9087;2016.09.13 14:00:00;0,000;25,800;3,000;68,000;0,000;12,900;1,000;3,000;

9088;2016.09.13 15:00:00;0,000;25,600;2,000;69,000;0,000;12,900;1,000;3,000;

9089;2016.09.13 16:00:00;0,000;25,000;2,000;71,000;0,000;12,900;1,000;3,000;

9090;2016.09.13 17:00:00;0,000;23,400;2,000;78,000;0,000;12,900;1,000;3,000;

9091;2016.09.13 18:00:00;0,000;21,600;1,000;85,000;0,000;12,900;1,000;3,000;

9092;2016.09.13 19:00:00;0,000;21,500;1,000;78,000;0,000;12,900;1,000;3,000;

9093;2016.09.13 20:00:00;0,000;21,200;2,000;76,000;0,000;12,900;1,000;3,000;

9094;2016.09.13 21:00:00;0,000;20,100;3,000;79,000;0,000;12,900;1,000;3,000;

9095;2016.09.13 22:00:00;0,000;19,300;3,000;74,000;0,000;12,900;1,000;3,000;

9096;2016.09.13 23:00:00;0,000;18,500;2,000;71,000;0,000;12,900;1,000;3,000;

9097;2016.09.14 00:00:00;0,000;17,700;2,000;62,000;0,000;12,817;1,000;3,000;

9098;2016.09.14 01:00:00;0,000;16,700;2,000;66,000;0,000;12,817;1,000;3,000;

9099;2016.09.14 02:00:00;0,000;16,200;3,000;70,000;0,000;12,817;1,000;3,000;

9100;2016.09.14 03:00:00;0,000;15,700;3,000;71,000;0,000;12,817;1,000;3,000;

9101;2016.09.14 04:00:00;0,000;14,700;2,000;75,000;0,000;12,817;1,000;3,000;

9102;2016.09.14 05:00:00;0,000;14,800;2,000;74,000;0,000;12,817;1,000;3,000;

9103;2016.09.14 06:00:00;0,000;15,400;0,000;77,000;0,000;12,817;1,000;3,000;

9104;2016.09.14 07:00:00;0,000;18,100;2,000;61,000;0,000;12,817;1,000;3,000;

9105;2016.09.14 08:00:00;0,000;20,500;2,000;51,000;0,000;12,817;1,000;3,000;

9106;2016.09.14 09:00:00;0,000;22,400;1,000;47,000;0,000;12,817;1,000;3,000;

9107;2016.09.14 10:00:00;0,000;23,400;1,000;50,000;0,000;12,817;1,000;3,000;

9108;2016.09.14 11:00:00;0,000;24,500;2,000;39,000;0,000;12,817;1,000;3,000;

9109;2016.09.14 12:00:00;0,000;24,000;3,000;55,000;0,000;12,817;1,000;3,000;

9110;2016.09.14 13:00:00;0,000;24,100;4,000;54,000;0,000;12,817;1,000;3,000;

9111;2016.09.14 14:00:00;0,000;23,500;3,000;56,000;0,000;12,817;1,000;3,000;

9112;2016.09.14 15:00:00;0,000;22,900;3,000;65,000;0,000;12,817;1,000;3,000;

9113;2016.09.14 16:00:00;0,000;22,200;2,000;71,000;0,000;12,817;1,000;3,000;

9114;2016.09.14 17:00:00;0,000;20,700;2,000;73,000;1,000;12,817;1,000;3,000;

9115;2016.09.14 18:00:00;0,000;19,000;1,000;77,000;0,000;12,817;1,000;3,000;

9116;2016.09.14 19:00:00;0,000;16,600;1,000;90,000;0,000;12,817;1,000;3,000;

9117;2016.09.14 20:00:00;0,000;16,100;0,000;90,000;0,000;12,817;1,000;3,000;

9118;2016.09.14 21:00:00;0,000;15,200;1,000;94,000;0,000;12,817;1,000;3,000;

9119;2016.09.14 22:00:00;0,000;14,900;1,000;93,000;0,000;12,817;1,000;3,000;

9120;2016.09.14 23:00:00;0,000;16,700;2,000;88,000;0,000;12,817;1,000;3,000;

9121;2016.09.15 00:00:00;0,000;15,800;2,000;91,000;0,000;12,767;1,000;3,000;

9122;2016.09.15 01:00:00;0,000;15,400;2,000;91,000;0,000;12,767;1,000;3,000;

9123;2016.09.15 02:00:00;0,000;14,800;2,000;91,000;0,000;12,767;1,000;3,000;

9124;2016.09.15 03:00:00;0,000;14,200;1,000;92,000;0,000;12,767;1,000;3,000;

9125;2016.09.15 04:00:00;0,000;12,600;1,000;96,000;0,000;12,767;1,000;3,000;

9126;2016.09.15 05:00:00;0,000;11,500;1,000;96,000;1,000;12,767;1,000;3,000;

9127;2016.09.15 06:00:00;0,000;13,400;0,000;97,000;0,000;12,767;1,000;3,000;

9128;2016.09.15 07:00:00;0,000;16,300;1,000;87,000;0,000;12,767;1,000;3,000;

9129;2016.09.15 08:00:00;0,000;18,000;1,000;79,000;0,000;12,767;1,000;3,000;

9130;2016.09.15 09:00:00;0,000;20,600;1,000;61,000;0,000;12,767;1,000;3,000;

9131;2016.09.15 10:00:00;0,000;21,300;2,000;58,000;1,000;12,767;1,000;3,000;

9132;2016.09.15 11:00:00;0,000;22,100;2,000;50,000;2,000;12,767;1,000;3,000;

9133;2016.09.15 12:00:00;0,000;21,400;3,000;63,000;4,000;12,767;1,000;3,000;

9134;2016.09.15 13:00:00;0,000;21,400;3,000;63,000;2,000;12,767;1,000;3,000;

9135;2016.09.15 14:00:00;0,000;21,000;3,000;64,000;1,000;12,767;1,000;3,000;

9136;2016.09.15 15:00:00;0,000;20,700;3,000;68,000;1,000;12,767;1,000;3,000;

9137;2016.09.15 16:00:00;0,000;20,600;2,000;73,000;1,000;12,767;1,000;3,000;

9138;2016.09.15 17:00:00;0,000;19,400;2,000;75,000;1,000;12,767;1,000;3,000;

9139;2016.09.15 18:00:00;0,000;17,800;1,000;82,000;1,000;12,767;1,000;3,000;

9140;2016.09.15 19:00:00;0,000;15,500;0,000;91,000;0,000;12,767;1,000;3,000;

9141;2016.09.15 20:00:00;0,000;14,600;1,000;96,000;0,000;12,767;1,000;3,000;

9142;2016.09.15 21:00:00;0,000;15,500;2,000;81,000;0,000;12,767;1,000;3,000;

9143;2016.09.15 22:00:00;0,000;13,800;1,000;84,000;0,000;12,767;1,000;3,000;

9144;2016.09.15 23:00:00;0,000;14,800;3,000;77,000;0,000;12,767;1,000;3,000;

9145;2016.09.16 00:00:00;0,000;13,900;2,000;82,000;0,000;12,683;2,000;3,000;

9146;2016.09.16 01:00:00;0,000;14,100;3,000;82,000;0,000;12,683;2,000;3,000;

9147;2016.09.16 02:00:00;0,000;13,900;2,000;78,000;0,000;12,683;2,000;3,000;

9148;2016.09.16 03:00:00;0,000;14,200;2,000;72,000;0,000;12,683;2,000;3,000;

9149;2016.09.16 04:00:00;0,000;13,400;1,000;76,000;0,000;12,683;2,000;3,000;

9150;2016.09.16 05:00:00;0,000;13,000;1,000;77,000;0,000;12,683;2,000;3,000;

9151;2016.09.16 06:00:00;0,000;14,500;2,000;71,000;0,000;12,683;2,000;3,000;

9152;2016.09.16 07:00:00;0,000;17,400;2,000;64,000;0,000;12,683;2,000;3,000;

9153;2016.09.16 08:00:00;0,000;18,000;2,000;73,000;0,000;12,683;2,000;3,000;

9154;2016.09.16 09:00:00;0,000;21,400;2,000;48,000;1,000;12,683;2,000;3,000;

9155;2016.09.16 10:00:00;0,000;22,100;3,000;43,000;1,000;12,683;2,000;3,000;

9156;2016.09.16 11:00:00;0,000;22,600;3,000;46,000;1,000;12,683;2,000;3,000;

9157;2016.09.16 12:00:00;0,000;23,100;3,000;42,000;1,000;12,683;2,000;3,000;

9158;2016.09.16 13:00:00;0,000;23,600;2,000;41,000;1,000;12,683;2,000;3,000;

9159;2016.09.16 14:00:00;0,000;23,600;2,000;41,000;1,000;12,683;2,000;3,000;

9160;2016.09.16 15:00:00;0,000;23,100;2,000;43,000;1,000;12,683;2,000;3,000;

9161;2016.09.16 16:00:00;0,000;22,600;1,000;45,000;3,000;12,683;2,000;3,000;

9162;2016.09.16 17:00:00;0,000;19,900;1,000;62,000;3,000;12,683;2,000;3,000;

9163;2016.09.16 18:00:00;0,000;17,400;2,000;76,000;6,000;12,683;2,000;3,000;

9164;2016.09.16 19:00:00;0,000;17,700;2,000;68,000;8,000;12,683;2,000;3,000;

9165;2016.09.16 20:00:00;0,000;16,900;2,000;72,000;8,000;12,683;2,000;3,000;

9166;2016.09.16 21:00:00;0,000;16,000;2,000;81,000;8,000;12,683;2,000;3,000;

9167;2016.09.16 22:00:00;0,000;14,900;2,000;87,000;3,000;12,683;2,000;3,000;

9168;2016.09.16 23:00:00;0,000;14,500;2,000;94,000;5,000;12,683;2,000;3,000;

9169;2016.09.17 00:00:00;0,000;15,000;1,000;93,000;3,000;12,617;3,000;3,000;

9170;2016.09.17 01:00:00;0,000;14,900;1,000;94,000;4,000;12,617;3,000;3,000;

9171;2016.09.17 02:00:00;0,000;14,300;2,000;96,000;8,000;12,617;3,000;3,000;

9172;2016.09.17 03:00:00;0,000;14,100;2,000;97,000;7,000;12,617;3,000;3,000;

9173;2016.09.17 04:00:00;0,000;13,900;2,000;97,000;8,000;12,617;3,000;3,000;

9174;2016.09.17 05:00:00;0,000;14,100;2,000;97,000;7,000;12,617;3,000;3,000;

9175;2016.09.17 06:00:00;0,000;14,600;2,000;94,000;5,000;12,617;3,000;3,000;

9176;2016.09.17 07:00:00;0,000;16,000;1,000;88,000;5,000;12,617;3,000;3,000;

9177;2016.09.17 08:00:00;0,000;18,300;2,000;81,000;5,000;12,617;3,000;3,000;

9178;2016.09.17 09:00:00;0,000;19,600;2,000;73,000;6,000;12,617;3,000;3,000;

9179;2016.09.17 10:00:00;0,000;20,800;3,000;64,000;5,000;12,617;3,000;3,000;

9180;2016.09.17 11:00:00;0,000;21,400;3,000;58,000;6,000;12,617;3,000;3,000;

9181;2016.09.17 12:00:00;0,000;22,100;3,000;56,000;6,000;12,617;3,000;3,000;

9182;2016.09.17 13:00:00;0,000;21,000;2,000;61,000;5,000;12,617;3,000;3,000;

9183;2016.09.17 14:00:00;0,000;21,300;4,000;55,000;5,000;12,617;3,000;3,000;

9184;2016.09.17 15:00:00;0,000;20,300;4,000;69,000;6,000;12,617;3,000;3,000;

9185;2016.09.17 16:00:00;0,000;19,200;3,000;69,000;6,000;12,617;3,000;3,000;

9186;2016.09.17 17:00:00;0,000;17,300;2,000;73,000;5,000;12,617;3,000;3,000;

9187;2016.09.17 18:00:00;0,000;15,800;2,000;76,000;7,000;12,617;3,000;3,000;

9188;2016.09.17 19:00:00;0,000;14,500;2,000;81,000;7,000;12,617;3,000;3,000;

9189;2016.09.17 20:00:00;0,000;13,400;2,000;84,000;7,000;12,617;3,000;3,000;

9190;2016.09.17 21:00:00;0,000;12,700;2,000;86,000;7,000;12,617;3,000;3,000;

9191;2016.09.17 22:00:00;0,000;12,600;2,000;84,000;0,000;12,617;3,000;3,000;

9192;2016.09.17 23:00:00;0,000;12,200;2,000;83,000;0,000;12,617;3,000;3,000;

9193;2016.09.18 00:00:00;0,000;11,500;2,000;82,000;0,000;12,533;4,000;3,000;

9194;2016.09.18 01:00:00;0,000;10,800;2,000;83,000;0,000;12,533;4,000;3,000;

9195;2016.09.18 02:00:00;0,000;10,500;2,000;85,000;0,000;12,533;4,000;3,000;

9196;2016.09.18 03:00:00;0,000;9,800;1,000;87,000;0,000;12,533;4,000;3,000;

9197;2016.09.18 04:00:00;0,000;10,000;2,000;87,000;0,000;12,533;4,000;3,000;

9198;2016.09.18 05:00:00;0,000;10,400;3,000;85,000;0,000;12,533;4,000;3,000;

9199;2016.09.18 06:00:00;0,000;11,300;3,000;82,000;1,000;12,533;4,000;3,000;

9200;2016.09.18 07:00:00;0,000;12,900;2,000;76,000;3,000;12,533;4,000;3,000;

9201;2016.09.18 08:00:00;0,000;14,300;3,000;67,000;2,000;12,533;4,000;3,000;

9202;2016.09.18 09:00:00;0,000;15,600;5,000;55,000;2,000;12,533;4,000;3,000;

9203;2016.09.18 10:00:00;0,000;16,300;3,000;51,000;1,000;12,533;4,000;3,000;

9204;2016.09.18 11:00:00;0,000;16,100;5,000;57,000;2,000;12,533;4,000;3,000;

9205;2016.09.18 12:00:00;0,000;16,200;4,000;51,000;2,000;12,533;4,000;3,000;

9206;2016.09.18 13:00:00;0,000;16,300;3,000;51,000;1,000;12,533;4,000;3,000;

9207;2016.09.18 14:00:00;0,000;16,600;3,000;51,000;1,000;12,533;4,000;3,000;

9208;2016.09.18 15:00:00;0,000;16,500;3,000;52,000;1,000;12,533;4,000;3,000;

9209;2016.09.18 16:00:00;0,000;15,800;3,000;55,000;0,000;12,533;4,000;3,000;

9210;2016.09.18 17:00:00;0,000;14,000;1,000;64,000;0,000;12,533;4,000;3,000;

9211;2016.09.18 18:00:00;0,000;12,400;2,000;68,000;0,000;12,533;4,000;3,000;

9212;2016.09.18 19:00:00;0,000;11,200;1,000;73,000;0,000;12,533;4,000;3,000;

9213;2016.09.18 20:00:00;0,000;10,500;2,000;76,000;0,000;12,533;4,000;3,000;

9214;2016.09.18 21:00:00;0,000;10,900;2,000;74,000;0,000;12,533;4,000;3,000;

9215;2016.09.18 22:00:00;0,000;11,200;2,000;72,000;0,000;12,533;4,000;3,000;

9216;2016.09.18 23:00:00;0,000;10,800;1,000;73,000;0,000;12,533;4,000;3,000;

9217;2016.09.19 00:00:00;0,000;8,200;1,000;87,000;0,000;12,467;1,000;3,000;

9218;2016.09.19 01:00:00;0,000;8,300;1,000;85,000;0,000;12,467;1,000;3,000;

9219;2016.09.19 02:00:00;0,000;7,600;1,000;86,000;0,000;12,467;1,000;3,000;

9220;2016.09.19 03:00:00;0,000;7,100;1,000;88,000;0,000;12,467;1,000;3,000;

9221;2016.09.19 04:00:00;0,000;6,300;1,000;91,000;2,000;12,467;1,000;3,000;

9222;2016.09.19 05:00:00;0,000;6,000;1,000;91,000;3,000;12,467;1,000;3,000;

9223;2016.09.19 06:00:00;0,000;7,400;0,000;94,000;5,000;12,467;1,000;3,000;

9224;2016.09.19 07:00:00;0,000;10,800;1,000;81,000;5,000;12,467;1,000;3,000;

9225;2016.09.19 08:00:00;0,000;12,300;2,000;69,000;5,000;12,467;1,000;3,000;

9226;2016.09.19 09:00:00;0,000;14,000;2,000;60,000;6,000;12,467;1,000;3,000;

9227;2016.09.19 10:00:00;0,000;15,600;3,000;54,000;6,000;12,467;1,000;3,000;

9228;2016.09.19 11:00:00;0,000;16,200;3,000;52,000;5,000;12,467;1,000;3,000;

9229;2016.09.19 12:00:00;0,000;16,800;3,000;46,000;4,000;12,467;1,000;3,000;

9230;2016.09.19 13:00:00;0,000;16,100;2,000;47,000;4,000;12,467;1,000;3,000;

9231;2016.09.19 14:00:00;0,000;16,300;3,000;54,000;3,000;12,467;1,000;3,000;

9232;2016.09.19 15:00:00;0,000;15,600;4,000;57,000;3,000;12,467;1,000;3,000;

9233;2016.09.19 16:00:00;0,000;15,200;4,000;58,000;5,000;12,467;1,000;3,000;

9234;2016.09.19 17:00:00;0,000;13,700;2,000;66,000;4,000;12,467;1,000;3,000;

9235;2016.09.19 18:00:00;0,000;12,200;1,000;72,000;4,000;12,467;1,000;3,000;

9236;2016.09.19 19:00:00;0,000;10,500;1,000;85,000;7,000;12,467;1,000;3,000;

9237;2016.09.19 20:00:00;0,000;9,500;1,000;90,000;7,000;12,467;1,000;3,000;

9238;2016.09.19 21:00:00;0,000;9,100;1,000;90,000;1,000;12,467;1,000;3,000;

9239;2016.09.19 22:00:00;0,000;8,700;0,000;92,000;3,000;12,467;1,000;3,000;

9240;2016.09.19 23:00:00;0,000;8,600;1,000;91,000;1,000;12,467;1,000;3,000;

9241;2016.09.20 00:00:00;0,000;8,400;1,000;92,000;1,000;12,400;1,000;3,000;

9242;2016.09.20 01:00:00;0,000;8,200;1,000;92,000;3,000;12,400;1,000;3,000;

9243;2016.09.20 02:00:00;0,000;8,500;1,000;90,000;6,000;12,400;1,000;3,000;

9244;2016.09.20 03:00:00;0,000;9,300;1,000;88,000;7,000;12,400;1,000;3,000;

9245;2016.09.20 04:00:00;0,000;9,700;1,000;89,000;7,000;12,400;1,000;3,000;

9246;2016.09.20 05:00:00;0,000;10,900;1,000;87,000;7,000;12,400;1,000;3,000;

9247;2016.09.20 06:00:00;0,000;11,000;1,000;87,000;8,000;12,400;1,000;3,000;

9248;2016.09.20 07:00:00;0,000;12,700;1,000;85,000;8,000;12,400;1,000;3,000;

9249;2016.09.20 08:00:00;0,000;15,600;3,000;75,000;8,000;12,400;1,000;3,000;

9250;2016.09.20 09:00:00;0,000;17,000;3,000;73,000;8,000;12,400;1,000;3,000;

9251;2016.09.20 10:00:00;0,000;17,000;4,000;72,000;8,000;12,400;1,000;3,000;

9252;2016.09.20 11:00:00;0,000;16,100;3,000;81,000;8,000;12,400;1,000;3,000;

9253;2016.09.20 12:00:00;0,000;16,200;4,000;83,000;8,000;12,400;1,000;3,000;

9254;2016.09.20 13:00:00;0,000;16,900;4,000;77,000;7,000;12,400;1,000;3,000;

9255;2016.09.20 14:00:00;0,000;17,300;4,000;79,000;7,000;12,400;1,000;3,000;

9256;2016.09.20 15:00:00;0,000;16,700;3,000;75,000;7,000;12,400;1,000;3,000;

9257;2016.09.20 16:00:00;0,000;16,200;2,000;76,000;8,000;12,400;1,000;3,000;

9258;2016.09.20 17:00:00;0,000;15,300;2,000;84,000;7,000;12,400;1,000;3,000;

9259;2016.09.20 18:00:00;0,000;14,600;2,000;87,000;7,000;12,400;1,000;3,000;

9260;2016.09.20 19:00:00;0,000;14,500;2,000;92,000;6,000;12,400;1,000;3,000;

9261;2016.09.20 20:00:00;0,000;13,300;1,000;95,000;4,000;12,400;1,000;3,000;

9262;2016.09.20 21:00:00;0,000;12,700;0,000;97,000;0,000;12,400;1,000;3,000;

9263;2016.09.20 22:00:00;0,000;12,500;1,000;98,000;0,000;12,400;1,000;3,000;

9264;2016.09.20 23:00:00;0,000;12,800;2,000;94,000;7,000;12,400;1,000;3,000;

9265;2016.09.21 00:00:00;0,000;12,700;1,000;94,000;7,000;12,333;1,000;3,000;

9266;2016.09.21 01:00:00;0,000;11,500;2,000;95,000;1,000;12,333;1,000;3,000;

9267;2016.09.21 02:00:00;0,000;11,600;1,000;95,000;0,000;12,333;1,000;3,000;

9268;2016.09.21 03:00:00;0,000;11,300;1,000;91,000;0,000;12,333;1,000;3,000;

9269;2016.09.21 04:00:00;0,000;8,900;1,000;95,000;1,000;12,333;1,000;3,000;

9270;2016.09.21 05:00:00;0,000;7,900;1,000;97,000;1,000;12,333;1,000;3,000;

9271;2016.09.21 06:00:00;0,000;10,600;1,000;93,000;1,000;12,333;1,000;3,000;

9272;2016.09.21 07:00:00;0,000;13,000;2,000;69,000;0,000;12,333;1,000;3,000;

9273;2016.09.21 08:00:00;0,000;14,500;1,000;57,000;1,000;12,333;1,000;3,000;

9274;2016.09.21 09:00:00;0,000;15,300;2,000;55,000;5,000;12,333;1,000;3,000;

9275;2016.09.21 10:00:00;0,000;16,200;3,000;50,000;3,000;12,333;1,000;3,000;

9276;2016.09.21 11:00:00;0,000;16,500;3,000;53,000;5,000;12,333;1,000;3,000;

9277;2016.09.21 12:00:00;0,000;16,600;2,000;52,000;4,000;12,333;1,000;3,000;

9278;2016.09.21 13:00:00;0,000;15,900;4,000;66,000;3,000;12,333;1,000;3,000;

9279;2016.09.21 14:00:00;0,000;16,700;3,000;61,000;4,000;12,333;1,000;3,000;

9280;2016.09.21 15:00:00;0,000;16,000;3,000;62,000;4,000;12,333;1,000;3,000;

9281;2016.09.21 16:00:00;0,000;15,500;3,000;67,000;3,000;12,333;1,000;3,000;

9282;2016.09.21 17:00:00;0,000;13,900;2,000;74,000;1,000;12,333;1,000;3,000;

9283;2016.09.21 18:00:00;0,000;11,600;1,000;86,000;0,000;12,333;1,000;3,000;

9284;2016.09.21 19:00:00;0,000;9,800;1,000;91,000;0,000;12,333;1,000;3,000;

9285;2016.09.21 20:00:00;0,000;9,000;1,000;94,000;6,000;12,333;1,000;3,000;

9286;2016.09.21 21:00:00;0,000;8,500;1,000;94,000;1,000;12,333;1,000;3,000;

9287;2016.09.21 22:00:00;0,000;7,800;1,000;96,000;0,000;12,333;1,000;3,000;

9288;2016.09.21 23:00:00;0,000;7,300;1,000;97,000;0,000;12,333;1,000;3,000;

9289;2016.09.22 00:00:00;0,000;7,700;1,000;96,000;0,000;12,250;1,000;3,000;

9290;2016.09.22 01:00:00;0,000;7,200;1,000;96,000;0,000;12,250;1,000;3,000;

9291;2016.09.22 02:00:00;0,000;7,200;1,000;97,000;0,000;12,250;1,000;3,000;

9292;2016.09.22 03:00:00;0,000;6,800;2,000;96,000;0,000;12,250;1,000;3,000;

9293;2016.09.22 04:00:00;0,000;6,500;1,000;95,000;1,000;12,250;1,000;3,000;

9294;2016.09.22 05:00:00;0,000;6,600;2,000;96,000;7,000;12,250;1,000;3,000;

9295;2016.09.22 06:00:00;0,000;7,600;2,000;94,000;7,000;12,250;1,000;3,000;

9296;2016.09.22 07:00:00;0,000;9,900;2,000;96,000;7,000;12,250;1,000;3,000;

9297;2016.09.22 08:00:00;0,000;13,000;2,000;87,000;6,000;12,250;1,000;3,000;

9298;2016.09.22 09:00:00;0,000;13,500;3,000;85,000;3,000;12,250;1,000;3,000;

9299;2016.09.22 10:00:00;0,000;15,500;4,000;66,000;2,000;12,250;1,000;3,000;

9300;2016.09.22 11:00:00;0,000;16,400;4,000;65,000;4,000;12,250;1,000;3,000;

9301;2016.09.22 12:00:00;0,000;16,300;5,000;70,000;7,000;12,250;1,000;3,000;

9302;2016.09.22 13:00:00;0,000;16,300;4,000;70,000;4,000;12,250;1,000;3,000;

9303;2016.09.22 14:00:00;0,000;15,800;3,000;66,000;5,000;12,250;1,000;3,000;

9304;2016.09.22 15:00:00;0,000;15,600;3,000;67,000;7,000;12,250;1,000;3,000;

9305;2016.09.22 16:00:00;0,000;14,300;2,000;76,000;8,000;12,250;1,000;3,000;

9306;2016.09.22 17:00:00;0,000;12,500;1,000;86,000;7,000;12,250;1,000;3,000;

9307;2016.09.22 18:00:00;0,000;11,000;1,000;92,000;7,000;12,250;1,000;3,000;

9308;2016.09.22 19:00:00;0,000;10,900;1,000;94,000;1,000;12,250;1,000;3,000;

9309;2016.09.22 20:00:00;0,000;10,200;1,000;95,000;0,000;12,250;1,000;3,000;

9310;2016.09.22 21:00:00;0,000;9,800;2,000;96,000;1,000;12,250;1,000;3,000;

9311;2016.09.22 22:00:00;0,000;9,000;2,000;96,000;1,000;12,250;1,000;3,000;

9312;2016.09.22 23:00:00;0,000;8,600;2,000;97,000;1,000;12,250;1,000;3,000;

9313;2016.09.23 00:00:00;0,000;8,100;1,000;97,000;0,000;12,183;2,000;3,000;

9314;2016.09.23 01:00:00;0,000;7,600;2,000;97,000;2,000;12,183;2,000;3,000;

9315;2016.09.23 02:00:00;0,000;7,300;2,000;97,000;5,000;12,183;2,000;3,000;

9316;2016.09.23 03:00:00;0,000;7,500;2,000;97,000;6,000;12,183;2,000;3,000;

9317;2016.09.23 04:00:00;0,000;7,300;2,000;97,000;5,000;12,183;2,000;3,000;

9318;2016.09.23 05:00:00;0,000;7,300;2,000;97,000;7,000;12,183;2,000;3,000;

9319;2016.09.23 06:00:00;0,000;8,000;2,000;96,000;8,000;12,183;2,000;3,000;

9320;2016.09.23 07:00:00;0,000;9,300;2,000;93,000;8,000;12,183;2,000;3,000;

9321;2016.09.23 08:00:00;0,000;11,300;2,000;87,000;7,000;12,183;2,000;3,000;

9322;2016.09.23 09:00:00;0,000;13,400;2,000;79,000;7,000;12,183;2,000;3,000;

9323;2016.09.23 10:00:00;0,000;14,700;2,000;72,000;7,000;12,183;2,000;3,000;

9324;2016.09.23 11:00:00;0,000;16,900;2,000;61,000;6,000;12,183;2,000;3,000;

9325;2016.09.23 12:00:00;0,000;18,300;4,000;52,000;5,000;12,183;2,000;3,000;

9326;2016.09.23 13:00:00;0,000;18,900;3,000;51,000;1,000;12,183;2,000;3,000;

9327;2016.09.23 14:00:00;0,000;19,100;3,000;51,000;4,000;12,183;2,000;3,000;

9328;2016.09.23 15:00:00;0,000;18,900;3,000;53,000;7,000;12,183;2,000;3,000;

9329;2016.09.23 16:00:00;0,000;17,900;1,000;63,000;6,000;12,183;2,000;3,000;

9330;2016.09.23 17:00:00;0,000;17,000;1,000;65,000;7,000;12,183;2,000;3,000;

9331;2016.09.23 18:00:00;0,000;15,900;2,000;70,000;7,000;12,183;2,000;3,000;

9332;2016.09.23 19:00:00;0,000;14,900;2,000;73,000;1,000;12,183;2,000;3,000;

9333;2016.09.23 20:00:00;0,000;14,300;2,000;76,000;0,000;12,183;2,000;3,000;

9334;2016.09.23 21:00:00;0,000;14,000;2,000;81,000;7,000;12,183;2,000;3,000;

9335;2016.09.23 22:00:00;0,000;13,900;2,000;83,000;7,000;12,183;2,000;3,000;

9336;2016.09.23 23:00:00;0,000;14,300;3,000;86,000;4,000;12,183;2,000;3,000;

9337;2016.09.24 00:00:00;0,000;13,800;3,000;91,000;8,000;12,100;3,000;3,000;

9338;2016.09.24 01:00:00;0,000;14,100;4,000;93,000;8,000;12,100;3,000;3,000;

9339;2016.09.24 02:00:00;0,000;13,900;3,000;94,000;8,000;12,100;3,000;3,000;

9340;2016.09.24 03:00:00;0,000;14,100;3,000;94,000;8,000;12,100;3,000;3,000;

9341;2016.09.24 04:00:00;0,000;14,300;3,000;82,000;8,000;12,100;3,000;3,000;

9342;2016.09.24 05:00:00;0,000;13,300;3,000;82,000;7,000;12,100;3,000;3,000;

9343;2016.09.24 06:00:00;0,000;14,300;2,000;82,000;7,000;12,100;3,000;3,000;

9344;2016.09.24 07:00:00;0,000;15,100;2,000;83,000;7,000;12,100;3,000;3,000;

9345;2016.09.24 08:00:00;0,000;15,700;4,000;73,000;7,000;12,100;3,000;3,000;

9346;2016.09.24 09:00:00;0,000;16,300;5,000;66,000;7,000;12,100;3,000;3,000;

9347;2016.09.24 10:00:00;0,000;16,500;6,000;63,000;7,000;12,100;3,000;3,000;

9348;2016.09.24 11:00:00;0,000;16,900;5,000;62,000;7,000;12,100;3,000;3,000;

9349;2016.09.24 12:00:00;0,000;16,200;5,000;63,000;7,000;12,100;3,000;3,000;

9350;2016.09.24 13:00:00;0,000;16,800;5,000;64,000;6,000;12,100;3,000;3,000;

9351;2016.09.24 14:00:00;0,000;16,800;4,000;64,000;6,000;12,100;3,000;3,000;

9352;2016.09.24 15:00:00;0,000;16,200;4,000;69,000;7,000;12,100;3,000;3,000;

9353;2016.09.24 16:00:00;0,000;15,800;2,000;71,000;8,000;12,100;3,000;3,000;

9354;2016.09.24 17:00:00;0,000;14,500;2,000;76,000;8,000;12,100;3,000;3,000;

9355;2016.09.24 18:00:00;0,000;12,900;2,000;84,000;7,000;12,100;3,000;3,000;

9356;2016.09.24 19:00:00;0,000;12,000;1,000;88,000;0,000;12,100;3,000;3,000;

9357;2016.09.24 20:00:00;0,000;11,300;2,000;90,000;0,000;12,100;3,000;3,000;

9358;2016.09.24 21:00:00;0,000;10,800;2,000;93,000;0,000;12,100;3,000;3,000;

9359;2016.09.24 22:00:00;0,000;10,100;2,000;94,000;0,000;12,100;3,000;3,000;

9360;2016.09.24 23:00:00;0,000;9,800;2,000;93,000;1,000;12,100;3,000;3,000;

9361;2016.09.25 00:00:00;0,000;9,300;2,000;93,000;1,000;12,050;4,000;3,000;

9362;2016.09.25 01:00:00;0,000;9,100;2,000;92,000;2,000;12,050;4,000;3,000;

9363;2016.09.25 02:00:00;0,000;9,000;2,000;92,000;2,000;12,050;4,000;3,000;

9364;2016.09.25 03:00:00;0,000;8,600;2,000;93,000;3,000;12,050;4,000;3,000;

9365;2016.09.25 04:00:00;0,000;8,800;2,000;93,000;5,000;12,050;4,000;3,000;

9366;2016.09.25 05:00:00;0,000;8,600;2,000;93,000;7,000;12,050;4,000;3,000;

9367;2016.09.25 06:00:00;0,000;9,900;2,000;89,000;8,000;12,050;4,000;3,000;

9368;2016.09.25 07:00:00;0,000;11,200;2,000;84,000;7,000;12,050;4,000;3,000;

9369;2016.09.25 08:00:00;0,000;12,900;2,000;78,000;7,000;12,050;4,000;3,000;

9370;2016.09.25 09:00:00;0,000;15,200;2,000;69,000;7,000;12,050;4,000;3,000;

9371;2016.09.25 10:00:00;0,000;17,200;2,000;58,000;6,000;12,050;4,000;3,000;

9372;2016.09.25 11:00:00;0,000;17,900;2,000;53,000;6,000;12,050;4,000;3,000;

9373;2016.09.25 12:00:00;0,000;18,700;2,000;52,000;7,000;12,050;4,000;3,000;

9374;2016.09.25 13:00:00;0,000;18,900;2,000;51,000;7,000;12,050;4,000;3,000;

9375;2016.09.25 14:00:00;0,000;19,400;2,000;48,000;7,000;12,050;4,000;3,000;

9376;2016.09.25 15:00:00;0,000;18,700;2,000;51,000;7,000;12,050;4,000;3,000;

9377;2016.09.25 16:00:00;0,000;17,800;2,000;55,000;7,000;12,050;4,000;3,000;

9378;2016.09.25 17:00:00;0,000;16,100;1,000;67,000;7,000;12,050;4,000;3,000;

9379;2016.09.25 18:00:00;0,000;15,300;2,000;67,000;7,000;12,050;4,000;3,000;

9380;2016.09.25 19:00:00;0,000;14,300;3,000;70,000;8,000;12,050;4,000;3,000;

9381;2016.09.25 20:00:00;0,000;13,400;2,000;72,000;8,000;12,050;4,000;3,000;

9382;2016.09.25 21:00:00;0,000;13,000;3,000;71,000;8,000;12,050;4,000;3,000;

9383;2016.09.25 22:00:00;0,000;12,700;3,000;71,000;8,000;12,050;4,000;3,000;

9384;2016.09.25 23:00:00;0,000;12,100;3,000;72,000;8,000;12,050;4,000;3,000;

9385;2016.09.26 00:00:00;0,000;11,700;3,000;73,000;6,000;11,967;1,000;3,000;

9386;2016.09.26 01:00:00;0,000;11,000;3,000;76,000;5,000;11,967;1,000;3,000;

9387;2016.09.26 02:00:00;0,000;10,500;3,000;79,000;3,000;11,967;1,000;3,000;

9388;2016.09.26 03:00:00;0,000;9,900;3,000;81,000;0,000;11,967;1,000;3,000;

9389;2016.09.26 04:00:00;0,000;9,700;3,000;81,000;2,000;11,967;1,000;3,000;

9390;2016.09.26 05:00:00;0,000;9,000;2,000;84,000;5,000;11,967;1,000;3,000;

9391;2016.09.26 06:00:00;0,000;9,400;3,000;84,000;8,000;11,967;1,000;3,000;

9392;2016.09.26 07:00:00;0,000;11,000;3,000;78,000;8,000;11,967;1,000;3,000;

9393;2016.09.26 08:00:00;0,000;12,800;3,000;74,000;8,000;11,967;1,000;3,000;

9394;2016.09.26 09:00:00;0,000;15,600;3,000;67,000;8,000;11,967;1,000;3,000;

9395;2016.09.26 10:00:00;0,000;17,600;3,000;57,000;8,000;11,967;1,000;3,000;

9396;2016.09.26 11:00:00;0,000;18,400;4,000;50,000;8,000;11,967;1,000;3,000;

9397;2016.09.26 12:00:00;0,000;18,900;3,000;49,000;8,000;11,967;1,000;3,000;

9398;2016.09.26 13:00:00;0,000;19,300;2,000;48,000;8,000;11,967;1,000;3,000;

9399;2016.09.26 14:00:00;0,000;19,300;3,000;50,000;7,000;11,967;1,000;3,000;

9400;2016.09.26 15:00:00;0,000;19,000;2,000;48,000;5,000;11,967;1,000;3,000;

9401;2016.09.26 16:00:00;0,000;17,900;2,000;55,000;3,000;11,967;1,000;3,000;

9402;2016.09.26 17:00:00;0,000;15,900;1,000;66,000;2,000;11,967;1,000;3,000;

9403;2016.09.26 18:00:00;0,000;14,200;2,000;74,000;1,000;11,967;1,000;3,000;

9404;2016.09.26 19:00:00;0,000;13,600;2,000;76,000;0,000;11,967;1,000;3,000;

9405;2016.09.26 20:00:00;0,000;12,900;2,000;79,000;0,000;11,967;1,000;3,000;

9406;2016.09.26 21:00:00;0,000;12,100;2,000;83,000;0,000;11,967;1,000;3,000;

9407;2016.09.26 22:00:00;0,000;11,700;3,000;82,000;0,000;11,967;1,000;3,000;

9408;2016.09.26 23:00:00;0,000;10,900;3,000;84,000;0,000;11,967;1,000;3,000;

9409;2016.09.27 00:00:00;0,000;10,300;3,000;83,000;0,000;11,900;1,000;3,000;

9410;2016.09.27 01:00:00;0,000;9,700;3,000;84,000;0,000;11,900;1,000;3,000;

9411;2016.09.27 02:00:00;0,000;9,200;3,000;84,000;0,000;11,900;1,000;3,000;

9412;2016.09.27 03:00:00;0,000;8,600;3,000;85,000;0,000;11,900;1,000;3,000;

9413;2016.09.27 04:00:00;0,000;8,000;3,000;87,000;1,000;11,900;1,000;3,000;

9414;2016.09.27 05:00:00;0,000;7,500;3,000;89,000;2,000;11,900;1,000;3,000;

9415;2016.09.27 06:00:00;0,000;7,900;3,000;86,000;3,000;11,900;1,000;3,000;

9416;2016.09.27 07:00:00;0,000;9,500;4,000;79,000;2,000;11,900;1,000;3,000;

9417;2016.09.27 08:00:00;0,000;11,800;3,000;74,000;1,000;11,900;1,000;3,000;

9418;2016.09.27 09:00:00;0,165;14,700;2,000;67,000;0,000;11,900;1,000;3,000;

9419;2016.09.27 10:00:00;0,113;16,500;3,000;57,000;0,000;11,900;1,000;3,000;

9420;2016.09.27 11:00:00;0,000;17,600;2,000;53,000;0,000;11,900;1,000;3,000;

9421;2016.09.27 12:00:00;0,000;18,400;2,000;51,000;1,000;11,900;1,000;3,000;

9422;2016.09.27 13:00:00;0,000;18,600;2,000;49,000;1,000;11,900;1,000;3,000;

9423;2016.09.27 14:00:00;0,000;18,800;2,000;49,000;1,000;11,900;1,000;3,000;

9424;2016.09.27 15:00:00;0,000;18,300;2,000;52,000;1,000;11,900;1,000;3,000;

9425;2016.09.27 16:00:00;0,000;17,500;2,000;55,000;1,000;11,900;1,000;3,000;

9426;2016.09.27 17:00:00;0,000;15,600;2,000;66,000;1,000;11,900;1,000;3,000;

9427;2016.09.27 18:00:00;0,000;14,200;2,000;73,000;1,000;11,900;1,000;3,000;

9428;2016.09.27 19:00:00;0,000;12,600;3,000;79,000;0,000;11,900;1,000;3,000;

9429;2016.09.27 20:00:00;0,000;11,600;3,000;82,000;0,000;11,900;1,000;3,000;

9430;2016.09.27 21:00:00;0,000;11,100;3,000;82,000;0,000;11,900;1,000;3,000;

9431;2016.09.27 22:00:00;0,000;10,800;3,000;81,000;0,000;11,900;1,000;3,000;

9432;2016.09.27 23:00:00;0,000;10,800;3,000;78,000;8,000;11,900;1,000;3,000;

9433;2016.09.28 00:00:00;0,000;10,700;3,000;77,000;8,000;11,817;1,000;3,000;

9434;2016.09.28 01:00:00;0,000;10,700;3,000;78,000;8,000;11,817;1,000;3,000;

9435;2016.09.28 02:00:00;0,000;11,100;3,000;77,000;8,000;11,817;1,000;3,000;

9436;2016.09.28 03:00:00;0,000;11,700;2,000;77,000;8,000;11,817;1,000;3,000;

9437;2016.09.28 04:00:00;0,000;11,900;2,000;78,000;8,000;11,817;1,000;3,000;

9438;2016.09.28 05:00:00;0,000;12,200;3,000;76,000;8,000;11,817;1,000;3,000;

9439;2016.09.28 06:00:00;0,000;12,900;3,000;77,000;8,000;11,817;1,000;3,000;

9440;2016.09.28 07:00:00;0,000;13,800;3,000;78,000;8,000;11,817;1,000;3,000;

9441;2016.09.28 08:00:00;0,000;14,800;4,000;76,000;8,000;11,817;1,000;3,000;

9442;2016.09.28 09:00:00;0,000;16,000;4,000;70,000;8,000;11,817;1,000;3,000;

9443;2016.09.28 10:00:00;0,000;13,500;5,000;95,000;8,000;11,817;1,000;3,000;

9444;2016.09.28 11:00:00;0,000;14,000;4,000;93,000;8,000;11,817;1,000;3,000;

9445;2016.09.28 12:00:00;0,000;15,200;4,000;87,000;8,000;11,817;1,000;3,000;

9446;2016.09.28 13:00:00;0,000;16,500;5,000;81,000;8,000;11,817;1,000;3,000;

9447;2016.09.28 14:00:00;0,000;18,200;7,000;70,000;7,000;11,817;1,000;3,000;

9448;2016.09.28 15:00:00;0,000;17,200;5,000;72,000;7,000;11,817;1,000;3,000;

9449;2016.09.28 16:00:00;0,000;17,000;5,000;75,000;7,000;11,817;1,000;3,000;

9450;2016.09.28 17:00:00;0,185;16,900;6,000;71,000;7,000;11,817;1,000;3,000;

9451;2016.09.28 18:00:00;0,093;16,600;6,000;71,000;7,000;11,817;1,000;3,000;

9452;2016.09.28 19:00:00;0,000;16,200;5,000;72,000;6,000;11,817;1,000;3,000;

9453;2016.09.28 20:00:00;0,000;16,300;5,000;74,000;7,000;11,817;1,000;3,000;

9454;2016.09.28 21:00:00;0,000;16,300;5,000;74,000;7,000;11,817;1,000;3,000;

9455;2016.09.28 22:00:00;0,000;15,800;4,000;76,000;7,000;11,817;1,000;3,000;

9456;2016.09.28 23:00:00;0,000;15,600;4,000;77,000;7,000;11,817;1,000;3,000;

9457;2016.09.29 00:00:00;0,000;16,000;4,000;76,000;7,000;11,750;1,000;3,000;

9458;2016.09.29 01:00:00;0,000;15,300;3,000;81,000;6,000;11,750;1,000;3,000;

9459;2016.09.29 02:00:00;0,000;15,500;4,000;82,000;8,000;11,750;1,000;3,000;

9460;2016.09.29 03:00:00;0,000;15,500;3,000;84,000;8,000;11,750;1,000;3,000;

9461;2016.09.29 04:00:00;0,000;15,600;2,000;82,000;8,000;11,750;1,000;3,000;

9462;2016.09.29 05:00:00;0,000;15,900;3,000;78,000;8,000;11,750;1,000;3,000;

9463;2016.09.29 06:00:00;0,000;16,100;4,000;78,000;8,000;11,750;1,000;3,000;

9464;2016.09.29 07:00:00;0,000;16,300;4,000;77,000;8,000;11,750;1,000;3,000;

9465;2016.09.29 08:00:00;0,000;17,200;4,000;74,000;8,000;11,750;1,000;3,000;

9466;2016.09.29 09:00:00;0,000;18,100;5,000;73,000;7,000;11,750;1,000;3,000;

9467;2016.09.29 10:00:00;0,000;19,500;5,000;72,000;7,000;11,750;1,000;3,000;

9468;2016.09.29 11:00:00;0,000;20,300;5,000;70,000;8,000;11,750;1,000;3,000;

9469;2016.09.29 12:00:00;0,000;21,000;5,000;69,000;7,000;11,750;1,000;3,000;

9470;2016.09.29 13:00:00;0,000;22,000;7,000;62,000;6,000;11,750;1,000;3,000;

9471;2016.09.29 14:00:00;0,000;21,700;4,000;51,000;6,000;11,750;1,000;3,000;

9472;2016.09.29 15:00:00;0,000;21,900;5,000;44,000;6,000;11,750;1,000;3,000;

9473;2016.09.29 16:00:00;0,000;21,100;3,000;44,000;6,000;11,750;1,000;3,000;

9474;2016.09.29 17:00:00;0,000;19,400;2,000;52,000;5,000;11,750;1,000;3,000;

9475;2016.09.29 18:00:00;0,000;18,900;3,000;55,000;5,000;11,750;1,000;3,000;

9476;2016.09.29 19:00:00;0,000;19,400;4,000;49,000;7,000;11,750;1,000;3,000;

9477;2016.09.29 20:00:00;0,000;19,900;4,000;45,000;8,000;11,750;1,000;3,000;

9478;2016.09.29 21:00:00;0,000;17,800;7,000;73,000;8,000;11,750;1,000;3,000;

9479;2016.09.29 22:00:00;0,000;15,200;5,000;87,000;8,000;11,750;1,000;3,000;

9480;2016.09.29 23:00:00;0,000;14,400;4,000;95,000;8,000;11,750;1,000;3,000;

9481;2016.09.30 00:00:00;0,000;13,900;5,000;95,000;8,000;11,667;2,000;3,000;

9482;2016.09.30 01:00:00;0,000;13,800;3,000;92,000;8,000;11,667;2,000;3,000;

9483;2016.09.30 02:00:00;0,000;13,800;4,000;89,000;8,000;11,667;2,000;3,000;

9484;2016.09.30 03:00:00;0,000;13,800;4,000;87,000;7,000;11,667;2,000;3,000;

9485;2016.09.30 04:00:00;0,000;13,500;3,000;85,000;7,000;11,667;2,000;3,000;

9486;2016.09.30 05:00:00;0,000;12,800;3,000;88,000;7,000;11,667;2,000;3,000;

9487;2016.09.30 06:00:00;0,000;13,300;3,000;84,000;8,000;11,667;2,000;3,000;

9488;2016.09.30 07:00:00;0,000;13,800;3,000;83,000;8,000;11,667;2,000;3,000;

9489;2016.09.30 08:00:00;0,000;15,200;5,000;76,000;8,000;11,667;2,000;3,000;

9490;2016.09.30 09:00:00;0,000;15,800;4,000;72,000;8,000;11,667;2,000;3,000;

9491;2016.09.30 10:00:00;0,000;16,600;5,000;65,000;8,000;11,667;2,000;3,000;

9492;2016.09.30 11:00:00;0,000;17,500;5,000;60,000;8,000;11,667;2,000;3,000;

9493;2016.09.30 12:00:00;0,000;17,600;4,000;63,000;8,000;11,667;2,000;3,000;

9494;2016.09.30 13:00:00;0,000;17,600;5,000;61,000;7,000;11,667;2,000;3,000;

9495;2016.09.30 14:00:00;0,000;17,500;4,000;57,000;7,000;11,667;2,000;3,000;

9496;2016.09.30 15:00:00;0,000;17,100;4,000;53,000;7,000;11,667;2,000;3,000;

9497;2016.09.30 16:00:00;0,000;15,800;2,000;64,000;7,000;11,667;2,000;3,000;

9498;2016.09.30 17:00:00;0,000;15,000;1,000;67,000;7,000;11,667;2,000;3,000;

9499;2016.09.30 18:00:00;0,000;14,100;1,000;71,000;4,000;11,667;2,000;3,000;

9500;2016.09.30 19:00:00;0,000;12,800;2,000;79,000;0,000;11,667;2,000;3,000;

9501;2016.09.30 20:00:00;0,000;11,600;1,000;83,000;0,000;11,667;2,000;3,000;

9502;2016.09.30 21:00:00;0,000;11,800;2,000;85,000;0,000;11,667;2,000;3,000;

9503;2016.09.30 22:00:00;0,000;10,400;2,000;89,000;0,000;11,667;2,000;3,000;

9504;2016.09.30 23:00:00;0,000;10,000;1,000;86,000;0,000;11,667;2,000;3,000;

9505;2016.10.01 00:00:00;0,000;10,000;2,000;86,000;0,000;11,617;3,000;3,000;

9506;2016.10.01 01:00:00;0,000;8,500;2,000;93,000;0,000;11,617;3,000;3,000;

9507;2016.10.01 02:00:00;0,000;8,400;2,000;93,000;0,000;11,617;3,000;3,000;

9508;2016.10.01 03:00:00;0,000;8,000;2,000;93,000;0,000;11,617;3,000;3,000;

9509;2016.10.01 04:00:00;0,000;7,700;2,000;94,000;0,000;11,617;3,000;3,000;

9510;2016.10.01 05:00:00;0,000;7,400;2,000;95,000;2,000;11,617;3,000;3,000;

9511;2016.10.01 06:00:00;0,000;8,400;3,000;93,000;7,000;11,617;3,000;3,000;

9512;2016.10.01 07:00:00;0,000;10,300;3,000;87,000;7,000;11,617;3,000;3,000;

9513;2016.10.01 08:00:00;0,000;12,100;2,000;83,000;8,000;11,617;3,000;3,000;

9514;2016.10.01 09:00:00;0,000;13,400;2,000;77,000;8,000;11,617;3,000;3,000;

9515;2016.10.01 10:00:00;0,000;14,000;2,000;76,000;8,000;11,617;3,000;3,000;

9516;2016.10.01 11:00:00;0,000;14,800;1,000;70,000;8,000;11,617;3,000;3,000;

9517;2016.10.01 12:00:00;0,000;15,100;2,000;71,000;8,000;11,617;3,000;3,000;

9518;2016.10.01 13:00:00;0,000;14,800;2,000;72,000;8,000;11,617;3,000;3,000;

9519;2016.10.01 14:00:00;0,000;14,500;3,000;77,000;8,000;11,617;3,000;3,000;

9520;2016.10.01 15:00:00;0,000;13,800;2,000;84,000;8,000;11,617;3,000;3,000;

9521;2016.10.01 16:00:00;0,000;13,000;1,000;91,000;8,000;11,617;3,000;3,000;

9522;2016.10.01 17:00:00;0,000;12,700;1,000;91,000;8,000;11,617;3,000;3,000;

9523;2016.10.01 18:00:00;0,000;12,200;2,000;96,000;8,000;11,617;3,000;3,000;

9524;2016.10.01 19:00:00;0,000;11,700;2,000;97,000;8,000;11,617;3,000;3,000;

9525;2016.10.01 20:00:00;0,000;11,100;2,000;97,000;8,000;11,617;3,000;3,000;

9526;2016.10.01 21:00:00;0,000;11,200;2,000;97,000;8,000;11,617;3,000;3,000;

9527;2016.10.01 22:00:00;0,000;11,200;2,000;96,000;8,000;11,617;3,000;3,000;

9528;2016.10.01 23:00:00;0,000;11,200;1,000;97,000;8,000;11,617;3,000;3,000;

9529;2016.10.02 00:00:00;0,000;11,300;1,000;97,000;8,000;11,533;4,000;3,000;

9530;2016.10.02 01:00:00;0,000;11,500;1,000;98,000;8,000;11,533;4,000;3,000;

9531;2016.10.02 02:00:00;0,000;11,700;2,000;98,000;8,000;11,533;4,000;3,000;

9532;2016.10.02 03:00:00;0,000;12,300;2,000;98,000;8,000;11,533;4,000;3,000;

9533;2016.10.02 04:00:00;0,000;12,800;2,000;98,000;8,000;11,533;4,000;3,000;

9534;2016.10.02 05:00:00;0,000;13,100;2,000;99,000;8,000;11,533;4,000;3,000;

9535;2016.10.02 06:00:00;0,000;13,400;3,000;98,000;8,000;11,533;4,000;3,000;

9536;2016.10.02 07:00:00;0,000;13,800;3,000;96,000;8,000;11,533;4,000;3,000;

9537;2016.10.02 08:00:00;0,000;14,000;3,000;95,000;7,000;11,533;4,000;3,000;

9538;2016.10.02 09:00:00;0,000;14,400;4,000;90,000;7,000;11,533;4,000;3,000;

9539;2016.10.02 10:00:00;0,000;14,500;4,000;86,000;6,000;11,533;4,000;3,000;

9540;2016.10.02 11:00:00;0,000;15,600;4,000;76,000;7,000;11,533;4,000;3,000;

9541;2016.10.02 12:00:00;0,000;16,500;4,000;71,000;6,000;11,533;4,000;3,000;

9542;2016.10.02 13:00:00;0,000;16,600;4,000;69,000;5,000;11,533;4,000;3,000;

9543;2016.10.02 14:00:00;0,000;16,600;3,000;70,000;5,000;11,533;4,000;3,000;

9544;2016.10.02 15:00:00;0,000;16,400;2,000;69,000;1,000;11,533;4,000;3,000;

9545;2016.10.02 16:00:00;0,000;15,900;1,000;73,000;7,000;11,533;4,000;3,000;

9546;2016.10.02 17:00:00;0,000;13,400;2,000;89,000;8,000;11,533;4,000;3,000;

9547;2016.10.02 18:00:00;0,000;12,100;0,000;95,000;7,000;11,533;4,000;3,000;

9548;2016.10.02 19:00:00;0,000;12,900;2,000;96,000;8,000;11,533;4,000;3,000;

9549;2016.10.02 20:00:00;0,000;12,200;1,000;95,000;8,000;11,533;4,000;3,000;

9550;2016.10.02 21:00:00;0,000;11,600;2,000;96,000;4,000;11,533;4,000;3,000;

9551;2016.10.02 22:00:00;0,000;10,900;2,000;97,000;7,000;11,533;4,000;3,000;

9552;2016.10.02 23:00:00;0,000;10,700;2,000;98,000;7,000;11,533;4,000;3,000;

9553;2016.10.03 00:00:00;0,000;11,000;1,000;98,000;8,000;11,467;1,000;3,000;

9554;2016.10.03 01:00:00;0,000;11,000;2,000;98,000;8,000;11,467;1,000;3,000;

9555;2016.10.03 02:00:00;0,000;11,000;2,000;98,000;8,000;11,467;1,000;3,000;

9556;2016.10.03 03:00:00;0,000;11,100;1,000;98,000;8,000;11,467;1,000;3,000;

9557;2016.10.03 04:00:00;0,000;11,100;1,000;98,000;8,000;11,467;1,000;3,000;

9558;2016.10.03 05:00:00;0,000;11,000;1,000;98,000;8,000;11,467;1,000;3,000;

9559;2016.10.03 06:00:00;0,000;11,100;1,000;98,000;7,000;11,467;1,000;3,000;

9560;2016.10.03 07:00:00;0,000;11,400;1,000;98,000;7,000;11,467;1,000;3,000;

9561;2016.10.03 08:00:00;0,000;12,100;1,000;98,000;7,000;11,467;1,000;3,000;

9562;2016.10.03 09:00:00;0,000;12,500;1,000;95,000;8,000;11,467;1,000;3,000;

9563;2016.10.03 10:00:00;0,000;12,900;1,000;95,000;8,000;11,467;1,000;3,000;

9564;2016.10.03 11:00:00;0,000;13,200;2,000;93,000;8,000;11,467;1,000;3,000;

9565;2016.10.03 12:00:00;0,000;13,100;2,000;89,000;8,000;11,467;1,000;3,000;

9566;2016.10.03 13:00:00;0,000;13,100;2,000;91,000;8,000;11,467;1,000;3,000;

9567;2016.10.03 14:00:00;0,000;13,300;2,000;92,000;8,000;11,467;1,000;3,000;

9568;2016.10.03 15:00:00;0,000;13,600;3,000;94,000;8,000;11,467;1,000;3,000;

9569;2016.10.03 16:00:00;0,000;13,500;3,000;89,000;8,000;11,467;1,000;3,000;

9570;2016.10.03 17:00:00;0,000;13,400;3,000;85,000;7,000;11,467;1,000;3,000;

9571;2016.10.03 18:00:00;0,000;13,200;4,000;85,000;7,000;11,467;1,000;3,000;

9572;2016.10.03 19:00:00;0,000;12,800;3,000;92,000;7,000;11,467;1,000;3,000;

9573;2016.10.03 20:00:00;0,000;12,800;3,000;91,000;8,000;11,467;1,000;3,000;

9574;2016.10.03 21:00:00;0,000;13,500;4,000;81,000;7,000;11,467;1,000;3,000;

9575;2016.10.03 22:00:00;0,000;12,900;3,000;78,000;8,000;11,467;1,000;3,000;

9576;2016.10.03 23:00:00;0,000;12,400;3,000;76,000;7,000;11,467;1,000;3,000;

9577;2016.10.04 00:00:00;0,000;11,800;3,000;76,000;7,000;11,383;1,000;3,000;

9578;2016.10.04 01:00:00;0,000;11,700;3,000;75,000;7,000;11,383;1,000;3,000;

9579;2016.10.04 02:00:00;0,000;11,500;4,000;73,000;2,000;11,383;1,000;3,000;

9580;2016.10.04 03:00:00;0,000;10,900;3,000;74,000;0,000;11,383;1,000;3,000;

9581;2016.10.04 04:00:00;0,000;10,300;2,000;73,000;1,000;11,383;1,000;3,000;

9582;2016.10.04 05:00:00;0,000;9,800;2,000;75,000;0,000;11,383;1,000;3,000;

9583;2016.10.04 06:00:00;0,000;10,500;3,000;70,000;1,000;11,383;1,000;3,000;

9584;2016.10.04 07:00:00;0,000;11,800;3,000;66,000;1,000;11,383;1,000;3,000;

9585;2016.10.04 08:00:00;0,000;13,200;3,000;62,000;4,000;11,383;1,000;3,000;

9586;2016.10.04 09:00:00;0,061;13,800;4,000;58,000;2,000;11,383;1,000;3,000;

9587;2016.10.04 10:00:00;28,606;13,000;5,000;62,000;7,000;11,383;1,000;3,000;

9588;2016.10.04 11:00:00;19,806;12,600;4,000;75,000;7,000;11,383;1,000;3,000;

9589;2016.10.04 12:00:00;17,249;13,600;4,000;64,000;6,000;11,383;1,000;3,000;

9590;2016.10.04 13:00:00;17,799;11,800;4,000;73,000;4,000;11,383;1,000;3,000;

9591;2016.10.04 14:00:00;16,985;13,100;6,000;62,000;5,000;11,383;1,000;3,000;

9592;2016.10.04 15:00:00;16,170;12,100;6,000;56,000;4,000;11,383;1,000;3,000;

9593;2016.10.04 16:00:00;16,668;11,100;5,000;62,000;7,000;11,383;1,000;3,000;

9594;2016.10.04 17:00:00;15,618;9,500;4,000;71,000;7,000;11,383;1,000;3,000;

9595;2016.10.04 18:00:00;17,181;9,400;4,000;69,000;4,000;11,383;1,000;3,000;

9596;2016.10.04 19:00:00;18,039;8,400;4,000;79,000;6,000;11,383;1,000;3,000;

9597;2016.10.04 20:00:00;18,823;7,800;1,000;81,000;2,000;11,383;1,000;3,000;

9598;2016.10.04 21:00:00;18,124;7,600;1,000;83,000;5,000;11,383;1,000;3,000;

9599;2016.10.04 22:00:00;18,722;8,000;1,000;85,000;5,000;11,383;1,000;3,000;

9600;2016.10.04 23:00:00;19,112;8,200;2,000;88,000;6,000;11,383;1,000;3,000;

9601;2016.10.05 00:00:00;19,625;7,900;2,000;89,000;8,000;11,317;1,000;3,000;

9602;2016.10.05 01:00:00;19,625;7,800;2,000;87,000;6,000;11,317;1,000;3,000;

9603;2016.10.05 02:00:00;19,625;8,200;2,000;87,000;4,000;11,317;1,000;3,000;

9604;2016.10.05 03:00:00;19,625;7,700;2,000;85,000;6,000;11,317;1,000;3,000;

9605;2016.10.05 04:00:00;19,625;7,300;1,000;89,000;6,000;11,317;1,000;3,000;

9606;2016.10.05 05:00:00;19,625;7,900;3,000;86,000;6,000;11,317;1,000;3,000;

9607;2016.10.05 06:00:00;19,625;8,000;2,000;88,000;6,000;11,317;1,000;3,000;

9608;2016.10.05 07:00:00;19,625;9,000;3,000;83,000;6,000;11,317;1,000;3,000;

9609;2016.10.05 08:00:00;19,129;9,600;5,000;82,000;6,000;11,317;1,000;3,000;

9610;2016.10.05 09:00:00;18,964;10,500;4,000;76,000;6,000;11,317;1,000;3,000;

9611;2016.10.05 10:00:00;18,964;10,100;7,000;71,000;7,000;11,317;1,000;3,000;

9612;2016.10.05 11:00:00;18,964;10,900;7,000;64,000;7,000;11,317;1,000;3,000;

9613;2016.10.05 12:00:00;18,964;10,400;7,000;72,000;8,000;11,317;1,000;3,000;

9614;2016.10.05 13:00:00;18,543;10,400;7,000;76,000;8,000;11,317;1,000;3,000;

9615;2016.10.05 14:00:00;16,668;10,000;7,000;84,000;8,000;11,317;1,000;3,000;

9616;2016.10.05 15:00:00;16,872;9,900;7,000;86,000;8,000;11,317;1,000;3,000;

9617;2016.10.05 16:00:00;18,591;9,700;7,000;88,000;8,000;11,317;1,000;3,000;

9618;2016.10.05 17:00:00;17,713;9,900;5,000;91,000;8,000;11,317;1,000;3,000;

9619;2016.10.05 18:00:00;18,664;10,300;6,000;83,000;8,000;11,317;1,000;3,000;

9620;2016.10.05 19:00:00;18,049;10,300;7,000;85,000;8,000;11,317;1,000;3,000;

9621;2016.10.05 20:00:00;17,861;9,800;6,000;90,000;8,000;11,317;1,000;3,000;

9622;2016.10.05 21:00:00;17,677;10,000;5,000;89,000;8,000;11,317;1,000;3,000;

9623;2016.10.05 22:00:00;16,668;9,700;5,000;93,000;8,000;11,317;1,000;3,000;

9624;2016.10.05 23:00:00;17,041;9,900;5,000;90,000;8,000;11,317;1,000;3,000;

9625;2016.10.06 00:00:00;16,495;10,000;6,000;91,000;8,000;11,233;1,000;3,000;

9626;2016.10.06 01:00:00;16,495;10,200;4,000;93,000;8,000;11,233;1,000;3,000;

9627;2016.10.06 02:00:00;16,495;10,600;5,000;87,000;8,000;11,233;1,000;3,000;

9628;2016.10.06 03:00:00;16,495;10,700;6,000;87,000;8,000;11,233;1,000;3,000;

9629;2016.10.06 04:00:00;16,495;10,600;5,000;87,000;8,000;11,233;1,000;3,000;

9630;2016.10.06 05:00:00;16,495;10,400;5,000;89,000;8,000;11,233;1,000;3,000;

9631;2016.10.06 06:00:00;16,495;10,500;4,000;87,000;8,000;11,233;1,000;3,000;

9632;2016.10.06 07:00:00;16,412;10,500;4,000;88,000;8,000;11,233;1,000;3,000;

9633;2016.10.06 08:00:00;16,689;10,500;4,000;87,000;8,000;11,233;1,000;3,000;

9634;2016.10.06 09:00:00;15,477;10,200;4,000;92,000;8,000;11,233;1,000;3,000;

9635;2016.10.06 10:00:00;17,252;10,700;4,000;89,000;8,000;11,233;1,000;3,000;

9636;2016.10.06 11:00:00;15,727;10,400;4,000;92,000;8,000;11,233;1,000;3,000;

9637;2016.10.06 12:00:00;16,092;10,500;4,000;92,000;8,000;11,233;1,000;3,000;

9638;2016.10.06 13:00:00;14,681;10,600;5,000;91,000;8,000;11,233;1,000;3,000;

9639;2016.10.06 14:00:00;15,931;10,700;4,000;86,000;8,000;11,233;1,000;3,000;

9640;2016.10.06 15:00:00;15,547;10,300;3,000;90,000;8,000;11,233;1,000;3,000;

9641;2016.10.06 16:00:00;15,188;10,000;3,000;91,000;8,000;11,233;1,000;3,000;

9642;2016.10.06 17:00:00;16,159;9,700;2,000;91,000;8,000;11,233;1,000;3,000;

9643;2016.10.06 18:00:00;16,270;9,600;3,000;91,000;8,000;11,233;1,000;3,000;

9644;2016.10.06 19:00:00;16,120;9,600;2,000;91,000;8,000;11,233;1,000;3,000;

9645;2016.10.06 20:00:00;15,744;9,700;2,000;91,000;8,000;11,233;1,000;3,000;

9646;2016.10.06 21:00:00;16,214;9,600;2,000;93,000;8,000;11,233;1,000;3,000;

9647;2016.10.06 22:00:00;15,807;9,700;2,000;94,000;8,000;11,233;1,000;3,000;

9648;2016.10.06 23:00:00;15,047;9,800;2,000;92,000;8,000;11,233;1,000;3,000;

9649;2016.10.07 00:00:00;15,399;9,300;3,000;90,000;7,000;11,167;2,000;3,000;

9650;2016.10.07 01:00:00;15,622;9,500;3,000;87,000;8,000;11,167;2,000;3,000;

9651;2016.10.07 02:00:00;15,857;9,300;2,000;88,000;8,000;11,167;2,000;3,000;

9652;2016.10.07 03:00:00;15,857;9,000;1,000;89,000;8,000;11,167;2,000;3,000;

9653;2016.10.07 04:00:00;15,965;8,000;1,000;92,000;8,000;11,167;2,000;3,000;

9654;2016.10.07 05:00:00;16,643;7,900;1,000;93,000;7,000;11,167;2,000;3,000;

9655;2016.10.07 06:00:00;16,373;8,100;0,000;94,000;7,000;11,167;2,000;3,000;

9656;2016.10.07 07:00:00;16,317;8,400;1,000;94,000;7,000;11,167;2,000;3,000;

9657;2016.10.07 08:00:00;15,588;8,800;2,000;92,000;8,000;11,167;2,000;3,000;

9658;2016.10.07 09:00:00;15,159;9,300;2,000;87,000;8,000;11,167;2,000;3,000;

9659;2016.10.07 10:00:00;13,371;8,800;2,000;93,000;8,000;11,167;2,000;3,000;

9660;2016.10.07 11:00:00;13,822;8,800;2,000;97,000;8,000;11,167;2,000;3,000;

9661;2016.10.07 12:00:00;13,791;9,300;4,000;97,000;8,000;11,167;2,000;3,000;

9662;2016.10.07 13:00:00;14,547;9,200;4,000;90,000;8,000;11,167;2,000;3,000;

9663;2016.10.07 14:00:00;14,066;9,500;5,000;74,000;8,000;11,167;2,000;3,000;

9664;2016.10.07 15:00:00;13,650;9,300;4,000;74,000;7,000;11,167;2,000;3,000;

9665;2016.10.07 16:00:00;14,324;9,000;3,000;71,000;7,000;11,167;2,000;3,000;

9666;2016.10.07 17:00:00;13,890;8,700;2,000;75,000;7,000;11,167;2,000;3,000;

9667;2016.10.07 18:00:00;14,973;8,700;1,000;77,000;8,000;11,167;2,000;3,000;

9668;2016.10.07 19:00:00;15,001;8,100;2,000;89,000;8,000;11,167;2,000;3,000;

9669;2016.10.07 20:00:00;16,190;8,900;3,000;92,000;8,000;11,167;2,000;3,000;

9670;2016.10.07 21:00:00;14,709;9,000;3,000;91,000;8,000;11,167;2,000;3,000;

9671;2016.10.07 22:00:00;16,217;9,000;2,000;89,000;8,000;11,167;2,000;3,000;

9672;2016.10.07 23:00:00;15,029;8,800;1,000;93,000;8,000;11,167;2,000;3,000;

9673;2016.10.08 00:00:00;13,973;8,900;2,000;94,000;7,000;11,100;3,000;3,000;

9674;2016.10.08 01:00:00;15,668;8,800;2,000;95,000;8,000;11,100;3,000;3,000;

9675;2016.10.08 02:00:00;15,523;8,500;2,000;95,000;7,000;11,100;3,000;3,000;

9676;2016.10.08 03:00:00;15,165;8,600;2,000;92,000;8,000;11,100;3,000;3,000;

9677;2016.10.08 04:00:00;15,177;8,400;2,000;92,000;8,000;11,100;3,000;3,000;

9678;2016.10.08 05:00:00;15,279;8,300;2,000;93,000;8,000;11,100;3,000;3,000;

9679;2016.10.08 06:00:00;14,563;8,200;1,000;93,000;8,000;11,100;3,000;3,000;

9680;2016.10.08 07:00:00;15,940;9,200;2,000;90,000;7,000;11,100;3,000;3,000;

9681;2016.10.08 08:00:00;15,833;9,300;3,000;87,000;8,000;11,100;3,000;3,000;

9682;2016.10.08 09:00:00;17,280;9,600;3,000;89,000;8,000;11,100;3,000;3,000;

9683;2016.10.08 10:00:00;15,251;10,000;3,000;85,000;8,000;11,100;3,000;3,000;

9684;2016.10.08 11:00:00;15,381;10,300;2,000;89,000;8,000;11,100;3,000;3,000;

9685;2016.10.08 12:00:00;14,575;11,400;3,000;77,000;7,000;11,100;3,000;3,000;

9686;2016.10.08 13:00:00;13,828;10,900;3,000;79,000;7,000;11,100;3,000;3,000;

9687;2016.10.08 14:00:00;13,822;10,400;3,000;89,000;6,000;11,100;3,000;3,000;

9688;2016.10.08 15:00:00;13,584;10,500;3,000;81,000;7,000;11,100;3,000;3,000;

9689;2016.10.08 16:00:00;13,390;9,700;1,000;87,000;7,000;11,100;3,000;3,000;

9690;2016.10.08 17:00:00;15,075;8,800;1,000;92,000;7,000;11,100;3,000;3,000;

9691;2016.10.08 18:00:00;13,923;8,800;1,000;95,000;8,000;11,100;3,000;3,000;

9692;2016.10.08 19:00:00;15,316;8,600;2,000;97,000;8,000;11,100;3,000;3,000;

9693;2016.10.08 20:00:00;15,931;8,900;1,000;97,000;8,000;11,100;3,000;3,000;

9694;2016.10.08 21:00:00;16,233;8,900;1,000;96,000;8,000;11,100;3,000;3,000;

9695;2016.10.08 22:00:00;16,075;8,900;2,000;96,000;8,000;11,100;3,000;3,000;

9696;2016.10.08 23:00:00;16,149;9,000;2,000;96,000;8,000;11,100;3,000;3,000;

9697;2016.10.09 00:00:00;14,483;8,800;2,000;94,000;8,000;11,033;4,000;3,000;

9698;2016.10.09 01:00:00;16,233;8,300;2,000;96,000;8,000;11,033;4,000;3,000;

9699;2016.10.09 02:00:00;15,557;8,000;2,000;96,000;8,000;11,033;4,000;3,000;

9700;2016.10.09 03:00:00;16,631;7,900;2,000;96,000;8,000;11,033;4,000;3,000;

9701;2016.10.09 04:00:00;15,872;7,700;1,000;95,000;8,000;11,033;4,000;3,000;

9702;2016.10.09 05:00:00;16,390;7,500;1,000;97,000;7,000;11,033;4,000;3,000;

9703;2016.10.09 06:00:00;15,677;8,000;1,000;97,000;6,000;11,033;4,000;3,000;

9704;2016.10.09 07:00:00;16,714;8,600;1,000;95,000;7,000;11,033;4,000;3,000;

9705;2016.10.09 08:00:00;15,940;9,200;1,000;92,000;7,000;11,033;4,000;3,000;

9706;2016.10.09 09:00:00;16,250;10,000;2,000;83,000;6,000;11,033;4,000;3,000;

9707;2016.10.09 10:00:00;14,952;10,800;2,000;77,000;6,000;11,033;4,000;3,000;

9708;2016.10.09 11:00:00;14,039;10,800;2,000;71,000;5,000;11,033;4,000;3,000;

9709;2016.10.09 12:00:00;13,575;11,700;3,000;71,000;5,000;11,033;4,000;3,000;

9710;2016.10.09 13:00:00;13,770;11,900;2,000;70,000;5,000;11,033;4,000;3,000;

9711;2016.10.09 14:00:00;12,973;12,200;2,000;69,000;4,000;11,033;4,000;3,000;

9712;2016.10.09 15:00:00;12,705;10,500;1,000;76,000;5,000;11,033;4,000;3,000;

9713;2016.10.09 16:00:00;13,529;9,300;2,000;78,000;6,000;11,033;4,000;3,000;

9714;2016.10.09 17:00:00;13,658;8,500;0,000;84,000;7,000;11,033;4,000;3,000;

9715;2016.10.09 18:00:00;14,205;6,400;1,000;92,000;2,000;11,033;4,000;3,000;

9716;2016.10.09 19:00:00;14,566;5,400;0,000;95,000;0,000;11,033;4,000;3,000;

9717;2016.10.09 20:00:00;14,529;4,600;0,000;97,000;0,000;11,033;4,000;3,000;

9718;2016.10.09 21:00:00;15,316;3,900;0,000;97,000;0,000;11,033;4,000;3,000;

9719;2016.10.09 22:00:00;15,798;3,600;1,000;97,000;1,000;11,033;4,000;3,000;

9720;2016.10.09 23:00:00;16,270;4,500;1,000;98,000;4,000;11,033;4,000;3,000;

9721;2016.10.10 00:00:00;14,849;4,400;1,000;98,000;1,000;10,967;1,000;3,000;

9722;2016.10.10 01:00:00;16,468;3,300;1,000;98,000;0,000;10,967;1,000;3,000;

9723;2016.10.10 02:00:00;16,825;3,800;1,000;98,000;7,000;10,967;1,000;3,000;

9724;2016.10.10 03:00:00;16,983;4,600;1,000;98,000;8,000;10,967;1,000;3,000;

9725;2016.10.10 04:00:00;17,103;4,400;2,000;97,000;8,000;10,967;1,000;3,000;

9726;2016.10.10 05:00:00;17,187;4,400;2,000;97,000;8,000;10,967;1,000;3,000;

9727;2016.10.10 06:00:00;17,816;4,900;2,000;97,000;8,000;10,967;1,000;3,000;

9728;2016.10.10 07:00:00;16,159;5,400;2,000;97,000;8,000;10,967;1,000;3,000;

9729;2016.10.10 08:00:00;17,224;6,600;2,000;95,000;8,000;10,967;1,000;3,000;

9730;2016.10.10 09:00:00;16,742;7,800;2,000;93,000;8,000;10,967;1,000;3,000;

9731;2016.10.10 10:00:00;16,548;8,700;2,000;91,000;8,000;10,967;1,000;3,000;

9732;2016.10.10 11:00:00;15,436;8,900;2,000;91,000;8,000;10,967;1,000;3,000;

9733;2016.10.10 12:00:00;14,168;9,100;2,000;95,000;8,000;10,967;1,000;3,000;

9734;2016.10.10 13:00:00;13,807;9,200;1,000;95,000;8,000;10,967;1,000;3,000;

9735;2016.10.10 14:00:00;12,714;9,200;1,000;96,000;8,000;10,967;1,000;3,000;

9736;2016.10.10 15:00:00;14,066;9,200;1,000;96,000;8,000;10,967;1,000;3,000;

9737;2016.10.10 16:00:00;13,899;9,300;1,000;96,000;8,000;10,967;1,000;3,000;

9738;2016.10.10 17:00:00;13,770;9,100;0,000;97,000;8,000;10,967;1,000;3,000;

9739;2016.10.10 18:00:00;12,936;8,800;1,000;97,000;8,000;10,967;1,000;3,000;

9740;2016.10.10 19:00:00;12,899;8,800;0,000;98,000;8,000;10,967;1,000;3,000;

9741;2016.10.10 20:00:00;13,177;9,000;1,000;99,000;8,000;10,967;1,000;3,000;

9742;2016.10.10 21:00:00;13,334;9,100;1,000;98,000;7,000;10,967;1,000;3,000;

9743;2016.10.10 22:00:00;13,890;9,100;2,000;97,000;8,000;10,967;1,000;3,000;

9744;2016.10.10 23:00:00;13,492;8,700;3,000;95,000;8,000;10,967;1,000;3,000;

9745;2016.10.11 00:00:00;12,501;8,400;2,000;95,000;8,000;10,883;1,000;3,000;

9746;2016.10.11 01:00:00;14,047;8,000;2,000;96,000;8,000;10,883;1,000;3,000;

9747;2016.10.11 02:00:00;13,575;7,700;3,000;96,000;8,000;10,883;1,000;3,000;

9748;2016.10.11 03:00:00;14,251;7,500;3,000;96,000;8,000;10,883;1,000;3,000;

9749;2016.10.11 04:00:00;14,483;7,200;2,000;96,000;8,000;10,883;1,000;3,000;

9750;2016.10.11 05:00:00;14,723;7,000;3,000;96,000;8,000;10,883;1,000;3,000;

9751;2016.10.11 06:00:00;15,362;7,000;2,000;95,000;8,000;10,883;1,000;3,000;

9752;2016.10.11 07:00:00;16,149;6,900;3,000;93,000;8,000;10,883;1,000;3,000;

9753;2016.10.11 08:00:00;16,196;6,900;2,000;92,000;8,000;10,883;1,000;3,000;

9754;2016.10.11 09:00:00;15,992;6,800;2,000;90,000;8,000;10,883;1,000;3,000;

9755;2016.10.11 10:00:00;16,172;7,100;2,000;89,000;8,000;10,883;1,000;3,000;

9756;2016.10.11 11:00:00;16,016;7,500;2,000;87,000;8,000;10,883;1,000;3,000;

9757;2016.10.11 12:00:00;16,548;7,600;3,000;86,000;8,000;10,883;1,000;3,000;

9758;2016.10.11 13:00:00;16,566;7,900;2,000;85,000;8,000;10,883;1,000;3,000;

9759;2016.10.11 14:00:00;16,214;7,700;2,000;85,000;8,000;10,883;1,000;3,000;

9760;2016.10.11 15:00:00;16,186;7,500;2,000;85,000;8,000;10,883;1,000;3,000;

9761;2016.10.11 16:00:00;16,418;7,500;1,000;87,000;8,000;10,883;1,000;3,000;

9762;2016.10.11 17:00:00;16,288;7,500;1,000;88,000;8,000;10,883;1,000;3,000;

9763;2016.10.11 18:00:00;16,668;7,400;2,000;86,000;8,000;10,883;1,000;3,000;

9764;2016.10.11 19:00:00;16,668;7,200;2,000;86,000;8,000;10,883;1,000;3,000;

9765;2016.10.11 20:00:00;16,492;7,300;1,000;85,000;8,000;10,883;1,000;3,000;

9766;2016.10.11 21:00:00;16,742;7,200;2,000;88,000;8,000;10,883;1,000;3,000;

9767;2016.10.11 22:00:00;16,872;7,300;2,000;87,000;8,000;10,883;1,000;3,000;

9768;2016.10.11 23:00:00;16,085;6,600;2,000;90,000;7,000;10,883;1,000;3,000;

9769;2016.10.12 00:00:00;15,585;7,000;2,000;89,000;7,000;10,817;1,000;3,000;

9770;2016.10.12 01:00:00;16,974;6,500;2,000;91,000;7,000;10,817;1,000;3,000;

9771;2016.10.12 02:00:00;17,020;6,700;2,000;90,000;7,000;10,817;1,000;3,000;

9772;2016.10.12 03:00:00;17,122;6,700;2,000;89,000;7,000;10,817;1,000;3,000;

9773;2016.10.12 04:00:00;16,918;6,600;2,000;90,000;7,000;10,817;1,000;3,000;

9774;2016.10.12 05:00:00;17,048;6,600;2,000;89,000;8,000;10,817;1,000;3,000;

9775;2016.10.12 06:00:00;17,427;6,900;2,000;85,000;8,000;10,817;1,000;3,000;

9776;2016.10.12 07:00:00;17,983;7,000;2,000;87,000;8,000;10,817;1,000;3,000;

9777;2016.10.12 08:00:00;17,970;6,800;3,000;82,000;8,000;10,817;1,000;3,000;

9778;2016.10.12 09:00:00;17,968;6,900;3,000;80,000;8,000;10,817;1,000;3,000;

9779;2016.10.12 10:00:00;17,039;7,900;2,000;78,000;7,000;10,817;1,000;3,000;

9780;2016.10.12 11:00:00;16,825;7,800;2,000;78,000;8,000;10,817;1,000;3,000;

9781;2016.10.12 12:00:00;17,734;8,100;2,000;79,000;8,000;10,817;1,000;3,000;

9782;2016.10.12 13:00:00;17,038;8,300;2,000;79,000;8,000;10,817;1,000;3,000;

9783;2016.10.12 14:00:00;15,631;8,400;2,000;79,000;8,000;10,817;1,000;3,000;

9784;2016.10.12 15:00:00;14,242;8,500;1,000;81,000;8,000;10,817;1,000;3,000;

9785;2016.10.12 16:00:00;15,712;8,200;2,000;83,000;8,000;10,817;1,000;3,000;

9786;2016.10.12 17:00:00;15,124;8,000;2,000;86,000;8,000;10,817;1,000;3,000;

9787;2016.10.12 18:00:00;15,612;7,900;1,000;89,000;8,000;10,817;1,000;3,000;

9788;2016.10.12 19:00:00;15,427;7,900;1,000;89,000;8,000;10,817;1,000;3,000;

9789;2016.10.12 20:00:00;15,136;7,800;1,000;89,000;8,000;10,817;1,000;3,000;

9790;2016.10.12 21:00:00;16,237;7,600;2,000;89,000;8,000;10,817;1,000;3,000;

9791;2016.10.12 22:00:00;15,779;7,400;1,000;88,000;8,000;10,817;1,000;3,000;

9792;2016.10.12 23:00:00;16,112;7,500;1,000;87,000;8,000;10,817;1,000;3,000;

9793;2016.10.13 00:00:00;14,464;7,600;1,000;87,000;8,000;10,733;1,000;3,000;

9794;2016.10.13 01:00:00;16,168;7,500;1,000;89,000;8,000;10,733;1,000;3,000;

9795;2016.10.13 02:00:00;16,316;7,600;2,000;90,000;8,000;10,733;1,000;3,000;

9796;2016.10.13 03:00:00;16,038;7,800;2,000;83,000;8,000;10,733;1,000;3,000;

9797;2016.10.13 04:00:00;15,705;7,500;1,000;85,000;8,000;10,733;1,000;3,000;

9798;2016.10.13 05:00:00;16,242;7,200;2,000;85,000;8,000;10,733;1,000;3,000;

9799;2016.10.13 06:00:00;16,927;7,000;3,000;83,000;8,000;10,733;1,000;3,000;

9800;2016.10.13 07:00:00;15,927;7,000;2,000;80,000;8,000;10,733;1,000;3,000;

9801;2016.10.13 08:00:00;15,835;7,200;2,000;82,000;8,000;10,733;1,000;3,000;

9802;2016.10.13 09:00:00;15,890;7,500;3,000;75,000;7,000;10,733;1,000;3,000;

9803;2016.10.13 10:00:00;16,057;7,500;3,000;73,000;7,000;10,733;1,000;3,000;

9804;2016.10.13 11:00:00;16,242;8,000;3,000;68,000;7,000;10,733;1,000;3,000;

9805;2016.10.13 12:00:00;16,038;8,500;3,000;66,000;7,000;10,733;1,000;3,000;

9806;2016.10.13 13:00:00;16,612;9,000;2,000;64,000;7,000;10,733;1,000;3,000;

9807;2016.10.13 14:00:00;15,835;8,700;3,000;65,000;7,000;10,733;1,000;3,000;

9808;2016.10.13 15:00:00;14,316;8,300;1,000;69,000;7,000;10,733;1,000;3,000;

9809;2016.10.13 16:00:00;14,242;7,700;1,000;73,000;7,000;10,733;1,000;3,000;

9810;2016.10.13 17:00:00;13,890;6,600;1,000;81,000;7,000;10,733;1,000;3,000;

9811;2016.10.13 18:00:00;15,409;6,200;2,000;83,000;8,000;10,733;1,000;3,000;

9812;2016.10.13 19:00:00;15,409;5,700;1,000;85,000;8,000;10,733;1,000;3,000;

9813;2016.10.13 20:00:00;16,038;5,400;1,000;87,000;8,000;10,733;1,000;3,000;

9814;2016.10.13 21:00:00;16,742;5,300;2,000;87,000;8,000;10,733;1,000;3,000;

9815;2016.10.13 22:00:00;16,186;5,200;2,000;86,000;8,000;10,733;1,000;3,000;

9816;2016.10.13 23:00:00;16,927;4,900;1,000;86,000;8,000;10,733;1,000;3,000;

9817;2016.10.14 00:00:00;15,242;5,000;2,000;84,000;8,000;10,667;2,000;3,000;

9818;2016.10.14 01:00:00;18,168;4,600;1,000;85,000;8,000;10,667;2,000;3,000;

9819;2016.10.14 02:00:00;17,927;2,600;1,000;93,000;8,000;10,667;2,000;3,000;

9820;2016.10.14 03:00:00;18,946;3,400;2,000;89,000;0,000;10,667;2,000;3,000;

9821;2016.10.14 04:00:00;19,094;3,500;2,000;87,000;0,000;10,667;2,000;3,000;

9822;2016.10.14 05:00:00;19,928;2,600;3,000;90,000;8,000;10,667;2,000;3,000;

9823;2016.10.14 06:00:00;21,502;2,400;2,000;92,000;8,000;10,667;2,000;3,000;

9824;2016.10.14 07:00:00;21,539;3,900;2,000;87,000;7,000;10,667;2,000;3,000;

9825;2016.10.14 08:00:00;19,798;6,000;3,000;79,000;7,000;10,667;2,000;3,000;

9826;2016.10.14 09:00:00;19,594;7,800;5,000;69,000;8,000;10,667;2,000;3,000;

9827;2016.10.14 10:00:00;17,879;9,400;4,000;61,000;8,000;10,667;2,000;3,000;

9828;2016.10.14 11:00:00;19,568;10,200;4,000;55,000;8,000;10,667;2,000;3,000;

9829;2016.10.14 12:00:00;16,816;10,700;3,000;52,000;8,000;10,667;2,000;3,000;

9830;2016.10.14 13:00:00;16,186;11,000;3,000;54,000;7,000;10,667;2,000;3,000;

9831;2016.10.14 14:00:00;15,835;10,900;4,000;51,000;7,000;10,667;2,000;3,000;

9832;2016.10.14 15:00:00;15,279;9,900;2,000;61,000;8,000;10,667;2,000;3,000;

9833;2016.10.14 16:00:00;16,946;8,600;2,000;67,000;8,000;10,667;2,000;3,000;

9834;2016.10.14 17:00:00;17,205;8,000;3,000;71,000;8,000;10,667;2,000;3,000;

9835;2016.10.14 18:00:00;18,409;7,600;3,000;71,000;6,000;10,667;2,000;3,000;

9836;2016.10.14 19:00:00;18,890;7,600;4,000;69,000;4,000;10,667;2,000;3,000;

9837;2016.10.14 20:00:00;17,853;7,200;4,000;70,000;7,000;10,667;2,000;3,000;

9838;2016.10.14 21:00:00;17,927;6,900;4,000;71,000;7,000;10,667;2,000;3,000;

9839;2016.10.14 22:00:00;17,279;6,600;4,000;73,000;8,000;10,667;2,000;3,000;

9840;2016.10.14 23:00:00;18,148;6,200;3,000;75,000;8,000;10,667;2,000;3,000;

9841;2016.10.15 00:00:00;17,911;5,800;3,000;77,000;8,000;10,600;3,000;3,000;

9842;2016.10.15 01:00:00;17,687;5,600;2,000;79,000;8,000;10,600;3,000;3,000;

9843;2016.10.15 02:00:00;18,113;5,100;3,000;81,000;8,000;10,600;3,000;3,000;

9844;2016.10.15 03:00:00;18,761;5,400;3,000;80,000;8,000;10,600;3,000;3,000;

9845;2016.10.15 04:00:00;18,613;5,600;4,000;79,000;8,000;10,600;3,000;3,000;

9846;2016.10.15 05:00:00;18,964;5,500;3,000;79,000;8,000;10,600;3,000;3,000;

9847;2016.10.15 06:00:00;19,316;5,500;3,000;79,000;8,000;10,600;3,000;3,000;

9848;2016.10.15 07:00:00;21,094;5,700;4,000;78,000;8,000;10,600;3,000;3,000;

9849;2016.10.15 08:00:00;20,131;6,300;4,000;75,000;8,000;10,600;3,000;3,000;

9850;2016.10.15 09:00:00;18,983;7,400;4,000;72,000;8,000;10,600;3,000;3,000;

9851;2016.10.15 10:00:00;18,464;7,700;4,000;71,000;8,000;10,600;3,000;3,000;

9852;2016.10.15 11:00:00;16,761;8,200;4,000;72,000;7,000;10,600;3,000;3,000;

9853;2016.10.15 12:00:00;17,446;8,600;4,000;70,000;8,000;10,600;3,000;3,000;

9854;2016.10.15 13:00:00;18,983;8,300;4,000;71,000;8,000;10,600;3,000;3,000;

9855;2016.10.15 14:00:00;17,504;8,500;3,000;71,000;8,000;10,600;3,000;3,000;

9856;2016.10.15 15:00:00;17,388;8,100;4,000;71,000;8,000;10,600;3,000;3,000;

9857;2016.10.15 16:00:00;16,946;7,800;4,000;73,000;8,000;10,600;3,000;3,000;

9858;2016.10.15 17:00:00;17,983;7,200;4,000;72,000;8,000;10,600;3,000;3,000;

9859;2016.10.15 18:00:00;17,779;6,500;4,000;75,000;8,000;10,600;3,000;3,000;

9860;2016.10.15 19:00:00;17,575;5,800;4,000;78,000;8,000;10,600;3,000;3,000;

9861;2016.10.15 20:00:00;18,724;5,500;4,000;80,000;8,000;10,600;3,000;3,000;

9862;2016.10.15 21:00:00;18,705;4,900;4,000;88,000;8,000;10,600;3,000;3,000;

9863;2016.10.15 22:00:00;18,946;4,500;3,000;92,000;8,000;10,600;3,000;3,000;

9864;2016.10.15 23:00:00;19,242;4,300;3,000;93,000;8,000;10,600;3,000;3,000;

9865;2016.10.16 00:00:00;17,594;4,000;3,000;93,000;8,000;10,533;4,000;3,000;

9866;2016.10.16 01:00:00;20,446;3,700;4,000;94,000;8,000;10,533;4,000;3,000;

9867;2016.10.16 02:00:00;20,002;3,700;3,000;94,000;8,000;10,533;4,000;3,000;

9868;2016.10.16 03:00:00;19,390;3,700;4,000;94,000;8,000;10,533;4,000;3,000;

9869;2016.10.16 04:00:00;19,668;3,800;3,000;94,000;8,000;10,533;4,000;3,000;

9870;2016.10.16 05:00:00;20,613;3,800;3,000;94,000;8,000;10,533;4,000;3,000;

9871;2016.10.16 06:00:00;20,483;3,800;4,000;94,000;8,000;10,533;4,000;3,000;

9872;2016.10.16 07:00:00;21,039;4,000;3,000;93,000;8,000;10,533;4,000;3,000;

9873;2016.10.16 08:00:00;21,113;4,200;4,000;92,000;8,000;10,533;4,000;3,000;

9874;2016.10.16 09:00:00;20,557;4,200;4,000;91,000;8,000;10,533;4,000;3,000;

9875;2016.10.16 10:00:00;22,306;4,400;4,000;90,000;8,000;10,533;4,000;3,000;

9876;2016.10.16 11:00:00;22,068;4,600;4,000;88,000;8,000;10,533;4,000;3,000;

9877;2016.10.16 12:00:00;21,113;4,900;4,000;86,000;8,000;10,533;4,000;3,000;

9878;2016.10.16 13:00:00;20,428;5,000;4,000;86,000;8,000;10,533;4,000;3,000;

9879;2016.10.16 14:00:00;19,168;5,100;4,000;86,000;8,000;10,533;4,000;3,000;

9880;2016.10.16 15:00:00;19,372;5,300;4,000;86,000;8,000;10,533;4,000;3,000;

9881;2016.10.16 16:00:00;17,706;5,600;4,000;86,000;8,000;10,533;4,000;3,000;

9882;2016.10.16 17:00:00;19,260;5,900;4,000;86,000;8,000;10,533;4,000;3,000;

9883;2016.10.16 18:00:00;19,298;6,200;5,000;86,000;8,000;10,533;4,000;3,000;

9884;2016.10.16 19:00:00;21,928;6,500;4,000;85,000;8,000;10,533;4,000;3,000;

9885;2016.10.16 20:00:00;20,502;6,700;5,000;84,000;8,000;10,533;4,000;3,000;

9886;2016.10.16 21:00:00;20,687;6,900;5,000;83,000;8,000;10,533;4,000;3,000;

9887;2016.10.16 22:00:00;19,520;6,900;4,000;83,000;8,000;10,533;4,000;3,000;

9888;2016.10.16 23:00:00;17,520;6,900;4,000;82,000;8,000;10,533;4,000;3,000;

9889;2016.10.17 00:00:00;17,112;6,800;3,000;83,000;8,000;10,467;1,000;3,000;

9890;2016.10.17 01:00:00;19,150;6,800;4,000;83,000;8,000;10,467;1,000;3,000;

9891;2016.10.17 02:00:00;17,094;6,700;4,000;82,000;8,000;10,467;1,000;3,000;

9892;2016.10.17 03:00:00;17,427;6,600;4,000;82,000;8,000;10,467;1,000;3,000;

9893;2016.10.17 04:00:00;17,427;6,500;3,000;82,000;8,000;10,467;1,000;3,000;

9894;2016.10.17 05:00:00;17,372;6,200;3,000;82,000;8,000;10,467;1,000;3,000;

9895;2016.10.17 06:00:00;17,835;5,200;4,000;83,000;7,000;10,467;1,000;3,000;

9896;2016.10.17 07:00:00;17,150;4,600;3,000;85,000;8,000;10,467;1,000;3,000;

9897;2016.10.17 08:00:00;18,187;5,000;5,000;82,000;7,000;10,467;1,000;3,000;

9898;2016.10.17 09:00:00;18,335;5,500;5,000;78,000;4,000;10,467;1,000;3,000;

9899;2016.10.17 10:00:00;18,187;5,400;5,000;77,000;7,000;10,467;1,000;3,000;

9900;2016.10.17 11:00:00;17,927;5,000;5,000;80,000;8,000;10,467;1,000;3,000;

9901;2016.10.17 12:00:00;20,668;4,500;5,000;83,000;8,000;10,467;1,000;3,000;

9902;2016.10.17 13:00:00;19,035;4,900;5,000;83,000;8,000;10,467;1,000;3,000;

9903;2016.10.17 14:00:00;19,171;5,400;5,000;83,000;8,000;10,467;1,000;3,000;

9904;2016.10.17 15:00:00;18,168;5,600;5,000;84,000;8,000;10,467;1,000;3,000;

9905;2016.10.17 16:00:00;18,242;5,400;4,000;87,000;8,000;10,467;1,000;3,000;

9906;2016.10.17 17:00:00;19,909;5,600;4,000;85,000;8,000;10,467;1,000;3,000;

9907;2016.10.17 18:00:00;19,168;5,700;4,000;85,000;8,000;10,467;1,000;3,000;

9908;2016.10.17 19:00:00;18,057;5,900;3,000;85,000;8,000;10,467;1,000;3,000;

9909;2016.10.17 20:00:00;17,131;6,000;3,000;86,000;8,000;10,467;1,000;3,000;

9910;2016.10.17 21:00:00;17,409;6,100;2,000;86,000;8,000;10,467;1,000;3,000;

9911;2016.10.17 22:00:00;17,409;6,100;3,000;88,000;8,000;10,467;1,000;3,000;

9912;2016.10.17 23:00:00;17,872;6,200;2,000;88,000;8,000;10,467;1,000;3,000;

9913;2016.10.18 00:00:00;16,483;6,100;2,000;89,000;8,000;10,400;1,000;3,000;

9914;2016.10.18 01:00:00;17,779;6,000;2,000;90,000;8,000;10,400;1,000;3,000;

9915;2016.10.18 02:00:00;17,964;5,900;2,000;91,000;8,000;10,400;1,000;3,000;

9916;2016.10.18 03:00:00;17,594;5,700;2,000;92,000;8,000;10,400;1,000;3,000;

9917;2016.10.18 04:00:00;17,409;5,700;2,000;93,000;8,000;10,400;1,000;3,000;

9918;2016.10.18 05:00:00;17,594;5,600;2,000;94,000;8,000;10,400;1,000;3,000;

9919;2016.10.18 06:00:00;18,242;5,600;2,000;95,000;8,000;10,400;1,000;3,000;

9920;2016.10.18 07:00:00;17,594;5,900;3,000;95,000;8,000;10,400;1,000;3,000;

9921;2016.10.18 08:00:00;17,501;6,000;3,000;94,000;8,000;10,400;1,000;3,000;

9922;2016.10.18 09:00:00;17,594;6,600;3,000;91,000;8,000;10,400;1,000;3,000;

9923;2016.10.18 10:00:00;16,298;7,000;2,000;92,000;8,000;10,400;1,000;3,000;

9924;2016.10.18 11:00:00;16,112;7,600;3,000;90,000;8,000;10,400;1,000;3,000;

9925;2016.10.18 12:00:00;16,298;8,600;2,000;87,000;8,000;10,400;1,000;3,000;

9926;2016.10.18 13:00:00;16,622;9,300;3,000;87,000;8,000;10,400;1,000;3,000;

9927;2016.10.18 14:00:00;14,973;10,000;2,000;85,000;8,000;10,400;1,000;3,000;

9928;2016.10.18 15:00:00;14,168;10,200;2,000;84,000;8,000;10,400;1,000;3,000;

9929;2016.10.18 16:00:00;14,612;9,900;2,000;86,000;8,000;10,400;1,000;3,000;

9930;2016.10.18 17:00:00;14,816;9,500;2,000;88,000;8,000;10,400;1,000;3,000;

9931;2016.10.18 18:00:00;14,538;9,300;2,000;89,000;8,000;10,400;1,000;3,000;

9932;2016.10.18 19:00:00;13,890;9,100;2,000;90,000;8,000;10,400;1,000;3,000;

9933;2016.10.18 20:00:00;13,890;8,800;2,000;92,000;8,000;10,400;1,000;3,000;

9934;2016.10.18 21:00:00;14,446;8,800;2,000;92,000;8,000;10,400;1,000;3,000;

9935;2016.10.18 22:00:00;14,260;8,800;2,000;92,000;8,000;10,400;1,000;3,000;

9936;2016.10.18 23:00:00;14,353;8,800;2,000;92,000;8,000;10,400;1,000;3,000;

9937;2016.10.19 00:00:00;12,686;8,800;2,000;93,000;8,000;10,317;1,000;3,000;

9938;2016.10.19 01:00:00;14,723;8,700;1,000;94,000;8,000;10,317;1,000;3,000;

9939;2016.10.19 02:00:00;14,260;8,600;2,000;95,000;8,000;10,317;1,000;3,000;

9940;2016.10.19 03:00:00;14,260;8,500;2,000;96,000;8,000;10,317;1,000;3,000;

9941;2016.10.19 04:00:00;14,353;8,400;2,000;97,000;8,000;10,317;1,000;3,000;

9942;2016.10.19 05:00:00;14,075;8,400;2,000;98,000;9,000;10,317;1,000;3,000;

9943;2016.10.19 06:00:00;14,723;8,400;2,000;98,000;9,000;10,317;1,000;3,000;

9944;2016.10.19 07:00:00;14,631;8,800;2,000;98,000;8,000;10,317;1,000;3,000;

9945;2016.10.19 08:00:00;15,464;9,500;2,000;95,000;8,000;10,317;1,000;3,000;

9946;2016.10.19 09:00:00;13,797;10,100;2,000;95,000;8,000;10,317;1,000;3,000;

9947;2016.10.19 10:00:00;13,520;10,800;2,000;92,000;8,000;10,317;1,000;3,000;

9948;2016.10.19 11:00:00;12,890;11,300;2,000;90,000;8,000;10,317;1,000;3,000;

9949;2016.10.19 12:00:00;12,668;11,500;2,000;89,000;8,000;10,317;1,000;3,000;

9950;2016.10.19 13:00:00;11,668;10,900;3,000;93,000;8,000;10,317;1,000;3,000;

9951;2016.10.19 14:00:00;13,612;10,200;2,000;96,000;8,000;10,317;1,000;3,000;

9952;2016.10.19 15:00:00;13,168;9,800;2,000;97,000;8,000;10,317;1,000;3,000;

9953;2016.10.19 16:00:00;13,446;9,500;2,000;97,000;8,000;10,317;1,000;3,000;

9954;2016.10.19 17:00:00;12,501;9,300;2,000;97,000;8,000;10,317;1,000;3,000;

9955;2016.10.19 18:00:00;13,557;9,200;2,000;96,000;8,000;10,317;1,000;3,000;

9956;2016.10.19 19:00:00;13,168;8,500;2,000;95,000;8,000;10,317;1,000;3,000;

9957;2016.10.19 20:00:00;14,001;8,000;2,000;97,000;7,000;10,317;1,000;3,000;

9958;2016.10.19 21:00:00;14,557;7,200;2,000;97,000;0,000;10,317;1,000;3,000;

9959;2016.10.19 22:00:00;16,668;6,700;2,000;98,000;0,000;10,317;1,000;3,000;

9960;2016.10.19 23:00:00;16,112;6,400;3,000;98,000;7,000;10,317;1,000;3,000;

9961;2016.10.20 00:00:00;14,557;6,000;3,000;98,000;0,000;10,250;1,000;3,000;

9962;2016.10.20 01:00:00;16,724;5,700;3,000;98,000;7,000;10,250;1,000;3,000;

9963;2016.10.20 02:00:00;17,224;5,700;4,000;98,000;8,000;10,250;1,000;3,000;

9964;2016.10.20 03:00:00;17,335;5,800;3,000;98,000;7,000;10,250;1,000;3,000;

9965;2016.10.20 04:00:00;16,946;6,400;3,000;98,000;7,000;10,250;1,000;3,000;

9966;2016.10.20 05:00:00;16,279;6,600;3,000;97,000;8,000;10,250;1,000;3,000;

9967;2016.10.20 06:00:00;16,279;6,500;4,000;96,000;8,000;10,250;1,000;3,000;

9968;2016.10.20 07:00:00;15,612;6,500;3,000;96,000;7,000;10,250;1,000;3,000;

9969;2016.10.20 08:00:00;15,335;7,100;3,000;93,000;7,000;10,250;1,000;3,000;

9970;2016.10.20 09:00:00;14,612;7,600;3,000;90,000;6,000;10,250;1,000;3,000;

9971;2016.10.20 10:00:00;15,696;9,400;3,000;82,000;3,000;10,250;1,000;3,000;

9972;2016.10.20 11:00:00;13,540;9,900;2,000;83,000;7,000;10,250;1,000;3,000;

9973;2016.10.20 12:00:00;14,101;9,700;3,000;81,000;7,000;10,250;1,000;3,000;

9974;2016.10.20 13:00:00;12,390;9,700;2,000;84,000;8,000;10,250;1,000;3,000;

9975;2016.10.20 14:00:00;12,668;9,100;2,000;91,000;8,000;10,250;1,000;3,000;

9976;2016.10.20 15:00:00;13,168;8,800;1,000;94,000;8,000;10,250;1,000;3,000;

9977;2016.10.20 16:00:00;13,446;8,600;1,000;96,000;8,000;10,250;1,000;3,000;

9978;2016.10.20 17:00:00;13,834;8,300;2,000;98,000;8,000;10,250;1,000;3,000;

9979;2016.10.20 18:00:00;14,001;8,500;2,000;98,000;8,000;10,250;1,000;3,000;

9980;2016.10.20 19:00:00;13,557;8,400;2,000;98,000;8,000;10,250;1,000;3,000;

9981;2016.10.20 20:00:00;14,279;8,400;1,000;97,000;8,000;10,250;1,000;3,000;

9982;2016.10.20 21:00:00;14,890;8,300;1,000;96,000;8,000;10,250;1,000;3,000;

9983;2016.10.20 22:00:00;14,112;8,200;2,000;96,000;8,000;10,250;1,000;3,000;

9984;2016.10.20 23:00:00;13,668;8,100;2,000;95,000;8,000;10,250;1,000;3,000;

9985;2016.10.21 00:00:00;13,557;8,000;2,000;96,000;8,000;10,183;2,000;3,000;

9986;2016.10.21 01:00:00;15,001;7,800;2,000;96,000;8,000;10,183;2,000;3,000;

9987;2016.10.21 02:00:00;14,446;7,600;3,000;96,000;8,000;10,183;2,000;3,000;

9988;2016.10.21 03:00:00;14,723;7,500;1,000;96,000;8,000;10,183;2,000;3,000;

9989;2016.10.21 04:00:00;14,223;7,500;2,000;96,000;8,000;10,183;2,000;3,000;

9990;2016.10.21 05:00:00;14,946;7,500;1,000;97,000;8,000;10,183;2,000;3,000;

9991;2016.10.21 06:00:00;14,890;7,600;2,000;96,000;7,000;10,183;2,000;3,000;

9992;2016.10.21 07:00:00;14,001;8,000;1,000;94,000;3,000;10,183;2,000;3,000;

9993;2016.10.21 08:00:00;13,946;8,300;4,000;89,000;5,000;10,183;2,000;3,000;

9994;2016.10.21 09:00:00;15,112;8,600;4,000;86,000;7,000;10,183;2,000;3,000;

9995;2016.10.21 10:00:00;14,168;9,100;4,000;82,000;7,000;10,183;2,000;3,000;

9996;2016.10.21 11:00:00;13,779;9,100;4,000;81,000;5,000;10,183;2,000;3,000;

9997;2016.10.21 12:00:00;13,427;9,500;3,000;81,000;7,000;10,183;2,000;3,000;

9998;2016.10.21 13:00:00;13,834;9,200;3,000;78,000;4,000;10,183;2,000;3,000;

9999;2016.10.21 14:00:00;13,464;9,100;2,000;79,000;8,000;10,183;2,000;3,000;

10000;2016.10.21 15:00:00;12,223;9,100;3,000;77,000;8,000;10,183;2,000;3,000;

10001;2016.10.21 16:00:00;13,279;8,700;1,000;81,000;8,000;10,183;2,000;3,000;

10002;2016.10.21 17:00:00;12,779;8,600;1,000;84,000;8,000;10,183;2,000;3,000;

10003;2016.10.21 18:00:00;14,112;8,400;1,000;89,000;8,000;10,183;2,000;3,000;

10004;2016.10.21 19:00:00;12,779;8,100;1,000;89,000;8,000;10,183;2,000;3,000;

10005;2016.10.21 20:00:00;13,279;7,800;1,000;84,000;8,000;10,183;2,000;3,000;

10006;2016.10.21 21:00:00;15,946;7,500;1,000;89,000;8,000;10,183;2,000;3,000;

10007;2016.10.21 22:00:00;14,223;7,100;2,000;90,000;8,000;10,183;2,000;3,000;

10008;2016.10.21 23:00:00;14,779;6,800;1,000;93,000;8,000;10,183;2,000;3,000;

10009;2016.10.22 00:00:00;11,612;6,700;1,000;94,000;8,000;10,117;3,000;3,000;

10010;2016.10.22 01:00:00;14,501;6,400;0,000;95,000;8,000;10,117;3,000;3,000;

10011;2016.10.22 02:00:00;14,390;6,200;1,000;97,000;8,000;10,117;3,000;3,000;

10012;2016.10.22 03:00:00;14,001;6,200;0,000;97,000;8,000;10,117;3,000;3,000;

10013;2016.10.22 04:00:00;14,168;6,400;1,000;97,000;8,000;10,117;3,000;3,000;

10014;2016.10.22 05:00:00;14,501;6,400;2,000;96,000;8,000;10,117;3,000;3,000;

10015;2016.10.22 06:00:00;14,557;6,400;2,000;97,000;8,000;10,117;3,000;3,000;

10016;2016.10.22 07:00:00;15,112;6,500;2,000;97,000;8,000;10,117;3,000;3,000;

10017;2016.10.22 08:00:00;14,946;7,000;3,000;94,000;8,000;10,117;3,000;3,000;

10018;2016.10.22 09:00:00;14,112;7,400;3,000;91,000;8,000;10,117;3,000;3,000;

10019;2016.10.22 10:00:00;13,501;7,600;3,000;90,000;8,000;10,117;3,000;3,000;

10020;2016.10.22 11:00:00;13,723;7,900;2,000;87,000;8,000;10,117;3,000;3,000;

10021;2016.10.22 12:00:00;13,557;7,800;2,000;87,000;8,000;10,117;3,000;3,000;

10022;2016.10.22 13:00:00;13,112;8,300;2,000;84,000;8,000;10,117;3,000;3,000;

10023;2016.10.22 14:00:00;12,723;8,400;2,000;84,000;8,000;10,117;3,000;3,000;

10024;2016.10.22 15:00:00;13,057;8,300;1,000;86,000;8,000;10,117;3,000;3,000;

10025;2016.10.22 16:00:00;12,723;8,000;2,000;89,000;8,000;10,117;3,000;3,000;

10026;2016.10.22 17:00:00;13,390;7,900;2,000;90,000;8,000;10,117;3,000;3,000;

10027;2016.10.22 18:00:00;12,279;7,600;2,000;91,000;7,000;10,117;3,000;3,000;

10028;2016.10.22 19:00:00;13,446;7,000;2,000;90,000;7,000;10,117;3,000;3,000;

10029;2016.10.22 20:00:00;14,612;5,800;1,000;93,000;3,000;10,117;3,000;3,000;

10030;2016.10.22 21:00:00;15,890;4,900;2,000;95,000;4,000;10,117;3,000;3,000;

10031;2016.10.22 22:00:00;15,223;5,000;1,000;95,000;8,000;10,117;3,000;3,000;

10032;2016.10.22 23:00:00;14,557;5,300;1,000;95,000;8,000;10,117;3,000;3,000;

10033;2016.10.23 00:00:00;13,501;5,500;1,000;95,000;8,000;10,033;4,000;3,000;

10034;2016.10.23 01:00:00;14,835;5,700;1,000;95,000;8,000;10,033;4,000;3,000;

10035;2016.10.23 02:00:00;15,501;5,700;1,000;96,000;8,000;10,033;4,000;3,000;

10036;2016.10.23 03:00:00;15,501;5,000;2,000;97,000;8,000;10,033;4,000;3,000;

10037;2016.10.23 04:00:00;15,890;4,900;2,000;97,000;8,000;10,033;4,000;3,000;

10038;2016.10.23 05:00:00;17,224;5,000;2,000;97,000;8,000;10,033;4,000;3,000;

10039;2016.10.23 06:00:00;15,835;5,000;2,000;96,000;8,000;10,033;4,000;3,000;

10040;2016.10.23 07:00:00;16,390;5,200;2,000;95,000;8,000;10,033;4,000;3,000;

10041;2016.10.23 08:00:00;15,390;6,300;3,000;93,000;8,000;10,033;4,000;3,000;

10042;2016.10.23 09:00:00;15,668;7,000;3,000;90,000;8,000;10,033;4,000;3,000;

10043;2016.10.23 10:00:00;14,723;7,900;3,000;86,000;6,000;10,033;4,000;3,000;

10044;2016.10.23 11:00:00;14,501;8,100;2,000;86,000;8,000;10,033;4,000;3,000;

10045;2016.10.23 12:00:00;13,446;8,400;2,000;84,000;7,000;10,033;4,000;3,000;

10046;2016.10.23 13:00:00;12,834;8,200;3,000;82,000;7,000;10,033;4,000;3,000;

10047;2016.10.23 14:00:00;12,668;8,600;2,000;81,000;7,000;10,033;4,000;3,000;

10048;2016.10.23 15:00:00;12,612;8,300;2,000;83,000;7,000;10,033;4,000;3,000;

10049;2016.10.23 16:00:00;12,779;8,000;3,000;85,000;7,000;10,033;4,000;3,000;

10050;2016.10.23 17:00:00;12,557;7,500;4,000;83,000;2,000;10,033;4,000;3,000;

10051;2016.10.23 18:00:00;14,279;7,700;3,000;81,000;8,000;10,033;4,000;3,000;

10052;2016.10.23 19:00:00;14,557;6,900;2,000;87,000;8,000;10,033;4,000;3,000;

10053;2016.10.23 20:00:00;14,112;6,500;2,000;90,000;7,000;10,033;4,000;3,000;

10054;2016.10.23 21:00:00;15,168;6,300;3,000;91,000;7,000;10,033;4,000;3,000;

10055;2016.10.23 22:00:00;16,001;6,200;3,000;94,000;7,000;10,033;4,000;3,000;

10056;2016.10.23 23:00:00;14,612;7,000;3,000;93,000;8,000;10,033;4,000;3,000;

10057;2016.10.24 00:00:00;14,612;7,300;3,000;93,000;8,000;9,967;1,000;3,000;

10058;2016.10.24 01:00:00;14,890;7,400;2,000;94,000;8,000;9,967;1,000;3,000;

10059;2016.10.24 02:00:00;14,334;7,600;2,000;93,000;7,000;9,967;1,000;3,000;

10060;2016.10.24 03:00:00;14,668;7,700;2,000;93,000;8,000;9,967;1,000;3,000;

10061;2016.10.24 04:00:00;14,390;7,800;2,000;93,000;8,000;9,967;1,000;3,000;

10062;2016.10.24 05:00:00;13,557;7,900;1,000;92,000;8,000;9,967;1,000;3,000;

10063;2016.10.24 06:00:00;14,723;7,500;2,000;95,000;8,000;9,967;1,000;3,000;

10064;2016.10.24 07:00:00;14,057;7,700;1,000;94,000;8,000;9,967;1,000;3,000;

10065;2016.10.24 08:00:00;14,279;7,700;2,000;94,000;8,000;9,967;1,000;3,000;

10066;2016.10.24 09:00:00;13,834;7,800;1,000;94,000;8,000;9,967;1,000;3,000;

10067;2016.10.24 10:00:00;13,668;7,800;1,000;97,000;8,000;9,967;1,000;3,000;

10068;2016.10.24 11:00:00;13,668;8,600;1,000;93,000;8,000;9,967;1,000;3,000;

10069;2016.10.24 12:00:00;13,279;8,700;0,000;92,000;8,000;9,967;1,000;3,000;

10070;2016.10.24 13:00:00;13,334;8,800;2,000;90,000;8,000;9,967;1,000;3,000;

10071;2016.10.24 14:00:00;13,723;8,800;1,000;91,000;8,000;9,967;1,000;3,000;

10072;2016.10.24 15:00:00;12,945;8,700;1,000;90,000;8,000;9,967;1,000;3,000;

10073;2016.10.24 16:00:00;13,501;8,700;0,000;91,000;8,000;9,967;1,000;3,000;

10074;2016.10.24 17:00:00;12,723;8,500;0,000;93,000;8,000;9,967;1,000;3,000;

10075;2016.10.24 18:00:00;14,223;8,200;0,000;96,000;8,000;9,967;1,000;3,000;

10076;2016.10.24 19:00:00;13,168;8,000;0,000;96,000;8,000;9,967;1,000;3,000;

10077;2016.10.24 20:00:00;13,787;8,000;0,000;95,000;8,000;9,967;1,000;3,000;

10078;2016.10.24 21:00:00;15,105;7,700;0,000;97,000;8,000;9,967;1,000;3,000;

10079;2016.10.24 22:00:00;14,668;7,900;1,000;96,000;8,000;9,967;1,000;3,000;

10080;2016.10.24 23:00:00;13,834;7,500;1,000;97,000;8,000;9,967;1,000;3,000;

10081;2016.10.25 00:00:00;13,112;7,500;0,000;98,000;8,000;9,900;1,000;3,000;

10082;2016.10.25 01:00:00;14,668;7,400;1,000;98,000;8,000;9,900;1,000;3,000;

10083;2016.10.25 02:00:00;14,446;7,300;1,000;98,000;8,000;9,900;1,000;3,000;

10084;2016.10.25 03:00:00;13,946;7,300;1,000;99,000;8,000;9,900;1,000;3,000;

10085;2016.10.25 04:00:00;14,723;7,000;1,000;99,000;9,000;9,900;1,000;3,000;

10086;2016.10.25 05:00:00;13,890;7,000;1,000;99,000;9,000;9,900;1,000;3,000;

10087;2016.10.25 06:00:00;14,946;6,700;1,000;99,000;9,000;9,900;1,000;3,000;

10088;2016.10.25 07:00:00;15,446;7,200;0,000;99,000;9,000;9,900;1,000;3,000;

10089;2016.10.25 08:00:00;15,001;7,800;1,000;99,000;8,000;9,900;1,000;3,000;

10090;2016.10.25 09:00:00;14,390;8,300;1,000;99,000;8,000;9,900;1,000;3,000;

10091;2016.10.25 10:00:00;14,334;9,300;2,000;99,000;7,000;9,900;1,000;3,000;

10092;2016.10.25 11:00:00;13,334;10,200;2,000;93,000;7,000;9,900;1,000;3,000;

10093;2016.10.25 12:00:00;12,945;11,100;3,000;82,000;7,000;9,900;1,000;3,000;

10094;2016.10.25 13:00:00;12,279;10,400;3,000;87,000;8,000;9,900;1,000;3,000;

10095;2016.10.25 14:00:00;12,168;9,300;1,000;90,000;8,000;9,900;1,000;3,000;

10096;2016.10.25 15:00:00;12,001;9,600;2,000;92,000;8,000;9,900;1,000;3,000;

10097;2016.10.25 16:00:00;13,112;8,800;1,000;95,000;8,000;9,900;1,000;3,000;

10098;2016.10.25 17:00:00;13,946;8,400;2,000;89,000;7,000;9,900;1,000;3,000;

10099;2016.10.25 18:00:00;13,668;6,900;1,000;88,000;2,000;9,900;1,000;3,000;

10100;2016.10.25 19:00:00;14,238;5,100;1,000;94,000;1,000;9,900;1,000;3,000;

10101;2016.10.25 20:00:00;13,411;4,700;1,000;97,000;1,000;9,900;1,000;3,000;

10102;2016.10.25 21:00:00;14,132;3,900;1,000;97,000;1,000;9,900;1,000;3,000;

10103;2016.10.25 22:00:00;16,335;4,500;1,000;98,000;5,000;9,900;1,000;3,000;

10104;2016.10.25 23:00:00;15,335;5,000;1,000;98,000;7,000;9,900;1,000;3,000;

10105;2016.10.26 00:00:00;15,390;5,500;0,000;97,000;8,000;9,833;1,000;3,000;

10106;2016.10.26 01:00:00;16,279;6,000;1,000;97,000;7,000;9,833;1,000;3,000;

10107;2016.10.26 02:00:00;16,946;6,300;2,000;86,000;7,000;9,833;1,000;3,000;

10108;2016.10.26 03:00:00;17,057;5,800;1,000;89,000;7,000;9,833;1,000;3,000;

10109;2016.10.26 04:00:00;17,057;5,900;1,000;92,000;7,000;9,833;1,000;3,000;

10110;2016.10.26 05:00:00;17,168;6,000;1,000;92,000;8,000;9,833;1,000;3,000;

10111;2016.10.26 06:00:00;18,001;5,300;1,000;94,000;7,000;9,833;1,000;3,000;

10112;2016.10.26 07:00:00;18,279;5,100;1,000;94,000;8,000;9,833;1,000;3,000;

10113;2016.10.26 08:00:00;17,279;6,200;1,000;93,000;8,000;9,833;1,000;3,000;

10114;2016.10.26 09:00:00;17,613;7,000;2,000;90,000;8,000;9,833;1,000;3,000;

10115;2016.10.26 10:00:00;15,557;8,600;2,000;78,000;8,000;9,833;1,000;3,000;

10116;2016.10.26 11:00:00;16,112;9,000;2,000;72,000;7,000;9,833;1,000;3,000;

10117;2016.10.26 12:00:00;14,501;8,900;2,000;72,000;7,000;9,833;1,000;3,000;

10118;2016.10.26 13:00:00;13,668;9,200;1,000;71,000;8,000;9,833;1,000;3,000;

10119;2016.10.26 14:00:00;13,723;9,000;1,000;75,000;8,000;9,833;1,000;3,000;

10120;2016.10.26 15:00:00;13,566;8,700;1,000;81,000;8,000;9,833;1,000;3,000;

10121;2016.10.26 16:00:00;13,658;7,900;1,000;93,000;8,000;9,833;1,000;3,000;

10122;2016.10.26 17:00:00;14,557;7,800;2,000;93,000;8,000;9,833;1,000;3,000;

10123;2016.10.26 18:00:00;14,835;7,600;2,000;93,000;8,000;9,833;1,000;3,000;

10124;2016.10.26 19:00:00;14,779;7,400;2,000;94,000;8,000;9,833;1,000;3,000;

10125;2016.10.26 20:00:00;14,612;6,900;2,000;95,000;8,000;9,833;1,000;3,000;

10126;2016.10.26 21:00:00;16,446;6,500;3,000;95,000;7,000;9,833;1,000;3,000;

10127;2016.10.26 22:00:00;15,779;6,300;3,000;94,000;8,000;9,833;1,000;3,000;

10128;2016.10.26 23:00:00;15,279;6,000;3,000;96,000;8,000;9,833;1,000;3,000;

10129;2016.10.27 00:00:00;14,390;5,900;2,000;96,000;8,000;9,767;1,000;3,000;

10130;2016.10.27 01:00:00;16,057;5,800;2,000;96,000;8,000;9,767;1,000;3,000;

10131;2016.10.27 02:00:00;15,446;5,600;2,000;96,000;8,000;9,767;1,000;3,000;

10132;2016.10.27 03:00:00;16,279;5,600;3,000;96,000;8,000;9,767;1,000;3,000;

10133;2016.10.27 04:00:00;16,390;5,500;3,000;96,000;8,000;9,767;1,000;3,000;

10134;2016.10.27 05:00:00;16,335;5,400;3,000;94,000;8,000;9,767;1,000;3,000;

10135;2016.10.27 06:00:00;16,390;5,600;4,000;93,000;8,000;9,767;1,000;3,000;

10136;2016.10.27 07:00:00;16,335;5,800;3,000;92,000;8,000;9,767;1,000;3,000;

10137;2016.10.27 08:00:00;17,168;6,300;4,000;91,000;7,000;9,767;1,000;3,000;

10138;2016.10.27 09:00:00;15,612;6,800;4,000;93,000;8,000;9,767;1,000;3,000;

10139;2016.10.27 10:00:00;16,112;7,100;4,000;94,000;8,000;9,767;1,000;3,000;

10140;2016.10.27 11:00:00;16,446;7,600;4,000;94,000;8,000;9,767;1,000;3,000;

10141;2016.10.27 12:00:00;13,779;8,000;3,000;95,000;8,000;9,767;1,000;3,000;

10142;2016.10.27 13:00:00;16,557;8,100;3,000;96,000;8,000;9,767;1,000;3,000;

10143;2016.10.27 14:00:00;16,557;8,300;3,000;97,000;8,000;9,767;1,000;3,000;

10144;2016.10.27 15:00:00;17,057;8,200;4,000;98,000;8,000;9,767;1,000;3,000;

10145;2016.10.27 16:00:00;17,946;8,400;2,000;98,000;8,000;9,767;1,000;3,000;

10146;2016.10.27 17:00:00;16,779;8,500;3,000;99,000;8,000;9,767;1,000;3,000;

10147;2016.10.27 18:00:00;16,390;8,700;3,000;99,000;8,000;9,767;1,000;3,000;

10148;2016.10.27 19:00:00;16,001;9,000;3,000;99,000;8,000;9,767;1,000;3,000;

10149;2016.10.27 20:00:00;16,279;9,200;3,000;99,000;8,000;9,767;1,000;3,000;

10150;2016.10.27 21:00:00;16,557;9,600;3,000;98,000;8,000;9,767;1,000;3,000;

10151;2016.10.27 22:00:00;16,057;9,700;3,000;97,000;8,000;9,767;1,000;3,000;

10152;2016.10.27 23:00:00;14,668;9,900;4,000;96,000;8,000;9,767;1,000;3,000;

10153;2016.10.28 00:00:00;13,112;10,200;5,000;95,000;8,000;9,700;2,000;3,000;

10154;2016.10.28 01:00:00;15,668;10,300;4,000;94,000;8,000;9,700;2,000;3,000;

10155;2016.10.28 02:00:00;14,835;10,200;5,000;93,000;8,000;9,700;2,000;3,000;

10156;2016.10.28 03:00:00;14,946;10,300;4,000;92,000;8,000;9,700;2,000;3,000;

10157;2016.10.28 04:00:00;14,446;10,300;5,000;90,000;8,000;9,700;2,000;3,000;

10158;2016.10.28 05:00:00;13,946;10,500;5,000;89,000;8,000;9,700;2,000;3,000;

10159;2016.10.28 06:00:00;14,001;10,600;5,000;88,000;8,000;9,700;2,000;3,000;

10160;2016.10.28 07:00:00;15,057;10,300;5,000;93,000;8,000;9,700;2,000;3,000;

10161;2016.10.28 08:00:00;14,057;10,300;6,000;94,000;8,000;9,700;2,000;3,000;

10162;2016.10.28 09:00:00;14,446;10,600;6,000;95,000;8,000;9,700;2,000;3,000;

10163;2016.10.28 10:00:00;13,557;10,900;5,000;95,000;8,000;9,700;2,000;3,000;

10164;2016.10.28 11:00:00;13,890;11,300;7,000;94,000;8,000;9,700;2,000;3,000;

10165;2016.10.28 12:00:00;12,384;11,600;6,000;94,000;8,000;9,700;2,000;3,000;

10166;2016.10.28 13:00:00;10,696;12,300;10,000;92,000;8,000;9,700;2,000;3,000;

10167;2016.10.28 14:00:00;18,174;11,600;8,000;85,000;7,000;9,700;2,000;3,000;

10168;2016.10.28 15:00:00;13,918;10,500;6,000;77,000;6,000;9,700;2,000;3,000;

10169;2016.10.28 16:00:00;13,890;10,200;6,000;76,000;8,000;9,700;2,000;3,000;

10170;2016.10.28 17:00:00;12,853;10,100;7,000;75,000;8,000;9,700;2,000;3,000;

10171;2016.10.28 18:00:00;15,186;9,900;6,000;77,000;5,000;9,700;2,000;3,000;

10172;2016.10.28 19:00:00;15,761;9,600;6,000;84,000;1,000;9,700;2,000;3,000;

10173;2016.10.28 20:00:00;15,837;9,800;7,000;78,000;2,000;9,700;2,000;3,000;

10174;2016.10.28 21:00:00;17,351;10,000;7,000;75,000;4,000;9,700;2,000;3,000;

10175;2016.10.28 22:00:00;16,261;10,000;7,000;74,000;7,000;9,700;2,000;3,000;

10176;2016.10.28 23:00:00;15,909;9,900;8,000;75,000;6,000;9,700;2,000;3,000;

10177;2016.10.29 00:00:00;13,723;9,900;9,000;74,000;7,000;9,617;3,000;3,000;

10178;2016.10.29 01:00:00;16,761;9,900;9,000;72,000;8,000;9,617;3,000;3,000;

10179;2016.10.29 02:00:00;15,631;9,900;8,000;74,000;8,000;9,617;3,000;3,000;

10180;2016.10.29 03:00:00;16,038;9,800;7,000;74,000;8,000;9,617;3,000;3,000;

10181;2016.10.29 04:00:00;15,427;9,800;8,000;73,000;7,000;9,617;3,000;3,000;

10182;2016.10.29 05:00:00;16,242;9,700;8,000;75,000;7,000;9,617;3,000;3,000;

10183;2016.10.29 06:00:00;15,631;9,000;7,000;78,000;6,000;9,617;3,000;3,000;

10184;2016.10.29 07:00:00;16,038;9,500;7,000;73,000;6,000;9,617;3,000;3,000;

10185;2016.10.29 08:00:00;16,186;10,100;7,000;71,000;5,000;9,617;3,000;3,000;

10186;2016.10.29 09:00:00;16,853;10,400;9,000;71,000;3,000;9,617;3,000;3,000;

10187;2016.10.29 10:00:00;16,761;10,700;9,000;69,000;4,000;9,617;3,000;3,000;

10188;2016.10.29 11:00:00;16,316;10,400;8,000;72,000;7,000;9,617;3,000;3,000;

10189;2016.10.29 12:00:00;15,501;10,100;6,000;75,000;7,000;9,617;3,000;3,000;

10190;2016.10.29 13:00:00;15,686;9,800;7,000;71,000;5,000;9,617;3,000;3,000;

10191;2016.10.29 14:00:00;14,168;10,100;7,000;72,000;5,000;9,617;3,000;3,000;

10192;2016.10.29 15:00:00;14,594;9,600;7,000;67,000;1,000;9,617;3,000;3,000;

10193;2016.10.29 16:00:00;15,057;9,200;7,000;64,000;1,000;9,617;3,000;3,000;

10194;2016.10.29 17:00:00;15,353;9,000;6,000;64,000;0,000;9,617;3,000;3,000;

10195;2016.10.29 18:00:00;15,909;8,900;6,000;64,000;2,000;9,617;3,000;3,000;

10196;2016.10.29 19:00:00;17,094;8,700;5,000;67,000;1,000;9,617;3,000;3,000;

10197;2016.10.29 20:00:00;17,238;8,500;5,000;66,000;1,000;9,617;3,000;3,000;

10198;2016.10.29 21:00:00;17,524;8,500;6,000;63,000;0,000;9,617;3,000;3,000;

10199;2016.10.29 22:00:00;17,853;8,100;6,000;66,000;0,000;9,617;3,000;3,000;

10200;2016.10.29 23:00:00;16,948;8,100;5,000;68,000;0,000;9,617;3,000;3,000;

10201;2016.10.30 00:00:00;15,999;8,200;6,000;71,000;1,000;9,550;4,000;3,000;

10202;2016.10.30 01:00:00;18,076;8,200;6,000;69,000;0,000;9,550;4,000;3,000;

10203;2016.10.30 02:00:00;35,454;8,300;6,000;72,000;0,000;9,550;4,000;3,000;

10204;2016.10.30 03:00:00;18,378;8,400;5,000;70,000;0,000;9,550;4,000;3,000;

10205;2016.10.30 04:00:00;17,765;8,200;6,000;72,000;0,000;9,550;4,000;3,000;

10206;2016.10.30 05:00:00;19,114;8,000;6,000;76,000;0,000;9,550;4,000;3,000;

10207;2016.10.30 06:00:00;20,316;8,200;5,000;76,000;5,000;9,550;4,000;3,000;

10208;2016.10.30 07:00:00;19,876;8,500;5,000;71,000;3,000;9,550;4,000;3,000;

10209;2016.10.30 08:00:00;19,260;8,800;5,000;68,000;3,000;9,550;4,000;3,000;

10210;2016.10.30 09:00:00;17,663;9,000;6,000;68,000;4,000;9,550;4,000;3,000;

10211;2016.10.30 10:00:00;16,245;9,100;4,000;69,000;7,000;9,550;4,000;3,000;

10212;2016.10.30 11:00:00;15,557;9,200;5,000;67,000;7,000;9,550;4,000;3,000;

10213;2016.10.30 12:00:00;17,091;8,900;5,000;66,000;7,000;9,550;4,000;3,000;

10214;2016.10.30 13:00:00;15,638;8,800;4,000;68,000;7,000;9,550;4,000;3,000;

10215;2016.10.30 14:00:00;15,701;8,200;4,000;71,000;7,000;9,550;4,000;3,000;

10216;2016.10.30 15:00:00;15,267;8,100;4,000;70,000;7,000;9,550;4,000;3,000;

10217;2016.10.30 16:00:00;15,624;7,800;3,000;72,000;7,000;9,550;4,000;3,000;

10218;2016.10.30 17:00:00;16,880;7,300;3,000;75,000;6,000;9,550;4,000;3,000;

10219;2016.10.30 18:00:00;16,123;7,600;2,000;76,000;7,000;9,550;4,000;3,000;

10220;2016.10.30 19:00:00;17,687;7,400;2,000;73,000;8,000;9,550;4,000;3,000;

10221;2016.10.30 20:00:00;17,976;6,500;1,000;78,000;8,000;9,550;4,000;3,000;

10222;2016.10.30 21:00:00;18,619;6,100;2,000;85,000;7,000;9,550;4,000;3,000;

10223;2016.10.30 22:00:00;17,687;5,800;1,000;86,000;8,000;9,550;4,000;3,000;

10224;2016.10.30 23:00:00;16,631;5,200;2,000;90,000;8,000;9,550;4,000;3,000;

10225;2016.10.31 00:00:00;18,539;5,000;1,000;91,000;7,000;9,483;1,000;3,000;

10226;2016.10.31 01:00:00;19,076;4,100;1,000;93,000;7,000;9,483;1,000;3,000;

10227;2016.10.31 02:00:00;18,600;4,300;1,000;93,000;7,000;9,483;1,000;3,000;

10228;2016.10.31 03:00:00;19,329;4,200;1,000;94,000;8,000;9,483;1,000;3,000;

10229;2016.10.31 04:00:00;18,474;4,300;1,000;94,000;8,000;9,483;1,000;3,000;

10230;2016.10.31 05:00:00;19,455;4,800;1,000;94,000;8,000;9,483;1,000;3,000;

10231;2016.10.31 06:00:00;18,335;5,200;2,000;94,000;7,000;9,483;1,000;3,000;

10232;2016.10.31 07:00:00;18,057;5,900;1,000;93,000;7,000;9,483;1,000;3,000;

10233;2016.10.31 08:00:00;18,012;6,800;2,000;92,000;7,000;9,483;1,000;3,000;

10234;2016.10.31 09:00:00;17,454;8,400;2,000;88,000;6,000;9,483;1,000;3,000;

10235;2016.10.31 10:00:00;16,001;10,100;5,000;77,000;6,000;9,483;1,000;3,000;

10236;2016.10.31 11:00:00;15,501;10,300;5,000;82,000;7,000;9,483;1,000;3,000;

10237;2016.10.31 12:00:00;15,279;10,200;5,000;78,000;7,000;9,483;1,000;3,000;

10238;2016.10.31 13:00:00;14,001;9,500;4,000;83,000;8,000;9,483;1,000;3,000;

10239;2016.10.31 14:00:00;14,890;9,300;3,000;88,000;8,000;9,483;1,000;3,000;

10240;2016.10.31 15:00:00;14,723;8,700;4,000;92,000;8,000;9,483;1,000;3,000;

10241;2016.10.31 16:00:00;14,723;8,200;2,000;96,000;8,000;9,483;1,000;3,000;

10242;2016.10.31 17:00:00;14,668;8,000;3,000;97,000;8,000;9,483;1,000;3,000;

10243;2016.10.31 18:00:00;14,890;7,900;1,000;98,000;8,000;9,483;1,000;3,000;

10244;2016.10.31 19:00:00;14,890;7,900;1,000;98,000;8,000;9,483;1,000;3,000;

10245;2016.10.31 20:00:00;14,946;7,900;1,000;98,000;8,000;9,483;1,000;3,000;

10246;2016.10.31 21:00:00;14,612;7,800;1,000;97,000;8,000;9,483;1,000;3,000;

10247;2016.10.31 22:00:00;15,168;7,600;1,000;97,000;7,000;9,483;1,000;3,000;

10248;2016.10.31 23:00:00;13,168;7,400;2,000;98,000;8,000;9,483;1,000;3,000;

10249;2016.11.01 00:00:00;15,559;7,300;2,000;98,000;8,000;9,417;5,000;3,000;

10250;2016.11.01 01:00:00;15,333;7,300;2,000;98,000;8,000;9,417;5,000;3,000;

10251;2016.11.01 02:00:00;14,557;7,500;3,000;98,000;8,000;9,417;5,000;3,000;

10252;2016.11.01 03:00:00;15,168;7,900;2,000;98,000;8,000;9,417;5,000;3,000;

10253;2016.11.01 04:00:00;14,557;8,300;3,000;98,000;8,000;9,417;5,000;3,000;

10254;2016.11.01 05:00:00;15,335;8,800;3,000;99,000;8,000;9,417;5,000;3,000;

10255;2016.11.01 06:00:00;14,974;9,300;3,000;99,000;8,000;9,417;5,000;3,000;

10256;2016.11.01 07:00:00;14,139;9,800;3,000;99,000;8,000;9,417;5,000;3,000;

10257;2016.11.01 08:00:00;14,779;10,000;4,000;98,000;8,000;9,417;5,000;3,000;

10258;2016.11.01 09:00:00;14,501;10,200;4,000;97,000;8,000;9,417;5,000;3,000;

10259;2016.11.01 10:00:00;15,390;10,200;4,000;97,000;8,000;9,417;5,000;3,000;

10260;2016.11.01 11:00:00;14,001;10,300;5,000;96,000;8,000;9,417;5,000;3,000;

10261;2016.11.01 12:00:00;14,390;10,300;5,000;95,000;8,000;9,417;5,000;3,000;

10262;2016.11.01 13:00:00;14,112;10,100;4,000;97,000;8,000;9,417;5,000;3,000;

10263;2016.11.01 14:00:00;14,168;10,300;5,000;96,000;8,000;9,417;5,000;3,000;

10264;2016.11.01 15:00:00;14,279;10,100;5,000;96,000;8,000;9,417;5,000;3,000;

10265;2016.11.01 16:00:00;13,890;9,000;5,000;97,000;8,000;9,417;5,000;3,000;

10266;2016.11.01 17:00:00;16,057;9,000;4,000;95,000;8,000;9,417;5,000;3,000;

10267;2016.11.01 18:00:00;15,668;8,700;4,000;88,000;7,000;9,417;5,000;3,000;

10268;2016.11.01 19:00:00;14,898;8,200;4,000;83,000;6,000;9,417;5,000;3,000;

10269;2016.11.01 20:00:00;15,438;7,800;4,000;78,000;2,000;9,417;5,000;3,000;

10270;2016.11.01 21:00:00;15,779;7,300;4,000;89,000;4,000;9,417;5,000;3,000;

10271;2016.11.01 22:00:00;16,612;6,700;4,000;92,000;4,000;9,417;5,000;3,000;

10272;2016.11.01 23:00:00;16,446;6,400;5,000;92,000;7,000;9,417;5,000;3,000;

10273;2016.11.02 00:00:00;18,279;6,100;3,000;95,000;7,000;9,350;1,000;3,000;

10274;2016.11.02 01:00:00;18,168;6,000;4,000;92,000;7,000;9,350;1,000;3,000;

10275;2016.11.02 02:00:00;19,057;6,200;5,000;93,000;6,000;9,350;1,000;3,000;

10276;2016.11.02 03:00:00;18,613;6,300;6,000;91,000;6,000;9,350;1,000;3,000;

10277;2016.11.02 04:00:00;17,501;6,200;6,000;93,000;8,000;9,350;1,000;3,000;

10278;2016.11.02 05:00:00;19,502;5,900;6,000;93,000;8,000;9,350;1,000;3,000;

10279;2016.11.02 06:00:00;19,113;4,900;6,000;91,000;8,000;9,350;1,000;3,000;

10280;2016.11.02 07:00:00;21,057;5,600;6,000;91,000;6,000;9,350;1,000;3,000;

10281;2016.11.02 08:00:00;20,391;5,400;5,000;91,000;6,000;9,350;1,000;3,000;

10282;2016.11.02 09:00:00;19,438;5,500;7,000;89,000;7,000;9,350;1,000;3,000;

10283;2016.11.02 10:00:00;18,954;5,500;7,000;90,000;8,000;9,350;1,000;3,000;

10284;2016.11.02 11:00:00;21,391;5,900;7,000;78,000;8,000;9,350;1,000;3,000;

10285;2016.11.02 12:00:00;19,946;5,100;9,000;79,000;7,000;9,350;1,000;3,000;

10286;2016.11.02 13:00:00;20,113;5,100;8,000;79,000;7,000;9,350;1,000;3,000;

10287;2016.11.02 14:00:00;20,002;5,800;6,000;72,000;7,000;9,350;1,000;3,000;

10288;2016.11.02 15:00:00;19,724;5,700;8,000;67,000;7,000;9,350;1,000;3,000;

10289;2016.11.02 16:00:00;21,446;5,700;7,000;67,000;8,000;9,350;1,000;3,000;

10290;2016.11.02 17:00:00;21,953;4,100;9,000;81,000;8,000;9,350;1,000;3,000;

10291;2016.11.02 18:00:00;22,884;3,800;6,000;89,000;8,000;9,350;1,000;3,000;

10292;2016.11.02 19:00:00;22,724;4,000;5,000;89,000;8,000;9,350;1,000;3,000;

10293;2016.11.02 20:00:00;23,113;4,200;7,000;87,000;8,000;9,350;1,000;3,000;

10294;2016.11.02 21:00:00;22,057;4,400;5,000;87,000;8,000;9,350;1,000;3,000;

10295;2016.11.02 22:00:00;22,761;4,500;7,000;81,000;7,000;9,350;1,000;3,000;

10296;2016.11.02 23:00:00;22,743;4,900;7,000;75,000;7,000;9,350;1,000;3,000;

10297;2016.11.03 00:00:00;22,964;5,100;7,000;72,000;7,000;9,283;1,000;3,000;

10298;2016.11.03 01:00:00;21,476;4,700;7,000;73,000;7,000;9,283;1,000;3,000;

10299;2016.11.03 02:00:00;22,868;3,800;6,000;82,000;8,000;9,283;1,000;3,000;

10300;2016.11.03 03:00:00;23,199;4,100;5,000;76,000;8,000;9,283;1,000;3,000;

10301;2016.11.03 04:00:00;22,835;3,800;7,000;74,000;8,000;9,283;1,000;3,000;

10302;2016.11.03 05:00:00;23,294;4,300;6,000;66,000;7,000;9,283;1,000;3,000;

10303;2016.11.03 06:00:00;25,130;4,800;6,000;57,000;8,000;9,283;1,000;3,000;

10304;2016.11.03 07:00:00;29,139;3,700;6,000;74,000;7,000;9,283;1,000;3,000;

10305;2016.11.03 08:00:00;25,088;2,900;5,000;85,000;7,000;9,283;1,000;3,000;

10306;2016.11.03 09:00:00;24,249;4,400;6,000;62,000;7,000;9,283;1,000;3,000;

10307;2016.11.03 10:00:00;24,391;4,400;6,000;63,000;8,000;9,283;1,000;3,000;

10308;2016.11.03 11:00:00;23,391;4,100;5,000;70,000;8,000;9,283;1,000;3,000;

10309;2016.11.03 12:00:00;26,447;4,600;4,000;64,000;8,000;9,283;1,000;3,000;

10310;2016.11.03 13:00:00;27,502;4,900;5,000;58,000;8,000;9,283;1,000;3,000;

10311;2016.11.03 14:00:00;24,891;4,700;5,000;57,000;8,000;9,283;1,000;3,000;

10312;2016.11.03 15:00:00;24,780;4,800;5,000;55,000;8,000;9,283;1,000;3,000;

10313;2016.11.03 16:00:00;24,502;4,700;4,000;60,000;7,000;9,283;1,000;3,000;

10314;2016.11.03 17:00:00;25,835;4,100;3,000;64,000;7,000;9,283;1,000;3,000;

10315;2016.11.03 18:00:00;27,322;3,000;2,000;67,000;7,000;9,283;1,000;3,000;

10316;2016.11.03 19:00:00;27,342;2,900;2,000;72,000;7,000;9,283;1,000;3,000;

10317;2016.11.03 20:00:00;25,232;2,200;3,000;79,000;8,000;9,283;1,000;3,000;

10318;2016.11.03 21:00:00;23,669;2,400;2,000;88,000;8,000;9,283;1,000;3,000;

10319;2016.11.03 22:00:00;23,780;3,100;3,000;90,000;8,000;9,283;1,000;3,000;

10320;2016.11.03 23:00:00;23,335;3,100;3,000;89,000;8,000;9,283;1,000;3,000;

10321;2016.11.04 00:00:00;25,391;2,600;2,000;91,000;8,000;9,217;2,000;3,000;

10322;2016.11.04 01:00:00;25,002;2,300;2,000;90,000;7,000;9,217;2,000;3,000;

10323;2016.11.04 02:00:00;25,502;1,800;2,000;92,000;8,000;9,217;2,000;3,000;

10324;2016.11.04 03:00:00;25,335;1,900;2,000;91,000;8,000;9,217;2,000;3,000;

10325;2016.11.04 04:00:00;25,113;2,300;2,000;89,000;8,000;9,217;2,000;3,000;

10326;2016.11.04 05:00:00;26,780;1,900;3,000;90,000;8,000;9,217;2,000;3,000;

10327;2016.11.04 06:00:00;25,669;1,400;3,000;95,000;8,000;9,217;2,000;3,000;

10328;2016.11.04 07:00:00;25,891;1,800;4,000;94,000;8,000;9,217;2,000;3,000;

10329;2016.11.04 08:00:00;25,391;2,200;3,000;95,000;8,000;9,217;2,000;3,000;

10330;2016.11.04 09:00:00;24,835;2,800;3,000;95,000;8,000;9,217;2,000;3,000;

10331;2016.11.04 10:00:00;23,780;3,500;3,000;96,000;8,000;9,217;2,000;3,000;

10332;2016.11.04 11:00:00;24,002;4,700;3,000;96,000;8,000;9,217;2,000;3,000;

10333;2016.11.04 12:00:00;22,391;5,700;3,000;95,000;8,000;9,217;2,000;3,000;

10334;2016.11.04 13:00:00;21,668;6,100;3,000;93,000;8,000;9,217;2,000;3,000;

10335;2016.11.04 14:00:00;22,335;6,100;4,000;94,000;7,000;9,217;2,000;3,000;

10336;2016.11.04 15:00:00;22,168;6,100;4,000;93,000;8,000;9,217;2,000;3,000;

10337;2016.11.04 16:00:00;22,002;5,900;4,000;93,000;8,000;9,217;2,000;3,000;

10338;2016.11.04 17:00:00;22,391;5,600;4,000;93,000;8,000;9,217;2,000;3,000;

10339;2016.11.04 18:00:00;20,668;5,400;3,000;94,000;8,000;9,217;2,000;3,000;

10340;2016.11.04 19:00:00;21,224;5,500;4,000;93,000;8,000;9,217;2,000;3,000;

10341;2016.11.04 20:00:00;21,264;5,500;4,000;91,000;8,000;9,217;2,000;3,000;

10342;2016.11.04 21:00:00;20,210;5,300;3,000;89,000;8,000;9,217;2,000;3,000;

10343;2016.11.04 22:00:00;20,419;5,100;4,000;89,000;8,000;9,217;2,000;3,000;

10344;2016.11.04 23:00:00;19,557;4,500;3,000;90,000;8,000;9,217;2,000;3,000;

10345;2016.11.05 00:00:00;22,557;3,500;3,000;90,000;7,000;9,150;3,000;3,000;

10346;2016.11.05 01:00:00;22,557;3,000;3,000;90,000;4,000;9,150;3,000;3,000;

10347;2016.11.05 02:00:00;22,835;2,500;3,000;91,000;3,000;9,150;3,000;3,000;

10348;2016.11.05 03:00:00;23,169;2,700;3,000;90,000;6,000;9,150;3,000;3,000;

10349;2016.11.05 04:00:00;23,335;2,100;3,000;93,000;8,000;9,150;3,000;3,000;

10350;2016.11.05 05:00:00;23,891;2,000;3,000;93,000;8,000;9,150;3,000;3,000;

10351;2016.11.05 06:00:00;25,002;2,000;2,000;93,000;8,000;9,150;3,000;3,000;

10352;2016.11.05 07:00:00;25,047;2,400;3,000;93,000;8,000;9,150;3,000;3,000;

10353;2016.11.05 08:00:00;24,457;3,100;3,000;90,000;8,000;9,150;3,000;3,000;

10354;2016.11.05 09:00:00;23,557;3,700;4,000;89,000;8,000;9,150;3,000;3,000;

10355;2016.11.05 10:00:00;24,391;5,100;4,000;79,000;8,000;9,150;3,000;3,000;

10356;2016.11.05 11:00:00;24,169;5,200;4,000;83,000;8,000;9,150;3,000;3,000;

10357;2016.11.05 12:00:00;22,946;5,000;4,000;87,000;8,000;9,150;3,000;3,000;

10358;2016.11.05 13:00:00;22,835;4,900;4,000;91,000;8,000;9,150;3,000;3,000;

10359;2016.11.05 14:00:00;19,942;4,900;4,000;90,000;8,000;9,150;3,000;3,000;

10360;2016.11.05 15:00:00;19,432;4,800;5,000;91,000;8,000;9,150;3,000;3,000;

10361;2016.11.05 16:00:00;25,059;4,900;4,000;90,000;8,000;9,150;3,000;3,000;

10362;2016.11.05 17:00:00;20,963;4,800;5,000;92,000;8,000;9,150;3,000;3,000;

10363;2016.11.05 18:00:00;19,890;4,600;4,000;94,000;8,000;9,150;3,000;3,000;

10364;2016.11.05 19:00:00;22,391;4,700;4,000;96,000;8,000;9,150;3,000;3,000;

10365;2016.11.05 20:00:00;21,168;4,700;2,000;96,000;8,000;9,150;3,000;3,000;

10366;2016.11.05 21:00:00;21,224;4,800;3,000;96,000;8,000;9,150;3,000;3,000;

10367;2016.11.05 22:00:00;20,168;4,800;2,000;96,000;8,000;9,150;3,000;3,000;

10368;2016.11.05 23:00:00;19,168;4,800;2,000;97,000;8,000;9,150;3,000;3,000;

10369;2016.11.06 00:00:00;21,224;4,800;2,000;97,000;8,000;9,117;4,000;3,000;

10370;2016.11.06 01:00:00;20,668;5,100;3,000;97,000;8,000;9,117;4,000;3,000;

10371;2016.11.06 02:00:00;20,557;5,400;3,000;97,000;8,000;9,117;4,000;3,000;

10372;2016.11.06 03:00:00;20,057;5,700;3,000;97,000;8,000;9,117;4,000;3,000;

10373;2016.11.06 04:00:00;20,002;5,800;4,000;96,000;8,000;9,117;4,000;3,000;

10374;2016.11.06 05:00:00;20,279;5,800;3,000;96,000;8,000;9,117;4,000;3,000;

10375;2016.11.06 06:00:00;19,779;5,700;3,000;95,000;8,000;9,117;4,000;3,000;

10376;2016.11.06 07:00:00;20,335;5,600;3,000;95,000;8,000;9,117;4,000;3,000;

10377;2016.11.06 08:00:00;21,946;5,600;4,000;91,000;8,000;9,117;4,000;3,000;

10378;2016.11.06 09:00:00;20,557;5,500;4,000;91,000;8,000;9,117;4,000;3,000;

10379;2016.11.06 10:00:00;19,502;6,000;4,000;87,000;8,000;9,117;4,000;3,000;

10380;2016.11.06 11:00:00;19,613;6,300;3,000;86,000;8,000;9,117;4,000;3,000;

10381;2016.11.06 12:00:00;15,521;6,600;4,000;84,000;8,000;9,117;4,000;3,000;

10382;2016.11.06 13:00:00;21,649;7,000;4,000;81,000;6,000;9,117;4,000;3,000;

10383;2016.11.06 14:00:00;19,835;6,300;2,000;87,000;8,000;9,117;4,000;3,000;

10384;2016.11.06 15:00:00;19,890;6,100;2,000;88,000;7,000;9,117;4,000;3,000;

10385;2016.11.06 16:00:00;19,196;5,700;2,000;91,000;8,000;9,117;4,000;3,000;

10386;2016.11.06 17:00:00;19,974;5,400;2,000;91,000;6,000;9,117;4,000;3,000;

10387;2016.11.06 18:00:00;20,565;5,300;3,000;92,000;8,000;9,117;4,000;3,000;

10388;2016.11.06 19:00:00;20,340;5,300;2,000;93,000;8,000;9,117;4,000;3,000;

10389;2016.11.06 20:00:00;21,132;5,100;1,000;94,000;8,000;9,117;4,000;3,000;

10390;2016.11.06 21:00:00;21,081;5,000;1,000;96,000;8,000;9,117;4,000;3,000;

10391;2016.11.06 22:00:00;21,446;5,000;1,000;97,000;8,000;9,117;4,000;3,000;

10392;2016.11.06 23:00:00;20,113;4,900;1,000;94,000;8,000;9,117;4,000;3,000;

10393;2016.11.07 00:00:00;21,113;4,700;1,000;95,000;8,000;9,050;1,000;3,000;

10394;2016.11.07 01:00:00;20,557;4,700;1,000;95,000;8,000;9,050;1,000;3,000;

10395;2016.11.07 02:00:00;20,335;4,600;2,000;95,000;8,000;9,050;1,000;3,000;

10396;2016.11.07 03:00:00;20,113;4,200;3,000;87,000;8,000;9,050;1,000;3,000;

10397;2016.11.07 04:00:00;20,279;3,200;1,000;91,000;1,000;9,050;1,000;3,000;

10398;2016.11.07 05:00:00;20,391;2,600;1,000;92,000;7,000;9,050;1,000;3,000;

10399;2016.11.07 06:00:00;24,280;2,600;1,000;93,000;6,000;9,050;1,000;3,000;

10400;2016.11.07 07:00:00;22,780;3,000;2,000;92,000;7,000;9,050;1,000;3,000;

10401;2016.11.07 08:00:00;21,502;4,100;3,000;87,000;7,000;9,050;1,000;3,000;

10402;2016.11.07 09:00:00;20,613;4,300;3,000;83,000;7,000;9,050;1,000;3,000;

10403;2016.11.07 10:00:00;20,891;3,000;2,000;89,000;7,000;9,050;1,000;3,000;

10404;2016.11.07 11:00:00;20,557;4,200;5,000;76,000;7,000;9,050;1,000;3,000;

10405;2016.11.07 12:00:00;20,946;4,800;4,000;74,000;7,000;9,050;1,000;3,000;

10406;2016.11.07 13:00:00;20,928;3,900;2,000;84,000;7,000;9,050;1,000;3,000;

10407;2016.11.07 14:00:00;21,575;2,100;4,000;92,000;8,000;9,050;1,000;3,000;

10408;2016.11.07 15:00:00;22,002;1,700;1,000;95,000;8,000;9,050;1,000;3,000;

10409;2016.11.07 16:00:00;24,724;3,400;4,000;86,000;8,000;9,050;1,000;3,000;

10410;2016.11.07 17:00:00;24,307;3,100;3,000;83,000;7,000;9,050;1,000;3,000;

10411;2016.11.07 18:00:00;26,197;3,000;2,000;84,000;7,000;9,050;1,000;3,000;

10412;2016.11.07 19:00:00;25,002;2,200;2,000;90,000;7,000;9,050;1,000;3,000;

10413;2016.11.07 20:00:00;24,946;1,400;1,000;93,000;7,000;9,050;1,000;3,000;

10414;2016.11.07 21:00:00;26,335;1,700;3,000;92,000;4,000;9,050;1,000;3,000;

10415;2016.11.07 22:00:00;26,835;1,900;2,000;92,000;4,000;9,050;1,000;3,000;

10416;2016.11.07 23:00:00;25,669;1,600;1,000;92,000;4,000;9,050;1,000;3,000;

10417;2016.11.08 00:00:00;26,280;0,700;1,000;95,000;6,000;8,983;1,000;3,000;

10418;2016.11.08 01:00:00;25,891;0,600;1,000;96,000;8,000;8,983;1,000;3,000;

10419;2016.11.08 02:00:00;26,113;0,200;1,000;97,000;5,000;8,983;1,000;3,000;

10420;2016.11.08 03:00:00;27,336;0,100;1,000;97,000;2,000;8,983;1,000;3,000;

10421;2016.11.08 04:00:00;26,280;-0,500;2,000;97,000;0,000;8,983;1,000;3,000;

10422;2016.11.08 05:00:00;27,558;-0,700;1,000;97,000;4,000;8,983;1,000;3,000;

10423;2016.11.08 06:00:00;27,613;-0,700;1,000;97,000;6,000;8,983;1,000;3,000;

10424;2016.11.08 07:00:00;27,724;-0,100;1,000;96,000;6,000;8,983;1,000;3,000;

10425;2016.11.08 08:00:00;26,224;0,000;2,000;95,000;6,000;8,983;1,000;3,000;

10426;2016.11.08 09:00:00;25,947;0,500;2,000;94,000;3,000;8,983;1,000;3,000;

10427;2016.11.08 10:00:00;27,113;1,400;2,000;92,000;6,000;8,983;1,000;3,000;

10428;2016.11.08 11:00:00;25,558;0,700;3,000;95,000;7,000;8,983;1,000;3,000;

10429;2016.11.08 12:00:00;28,780;0,400;2,000;96,000;8,000;8,983;1,000;3,000;

10430;2016.11.08 13:00:00;26,169;0,600;2,000;96,000;7,000;8,983;1,000;3,000;

10431;2016.11.08 14:00:00;25,835;0,700;3,000;95,000;7,000;8,983;1,000;3,000;

10432;2016.11.08 15:00:00;27,558;0,900;2,000;93,000;7,000;8,983;1,000;3,000;

10433;2016.11.08 16:00:00;28,428;1,000;2,000;92,000;5,000;8,983;1,000;3,000;

10434;2016.11.08 17:00:00;30,188;0,700;3,000;93,000;7,000;8,983;1,000;3,000;

10435;2016.11.08 18:00:00;30,373;0,600;3,000;93,000;7,000;8,983;1,000;3,000;

10436;2016.11.08 19:00:00;29,169;0,400;3,000;93,000;7,000;8,983;1,000;3,000;

10437;2016.11.08 20:00:00;28,965;0,300;3,000;92,000;8,000;8,983;1,000;3,000;

10438;2016.11.08 21:00:00;26,965;0,200;3,000;92,000;8,000;8,983;1,000;3,000;

10439;2016.11.08 22:00:00;25,465;0,500;3,000;94,000;8,000;8,983;1,000;3,000;

10440;2016.11.08 23:00:00;26,113;0,900;3,000;94,000;8,000;8,983;1,000;3,000;

10441;2016.11.09 00:00:00;26,947;1,200;3,000;94,000;8,000;8,917;1,000;3,000;

10442;2016.11.09 01:00:00;27,132;1,400;3,000;94,000;8,000;8,917;1,000;3,000;

10443;2016.11.09 02:00:00;26,669;0,500;2,000;96,000;8,000;8,917;1,000;3,000;

10444;2016.11.09 03:00:00;26,947;0,600;2,000;97,000;8,000;8,917;1,000;3,000;

10445;2016.11.09 04:00:00;27,317;0,900;2,000;97,000;8,000;8,917;1,000;3,000;

10446;2016.11.09 05:00:00;28,336;1,100;2,000;97,000;8,000;8,917;1,000;3,000;

10447;2016.11.09 06:00:00;27,873;1,200;3,000;96,000;8,000;8,917;1,000;3,000;

10448;2016.11.09 07:00:00;28,428;1,000;2,000;93,000;8,000;8,917;1,000;3,000;

10449;2016.11.09 08:00:00;26,576;1,100;2,000;92,000;7,000;8,917;1,000;3,000;

10450;2016.11.09 09:00:00;26,391;1,700;3,000;89,000;7,000;8,917;1,000;3,000;

10451;2016.11.09 10:00:00;24,076;2,000;2,000;88,000;7,000;8,917;1,000;3,000;

10452;2016.11.09 11:00:00;25,095;2,300;2,000;85,000;7,000;8,917;1,000;3,000;

10453;2016.11.09 12:00:00;24,169;2,400;3,000;75,000;6,000;8,917;1,000;3,000;

10454;2016.11.09 13:00:00;24,076;2,200;3,000;72,000;7,000;8,917;1,000;3,000;

10455;2016.11.09 14:00:00;22,409;2,000;2,000;69,000;4,000;8,917;1,000;3,000;

10456;2016.11.09 15:00:00;26,113;1,800;2,000;66,000;7,000;8,917;1,000;3,000;

10457;2016.11.09 16:00:00;27,899;1,600;1,000;73,000;7,000;8,917;1,000;3,000;

10458;2016.11.09 17:00:00;31,272;1,100;1,000;73,000;7,000;8,917;1,000;3,000;

10459;2016.11.09 18:00:00;30,336;0,900;1,000;76,000;7,000;8,917;1,000;3,000;

10460;2016.11.09 19:00:00;32,336;-0,500;1,000;84,000;7,000;8,917;1,000;3,000;

10461;2016.11.09 20:00:00;30,296;-0,700;1,000;88,000;6,000;8,917;1,000;3,000;

10462;2016.11.09 21:00:00;29,820;-1,500;1,000;91,000;0,000;8,917;1,000;3,000;

10463;2016.11.09 22:00:00;28,780;-2,500;0,000;93,000;0,000;8,917;1,000;3,000;

10464;2016.11.09 23:00:00;28,447;-3,200;0,000;94,000;1,000;8,917;1,000;3,000;

10465;2016.11.10 00:00:00;30,169;-3,600;1,000;95,000;1,000;8,850;1,000;3,000;

10466;2016.11.10 01:00:00;29,725;-3,100;1,000;95,000;0,000;8,850;1,000;3,000;

10467;2016.11.10 02:00:00;29,780;-3,500;1,000;95,000;0,000;8,850;1,000;3,000;

10468;2016.11.10 03:00:00;30,836;-3,700;1,000;94,000;0,000;8,850;1,000;3,000;

10469;2016.11.10 04:00:00;31,780;-3,600;2,000;94,000;0,000;8,850;1,000;3,000;

10470;2016.11.10 05:00:00;30,614;-3,800;2,000;93,000;1,000;8,850;1,000;3,000;

10471;2016.11.10 06:00:00;33,169;-3,900;2,000;92,000;1,000;8,850;1,000;3,000;

10472;2016.11.10 07:00:00;32,614;-3,700;1,000;92,000;3,000;8,850;1,000;3,000;

10473;2016.11.10 08:00:00;30,947;-1,700;2,000;88,000;4,000;8,850;1,000;3,000;

10474;2016.11.10 09:00:00;29,225;-0,300;2,000;83,000;6,000;8,850;1,000;3,000;

10475;2016.11.10 10:00:00;28,280;1,100;2,000;78,000;5,000;8,850;1,000;3,000;

10476;2016.11.10 11:00:00;27,502;2,400;1,000;74,000;5,000;8,850;1,000;3,000;

10477;2016.11.10 12:00:00;26,947;3,000;1,000;68,000;5,000;8,850;1,000;3,000;

10478;2016.11.10 13:00:00;26,891;3,400;1,000;66,000;4,000;8,850;1,000;3,000;

10479;2016.11.10 14:00:00;25,613;2,400;2,000;72,000;4,000;8,850;1,000;3,000;

10480;2016.11.10 15:00:00;28,280;1,400;1,000;79,000;6,000;8,850;1,000;3,000;

10481;2016.11.10 16:00:00;26,502;0,100;1,000;87,000;6,000;8,850;1,000;3,000;

10482;2016.11.10 17:00:00;27,058;-0,900;1,000;91,000;3,000;8,850;1,000;3,000;

10483;2016.11.10 18:00:00;27,224;-0,600;2,000;90,000;5,000;8,850;1,000;3,000;

10484;2016.11.10 19:00:00;29,891;-0,600;1,000;89,000;5,000;8,850;1,000;3,000;

10485;2016.11.10 20:00:00;31,217;-1,000;2,000;90,000;4,000;8,850;1,000;3,000;

10486;2016.11.10 21:00:00;31,232;-2,700;0,000;92,000;8,000;8,850;1,000;3,000;

10487;2016.11.10 22:00:00;27,058;-3,500;1,000;94,000;5,000;8,850;1,000;3,000;

10488;2016.11.10 23:00:00;28,113;-3,700;1,000;95,000;5,000;8,850;1,000;3,000;

10489;2016.11.11 00:00:00;29,169;-3,400;0,000;96,000;8,000;8,800;5,000;3,000;

10490;2016.11.11 01:00:00;29,169;-3,300;1,000;95,000;8,000;8,800;5,000;3,000;

10491;2016.11.11 02:00:00;29,558;-3,400;0,000;95,000;8,000;8,800;5,000;3,000;

10492;2016.11.11 03:00:00;28,613;-2,700;0,000;95,000;8,000;8,800;5,000;3,000;

10493;2016.11.11 04:00:00;29,058;-2,200;0,000;96,000;8,000;8,800;5,000;3,000;

10494;2016.11.11 05:00:00;28,502;-1,800;0,000;95,000;8,000;8,800;5,000;3,000;

10495;2016.11.11 06:00:00;28,891;-1,500;0,000;95,000;8,000;8,800;5,000;3,000;

10496;2016.11.11 07:00:00;28,613;-1,300;0,000;96,000;8,000;8,800;5,000;3,000;

10497;2016.11.11 08:00:00;29,280;-0,600;0,000;96,000;8,000;8,800;5,000;3,000;

10498;2016.11.11 09:00:00;28,002;0,400;1,000;93,000;7,000;8,800;5,000;3,000;

10499;2016.11.11 10:00:00;28,058;0,900;1,000;94,000;7,000;8,800;5,000;3,000;

10500;2016.11.11 11:00:00;28,127;2,900;3,000;84,000;7,000;8,800;5,000;3,000;

10501;2016.11.11 12:00:00;27,502;2,100;2,000;84,000;3,000;8,800;5,000;3,000;

10502;2016.11.11 13:00:00;26,766;2,300;1,000;84,000;2,000;8,800;5,000;3,000;

10503;2016.11.11 14:00:00;24,471;1,900;2,000;84,000;1,000;8,800;5,000;3,000;

10504;2016.11.11 15:00:00;30,866;0,900;1,000;89,000;1,000;8,800;5,000;3,000;

10505;2016.11.11 16:00:00;26,224;-0,800;0,000;92,000;0,000;8,800;5,000;3,000;

10506;2016.11.11 17:00:00;25,558;-1,700;0,000;95,000;0,000;8,800;5,000;3,000;

10507;2016.11.11 18:00:00;25,947;-2,300;0,000;96,000;0,000;8,800;5,000;3,000;

10508;2016.11.11 19:00:00;28,224;-2,800;0,000;96,000;0,000;8,800;5,000;3,000;

10509;2016.11.11 20:00:00;33,503;-2,200;0,000;97,000;8,000;8,800;5,000;3,000;

10510;2016.11.11 21:00:00;29,113;-2,400;1,000;96,000;2,000;8,800;5,000;3,000;

10511;2016.11.11 22:00:00;28,836;-2,600;2,000;96,000;2,000;8,800;5,000;3,000;

10512;2016.11.11 23:00:00;27,891;-2,000;1,000;96,000;8,000;8,800;5,000;3,000;

10513;2016.11.12 00:00:00;28,224;-1,500;2,000;96,000;7,000;8,733;3,000;3,000;

10514;2016.11.12 01:00:00;29,058;-2,000;1,000;95,000;1,000;8,733;3,000;3,000;

10515;2016.11.12 02:00:00;28,502;-2,500;1,000;95,000;7,000;8,733;3,000;3,000;

10516;2016.11.12 03:00:00;28,204;-2,300;1,000;95,000;7,000;8,733;3,000;3,000;

10517;2016.11.12 04:00:00;30,153;-2,300;2,000;95,000;7,000;8,733;3,000;3,000;

10518;2016.11.12 05:00:00;29,817;-2,700;1,000;94,000;5,000;8,733;3,000;3,000;

10519;2016.11.12 06:00:00;32,503;-2,800;2,000;94,000;5,000;8,733;3,000;3,000;

10520;2016.11.12 07:00:00;29,539;-2,300;2,000;94,000;7,000;8,733;3,000;3,000;

10521;2016.11.12 08:00:00;30,188;-1,800;2,000;93,000;7,000;8,733;3,000;3,000;

10522;2016.11.12 09:00:00;28,336;-1,200;2,000;91,000;7,000;8,733;3,000;3,000;

10523;2016.11.12 10:00:00;27,657;-0,200;2,000;90,000;6,000;8,733;3,000;3,000;

10524;2016.11.12 11:00:00;23,959;2,000;1,000;83,000;4,000;8,733;3,000;3,000;

10525;2016.11.12 12:00:00;25,206;2,900;2,000;81,000;6,000;8,733;3,000;3,000;

10526;2016.11.12 13:00:00;26,002;3,400;2,000;82,000;6,000;8,733;3,000;3,000;

10527;2016.11.12 14:00:00;25,872;3,000;1,000;85,000;5,000;8,733;3,000;3,000;

10528;2016.11.12 15:00:00;25,724;2,200;1,000;87,000;3,000;8,733;3,000;3,000;

10529;2016.11.12 16:00:00;25,521;1,200;1,000;90,000;5,000;8,733;3,000;3,000;

10530;2016.11.12 17:00:00;24,372;0,500;1,000;92,000;4,000;8,733;3,000;3,000;

10531;2016.11.12 18:00:00;28,132;-0,100;2,000;91,000;4,000;8,733;3,000;3,000;

10532;2016.11.12 19:00:00;28,224;0,500;2,000;94,000;7,000;8,733;3,000;3,000;

10533;2016.11.12 20:00:00;29,132;-0,100;2,000;91,000;7,000;8,733;3,000;3,000;

10534;2016.11.12 21:00:00;31,706;0,000;2,000;94,000;7,000;8,733;3,000;3,000;

10535;2016.11.12 22:00:00;27,410;-0,400;1,000;92,000;7,000;8,733;3,000;3,000;

10536;2016.11.12 23:00:00;24,787;-0,300;2,000;91,000;7,000;8,733;3,000;3,000;

10537;2016.11.13 00:00:00;28,680;-0,200;1,000;92,000;8,000;8,667;4,000;3,000;

10538;2016.11.13 01:00:00;26,928;-0,200;2,000;92,000;7,000;8,667;4,000;3,000;

10539;2016.11.13 02:00:00;25,224;0,000;2,000;92,000;8,000;8,667;4,000;3,000;

10540;2016.11.13 03:00:00;26,447;0,100;2,000;93,000;8,000;8,667;4,000;3,000;

10541;2016.11.13 04:00:00;25,780;0,500;2,000;95,000;8,000;8,667;4,000;3,000;

10542;2016.11.13 05:00:00;25,546;0,800;2,000;97,000;7,000;8,667;4,000;3,000;

10543;2016.11.13 06:00:00;25,384;1,300;1,000;97,000;7,000;8,667;4,000;3,000;

10544;2016.11.13 07:00:00;25,206;1,400;1,000;95,000;7,000;8,667;4,000;3,000;

10545;2016.11.13 08:00:00;27,780;1,400;1,000;95,000;6,000;8,667;4,000;3,000;

10546;2016.11.13 09:00:00;27,613;2,400;1,000;93,000;6,000;8,667;4,000;3,000;

10547;2016.11.13 10:00:00;24,483;3,100;1,000;92,000;7,000;8,667;4,000;3,000;

10548;2016.11.13 11:00:00;25,058;3,600;1,000;93,000;7,000;8,667;4,000;3,000;

10549;2016.11.13 12:00:00;23,852;3,900;0,000;90,000;5,000;8,667;4,000;3,000;

10550;2016.11.13 13:00:00;23,466;4,700;2,000;81,000;7,000;8,667;4,000;3,000;

10551;2016.11.13 14:00:00;23,317;4,800;2,000;77,000;7,000;8,667;4,000;3,000;

10552;2016.11.13 15:00:00;23,428;5,000;2,000;72,000;7,000;8,667;4,000;3,000;

10553;2016.11.13 16:00:00;28,632;4,700;1,000;74,000;7,000;8,667;4,000;3,000;

10554;2016.11.13 17:00:00;24,613;4,300;1,000;75,000;7,000;8,667;4,000;3,000;

10555;2016.11.13 18:00:00;24,928;3,600;0,000;83,000;7,000;8,667;4,000;3,000;

10556;2016.11.13 19:00:00;26,039;3,500;0,000;78,000;7,000;8,667;4,000;3,000;

10557;2016.11.13 20:00:00;25,558;2,900;1,000;90,000;7,000;8,667;4,000;3,000;

10558;2016.11.13 21:00:00;25,502;2,500;1,000;89,000;7,000;8,667;4,000;3,000;

10559;2016.11.13 22:00:00;24,446;1,900;1,000;91,000;7,000;8,667;4,000;3,000;

10560;2016.11.13 23:00:00;23,965;1,400;1,000;87,000;3,000;8,667;4,000;3,000;

10561;2016.11.14 00:00:00;26,595;1,100;2,000;83,000;2,000;8,617;1,000;3,000;

10562;2016.11.14 01:00:00;26,854;0,800;2,000;85,000;7,000;8,617;1,000;3,000;

10563;2016.11.14 02:00:00;27,613;0,400;2,000;84,000;7,000;8,617;1,000;3,000;

10564;2016.11.14 03:00:00;26,817;-0,500;1,000;87,000;6,000;8,617;1,000;3,000;

10565;2016.11.14 04:00:00;27,101;-0,800;1,000;84,000;5,000;8,617;1,000;3,000;

10566;2016.11.14 05:00:00;27,348;-1,100;1,000;83,000;2,000;8,617;1,000;3,000;

10567;2016.11.14 06:00:00;28,780;-1,100;1,000;81,000;3,000;8,617;1,000;3,000;

10568;2016.11.14 07:00:00;27,437;-1,500;2,000;86,000;3,000;8,617;1,000;3,000;

10569;2016.11.14 08:00:00;29,160;-0,400;2,000;79,000;4,000;8,617;1,000;3,000;

10570;2016.11.14 09:00:00;26,798;1,200;3,000;73,000;4,000;8,617;1,000;3,000;

10571;2016.11.14 10:00:00;26,132;2,400;4,000;68,000;4,000;8,617;1,000;3,000;

10572;2016.11.14 11:00:00;25,002;3,500;3,000;63,000;4,000;8,617;1,000;3,000;

10573;2016.11.14 12:00:00;22,687;3,800;5,000;61,000;4,000;8,617;1,000;3,000;

10574;2016.11.14 13:00:00;22,057;4,300;4,000;60,000;2,000;8,617;1,000;3,000;

10575;2016.11.14 14:00:00;22,983;4,000;3,000;60,000;2,000;8,617;1,000;3,000;

10576;2016.11.14 15:00:00;27,187;2,900;3,000;62,000;2,000;8,617;1,000;3,000;

10577;2016.11.14 16:00:00;26,611;1,400;2,000;69,000;2,000;8,617;1,000;3,000;

10578;2016.11.14 17:00:00;28,095;1,000;3,000;75,000;0,000;8,617;1,000;3,000;

10579;2016.11.14 18:00:00;26,328;0,700;3,000;78,000;3,000;8,617;1,000;3,000;

10580;2016.11.14 19:00:00;28,292;0,500;3,000;79,000;5,000;8,617;1,000;3,000;

10581;2016.11.14 20:00:00;28,204;0,300;3,000;81,000;7,000;8,617;1,000;3,000;

10582;2016.11.14 21:00:00;30,184;0,300;3,000;81,000;8,000;8,617;1,000;3,000;

10583;2016.11.14 22:00:00;28,707;0,400;3,000;81,000;8,000;8,617;1,000;3,000;

10584;2016.11.14 23:00:00;26,962;0,500;3,000;79,000;8,000;8,617;1,000;3,000;

10585;2016.11.15 00:00:00;27,317;0,700;3,000;78,000;8,000;8,550;1,000;3,000;

10586;2016.11.15 01:00:00;27,317;1,000;4,000;74,000;8,000;8,550;1,000;3,000;

10587;2016.11.15 02:00:00;27,842;1,400;3,000;71,000;8,000;8,550;1,000;3,000;

10588;2016.11.15 03:00:00;26,206;1,500;3,000;71,000;8,000;8,550;1,000;3,000;

10589;2016.11.15 04:00:00;26,854;1,700;4,000;71,000;8,000;8,550;1,000;3,000;

10590;2016.11.15 05:00:00;26,761;1,800;4,000;70,000;8,000;8,550;1,000;3,000;

10591;2016.11.15 06:00:00;25,743;1,700;4,000;70,000;8,000;8,550;1,000;3,000;

10592;2016.11.15 07:00:00;25,465;1,600;4,000;71,000;8,000;8,550;1,000;3,000;

10593;2016.11.15 08:00:00;25,928;1,600;4,000;73,000;8,000;8,550;1,000;3,000;

10594;2016.11.15 09:00:00;24,169;1,500;6,000;76,000;8,000;8,550;1,000;3,000;

10595;2016.11.15 10:00:00;24,539;0,800;5,000;91,000;8,000;8,550;1,000;3,000;

10596;2016.11.15 11:00:00;25,558;1,100;5,000;92,000;8,000;8,550;1,000;3,000;

10597;2016.11.15 12:00:00;27,410;1,300;6,000;93,000;8,000;8,550;1,000;3,000;

10598;2016.11.15 13:00:00;25,280;1,200;5,000;95,000;8,000;8,550;1,000;3,000;

10599;2016.11.15 14:00:00;25,928;1,400;4,000;95,000;8,000;8,550;1,000;3,000;

10600;2016.11.15 15:00:00;26,947;1,600;4,000;95,000;8,000;8,550;1,000;3,000;

10601;2016.11.15 16:00:00;25,835;1,800;4,000;95,000;8,000;8,550;1,000;3,000;

10602;2016.11.15 17:00:00;25,650;1,900;4,000;96,000;8,000;8,550;1,000;3,000;

10603;2016.11.15 18:00:00;28,984;2,200;4,000;97,000;8,000;8,550;1,000;3,000;

10604;2016.11.15 19:00:00;25,846;2,600;4,000;97,000;8,000;8,550;1,000;3,000;

10605;2016.11.15 20:00:00;25,769;2,900;4,000;97,000;8,000;8,550;1,000;3,000;

10606;2016.11.15 21:00:00;25,150;3,500;4,000;97,000;8,000;8,550;1,000;3,000;

10607;2016.11.15 22:00:00;25,233;4,200;3,000;98,000;8,000;8,550;1,000;3,000;

10608;2016.11.15 23:00:00;21,326;4,700;3,000;98,000;8,000;8,550;1,000;3,000;

10609;2016.11.16 00:00:00;23,002;5,600;3,000;98,000;8,000;8,483;1,000;3,000;

10610;2016.11.16 01:00:00;23,002;6,900;4,000;99,000;8,000;8,483;1,000;3,000;

10611;2016.11.16 02:00:00;21,736;7,100;4,000;97,000;8,000;8,483;1,000;3,000;

10612;2016.11.16 03:00:00;22,101;7,000;4,000;94,000;8,000;8,483;1,000;3,000;

10613;2016.11.16 04:00:00;21,761;6,900;5,000;92,000;8,000;8,483;1,000;3,000;

10614;2016.11.16 05:00:00;21,946;6,800;5,000;92,000;8,000;8,483;1,000;3,000;

10615;2016.11.16 06:00:00;21,854;6,700;4,000;92,000;8,000;8,483;1,000;3,000;

10616;2016.11.16 07:00:00;22,224;6,500;3,000;92,000;8,000;8,483;1,000;3,000;

10617;2016.11.16 08:00:00;22,039;6,300;3,000;93,000;8,000;8,483;1,000;3,000;

10618;2016.11.16 09:00:00;17,964;6,200;3,000;92,000;8,000;8,483;1,000;3,000;

10619;2016.11.16 10:00:00;20,777;6,200;4,000;89,000;8,000;8,483;1,000;3,000;

10620;2016.11.16 11:00:00;20,808;6,200;5,000;85,000;8,000;8,483;1,000;3,000;

10621;2016.11.16 12:00:00;20,087;6,400;4,000;83,000;7,000;8,483;1,000;3,000;

10622;2016.11.16 13:00:00;19,759;6,500;4,000;86,000;8,000;8,483;1,000;3,000;

10623;2016.11.16 14:00:00;21,078;6,200;3,000;87,000;7,000;8,483;1,000;3,000;

10624;2016.11.16 15:00:00;23,249;5,700;4,000;90,000;7,000;8,483;1,000;3,000;

10625;2016.11.16 16:00:00;20,538;6,000;3,000;90,000;7,000;8,483;1,000;3,000;

10626;2016.11.16 17:00:00;20,181;6,100;4,000;91,000;7,000;8,483;1,000;3,000;

10627;2016.11.16 18:00:00;20,828;6,200;4,000;94,000;8,000;8,483;1,000;3,000;

10628;2016.11.16 19:00:00;21,417;6,400;4,000;97,000;8,000;8,483;1,000;3,000;

10629;2016.11.16 20:00:00;19,890;6,700;4,000;97,000;8,000;8,483;1,000;3,000;

10630;2016.11.16 21:00:00;20,250;7,500;3,000;98,000;8,000;8,483;1,000;3,000;

10631;2016.11.16 22:00:00;18,547;7,900;3,000;96,000;8,000;8,483;1,000;3,000;

10632;2016.11.16 23:00:00;18,168;8,100;3,000;96,000;8,000;8,483;1,000;3,000;

10633;2016.11.17 00:00:00;18,168;8,400;3,000;97,000;8,000;8,433;1,000;3,000;

10634;2016.11.17 01:00:00;18,168;8,900;3,000;96,000;8,000;8,433;1,000;3,000;

10635;2016.11.17 02:00:00;18,168;9,300;4,000;94,000;8,000;8,433;1,000;3,000;

10636;2016.11.17 03:00:00;17,912;9,200;3,000;93,000;8,000;8,433;1,000;3,000;

10637;2016.11.17 04:00:00;18,057;8,900;3,000;93,000;8,000;8,433;1,000;3,000;

10638;2016.11.17 05:00:00;18,242;8,800;2,000;93,000;8,000;8,433;1,000;3,000;

10639;2016.11.17 06:00:00;18,613;8,600;3,000;96,000;8,000;8,433;1,000;3,000;

10640;2016.11.17 07:00:00;18,150;8,300;3,000;93,000;7,000;8,433;1,000;3,000;

10641;2016.11.17 08:00:00;17,224;8,300;3,000;94,000;8,000;8,433;1,000;3,000;

10642;2016.11.17 09:00:00;16,575;8,500;3,000;96,000;7,000;8,433;1,000;3,000;

10643;2016.11.17 10:00:00;16,575;8,700;2,000;94,000;7,000;8,433;1,000;3,000;

10644;2016.11.17 11:00:00;16,668;8,900;2,000;94,000;7,000;8,433;1,000;3,000;

10645;2016.11.17 12:00:00;16,231;8,800;2,000;92,000;8,000;8,433;1,000;3,000;

10646;2016.11.17 13:00:00;15,771;8,600;2,000;95,000;8,000;8,433;1,000;3,000;

10647;2016.11.17 14:00:00;16,116;8,500;2,000;96,000;8,000;8,433;1,000;3,000;

10648;2016.11.17 15:00:00;18,775;8,300;2,000;97,000;8,000;8,433;1,000;3,000;

10649;2016.11.17 16:00:00;18,501;8,400;3,000;95,000;8,000;8,433;1,000;3,000;

10650;2016.11.17 17:00:00;19,113;8,500;3,000;95,000;8,000;8,433;1,000;3,000;

10651;2016.11.17 18:00:00;18,057;8,400;4,000;91,000;8,000;8,433;1,000;3,000;

10652;2016.11.17 19:00:00;18,613;7,500;3,000;92,000;1,000;8,433;1,000;3,000;

10653;2016.11.17 20:00:00;17,890;6,800;3,000;94,000;2,000;8,433;1,000;3,000;

10654;2016.11.17 21:00:00;18,001;6,600;2,000;93,000;1,000;8,433;1,000;3,000;

10655;2016.11.17 22:00:00;18,001;6,300;3,000;95,000;0,000;8,433;1,000;3,000;

10656;2016.11.17 23:00:00;17,654;6,500;4,000;93,000;0,000;8,433;1,000;3,000;

10657;2016.11.18 00:00:00;19,349;6,200;4,000;93,000;5,000;8,367;2,000;3,000;

10658;2016.11.18 01:00:00;18,483;7,000;4,000;92,000;7,000;8,367;2,000;3,000;

10659;2016.11.18 02:00:00;18,076;7,900;5,000;92,000;4,000;8,367;2,000;3,000;

10660;2016.11.18 03:00:00;17,705;9,000;5,000;89,000;7,000;8,367;2,000;3,000;

10661;2016.11.18 04:00:00;17,853;9,200;5,000;88,000;7,000;8,367;2,000;3,000;

10662;2016.11.18 05:00:00;17,075;9,900;5,000;85,000;7,000;8,367;2,000;3,000;

10663;2016.11.18 06:00:00;16,761;10,000;5,000;84,000;7,000;8,367;2,000;3,000;

10664;2016.11.18 07:00:00;15,890;9,800;4,000;84,000;7,000;8,367;2,000;3,000;

10665;2016.11.18 08:00:00;15,705;10,000;5,000;83,000;7,000;8,367;2,000;3,000;

10666;2016.11.18 09:00:00;14,742;10,900;6,000;77,000;3,000;8,367;2,000;3,000;

10667;2016.11.18 10:00:00;15,057;12,100;7,000;72,000;3,000;8,367;2,000;3,000;

10668;2016.11.18 11:00:00;14,316;13,100;6,000;69,000;7,000;8,367;2,000;3,000;

10669;2016.11.18 12:00:00;12,723;13,700;6,000;66,000;7,000;8,367;2,000;3,000;

10670;2016.11.18 13:00:00;12,501;11,400;6,000;78,000;8,000;8,367;2,000;3,000;

10671;2016.11.18 14:00:00;12,853;10,300;4,000;86,000;7,000;8,367;2,000;3,000;

10672;2016.11.18 15:00:00;13,779;9,800;5,000;82,000;7,000;8,367;2,000;3,000;

10673;2016.11.18 16:00:00;14,446;9,300;4,000;83,000;7,000;8,367;2,000;3,000;

10674;2016.11.18 17:00:00;16,446;9,000;3,000;86,000;8,000;8,367;2,000;3,000;

10675;2016.11.18 18:00:00;17,446;8,900;3,000;85,000;7,000;8,367;2,000;3,000;

10676;2016.11.18 19:00:00;16,724;8,400;3,000;85,000;7,000;8,367;2,000;3,000;

10677;2016.11.18 20:00:00;15,168;8,400;3,000;87,000;8,000;8,367;2,000;3,000;

10678;2016.11.18 21:00:00;15,723;8,500;3,000;87,000;7,000;8,367;2,000;3,000;

10679;2016.11.18 22:00:00;16,349;8,400;4,000;86,000;8,000;8,367;2,000;3,000;

10680;2016.11.18 23:00:00;14,710;7,800;4,000;79,000;1,000;8,367;2,000;3,000;

10681;2016.11.19 00:00:00;16,890;6,700;4,000;77,000;0,000;8,317;3,000;3,000;

10682;2016.11.19 01:00:00;17,224;6,000;4,000;81,000;0,000;8,317;3,000;3,000;

10683;2016.11.19 02:00:00;17,705;6,200;5,000;78,000;1,000;8,317;3,000;3,000;

10684;2016.11.19 03:00:00;18,335;5,800;3,000;81,000;1,000;8,317;3,000;3,000;

10685;2016.11.19 04:00:00;18,113;5,100;3,000;83,000;1,000;8,317;3,000;3,000;

10686;2016.11.19 05:00:00;19,584;4,800;3,000;85,000;4,000;8,317;3,000;3,000;

10687;2016.11.19 06:00:00;19,084;4,900;3,000;84,000;7,000;8,317;3,000;3,000;

10688;2016.11.19 07:00:00;20,208;4,600;3,000;85,000;8,000;8,317;3,000;3,000;

10689;2016.11.19 08:00:00;19,946;4,700;3,000;88,000;7,000;8,317;3,000;3,000;

10690;2016.11.19 09:00:00;18,890;6,000;3,000;85,000;8,000;8,317;3,000;3,000;

10691;2016.11.19 10:00:00;19,039;7,100;4,000;81,000;8,000;8,317;3,000;3,000;

10692;2016.11.19 11:00:00;18,131;7,400;3,000;78,000;8,000;8,317;3,000;3,000;

10693;2016.11.19 12:00:00;18,004;7,500;3,000;79,000;7,000;8,317;3,000;3,000;

10694;2016.11.19 13:00:00;17,643;7,300;3,000;81,000;7,000;8,317;3,000;3,000;

10695;2016.11.19 14:00:00;17,209;7,300;3,000;81,000;7,000;8,317;3,000;3,000;

10696;2016.11.19 15:00:00;16,683;7,000;3,000;83,000;7,000;8,317;3,000;3,000;

10697;2016.11.19 16:00:00;17,660;6,700;3,000;85,000;8,000;8,317;3,000;3,000;

10698;2016.11.19 17:00:00;18,365;6,700;3,000;86,000;8,000;8,317;3,000;3,000;

10699;2016.11.19 18:00:00;17,983;6,400;2,000;91,000;8,000;8,317;3,000;3,000;

10700;2016.11.19 19:00:00;18,335;6,200;3,000;94,000;8,000;8,317;3,000;3,000;

10701;2016.11.19 20:00:00;19,298;6,000;2,000;96,000;8,000;8,317;3,000;3,000;

10702;2016.11.19 21:00:00;20,557;6,000;2,000;97,000;8,000;8,317;3,000;3,000;

10703;2016.11.19 22:00:00;19,650;5,900;2,000;96,000;8,000;8,317;3,000;3,000;

10704;2016.11.19 23:00:00;16,835;5,800;2,000;96,000;8,000;8,317;3,000;3,000;

10705;2016.11.20 00:00:00;19,131;5,400;3,000;95,000;7,000;8,283;4,000;3,000;

10706;2016.11.20 01:00:00;20,557;4,800;3,000;95,000;3,000;8,283;4,000;3,000;

10707;2016.11.20 02:00:00;20,205;4,000;2,000;96,000;0,000;8,283;4,000;3,000;

10708;2016.11.20 03:00:00;19,946;3,500;3,000;97,000;0,000;8,283;4,000;3,000;

10709;2016.11.20 04:00:00;21,261;3,000;3,000;96,000;0,000;8,283;4,000;3,000;

10710;2016.11.20 05:00:00;21,576;3,000;3,000;96,000;8,000;8,283;4,000;3,000;

10711;2016.11.20 06:00:00;23,131;3,600;3,000;94,000;8,000;8,283;4,000;3,000;

10712;2016.11.20 07:00:00;21,539;3,600;3,000;94,000;8,000;8,283;4,000;3,000;

10713;2016.11.20 08:00:00;21,391;4,100;4,000;94,000;7,000;8,283;4,000;3,000;

10714;2016.11.20 09:00:00;20,483;4,800;5,000;91,000;6,000;8,283;4,000;3,000;

10715;2016.11.20 10:00:00;20,557;5,800;5,000;86,000;6,000;8,283;4,000;3,000;

10716;2016.11.20 11:00:00;19,724;6,900;6,000;77,000;2,000;8,283;4,000;3,000;

10717;2016.11.20 12:00:00;19,242;7,400;6,000;70,000;4,000;8,283;4,000;3,000;

10718;2016.11.20 13:00:00;19,465;7,700;6,000;70,000;7,000;8,283;4,000;3,000;

10719;2016.11.20 14:00:00;19,557;7,400;5,000;73,000;7,000;8,283;4,000;3,000;

10720;2016.11.20 15:00:00;20,909;7,300;6,000;75,000;7,000;8,283;4,000;3,000;

10721;2016.11.20 16:00:00;22,076;8,000;6,000;77,000;7,000;8,283;4,000;3,000;

10722;2016.11.20 17:00:00;20,020;8,200;7,000;81,000;8,000;8,283;4,000;3,000;

10723;2016.11.20 18:00:00;19,983;8,800;6,000;79,000;8,000;8,283;4,000;3,000;

10724;2016.11.20 19:00:00;20,150;8,900;6,000;79,000;8,000;8,283;4,000;3,000;

10725;2016.11.20 20:00:00;19,798;8,900;5,000;79,000;7,000;8,283;4,000;3,000;

10726;2016.11.20 21:00:00;20,131;8,800;5,000;78,000;5,000;8,283;4,000;3,000;

10727;2016.11.20 22:00:00;18,742;9,400;5,000;73,000;7,000;8,283;4,000;3,000;

10728;2016.11.20 23:00:00;17,131;9,300;4,000;73,000;8,000;8,283;4,000;3,000;

10729;2016.11.21 00:00:00;17,779;9,000;4,000;75,000;7,000;8,217;1,000;3,000;

10730;2016.11.21 01:00:00;17,687;8,200;4,000;78,000;7,000;8,217;1,000;3,000;

10731;2016.11.21 02:00:00;17,832;7,600;5,000;82,000;6,000;8,217;1,000;3,000;

10732;2016.11.21 03:00:00;17,159;7,400;4,000;81,000;3,000;8,217;1,000;3,000;

10733;2016.11.21 04:00:00;18,532;7,700;4,000;79,000;8,000;8,217;1,000;3,000;

10734;2016.11.21 05:00:00;18,758;7,800;3,000;78,000;5,000;8,217;1,000;3,000;

10735;2016.11.21 06:00:00;17,949;7,600;3,000;79,000;4,000;8,217;1,000;3,000;

10736;2016.11.21 07:00:00;18,261;7,500;4,000;79,000;5,000;8,217;1,000;3,000;

10737;2016.11.21 08:00:00;16,816;8,000;4,000;77,000;5,000;8,217;1,000;3,000;

10738;2016.11.21 09:00:00;16,261;9,400;5,000;73,000;6,000;8,217;1,000;3,000;

10739;2016.11.21 10:00:00;16,464;9,900;4,000;73,000;7,000;8,217;1,000;3,000;

10740;2016.11.21 11:00:00;17,001;10,100;5,000;73,000;8,000;8,217;1,000;3,000;

10741;2016.11.21 12:00:00;14,797;11,300;4,000;70,000;7,000;8,217;1,000;3,000;

10742;2016.11.21 13:00:00;14,742;11,300;4,000;71,000;7,000;8,217;1,000;3,000;

10743;2016.11.21 14:00:00;15,001;11,100;4,000;72,000;7,000;8,217;1,000;3,000;

10744;2016.11.21 15:00:00;14,649;9,300;4,000;82,000;7,000;8,217;1,000;3,000;

10745;2016.11.21 16:00:00;15,057;8,500;4,000;87,000;8,000;8,217;1,000;3,000;

10746;2016.11.21 17:00:00;17,557;8,300;4,000;90,000;8,000;8,217;1,000;3,000;

10747;2016.11.21 18:00:00;18,613;8,400;3,000;92,000;8,000;8,217;1,000;3,000;

10748;2016.11.21 19:00:00;18,261;8,700;3,000;93,000;8,000;8,217;1,000;3,000;

10749;2016.11.21 20:00:00;17,168;9,000;3,000;93,000;8,000;8,217;1,000;3,000;

10750;2016.11.21 21:00:00;17,224;9,000;3,000;94,000;7,000;8,217;1,000;3,000;

10751;2016.11.21 22:00:00;17,020;9,600;4,000;91,000;2,000;8,217;1,000;3,000;

10752;2016.11.21 23:00:00;15,696;9,300;4,000;92,000;0,000;8,217;1,000;3,000;

10753;2016.11.22 00:00:00;18,326;9,200;3,000;91,000;0,000;8,167;1,000;3,000;

10754;2016.11.22 01:00:00;18,131;9,100;4,000;91,000;0,000;8,167;1,000;3,000;

10755;2016.11.22 02:00:00;17,983;9,000;4,000;91,000;0,000;8,167;1,000;3,000;

10756;2016.11.22 03:00:00;18,057;9,000;4,000;90,000;0,000;8,167;1,000;3,000;

10757;2016.11.22 04:00:00;17,705;8,800;5,000;90,000;3,000;8,167;1,000;3,000;

10758;2016.11.22 05:00:00;18,057;8,700;5,000;90,000;7,000;8,167;1,000;3,000;

10759;2016.11.22 06:00:00;18,844;8,700;5,000;89,000;7,000;8,167;1,000;3,000;

10760;2016.11.22 07:00:00;17,492;8,500;5,000;88,000;7,000;8,167;1,000;3,000;

10761;2016.11.22 08:00:00;17,075;8,400;4,000;88,000;7,000;8,167;1,000;3,000;

10762;2016.11.22 09:00:00;16,131;9,500;4,000;84,000;7,000;8,167;1,000;3,000;

10763;2016.11.22 10:00:00;15,964;10,600;4,000;81,000;7,000;8,167;1,000;3,000;

10764;2016.11.22 11:00:00;15,279;11,200;4,000;78,000;7,000;8,167;1,000;3,000;

10765;2016.11.22 12:00:00;13,771;11,600;3,000;77,000;7,000;8,167;1,000;3,000;

10766;2016.11.22 13:00:00;13,731;11,300;3,000;79,000;7,000;8,167;1,000;3,000;

10767;2016.11.22 14:00:00;15,094;11,200;3,000;81,000;7,000;8,167;1,000;3,000;

10768;2016.11.22 15:00:00;15,668;10,300;3,000;84,000;7,000;8,167;1,000;3,000;

10769;2016.11.22 16:00:00;15,575;9,400;2,000;87,000;7,000;8,167;1,000;3,000;

10770;2016.11.22 17:00:00;15,612;8,700;3,000;90,000;7,000;8,167;1,000;3,000;

10771;2016.11.22 18:00:00;17,557;8,200;3,000;91,000;7,000;8,167;1,000;3,000;

10772;2016.11.22 19:00:00;17,168;7,800;2,000;92,000;7,000;8,167;1,000;3,000;

10773;2016.11.22 20:00:00;16,886;7,400;2,000;93,000;8,000;8,167;1,000;3,000;

10774;2016.11.22 21:00:00;18,672;6,900;3,000;95,000;8,000;8,167;1,000;3,000;

10775;2016.11.22 22:00:00;16,594;7,000;3,000;95,000;8,000;8,167;1,000;3,000;

10776;2016.11.22 23:00:00;15,779;6,700;3,000;95,000;8,000;8,167;1,000;3,000;

10777;2016.11.23 00:00:00;17,335;6,400;2,000;96,000;7,000;8,117;1,000;3,000;

10778;2016.11.23 01:00:00;18,335;6,100;2,000;97,000;8,000;8,117;1,000;3,000;

10779;2016.11.23 02:00:00;16,885;5,600;2,000;97,000;6,000;8,117;1,000;3,000;

10780;2016.11.23 03:00:00;17,754;5,300;2,000;98,000;9,000;8,117;1,000;3,000;

10781;2016.11.23 04:00:00;17,606;5,400;2,000;99,000;9,000;8,117;1,000;3,000;

10782;2016.11.23 05:00:00;18,634;5,700;2,000;99,000;9,000;8,117;1,000;3,000;

10783;2016.11.23 06:00:00;19,325;5,700;2,000;99,000;9,000;8,117;1,000;3,000;

10784;2016.11.23 07:00:00;19,198;5,200;3,000;99,000;9,000;8,117;1,000;3,000;

10785;2016.11.23 08:00:00;19,552;5,100;3,000;99,000;9,000;8,117;1,000;3,000;

10786;2016.11.23 09:00:00;18,179;5,600;3,000;99,000;9,000;8,117;1,000;3,000;

10787;2016.11.23 10:00:00;18,028;5,800;2,000;99,000;9,000;8,117;1,000;3,000;

10788;2016.11.23 11:00:00;19,298;6,200;2,000;99,000;9,000;8,117;1,000;3,000;

10789;2016.11.23 12:00:00;17,847;6,500;2,000;100,000;9,000;8,117;1,000;3,000;

10790;2016.11.23 13:00:00;17,687;6,400;2,000;99,000;9,000;8,117;1,000;3,000;

10791;2016.11.23 14:00:00;17,687;6,600;2,000;100,000;9,000;8,117;1,000;3,000;

10792;2016.11.23 15:00:00;17,304;6,200;2,000;99,000;9,000;8,117;1,000;3,000;

10793;2016.11.23 16:00:00;18,501;5,900;2,000;100,000;9,000;8,117;1,000;3,000;

10794;2016.11.23 17:00:00;17,335;5,300;2,000;99,000;9,000;8,117;1,000;3,000;

10795;2016.11.23 18:00:00;18,001;5,300;2,000;100,000;9,000;8,117;1,000;3,000;

10796;2016.11.23 19:00:00;17,890;4,700;2,000;99,000;9,000;8,117;1,000;3,000;

10797;2016.11.23 20:00:00;19,437;4,600;2,000;100,000;9,000;8,117;1,000;3,000;

10798;2016.11.23 21:00:00;18,177;4,400;2,000;100,000;9,000;8,117;1,000;3,000;

10799;2016.11.23 22:00:00;16,696;4,300;3,000;99,000;9,000;8,117;1,000;3,000;

10800;2016.11.23 23:00:00;16,790;4,200;2,000;100,000;9,000;8,117;1,000;3,000;

10801;2016.11.24 00:00:00;18,549;3,800;2,000;100,000;9,000;8,067;1,000;3,000;

10802;2016.11.24 01:00:00;18,193;3,700;2,000;100,000;9,000;8,067;1,000;3,000;

10803;2016.11.24 02:00:00;18,187;4,000;2,000;100,000;9,000;8,067;1,000;3,000;

10804;2016.11.24 03:00:00;19,793;4,600;1,000;100,000;9,000;8,067;1,000;3,000;

10805;2016.11.24 04:00:00;19,044;5,200;1,000;100,000;9,000;8,067;1,000;3,000;

10806;2016.11.24 05:00:00;18,562;5,100;1,000;100,000;9,000;8,067;1,000;3,000;

10807;2016.11.24 06:00:00;18,136;4,900;2,000;100,000;7,000;8,067;1,000;3,000;

10808;2016.11.24 07:00:00;19,195;4,500;2,000;100,000;7,000;8,067;1,000;3,000;

10809;2016.11.24 08:00:00;20,610;4,300;1,000;99,000;6,000;8,067;1,000;3,000;

10810;2016.11.24 09:00:00;18,288;5,900;3,000;97,000;6,000;8,067;1,000;3,000;

10811;2016.11.24 10:00:00;19,107;6,500;3,000;88,000;6,000;8,067;1,000;3,000;

10812;2016.11.24 11:00:00;18,245;7,100;3,000;76,000;6,000;8,067;1,000;3,000;

10813;2016.11.24 12:00:00;17,898;7,400;4,000;73,000;6,000;8,067;1,000;3,000;

10814;2016.11.24 13:00:00;17,620;7,300;3,000;73,000;6,000;8,067;1,000;3,000;

10815;2016.11.24 14:00:00;17,541;6,200;1,000;79,000;5,000;8,067;1,000;3,000;

10816;2016.11.24 15:00:00;21,184;4,400;1,000;87,000;4,000;8,067;1,000;3,000;

10817;2016.11.24 16:00:00;19,798;2,600;1,000;94,000;2,000;8,067;1,000;3,000;

10818;2016.11.24 17:00:00;21,372;1,700;1,000;96,000;2,000;8,067;1,000;3,000;

10819;2016.11.24 18:00:00;25,947;1,700;1,000;97,000;0,000;8,067;1,000;3,000;

10820;2016.11.24 19:00:00;23,780;1,800;1,000;97,000;0,000;8,067;1,000;3,000;

10821;2016.11.24 20:00:00;24,613;1,000;1,000;97,000;0,000;8,067;1,000;3,000;

10822;2016.11.24 21:00:00;24,502;0,400;1,000;97,000;0,000;8,067;1,000;3,000;

10823;2016.11.24 22:00:00;24,558;0,200;2,000;97,000;2,000;8,067;1,000;3,000;

10824;2016.11.24 23:00:00;23,057;0,000;2,000;98,000;8,000;8,067;1,000;3,000;

10825;2016.11.25 00:00:00;24,669;0,000;3,000;98,000;8,000;8,017;2,000;3,000;

10826;2016.11.25 01:00:00;24,391;0,400;2,000;98,000;7,000;8,017;2,000;3,000;

10827;2016.11.25 02:00:00;24,224;0,600;2,000;98,000;7,000;8,017;2,000;3,000;

10828;2016.11.25 03:00:00;23,391;0,700;1,000;98,000;5,000;8,017;2,000;3,000;

10829;2016.11.25 04:00:00;24,946;0,200;1,000;98,000;6,000;8,017;2,000;3,000;

10830;2016.11.25 05:00:00;24,835;-0,500;2,000;98,000;5,000;8,017;2,000;3,000;

10831;2016.11.25 06:00:00;25,002;-1,000;1,000;98,000;5,000;8,017;2,000;3,000;

10832;2016.11.25 07:00:00;25,058;-1,100;2,000;98,000;5,000;8,017;2,000;3,000;

10833;2016.11.25 08:00:00;24,182;-1,100;2,000;98,000;9,000;8,017;2,000;3,000;

10834;2016.11.25 09:00:00;23,965;-0,500;2,000;98,000;9,000;8,017;2,000;3,000;

10835;2016.11.25 10:00:00;22,636;0,200;2,000;99,000;9,000;8,017;2,000;3,000;

10836;2016.11.25 11:00:00;23,057;1,500;2,000;99,000;9,000;8,017;2,000;3,000;

10837;2016.11.25 12:00:00;21,613;2,300;2,000;99,000;9,000;8,017;2,000;3,000;

10838;2016.11.25 13:00:00;22,318;2,800;2,000;99,000;8,000;8,017;2,000;3,000;

10839;2016.11.25 14:00:00;22,186;2,700;2,000;99,000;9,000;8,017;2,000;3,000;

10840;2016.11.25 15:00:00;25,724;2,800;3,000;99,000;9,000;8,017;2,000;3,000;

10841;2016.11.25 16:00:00;26,280;2,500;3,000;99,000;9,000;8,017;2,000;3,000;

10842;2016.11.25 17:00:00;24,420;2,700;3,000;99,000;9,000;8,017;2,000;3,000;

10843;2016.11.25 18:00:00;25,473;2,700;2,000;99,000;8,000;8,017;2,000;3,000;

10844;2016.11.25 19:00:00;25,391;3,100;4,000;99,000;8,000;8,017;2,000;3,000;

10845;2016.11.25 20:00:00;23,676;2,900;3,000;99,000;8,000;8,017;2,000;3,000;

10846;2016.11.25 21:00:00;23,272;2,200;3,000;99,000;8,000;8,017;2,000;3,000;

10847;2016.11.25 22:00:00;25,058;1,700;4,000;99,000;8,000;8,017;2,000;3,000;

10848;2016.11.25 23:00:00;22,391;1,000;5,000;99,000;8,000;8,017;2,000;3,000;

10849;2016.11.26 00:00:00;24,280;1,100;4,000;99,000;8,000;7,967;3,000;3,000;

10850;2016.11.26 01:00:00;25,224;1,200;5,000;99,000;8,000;7,967;3,000;3,000;

10851;2016.11.26 02:00:00;24,502;1,500;4,000;99,000;8,000;7,967;3,000;3,000;

10852;2016.11.26 03:00:00;25,780;1,500;5,000;99,000;8,000;7,967;3,000;3,000;

10853;2016.11.26 04:00:00;25,558;1,500;5,000;99,000;8,000;7,967;3,000;3,000;

10854;2016.11.26 05:00:00;25,002;1,500;5,000;99,000;8,000;7,967;3,000;3,000;

10855;2016.11.26 06:00:00;25,891;1,700;5,000;99,000;8,000;7,967;3,000;3,000;

10856;2016.11.26 07:00:00;25,502;2,200;4,000;99,000;8,000;7,967;3,000;3,000;

10857;2016.11.26 08:00:00;24,280;2,400;5,000;99,000;8,000;7,967;3,000;3,000;

10858;2016.11.26 09:00:00;25,002;2,300;5,000;99,000;8,000;7,967;3,000;3,000;

10859;2016.11.26 10:00:00;24,895;2,400;5,000;99,000;8,000;7,967;3,000;3,000;

10860;2016.11.26 11:00:00;24,165;2,800;6,000;99,000;8,000;7,967;3,000;3,000;

10861;2016.11.26 12:00:00;24,891;2,900;6,000;98,000;8,000;7,967;3,000;3,000;

10862;2016.11.26 13:00:00;24,224;2,900;5,000;98,000;8,000;7,967;3,000;3,000;

10863;2016.11.26 14:00:00;23,946;3,000;6,000;98,000;8,000;7,967;3,000;3,000;

10864;2016.11.26 15:00:00;22,280;3,300;7,000;98,000;8,000;7,967;3,000;3,000;

10865;2016.11.26 16:00:00;23,391;3,400;6,000;98,000;8,000;7,967;3,000;3,000;

10866;2016.11.26 17:00:00;26,391;4,000;6,000;98,000;8,000;7,967;3,000;3,000;

10867;2016.11.26 18:00:00;26,125;4,700;5,000;98,000;8,000;7,967;3,000;3,000;

10868;2016.11.26 19:00:00;22,670;5,500;6,000;98,000;8,000;7,967;3,000;3,000;

10869;2016.11.26 20:00:00;23,988;6,100;6,000;96,000;8,000;7,967;3,000;3,000;

10870;2016.11.26 21:00:00;25,187;6,900;8,000;94,000;8,000;7,967;3,000;3,000;

10871;2016.11.26 22:00:00;23,928;6,400;5,000;93,000;6,000;7,967;3,000;3,000;

10872;2016.11.26 23:00:00;21,613;7,200;7,000;87,000;8,000;7,967;3,000;3,000;

10873;2016.11.27 00:00:00;22,724;6,900;5,000;85,000;7,000;7,917;4,000;3,000;

10874;2016.11.27 01:00:00;22,224;6,800;6,000;84,000;7,000;7,917;4,000;3,000;

10875;2016.11.27 02:00:00;23,169;6,300;5,000;84,000;5,000;7,917;4,000;3,000;

10876;2016.11.27 03:00:00;22,057;6,400;5,000;86,000;4,000;7,917;4,000;3,000;

10877;2016.11.27 04:00:00;21,891;6,000;5,000;77,000;3,000;7,917;4,000;3,000;

10878;2016.11.27 05:00:00;22,651;5,700;5,000;77,000;3,000;7,917;4,000;3,000;

10879;2016.11.27 06:00:00;23,075;5,800;5,000;76,000;7,000;7,917;4,000;3,000;

10880;2016.11.27 07:00:00;23,835;5,800;6,000;70,000;7,000;7,917;4,000;3,000;

10881;2016.11.27 08:00:00;23,002;5,800;6,000;68,000;6,000;7,917;4,000;3,000;

10882;2016.11.27 09:00:00;23,280;5,700;6,000;58,000;7,000;7,917;4,000;3,000;

10883;2016.11.27 10:00:00;22,124;5,800;6,000;61,000;7,000;7,917;4,000;3,000;

10884;2016.11.27 11:00:00;22,657;5,800;6,000;61,000;7,000;7,917;4,000;3,000;

10885;2016.11.27 12:00:00;22,165;5,400;5,000;58,000;7,000;7,917;4,000;3,000;

10886;2016.11.27 13:00:00;23,283;5,100;5,000;55,000;7,000;7,917;4,000;3,000;

10887;2016.11.27 14:00:00;23,016;5,000;5,000;57,000;7,000;7,917;4,000;3,000;

10888;2016.11.27 15:00:00;25,703;4,800;7,000;56,000;7,000;7,917;4,000;3,000;

10889;2016.11.27 16:00:00;25,943;4,200;8,000;57,000;7,000;7,917;4,000;3,000;

10890;2016.11.27 17:00:00;26,735;4,200;8,000;50,000;5,000;7,917;4,000;3,000;

10891;2016.11.27 18:00:00;26,835;3,700;8,000;52,000;6,000;7,917;4,000;3,000;

10892;2016.11.27 19:00:00;26,371;2,700;7,000;66,000;7,000;7,917;4,000;3,000;

10893;2016.11.27 20:00:00;27,522;2,500;8,000;61,000;8,000;7,917;4,000;3,000;

10894;2016.11.27 21:00:00;27,637;3,200;7,000;52,000;7,000;7,917;4,000;3,000;

10895;2016.11.27 22:00:00;27,979;2,500;5,000;60,000;6,000;7,917;4,000;3,000;

10896;2016.11.27 23:00:00;25,335;2,200;6,000;62,000;8,000;7,917;4,000;3,000;

10897;2016.11.28 00:00:00;26,943;2,700;7,000;53,000;7,000;7,883;1,000;3,000;

10898;2016.11.28 01:00:00;26,728;2,600;6,000;56,000;7,000;7,883;1,000;3,000;

10899;2016.11.28 02:00:00;25,860;2,500;7,000;57,000;7,000;7,883;1,000;3,000;

10900;2016.11.28 03:00:00;26,144;2,600;7,000;61,000;7,000;7,883;1,000;3,000;

10901;2016.11.28 04:00:00;25,757;2,600;7,000;61,000;8,000;7,883;1,000;3,000;

10902;2016.11.28 05:00:00;26,114;2,800;8,000;62,000;7,000;7,883;1,000;3,000;

10903;2016.11.28 06:00:00;25,081;3,100;9,000;62,000;7,000;7,883;1,000;3,000;

10904;2016.11.28 07:00:00;26,724;2,800;9,000;65,000;7,000;7,883;1,000;3,000;

10905;2016.11.28 08:00:00;24,605;2,800;8,000;63,000;6,000;7,883;1,000;3,000;

10906;2016.11.28 09:00:00;24,065;2,500;5,000;73,000;7,000;7,883;1,000;3,000;

10907;2016.11.28 10:00:00;26,113;0,700;7,000;86,000;8,000;7,883;1,000;3,000;

10908;2016.11.28 11:00:00;25,113;1,300;6,000;89,000;8,000;7,883;1,000;3,000;

10909;2016.11.28 12:00:00;23,780;2,600;5,000;79,000;5,000;7,883;1,000;3,000;

10910;2016.11.28 13:00:00;25,016;2,600;6,000;71,000;3,000;7,883;1,000;3,000;

10911;2016.11.28 14:00:00;23,766;2,400;6,000;71,000;6,000;7,883;1,000;3,000;

10912;2016.11.28 15:00:00;28,113;2,600;4,000;68,000;5,000;7,883;1,000;3,000;

10913;2016.11.28 16:00:00;29,308;2,700;3,000;69,000;5,000;7,883;1,000;3,000;

10914;2016.11.28 17:00:00;28,852;2,200;3,000;64,000;4,000;7,883;1,000;3,000;

10915;2016.11.28 18:00:00;28,431;1,700;3,000;63,000;1,000;7,883;1,000;3,000;

10916;2016.11.28 19:00:00;28,756;2,200;3,000;56,000;1,000;7,883;1,000;3,000;

10917;2016.11.28 20:00:00;31,276;1,900;4,000;63,000;0,000;7,883;1,000;3,000;

10918;2016.11.28 21:00:00;26,245;1,900;4,000;60,000;0,000;7,883;1,000;3,000;

10919;2016.11.28 22:00:00;29,037;2,600;4,000;49,000;0,000;7,883;1,000;3,000;

10920;2016.11.28 23:00:00;26,335;2,600;5,000;62,000;0,000;7,883;1,000;3,000;

10921;2016.11.29 00:00:00;28,336;3,300;6,000;62,000;0,000;7,833;1,000;3,000;

10922;2016.11.29 01:00:00;28,669;3,400;6,000;64,000;1,000;7,833;1,000;3,000;

10923;2016.11.29 02:00:00;27,687;4,100;7,000;67,000;5,000;7,833;1,000;3,000;

10924;2016.11.29 03:00:00;27,484;4,200;6,000;72,000;7,000;7,833;1,000;3,000;

10925;2016.11.29 04:00:00;29,255;5,000;8,000;72,000;7,000;7,833;1,000;3,000;

10926;2016.11.29 05:00:00;28,694;5,400;7,000;73,000;7,000;7,833;1,000;3,000;

10927;2016.11.29 06:00:00;29,836;5,500;7,000;75,000;7,000;7,833;1,000;3,000;

10928;2016.11.29 07:00:00;27,893;5,400;6,000;73,000;7,000;7,833;1,000;3,000;

10929;2016.11.29 08:00:00;25,685;5,300;6,000;73,000;7,000;7,833;1,000;3,000;

10930;2016.11.29 09:00:00;26,478;5,300;5,000;75,000;7,000;7,833;1,000;3,000;

10931;2016.11.29 10:00:00;25,118;5,500;6,000;73,000;7,000;7,833;1,000;3,000;

10932;2016.11.29 11:00:00;24,823;5,900;6,000;70,000;6,000;7,833;1,000;3,000;

10933;2016.11.29 12:00:00;24,903;5,500;5,000;75,000;7,000;7,833;1,000;3,000;

10934;2016.11.29 13:00:00;24,585;5,700;4,000;81,000;7,000;7,833;1,000;3,000;

10935;2016.11.29 14:00:00;23,917;5,500;5,000;87,000;7,000;7,833;1,000;3,000;

10936;2016.11.29 15:00:00;25,615;4,500;5,000;91,000;8,000;7,833;1,000;3,000;

10937;2016.11.29 16:00:00;26,025;4,400;5,000;89,000;8,000;7,833;1,000;3,000;

10938;2016.11.29 17:00:00;26,535;4,100;5,000;87,000;6,000;7,833;1,000;3,000;

10939;2016.11.29 18:00:00;26,224;3,700;5,000;86,000;8,000;7,833;1,000;3,000;

10940;2016.11.29 19:00:00;25,446;3,300;5,000;87,000;8,000;7,833;1,000;3,000;

10941;2016.11.29 20:00:00;25,280;3,100;5,000;87,000;8,000;7,833;1,000;3,000;

10942;2016.11.29 21:00:00;24,753;2,700;5,000;88,000;8,000;7,833;1,000;3,000;

10943;2016.11.29 22:00:00;24,418;2,300;5,000;89,000;8,000;7,833;1,000;3,000;

10944;2016.11.29 23:00:00;24,034;2,100;5,000;87,000;8,000;7,833;1,000;3,000;

10945;2016.11.30 00:00:00;24,876;1,900;6,000;87,000;8,000;7,800;1,000;3,000;

10946;2016.11.30 01:00:00;24,608;2,000;7,000;85,000;8,000;7,800;1,000;3,000;

10947;2016.11.30 02:00:00;25,187;2,000;7,000;85,000;8,000;7,800;1,000;3,000;

10948;2016.11.30 03:00:00;25,650;1,600;5,000;84,000;8,000;7,800;1,000;3,000;

10949;2016.11.30 04:00:00;25,963;1,100;5,000;92,000;8,000;7,800;1,000;3,000;

10950;2016.11.30 05:00:00;26,196;1,400;5,000;92,000;8,000;7,800;1,000;3,000;

10951;2016.11.30 06:00:00;25,099;1,900;7,000;91,000;8,000;7,800;1,000;3,000;

10952;2016.11.30 07:00:00;25,627;2,200;5,000;92,000;8,000;7,800;1,000;3,000;

10953;2016.11.30 08:00:00;24,760;2,200;4,000;93,000;8,000;7,800;1,000;3,000;

10954;2016.11.30 09:00:00;24,818;4,400;6,000;92,000;8,000;7,800;1,000;3,000;

10955;2016.11.30 10:00:00;28,984;4,400;6,000;91,000;8,000;7,800;1,000;3,000;

10956;2016.11.30 11:00:00;33,577;4,900;6,000;89,000;8,000;7,800;1,000;3,000;

10957;2016.11.30 12:00:00;33,929;5,100;6,000;88,000;8,000;7,800;1,000;3,000;

10958;2016.11.30 13:00:00;33,947;4,900;7,000;90,000;8,000;7,800;1,000;3,000;

10959;2016.11.30 14:00:00;35,169;5,200;8,000;92,000;8,000;7,800;1,000;3,000;

10960;2016.11.30 15:00:00;39,688;5,200;7,000;91,000;8,000;7,800;1,000;3,000;

10961;2016.11.30 16:00:00;34,984;5,800;6,000;85,000;7,000;7,800;1,000;3,000;

10962;2016.11.30 17:00:00;36,084;6,000;6,000;77,000;6,000;7,800;1,000;3,000;

10963;2016.11.30 18:00:00;35,385;6,100;6,000;77,000;6,000;7,800;1,000;3,000;

10964;2016.11.30 19:00:00;35,175;5,700;6,000;75,000;2,000;7,800;1,000;3,000;

10965;2016.11.30 20:00:00;36,035;5,600;6,000;77,000;2,000;7,800;1,000;3,000;

10966;2016.11.30 21:00:00;33,336;5,100;3,000;78,000;0,000;7,800;1,000;3,000;

10967;2016.11.30 22:00:00;35,012;5,300;4,000;83,000;5,000;7,800;1,000;3,000;

10968;2016.11.30 23:00:00;32,012;5,600;3,000;84,000;5,000;7,800;1,000;3,000;

10969;2016.12.01 00:00:00;33,262;5,200;3,000;91,000;8,000;7,767;1,000;4,000;

10970;2016.12.01 01:00:00;33,410;4,900;2,000;96,000;8,000;7,767;1,000;4,000;

10971;2016.12.01 02:00:00;32,095;5,100;2,000;96,000;8,000;7,767;1,000;4,000;

10972;2016.12.01 03:00:00;32,706;5,100;2,000;97,000;8,000;7,767;1,000;4,000;

10973;2016.12.01 04:00:00;32,966;4,900;2,000;97,000;8,000;7,767;1,000;4,000;

10974;2016.12.01 05:00:00;32,540;5,000;2,000;96,000;8,000;7,767;1,000;4,000;

10975;2016.12.01 06:00:00;31,188;5,100;2,000;95,000;8,000;7,767;1,000;4,000;

10976;2016.12.01 07:00:00;32,836;5,300;2,000;95,000;8,000;7,767;1,000;4,000;

10977;2016.12.01 08:00:00;29,428;5,400;1,000;97,000;8,000;7,767;1,000;4,000;

10978;2016.12.01 09:00:00;13,631;5,500;1,000;98,000;8,000;7,767;1,000;4,000;

10979;2016.12.01 10:00:00;16,927;5,500;2,000;98,000;8,000;7,767;1,000;4,000;

10980;2016.12.01 11:00:00;19,557;6,400;3,000;98,000;8,000;7,767;1,000;4,000;

10981;2016.12.01 12:00:00;20,335;7,300;7,000;98,000;8,000;7,767;1,000;4,000;

10982;2016.12.01 13:00:00;19,076;7,300;6,000;97,000;8,000;7,767;1,000;4,000;

10983;2016.12.01 14:00:00;20,036;7,300;6,000;97,000;8,000;7,767;1,000;4,000;

10984;2016.12.01 15:00:00;19,845;7,300;7,000;96,000;8,000;7,767;1,000;4,000;

10985;2016.12.01 16:00:00;20,401;7,200;7,000;96,000;8,000;7,767;1,000;4,000;

10986;2016.12.01 17:00:00;21,020;7,000;7,000;97,000;8,000;7,767;1,000;4,000;

10987;2016.12.01 18:00:00;22,687;6,900;8,000;97,000;8,000;7,767;1,000;4,000;

10988;2016.12.01 19:00:00;21,946;6,900;8,000;97,000;8,000;7,767;1,000;4,000;

10989;2016.12.01 20:00:00;20,777;7,000;9,000;97,000;8,000;7,767;1,000;4,000;

10990;2016.12.01 21:00:00;19,213;7,000;9,000;92,000;8,000;7,767;1,000;4,000;

10991;2016.12.01 22:00:00;20,293;4,700;4,000;93,000;6,000;7,767;1,000;4,000;

10992;2016.12.01 23:00:00;19,353;6,100;9,000;78,000;4,000;7,767;1,000;4,000;

10993;2016.12.02 00:00:00;20,279;5,200;10,000;76,000;7,000;7,717;2,000;4,000;

10994;2016.12.02 01:00:00;21,113;4,600;11,000;81,000;7,000;7,717;2,000;4,000;

10995;2016.12.02 02:00:00;21,629;3,600;8,000;86,000;8,000;7,717;2,000;4,000;

10996;2016.12.02 03:00:00;22,264;2,600;8,000;94,000;8,000;7,717;2,000;4,000;

10997;2016.12.02 04:00:00;22,594;3,900;7,000;83,000;7,000;7,717;2,000;4,000;

10998;2016.12.02 05:00:00;22,594;3,900;6,000;72,000;6,000;7,717;2,000;4,000;

10999;2016.12.02 06:00:00;23,150;3,900;6,000;74,000;6,000;7,717;2,000;4,000;

11000;2016.12.02 07:00:00;21,391;4,100;5,000;72,000;7,000;7,717;2,000;4,000;

11001;2016.12.02 08:00:00;21,761;3,900;5,000;74,000;7,000;7,717;2,000;4,000;

11002;2016.12.02 09:00:00;21,576;4,300;6,000;73,000;6,000;7,717;2,000;4,000;

11003;2016.12.02 10:00:00;20,372;4,400;7,000;73,000;6,000;7,717;2,000;4,000;

11004;2016.12.02 11:00:00;21,391;4,300;6,000;75,000;6,000;7,717;2,000;4,000;

11005;2016.12.02 12:00:00;21,298;4,300;6,000;75,000;5,000;7,717;2,000;4,000;

11006;2016.12.02 13:00:00;22,131;4,700;6,000;73,000;6,000;7,717;2,000;4,000;

11007;2016.12.02 14:00:00;22,409;4,100;5,000;74,000;7,000;7,717;2,000;4,000;

11008;2016.12.02 15:00:00;26,021;4,200;5,000;76,000;7,000;7,717;2,000;4,000;

11009;2016.12.02 16:00:00;26,113;4,300;5,000;73,000;8,000;7,717;2,000;4,000;

11010;2016.12.02 17:00:00;24,539;4,400;5,000;73,000;8,000;7,717;2,000;4,000;

11011;2016.12.02 18:00:00;24,261;4,400;5,000;70,000;6,000;7,717;2,000;4,000;

11012;2016.12.02 19:00:00;25,769;4,500;5,000;66,000;6,000;7,717;2,000;4,000;

11013;2016.12.02 20:00:00;28,402;4,400;6,000;63,000;6,000;7,717;2,000;4,000;

11014;2016.12.02 21:00:00;26,642;4,500;5,000;62,000;7,000;7,717;2,000;4,000;

11015;2016.12.02 22:00:00;24,658;3,600;5,000;67,000;7,000;7,717;2,000;4,000;

11016;2016.12.02 23:00:00;23,057;3,900;6,000;66,000;7,000;7,717;2,000;4,000;

11017;2016.12.03 00:00:00;26,761;3,000;3,000;75,000;7,000;7,683;3,000;4,000;

11018;2016.12.03 01:00:00;25,134;3,400;5,000;68,000;7,000;7,683;3,000;4,000;

11019;2016.12.03 02:00:00;25,148;3,400;4,000;67,000;7,000;7,683;3,000;4,000;

11020;2016.12.03 03:00:00;24,909;2,700;3,000;68,000;5,000;7,683;3,000;4,000;

11021;2016.12.03 04:00:00;25,095;2,800;3,000;71,000;5,000;7,683;3,000;4,000;

11022;2016.12.03 05:00:00;25,558;1,900;3,000;70,000;0,000;7,683;3,000;4,000;

11023;2016.12.03 06:00:00;26,761;1,000;3,000;75,000;5,000;7,683;3,000;4,000;

11024;2016.12.03 07:00:00;25,465;2,200;3,000;68,000;7,000;7,683;3,000;4,000;

11025;2016.12.03 08:00:00;27,039;2,900;4,000;63,000;7,000;7,683;3,000;4,000;

11026;2016.12.03 09:00:00;27,076;3,500;4,000;55,000;7,000;7,683;3,000;4,000;

11027;2016.12.03 10:00:00;26,465;4,000;3,000;53,000;7,000;7,683;3,000;4,000;

11028;2016.12.03 11:00:00;26,206;4,200;4,000;62,000;7,000;7,683;3,000;4,000;

11029;2016.12.03 12:00:00;25,280;4,600;5,000;63,000;8,000;7,683;3,000;4,000;

11030;2016.12.03 13:00:00;23,891;4,800;4,000;67,000;8,000;7,683;3,000;4,000;

11031;2016.12.03 14:00:00;25,076;4,300;4,000;71,000;7,000;7,683;3,000;4,000;

11032;2016.12.03 15:00:00;27,761;3,900;3,000;73,000;8,000;7,683;3,000;4,000;

11033;2016.12.03 16:00:00;24,243;3,800;4,000;75,000;8,000;7,683;3,000;4,000;

11034;2016.12.03 17:00:00;25,206;4,200;4,000;75,000;8,000;7,683;3,000;4,000;

11035;2016.12.03 18:00:00;26,502;3,800;4,000;74,000;5,000;7,683;3,000;4,000;

11036;2016.12.03 19:00:00;29,341;2,900;2,000;79,000;6,000;7,683;3,000;4,000;

11037;2016.12.03 20:00:00;23,018;1,800;4,000;91,000;6,000;7,683;3,000;4,000;

11038;2016.12.03 21:00:00;34,370;2,500;4,000;89,000;7,000;7,683;3,000;4,000;

11039;2016.12.03 22:00:00;22,233;1,200;2,000;92,000;8,000;7,683;3,000;4,000;

11040;2016.12.03 23:00:00;31,760;0,900;1,000;94,000;8,000;7,683;3,000;4,000;

11041;2016.12.04 00:00:00;28,680;0,800;3,000;95,000;8,000;7,650;4,000;4,000;

11042;2016.12.04 01:00:00;24,178;0,800;2,000;95,000;8,000;7,650;4,000;4,000;

11043;2016.12.04 02:00:00;24,209;0,700;2,000;97,000;9,000;7,650;4,000;4,000;

11044;2016.12.04 03:00:00;28,096;0,500;2,000;98,000;9,000;7,650;4,000;4,000;

11045;2016.12.04 04:00:00;32,563;0,300;2,000;98,000;9,000;7,650;4,000;4,000;

11046;2016.12.04 05:00:00;26,761;0,400;3,000;98,000;9,000;7,650;4,000;4,000;

11047;2016.12.04 06:00:00;28,984;0,300;2,000;98,000;9,000;7,650;4,000;4,000;

11048;2016.12.04 07:00:00;28,613;0,000;3,000;98,000;9,000;7,650;4,000;4,000;

11049;2016.12.04 08:00:00;27,317;-0,200;2,000;98,000;9,000;7,650;4,000;4,000;

11050;2016.12.04 09:00:00;28,428;0,300;2,000;99,000;9,000;7,650;4,000;4,000;

11051;2016.12.04 10:00:00;27,873;0,700;3,000;99,000;9,000;7,650;4,000;4,000;

11052;2016.12.04 11:00:00;26,576;1,000;2,000;99,000;8,000;7,650;4,000;4,000;

11053;2016.12.04 12:00:00;28,095;0,900;3,000;99,000;8,000;7,650;4,000;4,000;

11054;2016.12.04 13:00:00;27,854;1,100;4,000;99,000;8,000;7,650;4,000;4,000;

11055;2016.12.04 14:00:00;27,761;1,100;3,000;98,000;8,000;7,650;4,000;4,000;

11056;2016.12.04 15:00:00;28,206;1,300;3,000;97,000;8,000;7,650;4,000;4,000;

11057;2016.12.04 16:00:00;29,095;1,600;3,000;97,000;8,000;7,650;4,000;4,000;

11058;2016.12.04 17:00:00;26,697;2,300;3,000;96,000;8,000;7,650;4,000;4,000;

11059;2016.12.04 18:00:00;28,644;2,500;3,000;95,000;8,000;7,650;4,000;4,000;

11060;2016.12.04 19:00:00;26,924;2,700;2,000;94,000;8,000;7,650;4,000;4,000;

11061;2016.12.04 20:00:00;26,964;2,700;2,000;94,000;8,000;7,650;4,000;4,000;

11062;2016.12.04 21:00:00;26,287;2,100;2,000;94,000;8,000;7,650;4,000;4,000;

11063;2016.12.04 22:00:00;26,183;3,200;3,000;91,000;8,000;7,650;4,000;4,000;

11064;2016.12.04 23:00:00;22,409;3,100;3,000;90,000;8,000;7,650;4,000;4,000;

11065;2016.12.05 00:00:00;23,983;2,800;3,000;88,000;1,000;7,617;1,000;4,000;

11066;2016.12.05 01:00:00;23,706;0,000;0,000;0,000;0,000;7,617;1,000;4,000;

11067;2016.12.05 02:00:00;24,446;2,200;3,000;87,000;4,000;7,617;1,000;4,000;

11068;2016.12.05 03:00:00;24,909;0,000;0,000;0,000;0,000;7,617;1,000;4,000;

11069;2016.12.05 04:00:00;24,742;2,500;3,000;85,000;8,000;7,617;1,000;4,000;

11070;2016.12.05 05:00:00;22,860;2,700;4,000;83,000;8,000;7,617;1,000;4,000;

11071;2016.12.05 06:00:00;25,886;2,500;4,000;84,000;8,000;7,617;1,000;4,000;

11072;2016.12.05 07:00:00;24,732;2,500;4,000;83,000;7,000;7,617;1,000;4,000;

11073;2016.12.05 08:00:00;24,661;2,200;5,000;83,000;6,000;7,617;1,000;4,000;

11074;2016.12.05 09:00:00;23,798;2,600;4,000;83,000;7,000;7,617;1,000;4,000;

11075;2016.12.05 10:00:00;24,016;3,300;5,000;78,000;7,000;7,617;1,000;4,000;

11076;2016.12.05 11:00:00;23,277;3,400;5,000;78,000;8,000;7,617;1,000;4,000;

11077;2016.12.05 12:00:00;23,476;3,600;4,000;81,000;8,000;7,617;1,000;4,000;

11078;2016.12.05 13:00:00;21,645;3,600;4,000;81,000;8,000;7,617;1,000;4,000;

11079;2016.12.05 14:00:00;22,224;3,700;4,000;79,000;7,000;7,617;1,000;4,000;

11080;2016.12.05 15:00:00;26,854;3,200;4,000;82,000;8,000;7,617;1,000;4,000;

11081;2016.12.05 16:00:00;26,854;3,200;5,000;81,000;8,000;7,617;1,000;4,000;

11082;2016.12.05 17:00:00;26,298;2,800;5,000;85,000;8,000;7,617;1,000;4,000;

11083;2016.12.05 18:00:00;28,197;2,400;5,000;90,000;8,000;7,617;1,000;4,000;

11084;2016.12.05 19:00:00;26,530;2,700;5,000;90,000;8,000;7,617;1,000;4,000;

11085;2016.12.05 20:00:00;26,113;2,800;5,000;92,000;8,000;7,617;1,000;4,000;

11086;2016.12.05 21:00:00;26,761;3,600;4,000;91,000;8,000;7,617;1,000;4,000;

11087;2016.12.05 22:00:00;25,576;4,400;5,000;92,000;8,000;7,617;1,000;4,000;

11088;2016.12.05 23:00:00;21,135;4,800;5,000;94,000;8,000;7,617;1,000;4,000;

11089;2016.12.06 00:00:00;26,907;4,700;5,000;96,000;8,000;7,583;1,000;4,000;

11090;2016.12.06 01:00:00;24,303;5,000;3,000;96,000;8,000;7,583;1,000;4,000;

11091;2016.12.06 02:00:00;24,034;5,800;4,000;91,000;8,000;7,583;1,000;4,000;

11092;2016.12.06 03:00:00;23,057;6,000;4,000;89,000;8,000;7,583;1,000;4,000;

11093;2016.12.06 04:00:00;23,983;5,800;4,000;92,000;8,000;7,583;1,000;4,000;

11094;2016.12.06 05:00:00;23,428;5,500;4,000;90,000;7,000;7,583;1,000;4,000;

11095;2016.12.06 06:00:00;21,298;5,400;3,000;83,000;7,000;7,583;1,000;4,000;

11096;2016.12.06 07:00:00;20,948;4,500;2,000;84,000;7,000;7,583;1,000;4,000;

11097;2016.12.06 08:00:00;24,241;4,100;2,000;75,000;1,000;7,583;1,000;4,000;

11098;2016.12.06 09:00:00;21,668;4,500;3,000;70,000;1,000;7,583;1,000;4,000;

11099;2016.12.06 10:00:00;23,520;4,900;3,000;66,000;5,000;7,583;1,000;4,000;

11100;2016.12.06 11:00:00;22,687;5,100;3,000;65,000;3,000;7,583;1,000;4,000;

11101;2016.12.06 12:00:00;23,057;5,100;3,000;63,000;4,000;7,583;1,000;4,000;

11102;2016.12.06 13:00:00;20,849;4,800;2,000;67,000;6,000;7,583;1,000;4,000;

11103;2016.12.06 14:00:00;24,247;4,300;2,000;71,000;7,000;7,583;1,000;4,000;

11104;2016.12.06 15:00:00;25,558;3,300;0,000;76,000;7,000;7,583;1,000;4,000;

11105;2016.12.06 16:00:00;25,372;2,100;1,000;83,000;7,000;7,583;1,000;4,000;

11106;2016.12.06 17:00:00;25,465;1,300;0,000;87,000;6,000;7,583;1,000;4,000;

11107;2016.12.06 18:00:00;25,229;0,200;1,000;89,000;6,000;7,583;1,000;4,000;

11108;2016.12.06 19:00:00;26,164;-0,500;1,000;92,000;3,000;7,583;1,000;4,000;

11109;2016.12.06 20:00:00;27,132;-0,700;2,000;95,000;0,000;7,583;1,000;4,000;

11110;2016.12.06 21:00:00;28,521;-1,100;1,000;95,000;3,000;7,583;1,000;4,000;

11111;2016.12.06 22:00:00;28,706;-1,300;1,000;95,000;0,000;7,583;1,000;4,000;

11112;2016.12.06 23:00:00;26,669;-1,600;2,000;95,000;0,000;7,583;1,000;4,000;

11113;2016.12.07 00:00:00;27,926;-2,000;2,000;95,000;0,000;7,550;1,000;4,000;

11114;2016.12.07 01:00:00;29,394;-2,300;2,000;95,000;0,000;7,550;1,000;4,000;

11115;2016.12.07 02:00:00;29,447;-2,500;1,000;95,000;0,000;7,550;1,000;4,000;

11116;2016.12.07 03:00:00;28,613;-2,600;2,000;95,000;0,000;7,550;1,000;4,000;

11117;2016.12.07 04:00:00;28,984;-2,800;2,000;94,000;0,000;7,550;1,000;4,000;

11118;2016.12.07 05:00:00;29,447;-2,800;2,000;94,000;0,000;7,550;1,000;4,000;

11119;2016.12.07 06:00:00;32,132;-2,300;2,000;93,000;7,000;7,550;1,000;4,000;

11120;2016.12.07 07:00:00;30,095;-1,900;3,000;93,000;7,000;7,550;1,000;4,000;

11121;2016.12.07 08:00:00;30,373;-1,700;3,000;92,000;7,000;7,550;1,000;4,000;

11122;2016.12.07 09:00:00;29,632;-1,600;4,000;93,000;8,000;7,550;1,000;4,000;

11123;2016.12.07 10:00:00;28,150;-1,100;3,000;94,000;8,000;7,550;1,000;4,000;

11124;2016.12.07 11:00:00;28,058;-0,400;4,000;94,000;8,000;7,550;1,000;4,000;

11125;2016.12.07 12:00:00;29,354;0,500;4,000;93,000;8,000;7,550;1,000;4,000;

11126;2016.12.07 13:00:00;29,447;0,900;4,000;91,000;8,000;7,550;1,000;4,000;

11127;2016.12.07 14:00:00;27,780;0,900;4,000;89,000;8,000;7,550;1,000;4,000;

11128;2016.12.07 15:00:00;31,762;0,900;5,000;89,000;8,000;7,550;1,000;4,000;

11129;2016.12.07 16:00:00;30,002;1,000;5,000;88,000;8,000;7,550;1,000;4,000;

11130;2016.12.07 17:00:00;28,613;1,100;6,000;90,000;8,000;7,550;1,000;4,000;

11131;2016.12.07 18:00:00;28,799;1,400;5,000;92,000;8,000;7,550;1,000;4,000;

11132;2016.12.07 19:00:00;28,058;1,700;5,000;93,000;8,000;7,550;1,000;4,000;

11133;2016.12.07 20:00:00;29,910;2,200;5,000;95,000;8,000;7,550;1,000;4,000;

11134;2016.12.07 21:00:00;30,002;2,900;5,000;94,000;8,000;7,550;1,000;4,000;

11135;2016.12.07 22:00:00;26,761;3,400;5,000;94,000;8,000;7,550;1,000;4,000;

11136;2016.12.07 23:00:00;24,261;3,800;6,000;91,000;8,000;7,550;1,000;4,000;

11137;2016.12.08 00:00:00;27,224;4,100;5,000;91,000;7,000;7,533;1,000;4,000;

11138;2016.12.08 01:00:00;25,743;4,900;5,000;90,000;7,000;7,533;1,000;4,000;

11139;2016.12.08 02:00:00;26,298;5,300;5,000;89,000;8,000;7,533;1,000;4,000;

11140;2016.12.08 03:00:00;24,724;6,100;5,000;87,000;8,000;7,533;1,000;4,000;

11141;2016.12.08 04:00:00;25,280;6,500;6,000;87,000;8,000;7,533;1,000;4,000;

11142;2016.12.08 05:00:00;24,724;7,300;6,000;84,000;8,000;7,533;1,000;4,000;

11143;2016.12.08 06:00:00;24,169;7,400;6,000;85,000;8,000;7,533;1,000;4,000;

11144;2016.12.08 07:00:00;23,335;7,700;5,000;87,000;8,000;7,533;1,000;4,000;

11145;2016.12.08 08:00:00;22,965;8,700;6,000;81,000;8,000;7,533;1,000;4,000;

11146;2016.12.08 09:00:00;21,205;8,500;6,000;82,000;8,000;7,533;1,000;4,000;

11147;2016.12.08 10:00:00;21,854;8,300;6,000;84,000;8,000;7,533;1,000;4,000;

11148;2016.12.08 11:00:00;17,012;8,200;6,000;85,000;8,000;7,533;1,000;4,000;

11149;2016.12.08 12:00:00;22,026;8,600;6,000;89,000;8,000;7,533;1,000;4,000;

11150;2016.12.08 13:00:00;21,523;8,800;9,000;93,000;8,000;7,533;1,000;4,000;

11151;2016.12.08 14:00:00;20,187;8,400;7,000;95,000;8,000;7,533;1,000;4,000;

11152;2016.12.08 15:00:00;23,428;8,400;7,000;95,000;8,000;7,533;1,000;4,000;

11153;2016.12.08 16:00:00;18,798;7,900;6,000;95,000;8,000;7,533;1,000;4,000;

11154;2016.12.08 17:00:00;24,312;8,400;7,000;93,000;8,000;7,533;1,000;4,000;

11155;2016.12.08 18:00:00;20,074;8,600;6,000;90,000;8,000;7,533;1,000;4,000;

11156;2016.12.08 19:00:00;20,272;8,600;5,000;90,000;8,000;7,533;1,000;4,000;

11157;2016.12.08 20:00:00;17,953;8,800;8,000;90,000;8,000;7,533;1,000;4,000;

11158;2016.12.08 21:00:00;20,404;8,500;7,000;91,000;8,000;7,533;1,000;4,000;

11159;2016.12.08 22:00:00;21,242;8,400;5,000;92,000;8,000;7,533;1,000;4,000;

11160;2016.12.08 23:00:00;14,539;8,500;6,000;91,000;8,000;7,533;1,000;4,000;

11161;2016.12.09 00:00:00;8,068;8,100;7,000;93,000;8,000;7,500;2,000;4,000;

11162;2016.12.09 01:00:00;2,593;7,800;7,000;94,000;8,000;7,500;2,000;4,000;

11163;2016.12.09 02:00:00;1,945;7,500;7,000;95,000;8,000;7,500;2,000;4,000;

11164;2016.12.09 03:00:00;24,446;7,200;5,000;96,000;8,000;7,500;2,000;4,000;

11165;2016.12.09 04:00:00;23,335;6,900;7,000;96,000;8,000;7,500;2,000;4,000;

11166;2016.12.09 05:00:00;20,094;6,800;5,000;96,000;8,000;7,500;2,000;4,000;

11167;2016.12.09 06:00:00;20,372;6,800;5,000;98,000;8,000;7,500;2,000;4,000;

11168;2016.12.09 07:00:00;20,094;6,800;5,000;97,000;8,000;7,500;2,000;4,000;

11169;2016.12.09 08:00:00;19,631;6,900;5,000;98,000;8,000;7,500;2,000;4,000;

11170;2016.12.09 09:00:00;20,928;7,200;6,000;97,000;8,000;7,500;2,000;4,000;

11171;2016.12.09 10:00:00;20,557;8,100;6,000;97,000;8,000;7,500;2,000;4,000;

11172;2016.12.09 11:00:00;20,650;8,500;6,000;93,000;7,000;7,500;2,000;4,000;

11173;2016.12.09 12:00:00;18,798;8,600;9,000;89,000;7,000;7,500;2,000;4,000;

11174;2016.12.09 13:00:00;20,557;7,900;6,000;89,000;7,000;7,500;2,000;4,000;

11175;2016.12.09 14:00:00;18,890;7,400;7,000;88,000;7,000;7,500;2,000;4,000;

11176;2016.12.09 15:00:00;21,668;7,400;7,000;88,000;7,000;7,500;2,000;4,000;

11177;2016.12.09 16:00:00;21,113;7,600;7,000;89,000;8,000;7,500;2,000;4,000;

11178;2016.12.09 17:00:00;22,039;7,800;8,000;90,000;8,000;7,500;2,000;4,000;

11179;2016.12.09 18:00:00;21,391;7,700;6,000;92,000;8,000;7,500;2,000;4,000;

11180;2016.12.09 19:00:00;21,761;7,900;6,000;92,000;8,000;7,500;2,000;4,000;

11181;2016.12.09 20:00:00;21,946;8,300;6,000;87,000;7,000;7,500;2,000;4,000;

11182;2016.12.09 21:00:00;20,742;8,100;6,000;88,000;8,000;7,500;2,000;4,000;

11183;2016.12.09 22:00:00;20,002;8,100;4,000;88,000;8,000;7,500;2,000;4,000;

11184;2016.12.09 23:00:00;17,399;8,300;5,000;90,000;8,000;7,500;2,000;4,000;

11185;2016.12.10 00:00:00;19,733;8,300;4,000;95,000;8,000;7,467;3,000;4,000;

11186;2016.12.10 01:00:00;19,724;8,300;4,000;96,000;8,000;7,467;3,000;4,000;

11187;2016.12.10 02:00:00;19,353;8,400;4,000;97,000;8,000;7,467;3,000;4,000;

11188;2016.12.10 03:00:00;19,168;8,800;5,000;97,000;8,000;7,467;3,000;4,000;

11189;2016.12.10 04:00:00;19,261;9,300;7,000;96,000;8,000;7,467;3,000;4,000;

11190;2016.12.10 05:00:00;18,335;9,800;8,000;96,000;8,000;7,467;3,000;4,000;

11191;2016.12.10 06:00:00;18,890;9,900;9,000;96,000;8,000;7,467;3,000;4,000;

11192;2016.12.10 07:00:00;18,520;9,800;8,000;96,000;8,000;7,467;3,000;4,000;

11193;2016.12.10 08:00:00;17,594;10,100;7,000;95,000;8,000;7,467;3,000;4,000;

11194;2016.12.10 09:00:00;17,687;10,100;8,000;95,000;8,000;7,467;3,000;4,000;

11195;2016.12.10 10:00:00;16,946;9,600;8,000;96,000;8,000;7,467;3,000;4,000;

11196;2016.12.10 11:00:00;17,386;8,900;7,000;97,000;8,000;7,467;3,000;4,000;

11197;2016.12.10 12:00:00;18,067;9,100;7,000;96,000;8,000;7,467;3,000;4,000;

11198;2016.12.10 13:00:00;17,144;9,100;7,000;95,000;8,000;7,467;3,000;4,000;

11199;2016.12.10 14:00:00;17,124;8,800;7,000;95,000;8,000;7,467;3,000;4,000;

11200;2016.12.10 15:00:00;17,508;8,200;7,000;97,000;8,000;7,467;3,000;4,000;

11201;2016.12.10 16:00:00;18,798;8,300;7,000;97,000;8,000;7,467;3,000;4,000;

11202;2016.12.10 17:00:00;17,575;8,800;7,000;96,000;8,000;7,467;3,000;4,000;

11203;2016.12.10 18:00:00;18,816;8,800;7,000;93,000;8,000;7,467;3,000;4,000;

11204;2016.12.10 19:00:00;17,779;8,400;6,000;94,000;8,000;7,467;3,000;4,000;

11205;2016.12.10 20:00:00;19,724;8,300;6,000;94,000;8,000;7,467;3,000;4,000;

11206;2016.12.10 21:00:00;20,557;8,200;6,000;93,000;8,000;7,467;3,000;4,000;

11207;2016.12.10 22:00:00;18,520;8,200;6,000;90,000;8,000;7,467;3,000;4,000;

11208;2016.12.10 23:00:00;15,927;7,600;6,000;93,000;8,000;7,467;3,000;4,000;

11209;2016.12.11 00:00:00;19,816;8,000;6,000;92,000;8,000;7,450;4,000;4,000;

11210;2016.12.11 01:00:00;18,890;8,200;5,000;93,000;8,000;7,450;4,000;4,000;

11211;2016.12.11 02:00:00;17,964;8,300;3,000;92,000;8,000;7,450;4,000;4,000;

11212;2016.12.11 03:00:00;19,076;8,300;4,000;92,000;8,000;7,450;4,000;4,000;

11213;2016.12.11 04:00:00;18,057;8,200;3,000;92,000;8,000;7,450;4,000;4,000;

11214;2016.12.11 05:00:00;18,613;7,900;3,000;93,000;8,000;7,450;4,000;4,000;

11215;2016.12.11 06:00:00;18,427;7,600;1,000;95,000;8,000;7,450;4,000;4,000;

11216;2016.12.11 07:00:00;18,890;7,100;2,000;95,000;8,000;7,450;4,000;4,000;

11217;2016.12.11 08:00:00;19,180;5,900;2,000;96,000;8,000;7,450;4,000;4,000;

11218;2016.12.11 09:00:00;19,286;5,400;1,000;96,000;8,000;7,450;4,000;4,000;

11219;2016.12.11 10:00:00;19,946;5,400;2,000;97,000;8,000;7,450;4,000;4,000;

11220;2016.12.11 11:00:00;20,502;5,900;2,000;98,000;8,000;7,450;4,000;4,000;

11221;2016.12.11 12:00:00;21,724;6,200;4,000;98,000;8,000;7,450;4,000;4,000;

11222;2016.12.11 13:00:00;22,113;6,400;6,000;97,000;8,000;7,450;4,000;4,000;

11223;2016.12.11 14:00:00;23,169;6,600;6,000;96,000;8,000;7,450;4,000;4,000;

11224;2016.12.11 15:00:00;23,724;6,700;5,000;95,000;8,000;7,450;4,000;4,000;

11225;2016.12.11 16:00:00;23,721;6,800;5,000;95,000;8,000;7,450;4,000;4,000;

11226;2016.12.11 17:00:00;24,117;6,800;6,000;96,000;8,000;7,450;4,000;4,000;

11227;2016.12.11 18:00:00;23,502;6,900;6,000;93,000;8,000;7,450;4,000;4,000;

11228;2016.12.11 19:00:00;23,502;7,000;7,000;91,000;8,000;7,450;4,000;4,000;

11229;2016.12.11 20:00:00;23,946;6,900;6,000;91,000;8,000;7,450;4,000;4,000;

11230;2016.12.11 21:00:00;22,724;6,800;5,000;90,000;7,000;7,450;4,000;4,000;

11231;2016.12.11 22:00:00;22,122;6,800;6,000;89,000;8,000;7,450;4,000;4,000;

11232;2016.12.11 23:00:00;20,048;6,200;5,000;92,000;8,000;7,450;4,000;4,000;

11233;2016.12.12 00:00:00;21,113;5,800;4,000;96,000;8,000;7,433;1,000;4,000;

11234;2016.12.12 01:00:00;21,391;4,600;5,000;95,000;8,000;7,433;1,000;4,000;

11235;2016.12.12 02:00:00;20,287;2,800;5,000;92,000;8,000;7,433;1,000;4,000;

11236;2016.12.12 03:00:00;22,161;1,900;3,000;95,000;8,000;7,433;1,000;4,000;

11237;2016.12.12 04:00:00;23,057;1,500;4,000;92,000;8,000;7,433;1,000;4,000;

11238;2016.12.12 05:00:00;23,391;1,200;3,000;89,000;7,000;7,433;1,000;4,000;

11239;2016.12.12 06:00:00;24,613;0,500;1,000;88,000;3,000;7,433;1,000;4,000;

11240;2016.12.12 07:00:00;23,835;-0,100;1,000;93,000;6,000;7,433;1,000;4,000;

11241;2016.12.12 08:00:00;24,391;0,200;1,000;84,000;1,000;7,433;1,000;4,000;

11242;2016.12.12 09:00:00;24,946;1,400;3,000;69,000;1,000;7,433;1,000;4,000;

11243;2016.12.12 10:00:00;24,224;2,300;1,000;60,000;3,000;7,433;1,000;4,000;

11244;2016.12.12 11:00:00;23,613;2,500;2,000;65,000;5,000;7,433;1,000;4,000;

11245;2016.12.12 12:00:00;23,057;2,700;2,000;62,000;3,000;7,433;1,000;4,000;

11246;2016.12.12 13:00:00;22,643;2,700;2,000;53,000;2,000;7,433;1,000;4,000;

11247;2016.12.12 14:00:00;24,583;2,400;1,000;56,000;5,000;7,433;1,000;4,000;

11248;2016.12.12 15:00:00;26,891;0,700;0,000;69,000;1,000;7,433;1,000;4,000;

11249;2016.12.12 16:00:00;27,280;-1,000;0,000;83,000;3,000;7,433;1,000;4,000;

11250;2016.12.12 17:00:00;25,645;-1,400;1,000;87,000;3,000;7,433;1,000;4,000;

11251;2016.12.12 18:00:00;28,387;-1,200;1,000;87,000;1,000;7,433;1,000;4,000;

11252;2016.12.12 19:00:00;28,945;-1,700;1,000;89,000;0,000;7,433;1,000;4,000;

11253;2016.12.12 20:00:00;29,231;-1,800;1,000;89,000;1,000;7,433;1,000;4,000;

11254;2016.12.12 21:00:00;29,712;-2,000;1,000;90,000;5,000;7,433;1,000;4,000;

11255;2016.12.12 22:00:00;27,347;-2,100;1,000;88,000;3,000;7,433;1,000;4,000;

11256;2016.12.12 23:00:00;27,304;-2,100;2,000;87,000;4,000;7,433;1,000;4,000;

11257;2016.12.13 00:00:00;27,348;-2,100;2,000;86,000;7,000;7,417;1,000;4,000;

11258;2016.12.13 01:00:00;27,868;-2,200;1,000;86,000;7,000;7,417;1,000;4,000;

11259;2016.12.13 02:00:00;28,180;-2,400;2,000;86,000;4,000;7,417;1,000;4,000;

11260;2016.12.13 03:00:00;28,502;-2,500;3,000;86,000;6,000;7,417;1,000;4,000;

11261;2016.12.13 04:00:00;28,669;-3,000;2,000;87,000;6,000;7,417;1,000;4,000;

11262;2016.12.13 05:00:00;28,169;-2,500;3,000;83,000;6,000;7,417;1,000;4,000;

11263;2016.12.13 06:00:00;28,336;-2,300;2,000;81,000;6,000;7,417;1,000;4,000;

11264;2016.12.13 07:00:00;29,076;-2,600;3,000;82,000;4,000;7,417;1,000;4,000;

11265;2016.12.13 08:00:00;30,738;-2,100;3,000;78,000;7,000;7,417;1,000;4,000;

11266;2016.12.13 09:00:00;29,407;-1,600;3,000;73,000;8,000;7,417;1,000;4,000;

11267;2016.12.13 10:00:00;29,082;-1,300;4,000;73,000;8,000;7,417;1,000;4,000;

11268;2016.12.13 11:00:00;28,542;-1,300;3,000;88,000;8,000;7,417;1,000;4,000;

11269;2016.12.13 12:00:00;29,076;-0,800;3,000;93,000;8,000;7,417;1,000;4,000;

11270;2016.12.13 13:00:00;30,558;-0,500;3,000;93,000;8,000;7,417;1,000;4,000;

11271;2016.12.13 14:00:00;30,280;-0,300;4,000;93,000;7,000;7,417;1,000;4,000;

11272;2016.12.13 15:00:00;31,484;0,000;3,000;94,000;8,000;7,417;1,000;4,000;

11273;2016.12.13 16:00:00;29,076;0,200;3,000;94,000;8,000;7,417;1,000;4,000;

11274;2016.12.13 17:00:00;30,188;0,300;3,000;96,000;8,000;7,417;1,000;4,000;

11275;2016.12.13 18:00:00;26,761;0,500;3,000;96,000;7,000;7,417;1,000;4,000;

11276;2016.12.13 19:00:00;27,687;0,700;3,000;95,000;7,000;7,417;1,000;4,000;

11277;2016.12.13 20:00:00;27,410;0,800;2,000;95,000;7,000;7,417;1,000;4,000;

11278;2016.12.13 21:00:00;26,669;1,100;3,000;95,000;8,000;7,417;1,000;4,000;

11279;2016.12.13 22:00:00;25,743;1,400;3,000;95,000;8,000;7,417;1,000;4,000;

11280;2016.12.13 23:00:00;23,798;1,500;3,000;96,000;8,000;7,417;1,000;4,000;

11281;2016.12.14 00:00:00;25,280;2,100;4,000;96,000;8,000;7,400;1,000;4,000;

11282;2016.12.14 01:00:00;24,724;2,400;3,000;95,000;8,000;7,400;1,000;4,000;

11283;2016.12.14 02:00:00;24,909;2,500;3,000;96,000;8,000;7,400;1,000;4,000;

11284;2016.12.14 03:00:00;25,187;3,200;3,000;97,000;8,000;7,400;1,000;4,000;

11285;2016.12.14 04:00:00;24,808;3,800;3,000;98,000;8,000;7,400;1,000;4,000;

11286;2016.12.14 05:00:00;24,321;4,000;3,000;98,000;7,000;7,400;1,000;4,000;

11287;2016.12.14 06:00:00;23,469;4,300;3,000;91,000;5,000;7,400;1,000;4,000;

11288;2016.12.14 07:00:00;24,076;4,500;3,000;86,000;6,000;7,400;1,000;4,000;

11289;2016.12.14 08:00:00;24,706;4,700;4,000;85,000;5,000;7,400;1,000;4,000;

11290;2016.12.14 09:00:00;24,141;5,100;4,000;84,000;6,000;7,400;1,000;4,000;

11291;2016.12.14 10:00:00;23,891;5,300;4,000;84,000;6,000;7,400;1,000;4,000;

11292;2016.12.14 11:00:00;23,438;5,300;3,000;83,000;7,000;7,400;1,000;4,000;

11293;2016.12.14 12:00:00;22,815;5,300;4,000;83,000;7,000;7,400;1,000;4,000;

11294;2016.12.14 13:00:00;22,780;5,200;4,000;83,000;7,000;7,400;1,000;4,000;

11295;2016.12.14 14:00:00;23,196;4,900;3,000;82,000;7,000;7,400;1,000;4,000;

11296;2016.12.14 15:00:00;25,141;4,400;3,000;84,000;8,000;7,400;1,000;4,000;

11297;2016.12.14 16:00:00;23,196;3,900;3,000;83,000;8,000;7,400;1,000;4,000;

11298;2016.12.14 17:00:00;23,196;4,000;4,000;83,000;8,000;7,400;1,000;4,000;

11299;2016.12.14 18:00:00;24,169;4,200;3,000;82,000;8,000;7,400;1,000;4,000;

11300;2016.12.14 19:00:00;23,057;4,200;3,000;78,000;8,000;7,400;1,000;4,000;

11301;2016.12.14 20:00:00;24,308;4,300;2,000;79,000;8,000;7,400;1,000;4,000;

11302;2016.12.14 21:00:00;23,335;4,400;2,000;82,000;8,000;7,400;1,000;4,000;

11303;2016.12.14 22:00:00;23,057;4,500;3,000;78,000;8,000;7,400;1,000;4,000;

11304;2016.12.14 23:00:00;17,918;4,400;2,000;78,000;8,000;7,400;1,000;4,000;

11305;2016.12.15 00:00:00;6,251;4,300;2,000;81,000;8,000;7,383;1,000;4,000;

11306;2016.12.15 01:00:00;3,056;4,400;2,000;78,000;7,000;7,383;1,000;4,000;

11307;2016.12.15 02:00:00;1,945;3,500;2,000;83,000;7,000;7,383;1,000;4,000;

11308;2016.12.15 03:00:00;18,126;3,100;1,000;86,000;7,000;7,383;1,000;4,000;

11309;2016.12.15 04:00:00;29,794;2,600;1,000;91,000;7,000;7,383;1,000;4,000;

11310;2016.12.15 05:00:00;23,613;2,900;1,000;92,000;7,000;7,383;1,000;4,000;

11311;2016.12.15 06:00:00;24,169;3,200;1,000;91,000;8,000;7,383;1,000;4,000;

11312;2016.12.15 07:00:00;24,076;3,200;0,000;90,000;8,000;7,383;1,000;4,000;

11313;2016.12.15 08:00:00;24,076;3,600;1,000;85,000;7,000;7,383;1,000;4,000;

11314;2016.12.15 09:00:00;23,659;4,100;1,000;78,000;7,000;7,383;1,000;4,000;

11315;2016.12.15 10:00:00;23,474;4,200;1,000;75,000;8,000;7,383;1,000;4,000;

11316;2016.12.15 11:00:00;22,363;3,900;2,000;79,000;8,000;7,383;1,000;4,000;

11317;2016.12.15 12:00:00;22,919;3,900;1,000;78,000;8,000;7,383;1,000;4,000;

11318;2016.12.15 13:00:00;22,594;3,600;2,000;75,000;8,000;7,383;1,000;4,000;

11319;2016.12.15 14:00:00;23,844;3,300;2,000;74,000;8,000;7,383;1,000;4,000;

11320;2016.12.15 15:00:00;25,743;3,100;2,000;73,000;8,000;7,383;1,000;4,000;

11321;2016.12.15 16:00:00;24,354;2,700;2,000;77,000;8,000;7,383;1,000;4,000;

11322;2016.12.15 17:00:00;24,030;2,300;2,000;75,000;8,000;7,383;1,000;4,000;

11323;2016.12.15 18:00:00;25,280;1,800;2,000;75,000;8,000;7,383;1,000;4,000;

11324;2016.12.15 19:00:00;25,627;1,800;2,000;76,000;8,000;7,383;1,000;4,000;

11325;2016.12.15 20:00:00;25,627;1,700;2,000;77,000;8,000;7,383;1,000;4,000;

11326;2016.12.15 21:00:00;24,585;1,600;3,000;76,000;8,000;7,383;1,000;4,000;

11327;2016.12.15 22:00:00;25,002;1,500;3,000;75,000;8,000;7,383;1,000;4,000;

11328;2016.12.15 23:00:00;24,169;1,400;3,000;77,000;8,000;7,383;1,000;4,000;

11329;2016.12.16 00:00:00;25,769;1,200;3,000;77,000;8,000;7,367;2,000;4,000;

11330;2016.12.16 01:00:00;25,908;1,000;3,000;79,000;7,000;7,367;2,000;4,000;

11331;2016.12.16 02:00:00;25,465;0,900;3,000;78,000;7,000;7,367;2,000;4,000;

11332;2016.12.16 03:00:00;25,711;0,800;3,000;79,000;8,000;7,367;2,000;4,000;

11333;2016.12.16 04:00:00;25,714;0,700;3,000;81,000;8,000;7,367;2,000;4,000;

11334;2016.12.16 05:00:00;26,908;0,600;3,000;81,000;8,000;7,367;2,000;4,000;

11335;2016.12.16 06:00:00;25,956;0,500;3,000;81,000;8,000;7,367;2,000;4,000;

11336;2016.12.16 07:00:00;25,669;0,400;3,000;81,000;8,000;7,367;2,000;4,000;

11337;2016.12.16 08:00:00;25,669;0,400;2,000;83,000;8,000;7,367;2,000;4,000;

11338;2016.12.16 09:00:00;26,490;0,300;3,000;82,000;8,000;7,367;2,000;4,000;

11339;2016.12.16 10:00:00;26,171;0,300;3,000;82,000;8,000;7,367;2,000;4,000;

11340;2016.12.16 11:00:00;26,231;0,300;3,000;82,000;8,000;7,367;2,000;4,000;

11341;2016.12.16 12:00:00;25,726;0,300;3,000;82,000;8,000;7,367;2,000;4,000;

11342;2016.12.16 13:00:00;25,122;0,400;2,000;81,000;8,000;7,367;2,000;4,000;

11343;2016.12.16 14:00:00;27,631;0,200;2,000;81,000;8,000;7,367;2,000;4,000;

11344;2016.12.16 15:00:00;29,614;0,100;2,000;82,000;7,000;7,367;2,000;4,000;

11345;2016.12.16 16:00:00;28,822;-0,800;0,000;86,000;6,000;7,367;2,000;4,000;

11346;2016.12.16 17:00:00;31,074;-2,000;0,000;91,000;6,000;7,367;2,000;4,000;

11347;2016.12.16 18:00:00;30,945;-2,500;0,000;92,000;6,000;7,367;2,000;4,000;

11348;2016.12.16 19:00:00;31,253;-3,000;0,000;94,000;8,000;7,367;2,000;4,000;

11349;2016.12.16 20:00:00;31,679;-2,300;0,000;95,000;8,000;7,367;2,000;4,000;

11350;2016.12.16 21:00:00;30,270;-1,000;2,000;93,000;8,000;7,367;2,000;4,000;

11351;2016.12.16 22:00:00;29,247;-0,800;1,000;92,000;8,000;7,367;2,000;4,000;

11352;2016.12.16 23:00:00;27,276;-0,400;1,000;91,000;8,000;7,367;2,000;4,000;

11353;2016.12.17 00:00:00;30,438;0,000;0,000;89,000;8,000;7,350;3,000;4,000;

11354;2016.12.17 01:00:00;29,031;-0,300;1,000;91,000;8,000;7,350;3,000;4,000;

11355;2016.12.17 02:00:00;31,514;-0,100;2,000;90,000;8,000;7,350;3,000;4,000;

11356;2016.12.17 03:00:00;31,288;-0,400;1,000;92,000;8,000;7,350;3,000;4,000;

11357;2016.12.17 04:00:00;30,566;-0,600;1,000;93,000;8,000;7,350;3,000;4,000;

11358;2016.12.17 05:00:00;30,800;-0,500;1,000;92,000;8,000;7,350;3,000;4,000;

11359;2016.12.17 06:00:00;30,195;-0,500;1,000;93,000;8,000;7,350;3,000;4,000;

11360;2016.12.17 07:00:00;30,643;-0,600;1,000;92,000;8,000;7,350;3,000;4,000;

11361;2016.12.17 08:00:00;30,627;-0,600;2,000;93,000;8,000;7,350;3,000;4,000;

11362;2016.12.17 09:00:00;29,572;-0,600;2,000;92,000;8,000;7,350;3,000;4,000;

11363;2016.12.17 10:00:00;29,965;-0,500;1,000;92,000;8,000;7,350;3,000;4,000;

11364;2016.12.17 11:00:00;29,752;-0,700;2,000;92,000;8,000;7,350;3,000;4,000;

11365;2016.12.17 12:00:00;27,873;-0,700;3,000;92,000;8,000;7,350;3,000;4,000;

11366;2016.12.17 13:00:00;28,291;-0,500;2,000;91,000;8,000;7,350;3,000;4,000;

11367;2016.12.17 14:00:00;29,604;-0,500;2,000;92,000;8,000;7,350;3,000;4,000;

11368;2016.12.17 15:00:00;31,001;-0,800;3,000;93,000;8,000;7,350;3,000;4,000;

11369;2016.12.17 16:00:00;33,513;-0,600;3,000;94,000;8,000;7,350;3,000;4,000;

11370;2016.12.17 17:00:00;30,242;-1,200;3,000;95,000;8,000;7,350;3,000;4,000;

11371;2016.12.17 18:00:00;30,558;-1,200;3,000;97,000;8,000;7,350;3,000;4,000;

11372;2016.12.17 19:00:00;30,864;-0,800;3,000;97,000;8,000;7,350;3,000;4,000;

11373;2016.12.17 20:00:00;33,011;-0,500;3,000;97,000;8,000;7,350;3,000;4,000;

11374;2016.12.17 21:00:00;34,467;0,000;3,000;97,000;8,000;7,350;3,000;4,000;

11375;2016.12.17 22:00:00;32,989;0,400;3,000;97,000;8,000;7,350;3,000;4,000;

11376;2016.12.17 23:00:00;30,334;0,700;3,000;98,000;9,000;7,350;3,000;4,000;

11377;2016.12.18 00:00:00;30,495;0,900;3,000;98,000;8,000;7,350;4,000;4,000;

11378;2016.12.18 01:00:00;30,507;0,800;2,000;98,000;8,000;7,350;4,000;4,000;

11379;2016.12.18 02:00:00;30,083;0,800;2,000;98,000;8,000;7,350;4,000;4,000;

11380;2016.12.18 03:00:00;29,976;0,900;3,000;98,000;8,000;7,350;4,000;4,000;

11381;2016.12.18 04:00:00;29,467;1,100;3,000;98,000;8,000;7,350;4,000;4,000;

11382;2016.12.18 05:00:00;28,178;1,300;3,000;98,000;8,000;7,350;4,000;4,000;

11383;2016.12.18 06:00:00;29,548;1,400;2,000;98,000;8,000;7,350;4,000;4,000;

11384;2016.12.18 07:00:00;29,822;1,500;2,000;98,000;9,000;7,350;4,000;4,000;

11385;2016.12.18 08:00:00;28,489;1,600;2,000;98,000;9,000;7,350;4,000;4,000;

11386;2016.12.18 09:00:00;29,447;1,700;2,000;99,000;8,000;7,350;4,000;4,000;

11387;2016.12.18 10:00:00;28,706;1,900;2,000;99,000;8,000;7,350;4,000;4,000;

11388;2016.12.18 11:00:00;30,373;2,200;2,000;99,000;8,000;7,350;4,000;4,000;

11389;2016.12.18 12:00:00;27,998;2,300;2,000;99,000;8,000;7,350;4,000;4,000;

11390;2016.12.18 13:00:00;27,099;2,500;2,000;99,000;9,000;7,350;4,000;4,000;

11391;2016.12.18 14:00:00;26,002;2,400;2,000;99,000;9,000;7,350;4,000;4,000;

11392;2016.12.18 15:00:00;29,450;2,500;2,000;99,000;9,000;7,350;4,000;4,000;

11393;2016.12.18 16:00:00;27,463;2,500;2,000;99,000;9,000;7,350;4,000;4,000;

11394;2016.12.18 17:00:00;27,604;2,500;2,000;99,000;9,000;7,350;4,000;4,000;

11395;2016.12.18 18:00:00;26,528;2,400;2,000;99,000;9,000;7,350;4,000;4,000;

11396;2016.12.18 19:00:00;28,150;2,400;2,000;99,000;9,000;7,350;4,000;4,000;

11397;2016.12.18 20:00:00;27,746;2,500;2,000;99,000;8,000;7,350;4,000;4,000;

11398;2016.12.18 21:00:00;27,246;2,400;1,000;99,000;8,000;7,350;4,000;4,000;

11399;2016.12.18 22:00:00;26,940;2,400;2,000;99,000;8,000;7,350;4,000;4,000;

11400;2016.12.18 23:00:00;24,431;2,300;2,000;99,000;8,000;7,350;4,000;4,000;

11401;2016.12.19 00:00:00;25,904;2,100;2,000;99,000;9,000;7,333;1,000;4,000;

11402;2016.12.19 01:00:00;26,504;1,900;3,000;99,000;9,000;7,333;1,000;4,000;

11403;2016.12.19 02:00:00;25,806;2,100;2,000;99,000;9,000;7,333;1,000;4,000;

11404;2016.12.19 03:00:00;25,587;2,000;2,000;99,000;9,000;7,333;1,000;4,000;

11405;2016.12.19 04:00:00;26,058;1,500;3,000;99,000;9,000;7,333;1,000;4,000;

11406;2016.12.19 05:00:00;25,780;1,500;3,000;99,000;8,000;7,333;1,000;4,000;

11407;2016.12.19 06:00:00;25,488;1,700;2,000;99,000;8,000;7,333;1,000;4,000;

11408;2016.12.19 07:00:00;23,658;2,000;2,000;99,000;8,000;7,333;1,000;4,000;

11409;2016.12.19 08:00:00;24,200;2,400;2,000;99,000;8,000;7,333;1,000;4,000;

11410;2016.12.19 09:00:00;23,607;2,800;3,000;98,000;7,000;7,333;1,000;4,000;

11411;2016.12.19 10:00:00;23,597;3,500;3,000;96,000;8,000;7,333;1,000;4,000;

11412;2016.12.19 11:00:00;22,583;3,800;3,000;92,000;8,000;7,333;1,000;4,000;

11413;2016.12.19 12:00:00;23,464;3,800;3,000;91,000;8,000;7,333;1,000;4,000;

11414;2016.12.19 13:00:00;24,092;3,900;2,000;91,000;8,000;7,333;1,000;4,000;

11415;2016.12.19 14:00:00;24,523;3,700;3,000;90,000;8,000;7,333;1,000;4,000;

11416;2016.12.19 15:00:00;27,363;3,600;2,000;91,000;8,000;7,333;1,000;4,000;

11417;2016.12.19 16:00:00;24,613;3,600;3,000;89,000;8,000;7,333;1,000;4,000;

11418;2016.12.19 17:00:00;25,113;3,700;3,000;88,000;8,000;7,333;1,000;4,000;

11419;2016.12.19 18:00:00;25,113;3,600;2,000;89,000;8,000;7,333;1,000;4,000;

11420;2016.12.19 19:00:00;25,655;3,600;2,000;89,000;8,000;7,333;1,000;4,000;

11421;2016.12.19 20:00:00;24,960;3,500;2,000;89,000;8,000;7,333;1,000;4,000;

11422;2016.12.19 21:00:00;24,669;3,500;2,000;88,000;8,000;7,333;1,000;4,000;

11423;2016.12.19 22:00:00;24,544;3,400;2,000;88,000;8,000;7,333;1,000;4,000;

11424;2016.12.19 23:00:00;24,353;3,300;2,000;89,000;8,000;7,333;1,000;4,000;

11425;2016.12.20 00:00:00;24,906;3,400;2,000;90,000;8,000;7,333;1,000;4,000;

11426;2016.12.20 01:00:00;23,819;3,400;1,000;89,000;8,000;7,333;1,000;4,000;

11427;2016.12.20 02:00:00;23,928;3,500;2,000;88,000;8,000;7,333;1,000;4,000;

11428;2016.12.20 03:00:00;24,194;3,300;2,000;89,000;8,000;7,333;1,000;4,000;

11429;2016.12.20 04:00:00;24,544;3,100;2,000;89,000;8,000;7,333;1,000;4,000;

11430;2016.12.20 05:00:00;24,544;3,000;2,000;90,000;8,000;7,333;1,000;4,000;

11431;2016.12.20 06:00:00;24,797;2,900;2,000;89,000;8,000;7,333;1,000;4,000;

11432;2016.12.20 07:00:00;23,752;2,600;1,000;88,000;8,000;7,333;1,000;4,000;

11433;2016.12.20 08:00:00;23,613;2,400;1,000;88,000;8,000;7,333;1,000;4,000;

11434;2016.12.20 09:00:00;24,595;2,200;2,000;89,000;8,000;7,333;1,000;4,000;

11435;2016.12.20 10:00:00;25,064;2,100;2,000;91,000;8,000;7,333;1,000;4,000;

11436;2016.12.20 11:00:00;25,347;1,900;2,000;91,000;8,000;7,333;1,000;4,000;

11437;2016.12.20 12:00:00;25,051;1,600;3,000;92,000;8,000;7,333;1,000;4,000;

11438;2016.12.20 13:00:00;23,822;1,500;2,000;93,000;8,000;7,333;1,000;4,000;

11439;2016.12.20 14:00:00;26,867;1,200;3,000;93,000;8,000;7,333;1,000;4,000;

11440;2016.12.20 15:00:00;30,379;1,100;2,000;94,000;8,000;7,333;1,000;4,000;

11441;2016.12.20 16:00:00;26,252;0,800;3,000;94,000;8,000;7,333;1,000;4,000;

11442;2016.12.20 17:00:00;26,252;0,700;3,000;94,000;8,000;7,333;1,000;4,000;

11443;2016.12.20 18:00:00;28,707;0,600;2,000;94,000;8,000;7,333;1,000;4,000;

11444;2016.12.20 19:00:00;29,325;0,400;4,000;95,000;8,000;7,333;1,000;4,000;

11445;2016.12.20 20:00:00;27,801;0,300;4,000;94,000;8,000;7,333;1,000;4,000;

11446;2016.12.20 21:00:00;27,603;0,100;4,000;94,000;8,000;7,333;1,000;4,000;

11447;2016.12.20 22:00:00;27,408;0,100;4,000;94,000;7,000;7,333;1,000;4,000;

11448;2016.12.20 23:00:00;26,113;0,100;5,000;94,000;0,000;7,333;1,000;4,000;

11449;2016.12.21 00:00:00;27,162;0,300;5,000;92,000;0,000;7,333;1,000;4,000;

11450;2016.12.21 01:00:00;27,703;0,600;5,000;89,000;0,000;7,333;1,000;4,000;

11451;2016.12.21 02:00:00;27,849;1,100;5,000;85,000;0,000;7,333;1,000;4,000;

11452;2016.12.21 03:00:00;28,127;1,500;5,000;82,000;0,000;7,333;1,000;4,000;

11453;2016.12.21 04:00:00;27,711;1,100;4,000;84,000;0,000;7,333;1,000;4,000;

11454;2016.12.21 05:00:00;27,339;0,500;3,000;88,000;0,000;7,333;1,000;4,000;

11455;2016.12.21 06:00:00;28,768;0,200;2,000;89,000;0,000;7,333;1,000;4,000;

11456;2016.12.21 07:00:00;27,441;0,500;3,000;89,000;8,000;7,333;1,000;4,000;

11457;2016.12.21 08:00:00;26,421;0,500;4,000;88,000;8,000;7,333;1,000;4,000;

11458;2016.12.21 09:00:00;26,689;0,400;4,000;87,000;8,000;7,333;1,000;4,000;

11459;2016.12.21 10:00:00;26,619;0,400;4,000;86,000;8,000;7,333;1,000;4,000;

11460;2016.12.21 11:00:00;27,780;0,600;4,000;84,000;7,000;7,333;1,000;4,000;

11461;2016.12.21 12:00:00;26,458;0,700;4,000;83,000;7,000;7,333;1,000;4,000;

11462;2016.12.21 13:00:00;25,213;0,600;4,000;84,000;7,000;7,333;1,000;4,000;

11463;2016.12.21 14:00:00;28,891;0,300;4,000;86,000;1,000;7,333;1,000;4,000;

11464;2016.12.21 15:00:00;30,280;-0,100;4,000;88,000;1,000;7,333;1,000;4,000;

11465;2016.12.21 16:00:00;29,030;-0,300;4,000;90,000;7,000;7,333;1,000;4,000;

11466;2016.12.21 17:00:00;31,808;-0,200;4,000;91,000;7,000;7,333;1,000;4,000;

11467;2016.12.21 18:00:00;30,171;-0,300;3,000;92,000;7,000;7,333;1,000;4,000;

11468;2016.12.21 19:00:00;29,834;-0,400;3,000;93,000;7,000;7,333;1,000;4,000;

11469;2016.12.21 20:00:00;28,437;0,000;4,000;94,000;7,000;7,333;1,000;4,000;

11470;2016.12.21 21:00:00;28,486;0,000;4,000;94,000;4,000;7,333;1,000;4,000;

11471;2016.12.21 22:00:00;27,689;0,000;4,000;91,000;0,000;7,333;1,000;4,000;

11472;2016.12.21 23:00:00;28,731;0,000;4,000;89,000;0,000;7,333;1,000;4,000;

11473;2016.12.22 00:00:00;28,683;-0,400;4,000;89,000;0,000;7,333;1,000;4,000;

11474;2016.12.22 01:00:00;28,613;-0,600;4,000;90,000;0,000;7,333;1,000;4,000;

11475;2016.12.22 02:00:00;28,115;-0,500;3,000;89,000;0,000;7,333;1,000;4,000;

11476;2016.12.22 03:00:00;28,320;-0,600;4,000;89,000;0,000;7,333;1,000;4,000;

11477;2016.12.22 04:00:00;27,614;-0,800;3,000;90,000;0,000;7,333;1,000;4,000;

11478;2016.12.22 05:00:00;29,748;-0,800;3,000;90,000;0,000;7,333;1,000;4,000;

11479;2016.12.22 06:00:00;28,053;-0,900;3,000;90,000;0,000;7,333;1,000;4,000;

11480;2016.12.22 07:00:00;30,038;-1,200;4,000;90,000;3,000;7,333;1,000;4,000;

11481;2016.12.22 08:00:00;30,069;-1,100;3,000;89,000;5,000;7,333;1,000;4,000;

11482;2016.12.22 09:00:00;28,130;-0,600;4,000;86,000;5,000;7,333;1,000;4,000;

11483;2016.12.22 10:00:00;29,555;-0,100;4,000;87,000;8,000;7,333;1,000;4,000;

11484;2016.12.22 11:00:00;28,755;0,400;4,000;92,000;8,000;7,333;1,000;4,000;

11485;2016.12.22 12:00:00;27,212;0,300;3,000;95,000;8,000;7,333;1,000;4,000;

11486;2016.12.22 13:00:00;28,376;0,700;4,000;96,000;8,000;7,333;1,000;4,000;

11487;2016.12.22 14:00:00;27,572;1,100;3,000;96,000;8,000;7,333;1,000;4,000;

11488;2016.12.22 15:00:00;30,041;1,100;3,000;95,000;8,000;7,333;1,000;4,000;

11489;2016.12.22 16:00:00;29,200;1,100;3,000;96,000;8,000;7,333;1,000;4,000;

11490;2016.12.22 17:00:00;29,280;1,300;3,000;96,000;8,000;7,333;1,000;4,000;

11491;2016.12.22 18:00:00;27,891;1,300;3,000;96,000;8,000;7,333;1,000;4,000;

11492;2016.12.22 19:00:00;29,280;1,400;3,000;96,000;8,000;7,333;1,000;4,000;

11493;2016.12.22 20:00:00;29,169;1,400;3,000;96,000;8,000;7,333;1,000;4,000;

11494;2016.12.22 21:00:00;29,336;1,400;3,000;97,000;8,000;7,333;1,000;4,000;

11495;2016.12.22 22:00:00;27,280;1,600;3,000;98,000;8,000;7,333;1,000;4,000;

11496;2016.12.22 23:00:00;25,502;1,700;3,000;98,000;8,000;7,333;1,000;4,000;

11497;2016.12.23 00:00:00;27,724;1,800;4,000;98,000;9,000;7,333;2,000;4,000;

11498;2016.12.23 01:00:00;27,169;1,900;4,000;98,000;8,000;7,333;2,000;4,000;

11499;2016.12.23 02:00:00;26,835;2,100;4,000;98,000;8,000;7,333;2,000;4,000;

11500;2016.12.23 03:00:00;27,002;2,300;4,000;97,000;6,000;7,333;2,000;4,000;

11501;2016.12.23 04:00:00;26,780;2,300;4,000;95,000;7,000;7,333;2,000;4,000;

11502;2016.12.23 05:00:00;26,947;2,900;4,000;93,000;7,000;7,333;2,000;4,000;

11503;2016.12.23 06:00:00;26,474;3,200;4,000;92,000;8,000;7,333;2,000;4,000;

11504;2016.12.23 07:00:00;26,752;3,300;5,000;93,000;8,000;7,333;2,000;4,000;

11505;2016.12.23 08:00:00;25,169;3,700;5,000;93,000;8,000;7,333;2,000;4,000;

11506;2016.12.23 09:00:00;25,780;4,200;4,000;90,000;8,000;7,333;2,000;4,000;

11507;2016.12.23 10:00:00;24,891;4,700;6,000;88,000;7,000;7,333;2,000;4,000;

11508;2016.12.23 11:00:00;25,558;5,200;5,000;86,000;8,000;7,333;2,000;4,000;

11509;2016.12.23 12:00:00;23,946;5,600;4,000;86,000;7,000;7,333;2,000;4,000;

11510;2016.12.23 13:00:00;23,391;5,700;5,000;85,000;8,000;7,333;2,000;4,000;

11511;2016.12.23 14:00:00;23,335;5,600;4,000;86,000;7,000;7,333;2,000;4,000;

11512;2016.12.23 15:00:00;25,835;5,200;4,000;88,000;8,000;7,333;2,000;4,000;

11513;2016.12.23 16:00:00;23,557;5,100;3,000;88,000;8,000;7,333;2,000;4,000;

11514;2016.12.23 17:00:00;22,498;5,200;3,000;86,000;8,000;7,333;2,000;4,000;

11515;2016.12.23 18:00:00;24,061;4,900;3,000;87,000;8,000;7,333;2,000;4,000;

11516;2016.12.23 19:00:00;22,946;4,700;4,000;84,000;8,000;7,333;2,000;4,000;

11517;2016.12.23 20:00:00;23,897;3,900;5,000;86,000;8,000;7,333;2,000;4,000;

11518;2016.12.23 21:00:00;24,052;3,700;4,000;88,000;8,000;7,333;2,000;4,000;

11519;2016.12.23 22:00:00;23,335;4,100;4,000;84,000;8,000;7,333;2,000;4,000;

11520;2016.12.23 23:00:00;18,613;4,100;4,000;86,000;8,000;7,333;2,000;4,000;

11521;2016.12.24 00:00:00;5,667;3,700;6,000;89,000;8,000;7,333;3,000;4,000;

11522;2016.12.24 01:00:00;2,556;3,600;5,000;91,000;8,000;7,333;3,000;4,000;

11523;2016.12.24 02:00:00;13,501;3,500;6,000;90,000;8,000;7,333;3,000;4,000;

11524;2016.12.24 03:00:00;35,781;3,200;6,000;87,000;8,000;7,333;3,000;4,000;

11525;2016.12.24 04:00:00;24,280;3,200;6,000;85,000;8,000;7,333;3,000;4,000;

11526;2016.12.24 05:00:00;24,835;3,200;5,000;82,000;8,000;7,333;3,000;4,000;

11527;2016.12.24 06:00:00;25,405;2,600;5,000;87,000;8,000;7,333;3,000;4,000;

11528;2016.12.24 07:00:00;26,154;2,300;5,000;93,000;8,000;7,333;3,000;4,000;

11529;2016.12.24 08:00:00;26,113;2,600;5,000;94,000;8,000;7,333;3,000;4,000;

11530;2016.12.24 09:00:00;25,835;3,300;6,000;93,000;8,000;7,333;3,000;4,000;

11531;2016.12.24 10:00:00;24,835;4,100;5,000;92,000;8,000;7,333;3,000;4,000;

11532;2016.12.24 11:00:00;23,669;5,000;5,000;90,000;8,000;7,333;3,000;4,000;

11533;2016.12.24 12:00:00;22,002;5,200;5,000;92,000;8,000;7,333;3,000;4,000;

11534;2016.12.24 13:00:00;21,224;5,400;4,000;89,000;8,000;7,333;3,000;4,000;

11535;2016.12.24 14:00:00;21,502;5,500;4,000;89,000;8,000;7,333;3,000;4,000;

11536;2016.12.24 15:00:00;23,057;5,600;5,000;87,000;8,000;7,333;3,000;4,000;

11537;2016.12.24 16:00:00;22,523;5,500;5,000;87,000;8,000;7,333;3,000;4,000;

11538;2016.12.24 17:00:00;21,870;5,400;4,000;88,000;8,000;7,333;3,000;4,000;

11539;2016.12.24 18:00:00;23,891;4,700;5,000;92,000;8,000;7,333;3,000;4,000;

11540;2016.12.24 19:00:00;24,169;4,200;4,000;90,000;8,000;7,333;3,000;4,000;

11541;2016.12.24 20:00:00;23,488;4,300;5,000;90,000;8,000;7,333;3,000;4,000;

11542;2016.12.24 21:00:00;23,248;4,700;5,000;88,000;6,000;7,333;3,000;4,000;

11543;2016.12.24 22:00:00;21,759;5,000;4,000;85,000;7,000;7,333;3,000;4,000;

11544;2016.12.24 23:00:00;23,874;4,900;4,000;86,000;8,000;7,333;3,000;4,000;

11545;2016.12.25 00:00:00;22,826;4,500;5,000;92,000;8,000;7,350;4,000;4,000;

11546;2016.12.25 01:00:00;22,556;4,400;6,000;92,000;8,000;7,350;4,000;4,000;

11547;2016.12.25 02:00:00;18,633;4,000;6,000;91,000;8,000;7,350;4,000;4,000;

11548;2016.12.25 03:00:00;28,076;4,200;7,000;89,000;7,000;7,350;4,000;4,000;

11549;2016.12.25 04:00:00;24,638;3,900;5,000;88,000;7,000;7,350;4,000;4,000;

11550;2016.12.25 05:00:00;23,867;4,000;6,000;89,000;6,000;7,350;4,000;4,000;

11551;2016.12.25 06:00:00;23,187;3,600;5,000;88,000;4,000;7,350;4,000;4,000;

11552;2016.12.25 07:00:00;22,204;3,200;6,000;89,000;2,000;7,350;4,000;4,000;

11553;2016.12.25 08:00:00;26,835;2,400;4,000;92,000;7,000;7,350;4,000;4,000;

11554;2016.12.25 09:00:00;23,103;3,500;3,000;89,000;7,000;7,350;4,000;4,000;

11555;2016.12.25 10:00:00;24,456;4,100;5,000;89,000;8,000;7,350;4,000;4,000;

11556;2016.12.25 11:00:00;23,616;4,600;4,000;89,000;8,000;7,350;4,000;4,000;

11557;2016.12.25 12:00:00;24,373;5,100;4,000;93,000;8,000;7,350;4,000;4,000;

11558;2016.12.25 13:00:00;22,489;5,200;3,000;96,000;8,000;7,350;4,000;4,000;

11559;2016.12.25 14:00:00;23,821;5,400;3,000;97,000;8,000;7,350;4,000;4,000;

11560;2016.12.25 15:00:00;25,407;6,500;3,000;98,000;8,000;7,350;4,000;4,000;

11561;2016.12.25 16:00:00;23,208;7,700;6,000;97,000;8,000;7,350;4,000;4,000;

11562;2016.12.25 17:00:00;23,050;8,100;6,000;97,000;8,000;7,350;4,000;4,000;

11563;2016.12.25 18:00:00;22,607;9,000;7,000;97,000;8,000;7,350;4,000;4,000;

11564;2016.12.25 19:00:00;21,953;9,400;8,000;97,000;8,000;7,350;4,000;4,000;

11565;2016.12.25 20:00:00;20,719;9,700;8,000;94,000;8,000;7,350;4,000;4,000;

11566;2016.12.25 21:00:00;21,111;9,700;7,000;93,000;8,000;7,350;4,000;4,000;

11567;2016.12.25 22:00:00;17,779;10,000;7,000;91,000;8,000;7,350;4,000;4,000;

11568;2016.12.25 23:00:00;17,072;9,500;5,000;95,000;8,000;7,350;4,000;4,000;

11569;2016.12.26 00:00:00;19,284;9,300;6,000;97,000;8,000;7,350;5,000;4,000;

11570;2016.12.26 01:00:00;19,204;9,600;7,000;96,000;8,000;7,350;5,000;4,000;

11571;2016.12.26 02:00:00;17,724;9,700;6,000;95,000;8,000;7,350;5,000;4,000;

11572;2016.12.26 03:00:00;18,113;9,900;6,000;94,000;8,000;7,350;5,000;4,000;

11573;2016.12.26 04:00:00;18,001;10,000;7,000;94,000;8,000;7,350;5,000;4,000;

11574;2016.12.26 05:00:00;17,085;9,900;7,000;95,000;8,000;7,350;5,000;4,000;

11575;2016.12.26 06:00:00;17,232;10,000;7,000;95,000;8,000;7,350;5,000;4,000;

11576;2016.12.26 07:00:00;17,215;10,000;6,000;94,000;8,000;7,350;5,000;4,000;

11577;2016.12.26 08:00:00;17,085;10,400;7,000;92,000;8,000;7,350;5,000;4,000;

11578;2016.12.26 09:00:00;16,946;10,500;7,000;91,000;8,000;7,350;5,000;4,000;

11579;2016.12.26 10:00:00;17,075;10,500;6,000;90,000;8,000;7,350;5,000;4,000;

11580;2016.12.26 11:00:00;16,956;7,100;8,000;95,000;8,000;7,350;5,000;4,000;

11581;2016.12.26 12:00:00;18,057;6,300;6,000;94,000;8,000;7,350;5,000;4,000;

11582;2016.12.26 13:00:00;20,557;6,600;5,000;88,000;7,000;7,350;5,000;4,000;

11583;2016.12.26 14:00:00;19,029;6,700;7,000;84,000;3,000;7,350;5,000;4,000;

11584;2016.12.26 15:00:00;21,798;6,500;7,000;83,000;7,000;7,350;5,000;4,000;

11585;2016.12.26 16:00:00;21,122;5,600;8,000;77,000;1,000;7,350;5,000;4,000;

11586;2016.12.26 17:00:00;23,387;5,700;7,000;76,000;7,000;7,350;5,000;4,000;

11587;2016.12.26 18:00:00;23,839;4,500;8,000;73,000;6,000;7,350;5,000;4,000;

11588;2016.12.26 19:00:00;25,286;4,800;8,000;73,000;4,000;7,350;5,000;4,000;

11589;2016.12.26 20:00:00;24,979;3,400;7,000;81,000;0,000;7,350;5,000;4,000;

11590;2016.12.26 21:00:00;26,825;3,200;8,000;81,000;6,000;7,350;5,000;4,000;

11591;2016.12.26 22:00:00;25,835;3,300;8,000;79,000;7,000;7,350;5,000;4,000;

11592;2016.12.26 23:00:00;25,270;3,700;9,000;78,000;8,000;7,350;5,000;4,000;

11593;2016.12.27 00:00:00;26,818;4,300;12,000;77,000;8,000;7,367;1,000;4,000;

11594;2016.12.27 01:00:00;25,974;5,200;11,000;74,000;8,000;7,367;1,000;4,000;

11595;2016.12.27 02:00:00;25,280;5,800;12,000;74,000;7,000;7,367;1,000;4,000;

11596;2016.12.27 03:00:00;24,923;6,200;13,000;76,000;8,000;7,367;1,000;4,000;

11597;2016.12.27 04:00:00;24,516;6,700;13,000;75,000;8,000;7,367;1,000;4,000;

11598;2016.12.27 05:00:00;24,317;6,600;11,000;76,000;8,000;7,367;1,000;4,000;

11599;2016.12.27 06:00:00;23,891;6,400;10,000;75,000;7,000;7,367;1,000;4,000;

11600;2016.12.27 07:00:00;23,057;6,700;10,000;72,000;8,000;7,367;1,000;4,000;

11601;2016.12.27 08:00:00;23,196;6,700;10,000;71,000;8,000;7,367;1,000;4,000;

11602;2016.12.27 09:00:00;23,057;6,700;10,000;70,000;7,000;7,367;1,000;4,000;

11603;2016.12.27 10:00:00;22,363;6,800;9,000;69,000;4,000;7,367;1,000;4,000;

11604;2016.12.27 11:00:00;23,891;6,700;9,000;69,000;7,000;7,367;1,000;4,000;

11605;2016.12.27 12:00:00;21,668;6,800;8,000;69,000;7,000;7,367;1,000;4,000;

11606;2016.12.27 13:00:00;22,363;6,900;8,000;55,000;3,000;7,367;1,000;4,000;

11607;2016.12.27 14:00:00;23,105;6,400;8,000;55,000;1,000;7,367;1,000;4,000;

11608;2016.12.27 15:00:00;23,875;6,000;9,000;51,000;1,000;7,367;1,000;4,000;

11609;2016.12.27 16:00:00;23,442;6,000;8,000;49,000;5,000;7,367;1,000;4,000;

11610;2016.12.27 17:00:00;23,752;5,500;7,000;49,000;4,000;7,367;1,000;4,000;

11611;2016.12.27 18:00:00;24,863;5,200;8,000;50,000;2,000;7,367;1,000;4,000;

11612;2016.12.27 19:00:00;27,055;5,200;7,000;47,000;0,000;7,367;1,000;4,000;

11613;2016.12.27 20:00:00;25,675;5,200;8,000;48,000;0,000;7,367;1,000;4,000;

11614;2016.12.27 21:00:00;26,860;5,200;8,000;49,000;0,000;7,367;1,000;4,000;

11615;2016.12.27 22:00:00;26,780;4,900;8,000;50,000;0,000;7,367;1,000;4,000;

11616;2016.12.27 23:00:00;20,279;4,900;7,000;50,000;0,000;7,367;1,000;4,000;

11617;2016.12.28 00:00:00;6,056;4,300;5,000;53,000;0,000;7,367;1,000;4,000;

11618;2016.12.28 01:00:00;3,000;4,100;6,000;55,000;0,000;7,367;1,000;4,000;

11619;2016.12.28 02:00:00;15,335;4,000;6,000;57,000;0,000;7,367;1,000;4,000;

11620;2016.12.28 03:00:00;36,725;3,700;5,000;61,000;1,000;7,367;1,000;4,000;

11621;2016.12.28 04:00:00;25,724;3,700;6,000;62,000;0,000;7,367;1,000;4,000;

11622;2016.12.28 05:00:00;26,947;3,600;5,000;64,000;0,000;7,367;1,000;4,000;

11623;2016.12.28 06:00:00;27,502;3,600;5,000;65,000;0,000;7,367;1,000;4,000;

11624;2016.12.28 07:00:00;28,558;3,400;4,000;67,000;1,000;7,367;1,000;4,000;

11625;2016.12.28 08:00:00;27,447;3,500;4,000;66,000;1,000;7,367;1,000;4,000;

11626;2016.12.28 09:00:00;27,428;4,300;5,000;63,000;1,000;7,367;1,000;4,000;

11627;2016.12.28 10:00:00;27,743;4,700;5,000;63,000;1,000;7,367;1,000;4,000;

11628;2016.12.28 11:00:00;26,366;5,000;5,000;62,000;1,000;7,367;1,000;4,000;

11629;2016.12.28 12:00:00;25,916;5,000;5,000;63,000;3,000;7,367;1,000;4,000;

11630;2016.12.28 13:00:00;25,224;4,900;4,000;66,000;1,000;7,367;1,000;4,000;

11631;2016.12.28 14:00:00;24,891;4,500;4,000;67,000;2,000;7,367;1,000;4,000;

11632;2016.12.28 15:00:00;27,002;3,200;3,000;72,000;2,000;7,367;1,000;4,000;

11633;2016.12.28 16:00:00;28,307;1,500;2,000;79,000;2,000;7,367;1,000;4,000;

11634;2016.12.28 17:00:00;27,309;0,300;0,000;87,000;0,000;7,367;1,000;4,000;

11635;2016.12.28 18:00:00;28,836;-0,900;1,000;88,000;0,000;7,367;1,000;4,000;

11636;2016.12.28 19:00:00;30,780;-1,500;0,000;91,000;0,000;7,367;1,000;4,000;

11637;2016.12.28 20:00:00;31,305;-1,300;2,000;92,000;0,000;7,367;1,000;4,000;

11638;2016.12.28 21:00:00;29,978;-2,000;1,000;93,000;0,000;7,367;1,000;4,000;

11639;2016.12.28 22:00:00;29,780;-2,000;2,000;94,000;0,000;7,367;1,000;4,000;

11640;2016.12.28 23:00:00;28,411;-2,600;2,000;94,000;0,000;7,367;1,000;4,000;

11641;2016.12.29 00:00:00;32,205;-2,600;3,000;94,000;0,000;7,383;1,000;4,000;

11642;2016.12.29 01:00:00;31,114;-2,800;2,000;94,000;0,000;7,383;1,000;4,000;

11643;2016.12.29 02:00:00;31,669;-2,800;3,000;94,000;0,000;7,383;1,000;4,000;

11644;2016.12.29 03:00:00;32,003;-2,600;3,000;95,000;0,000;7,383;1,000;4,000;

11645;2016.12.29 04:00:00;31,558;-1,900;2,000;95,000;8,000;7,383;1,000;4,000;

11646;2016.12.29 05:00:00;31,336;-1,300;2,000;95,000;8,000;7,383;1,000;4,000;

11647;2016.12.29 06:00:00;29,669;-0,900;3,000;96,000;8,000;7,383;1,000;4,000;

11648;2016.12.29 07:00:00;29,947;-0,100;2,000;96,000;8,000;7,383;1,000;4,000;

11649;2016.12.29 08:00:00;28,828;1,000;2,000;97,000;8,000;7,383;1,000;4,000;

11650;2016.12.29 09:00:00;28,898;1,700;2,000;98,000;8,000;7,383;1,000;4,000;

11651;2016.12.29 10:00:00;27,891;2,200;3,000;97,000;8,000;7,383;1,000;4,000;

11652;2016.12.29 11:00:00;28,836;2,800;2,000;90,000;8,000;7,383;1,000;4,000;

11653;2016.12.29 12:00:00;27,039;3,000;3,000;87,000;8,000;7,383;1,000;4,000;

11654;2016.12.29 13:00:00;27,687;3,100;3,000;85,000;8,000;7,383;1,000;4,000;

11655;2016.12.29 14:00:00;26,484;3,200;3,000;81,000;7,000;7,383;1,000;4,000;

11656;2016.12.29 15:00:00;29,539;2,700;3,000;81,000;7,000;7,383;1,000;4,000;

11657;2016.12.29 16:00:00;28,428;2,700;2,000;79,000;7,000;7,383;1,000;4,000;

11658;2016.12.29 17:00:00;27,502;2,700;3,000;77,000;7,000;7,383;1,000;4,000;

11659;2016.12.29 18:00:00;26,947;2,600;4,000;76,000;7,000;7,383;1,000;4,000;

11660;2016.12.29 19:00:00;27,965;1,400;2,000;83,000;0,000;7,383;1,000;4,000;

11661;2016.12.29 20:00:00;28,150;0,700;2,000;86,000;0,000;7,383;1,000;4,000;

11662;2016.12.29 21:00:00;27,873;-0,100;2,000;89,000;3,000;7,383;1,000;4,000;

11663;2016.12.29 22:00:00;27,873;-0,400;2,000;91,000;6,000;7,383;1,000;4,000;

11664;2016.12.29 23:00:00;25,835;-0,700;2,000;92,000;4,000;7,383;1,000;4,000;

11665;2016.12.30 00:00:00;28,706;-0,600;2,000;93,000;0,000;7,400;2,000;4,000;

11666;2016.12.30 01:00:00;28,984;-0,900;2,000;93,000;0,000;7,400;2,000;4,000;

11667;2016.12.30 02:00:00;28,428;-0,900;3,000;94,000;0,000;7,400;2,000;4,000;

11668;2016.12.30 03:00:00;28,521;-0,700;2,000;93,000;0,000;7,400;2,000;4,000;

11669;2016.12.30 04:00:00;28,891;-0,600;2,000;92,000;0,000;7,400;2,000;4,000;

11670;2016.12.30 05:00:00;28,336;-0,800;2,000;93,000;0,000;7,400;2,000;4,000;

11671;2016.12.30 06:00:00;27,595;-0,800;2,000;93,000;0,000;7,400;2,000;4,000;

11672;2016.12.30 07:00:00;28,613;-0,900;3,000;93,000;6,000;7,400;2,000;4,000;

11673;2016.12.30 08:00:00;27,132;0,100;3,000;87,000;6,000;7,400;2,000;4,000;

11674;2016.12.30 09:00:00;27,132;0,800;4,000;85,000;5,000;7,400;2,000;4,000;

11675;2016.12.30 10:00:00;27,780;2,200;4,000;78,000;2,000;7,400;2,000;4,000;

11676;2016.12.30 11:00:00;28,521;2,800;4,000;75,000;3,000;7,400;2,000;4,000;

11677;2016.12.30 12:00:00;27,901;4,000;4,000;71,000;2,000;7,400;2,000;4,000;

11678;2016.12.30 13:00:00;26,455;3,900;4,000;69,000;2,000;7,400;2,000;4,000;

11679;2016.12.30 14:00:00;25,187;3,500;4,000;71,000;2,000;7,400;2,000;4,000;

11680;2016.12.30 15:00:00;27,899;2,200;2,000;76,000;3,000;7,400;2,000;4,000;

11681;2016.12.30 16:00:00;28,217;1,400;3,000;81,000;1,000;7,400;2,000;4,000;

11682;2016.12.30 17:00:00;27,410;1,100;3,000;84,000;0,000;7,400;2,000;4,000;

11683;2016.12.30 18:00:00;27,317;1,000;4,000;85,000;0,000;7,400;2,000;4,000;

11684;2016.12.30 19:00:00;28,440;0,500;3,000;85,000;0,000;7,400;2,000;4,000;

11685;2016.12.30 20:00:00;30,130;0,300;3,000;85,000;0,000;7,400;2,000;4,000;

11686;2016.12.30 21:00:00;28,487;0,200;3,000;84,000;0,000;7,400;2,000;4,000;

11687;2016.12.30 22:00:00;29,712;0,000;2,000;85,000;0,000;7,400;2,000;4,000;

11688;2016.12.30 23:00:00;21,483;-1,000;2,000;89,000;0,000;7,400;2,000;4,000;

11689;2016.12.31 00:00:00;6,575;-0,200;3,000;89,000;7,000;7,417;3,000;4,000;

11690;2016.12.31 01:00:00;3,148;0,200;4,000;90,000;8,000;7,417;3,000;4,000;

11691;2016.12.31 02:00:00;1,574;0,000;3,000;94,000;8,000;7,417;3,000;4,000;

11692;2016.12.31 03:00:00;12,686;0,000;4,000;96,000;8,000;7,417;3,000;4,000;

11693;2016.12.31 04:00:00;40,281;-0,100;3,000;97,000;8,000;7,417;3,000;4,000;

11694;2016.12.31 05:00:00;29,632;0,000;4,000;98,000;8,000;7,417;3,000;4,000;

11695;2016.12.31 06:00:00;29,169;0,000;3,000;97,000;8,000;7,417;3,000;4,000;

11696;2016.12.31 07:00:00;29,447;0,000;3,000;97,000;8,000;7,417;3,000;4,000;

11697;2016.12.31 08:00:00;28,428;0,100;3,000;98,000;9,000;7,417;3,000;4,000;

11698;2016.12.31 09:00:00;27,780;0,100;3,000;98,000;9,000;7,417;3,000;4,000;

11699;2016.12.31 10:00:00;27,780;0,200;4,000;98,000;9,000;7,417;3,000;4,000;

11700;2016.12.31 11:00:00;28,428;0,300;4,000;98,000;9,000;7,417;3,000;4,000;

11701;2016.12.31 12:00:00;30,095;0,300;3,000;98,000;9,000;7,417;3,000;4,000;

11702;2016.12.31 13:00:00;27,242;0,600;3,000;99,000;9,000;7,417;3,000;4,000;

11703;2016.12.31 14:00:00;29,948;0,700;4,000;99,000;9,000;7,417;3,000;4,000;

11704;2016.12.31 15:00:00;31,895;0,600;4,000;99,000;9,000;7,417;3,000;4,000;

11705;2016.12.31 16:00:00;30,462;0,700;4,000;99,000;8,000;7,417;3,000;4,000;

11706;2016.12.31 17:00:00;29,187;0,600;4,000;99,000;9,000;7,417;3,000;4,000;

11707;2016.12.31 18:00:00;30,447;0,700;5,000;99,000;9,000;7,417;3,000;4,000;

11708;2016.12.31 19:00:00;30,280;1,000;4,000;99,000;8,000;7,417;3,000;4,000;

11709;2016.12.31 20:00:00;28,984;1,300;4,000;99,000;8,000;7,417;3,000;4,000;

11710;2016.12.31 21:00:00;28,428;1,300;4,000;99,000;8,000;7,417;3,000;4,000;

11711;2016.12.31 22:00:00;27,780;1,300;4,000;99,000;8,000;7,417;3,000;4,000;

11712;2016.12.31 23:00:00;25,465;1,400;4,000;99,000;8,000;7,417;3,000;4,000;

11713;2017.01.01 00:00:00;27,873;1,400;5,000;99,000;8,000;7,433;4,000;4,000;

11714;2017.01.01 01:00:00;27,444;1,700;4,000;99,000;8,000;7,433;4,000;4,000;

11715;2017.01.01 02:00:00;27,400;2,200;4,000;99,000;8,000;7,433;4,000;4,000;

11716;2017.01.01 03:00:00;26,209;2,400;4,000;99,000;8,000;7,433;4,000;4,000;

11717;2017.01.01 04:00:00;25,436;2,800;5,000;99,000;8,000;7,433;4,000;4,000;

11718;2017.01.01 05:00:00;26,298;3,200;5,000;98,000;8,000;7,433;4,000;4,000;

11719;2017.01.01 06:00:00;26,113;3,400;5,000;97,000;8,000;7,433;4,000;4,000;

11720;2017.01.01 07:00:00;26,391;3,500;5,000;95,000;8,000;7,433;4,000;4,000;

11721;2017.01.01 08:00:00;25,280;3,600;5,000;94,000;8,000;7,433;4,000;4,000;

11722;2017.01.01 09:00:00;24,632;3,900;5,000;92,000;8,000;7,433;4,000;4,000;

11723;2017.01.01 10:00:00;23,428;4,200;4,000;90,000;8,000;7,433;4,000;4,000;

11724;2017.01.01 11:00:00;24,539;4,400;5,000;89,000;8,000;7,433;4,000;4,000;

11725;2017.01.01 12:00:00;24,076;4,500;4,000;90,000;8,000;7,433;4,000;4,000;

11726;2017.01.01 13:00:00;26,761;4,500;4,000;89,000;8,000;7,433;4,000;4,000;

11727;2017.01.01 14:00:00;25,187;4,100;4,000;93,000;8,000;7,433;4,000;4,000;

11728;2017.01.01 15:00:00;26,761;4,100;4,000;95,000;8,000;7,433;4,000;4,000;

11729;2017.01.01 16:00:00;25,465;4,000;5,000;96,000;8,000;7,433;4,000;4,000;

11730;2017.01.01 17:00:00;26,021;4,000;4,000;94,000;8,000;7,433;4,000;4,000;

11731;2017.01.01 18:00:00;26,206;3,800;5,000;96,000;8,000;7,433;4,000;4,000;

11732;2017.01.01 19:00:00;25,835;3,700;4,000;96,000;8,000;7,433;4,000;4,000;

11733;2017.01.01 20:00:00;25,650;3,700;5,000;95,000;8,000;7,433;4,000;4,000;

11734;2017.01.01 21:00:00;25,465;3,700;5,000;95,000;8,000;7,433;4,000;4,000;

11735;2017.01.01 22:00:00;24,724;3,500;4,000;96,000;8,000;7,433;4,000;4,000;

11736;2017.01.01 23:00:00;23,798;3,200;5,000;95,000;8,000;7,433;4,000;4,000;

11737;2017.01.02 00:00:00;24,724;2,900;3,000;96,000;8,000;7,483;1,000;4,000;

11738;2017.01.02 01:00:00;25,928;2,800;3,000;94,000;8,000;7,483;1,000;4,000;

11739;2017.01.02 02:00:00;24,724;2,900;3,000;96,000;8,000;7,483;1,000;4,000;

11740;2017.01.02 03:00:00;24,261;2,900;3,000;96,000;8,000;7,483;1,000;4,000;

11741;2017.01.02 04:00:00;24,724;3,200;4,000;95,000;8,000;7,483;1,000;4,000;

11742;2017.01.02 05:00:00;25,187;3,200;4,000;95,000;7,000;7,483;1,000;4,000;

11743;2017.01.02 06:00:00;24,539;2,600;4,000;91,000;4,000;7,483;1,000;4,000;

11744;2017.01.02 07:00:00;25,372;3,100;4,000;87,000;6,000;7,483;1,000;4,000;

11745;2017.01.02 08:00:00;24,632;2,700;4,000;86,000;7,000;7,483;1,000;4,000;

11746;2017.01.02 09:00:00;25,002;3,200;4,000;83,000;6,000;7,483;1,000;4,000;

11747;2017.01.02 10:00:00;27,039;2,000;5,000;90,000;7,000;7,483;1,000;4,000;

11748;2017.01.02 11:00:00;27,132;1,300;7,000;87,000;7,000;7,483;1,000;4,000;

11749;2017.01.02 12:00:00;26,261;2,500;5,000;72,000;4,000;7,483;1,000;4,000;

11750;2017.01.02 13:00:00;26,984;2,700;6,000;73,000;5,000;7,483;1,000;4,000;

11751;2017.01.02 14:00:00;28,521;2,200;4,000;70,000;5,000;7,483;1,000;4,000;

11752;2017.01.02 15:00:00;31,021;1,700;4,000;71,000;5,000;7,483;1,000;4,000;

11753;2017.01.02 16:00:00;29,887;1,500;4,000;73,000;5,000;7,483;1,000;4,000;

11754;2017.01.02 17:00:00;31,970;0,800;3,000;75,000;1,000;7,483;1,000;4,000;

11755;2017.01.02 18:00:00;28,799;0,500;3,000;74,000;1,000;7,483;1,000;4,000;

11756;2017.01.02 19:00:00;29,058;1,100;4,000;66,000;1,000;7,483;1,000;4,000;

11757;2017.01.02 20:00:00;30,854;1,600;4,000;61,000;0,000;7,483;1,000;4,000;

11758;2017.01.02 21:00:00;29,910;1,900;4,000;62,000;1,000;7,483;1,000;4,000;

11759;2017.01.02 22:00:00;30,280;1,600;4,000;65,000;1,000;7,483;1,000;4,000;

11760;2017.01.02 23:00:00;29,262;0,800;4,000;81,000;8,000;7,483;1,000;4,000;

11761;2017.01.03 00:00:00;30,836;0,000;2,000;88,000;4,000;7,500;1,000;4,000;

11762;2017.01.03 01:00:00;31,137;-0,800;4,000;92,000;1,000;7,500;1,000;4,000;

11763;2017.01.03 02:00:00;32,387;-1,200;4,000;93,000;4,000;7,500;1,000;4,000;

11764;2017.01.03 03:00:00;31,114;-1,000;4,000;94,000;8,000;7,500;1,000;4,000;

11765;2017.01.03 04:00:00;30,743;-0,800;3,000;94,000;8,000;7,500;1,000;4,000;

11766;2017.01.03 05:00:00;31,484;-0,200;4,000;94,000;8,000;7,500;1,000;4,000;

11767;2017.01.03 06:00:00;30,928;0,100;4,000;93,000;8,000;7,500;1,000;4,000;

11768;2017.01.03 07:00:00;30,651;-0,200;3,000;94,000;8,000;7,500;1,000;4,000;

11769;2017.01.03 08:00:00;28,718;0,200;3,000;93,000;7,000;7,500;1,000;4,000;

11770;2017.01.03 09:00:00;28,620;0,800;4,000;92,000;7,000;7,500;1,000;4,000;

11771;2017.01.03 10:00:00;29,669;1,000;3,000;92,000;8,000;7,500;1,000;4,000;

11772;2017.01.03 11:00:00;30,169;0,900;4,000;94,000;8,000;7,500;1,000;4,000;

11773;2017.01.03 12:00:00;29,891;0,900;4,000;96,000;8,000;7,500;1,000;4,000;

11774;2017.01.03 13:00:00;29,534;1,900;4,000;96,000;8,000;7,500;1,000;4,000;

11775;2017.01.03 14:00:00;29,619;2,200;4,000;97,000;8,000;7,500;1,000;4,000;

11776;2017.01.03 15:00:00;30,002;2,000;5,000;95,000;8,000;7,500;1,000;4,000;

11777;2017.01.03 16:00:00;28,336;2,000;4,000;96,000;8,000;7,500;1,000;4,000;

11778;2017.01.03 17:00:00;28,891;2,400;5,000;95,000;8,000;7,500;1,000;4,000;

11779;2017.01.03 18:00:00;29,632;3,300;8,000;93,000;8,000;7,500;1,000;4,000;

11780;2017.01.03 19:00:00;29,725;3,700;8,000;95,000;8,000;7,500;1,000;4,000;

11781;2017.01.03 20:00:00;27,780;4,200;8,000;95,000;8,000;7,500;1,000;4,000;

11782;2017.01.03 21:00:00;26,576;5,100;8,000;93,000;8,000;7,500;1,000;4,000;

11783;2017.01.03 22:00:00;26,669;5,200;8,000;91,000;8,000;7,500;1,000;4,000;

11784;2017.01.03 23:00:00;24,817;5,000;7,000;74,000;7,000;7,500;1,000;4,000;

11785;2017.01.04 00:00:00;25,835;4,200;7,000;79,000;8,000;7,517;1,000;4,000;

11786;2017.01.04 01:00:00;25,309;4,500;8,000;77,000;7,000;7,517;1,000;4,000;

11787;2017.01.04 02:00:00;26,084;4,100;9,000;69,000;7,000;7,517;1,000;4,000;

11788;2017.01.04 03:00:00;25,558;2,800;9,000;78,000;7,000;7,517;1,000;4,000;

11789;2017.01.04 04:00:00;24,696;3,200;7,000;75,000;4,000;7,517;1,000;4,000;

11790;2017.01.04 05:00:00;28,602;3,100;6,000;84,000;7,000;7,517;1,000;4,000;

11791;2017.01.04 06:00:00;26,899;3,100;8,000;85,000;7,000;7,517;1,000;4,000;

11792;2017.01.04 07:00:00;25,830;3,000;7,000;89,000;8,000;7,517;1,000;4,000;

11793;2017.01.04 08:00:00;25,060;2,400;7,000;93,000;7,000;7,517;1,000;4,000;

11794;2017.01.04 09:00:00;26,981;3,500;7,000;84,000;6,000;7,517;1,000;4,000;

11795;2017.01.04 10:00:00;27,224;2,800;9,000;74,000;8,000;7,517;1,000;4,000;

11796;2017.01.04 11:00:00;28,780;1,400;9,000;92,000;8,000;7,517;1,000;4,000;

11797;2017.01.04 12:00:00;32,892;1,300;9,000;96,000;8,000;7,517;1,000;4,000;

11798;2017.01.04 13:00:00;31,391;1,700;10,000;86,000;8,000;7,517;1,000;4,000;

11799;2017.01.04 14:00:00;32,225;2,000;8,000;74,000;8,000;7,517;1,000;4,000;

11800;2017.01.04 15:00:00;32,873;2,000;9,000;67,000;8,000;7,517;1,000;4,000;

11801;2017.01.04 16:00:00;32,873;1,300;10,000;75,000;8,000;7,517;1,000;4,000;

11802;2017.01.04 17:00:00;31,854;1,100;9,000;75,000;8,000;7,517;1,000;4,000;

11803;2017.01.04 18:00:00;32,780;1,000;9,000;64,000;8,000;7,517;1,000;4,000;

11804;2017.01.04 19:00:00;33,429;0,500;10,000;66,000;8,000;7,517;1,000;4,000;

11805;2017.01.04 20:00:00;32,873;0,600;10,000;62,000;8,000;7,517;1,000;4,000;

11806;2017.01.04 21:00:00;31,606;0,200;8,000;63,000;8,000;7,517;1,000;4,000;

11807;2017.01.04 22:00:00;31,362;-0,800;7,000;75,000;8,000;7,517;1,000;4,000;

11808;2017.01.04 23:00:00;29,076;-1,000;8,000;73,000;8,000;7,517;1,000;4,000;

11809;2017.01.05 00:00:00;33,058;-0,800;6,000;50,000;2,000;7,550;1,000;4,000;

11810;2017.01.05 01:00:00;31,577;-1,200;5,000;63,000;8,000;7,550;1,000;4,000;

11811;2017.01.05 02:00:00;31,577;-2,600;5,000;89,000;8,000;7,550;1,000;4,000;

11812;2017.01.05 03:00:00;33,058;-1,500;7,000;66,000;8,000;7,550;1,000;4,000;

11813;2017.01.05 04:00:00;34,077;-2,200;7,000;57,000;5,000;7,550;1,000;4,000;

11814;2017.01.05 05:00:00;34,077;-2,700;6,000;54,000;4,000;7,550;1,000;4,000;

11815;2017.01.05 06:00:00;36,855;-3,200;6,000;54,000;2,000;7,550;1,000;4,000;

11816;2017.01.05 07:00:00;36,114;-3,300;6,000;52,000;6,000;7,550;1,000;4,000;

11817;2017.01.05 08:00:00;35,558;-3,200;5,000;52,000;7,000;7,550;1,000;4,000;

11818;2017.01.05 09:00:00;33,892;-3,000;5,000;48,000;7,000;7,550;1,000;4,000;

11819;2017.01.05 10:00:00;35,373;-2,900;7,000;43,000;3,000;7,550;1,000;4,000;

11820;2017.01.05 11:00:00;33,782;-3,200;6,000;56,000;7,000;7,550;1,000;4,000;

11821;2017.01.05 12:00:00;37,057;-3,400;6,000;53,000;5,000;7,550;1,000;4,000;

11822;2017.01.05 13:00:00;35,095;-2,900;6,000;55,000;6,000;7,550;1,000;4,000;

11823;2017.01.05 14:00:00;37,133;-3,200;5,000;47,000;3,000;7,550;1,000;4,000;

11824;2017.01.05 15:00:00;38,522;-3,300;5,000;46,000;3,000;7,550;1,000;4,000;

11825;2017.01.05 16:00:00;36,484;-3,500;3,000;46,000;4,000;7,550;1,000;4,000;

11826;2017.01.05 17:00:00;37,596;-3,300;5,000;44,000;5,000;7,550;1,000;4,000;

11827;2017.01.05 18:00:00;37,225;-4,200;5,000;82,000;8,000;7,550;1,000;4,000;

11828;2017.01.05 19:00:00;37,781;-3,500;4,000;50,000;8,000;7,550;1,000;4,000;

11829;2017.01.05 20:00:00;36,670;-3,500;4,000;48,000;4,000;7,550;1,000;4,000;

11830;2017.01.05 21:00:00;35,836;-3,600;4,000;46,000;3,000;7,550;1,000;4,000;

11831;2017.01.05 22:00:00;35,744;-3,200;5,000;47,000;6,000;7,550;1,000;4,000;

11832;2017.01.05 23:00:00;37,596;-3,100;4,000;50,000;7,000;7,550;1,000;4,000;

11833;2017.01.06 00:00:00;38,429;-4,400;3,000;81,000;7,000;7,583;5,000;4,000;

11834;2017.01.06 01:00:00;37,781;-4,900;4,000;87,000;8,000;7,583;5,000;4,000;

11835;2017.01.06 02:00:00;37,781;-4,600;4,000;88,000;8,000;7,583;5,000;4,000;

11836;2017.01.06 03:00:00;39,262;-5,100;2,000;87,000;8,000;7,583;5,000;4,000;

11837;2017.01.06 04:00:00;36,855;-5,100;2,000;88,000;8,000;7,583;5,000;4,000;

11838;2017.01.06 05:00:00;37,966;-5,400;2,000;86,000;8,000;7,583;5,000;4,000;

11839;2017.01.06 06:00:00;36,947;-5,400;1,000;90,000;8,000;7,583;5,000;4,000;

11840;2017.01.06 07:00:00;37,040;-5,500;1,000;90,000;6,000;7,583;5,000;4,000;

11841;2017.01.06 08:00:00;37,410;-5,600;1,000;91,000;8,000;7,583;5,000;4,000;

11842;2017.01.06 09:00:00;38,799;-4,900;1,000;86,000;7,000;7,583;5,000;4,000;

11843;2017.01.06 10:00:00;36,299;-4,600;3,000;73,000;3,000;7,583;5,000;4,000;

11844;2017.01.06 11:00:00;36,577;-4,400;2,000;64,000;1,000;7,583;5,000;4,000;

11845;2017.01.06 12:00:00;36,021;-4,900;2,000;68,000;6,000;7,583;5,000;4,000;

11846;2017.01.06 13:00:00;37,318;-4,100;1,000;64,000;1,000;7,583;5,000;4,000;

11847;2017.01.06 14:00:00;39,096;-4,500;2,000;65,000;2,000;7,583;5,000;4,000;

11848;2017.01.06 15:00:00;38,992;-5,800;2,000;68,000;5,000;7,583;5,000;4,000;

11849;2017.01.06 16:00:00;38,943;-6,400;1,000;71,000;5,000;7,583;5,000;4,000;

11850;2017.01.06 17:00:00;41,539;-7,100;2,000;74,000;7,000;7,583;5,000;4,000;

11851;2017.01.06 18:00:00;43,853;-7,800;2,000;81,000;7,000;7,583;5,000;4,000;

11852;2017.01.06 19:00:00;40,837;-8,200;2,000;83,000;7,000;7,583;5,000;4,000;

11853;2017.01.06 20:00:00;41,350;-7,700;2,000;79,000;7,000;7,583;5,000;4,000;

11854;2017.01.06 21:00:00;40,244;-7,000;2,000;75,000;7,000;7,583;5,000;4,000;

11855;2017.01.06 22:00:00;40,215;-6,600;3,000;73,000;7,000;7,583;5,000;4,000;

11856;2017.01.06 23:00:00;35,037;-6,200;3,000;72,000;8,000;7,583;5,000;4,000;

11857;2017.01.07 00:00:00;38,232;-5,800;3,000;74,000;8,000;7,600;3,000;4,000;

11858;2017.01.07 01:00:00;38,517;-6,100;3,000;78,000;8,000;7,600;3,000;4,000;

11859;2017.01.07 02:00:00;38,096;-6,000;3,000;85,000;7,000;7,600;3,000;4,000;

11860;2017.01.07 03:00:00;37,269;-6,300;3,000;86,000;8,000;7,600;3,000;4,000;

11861;2017.01.07 04:00:00;38,290;-6,500;3,000;86,000;8,000;7,600;3,000;4,000;

11862;2017.01.07 05:00:00;39,262;-7,000;3,000;84,000;7,000;7,600;3,000;4,000;

11863;2017.01.07 06:00:00;40,003;-6,500;3,000;76,000;8,000;7,600;3,000;4,000;

11864;2017.01.07 07:00:00;34,815;-6,400;3,000;71,000;8,000;7,600;3,000;4,000;

11865;2017.01.07 08:00:00;43,339;-6,300;3,000;71,000;8,000;7,600;3,000;4,000;

11866;2017.01.07 09:00:00;39,725;-5,900;4,000;67,000;8,000;7,600;3,000;4,000;

11867;2017.01.07 10:00:00;36,947;-5,400;4,000;63,000;8,000;7,600;3,000;4,000;

11868;2017.01.07 11:00:00;39,540;-5,100;4,000;58,000;8,000;7,600;3,000;4,000;

11869;2017.01.07 12:00:00;35,651;-5,000;5,000;61,000;8,000;7,600;3,000;4,000;

11870;2017.01.07 13:00:00;34,447;-5,600;6,000;77,000;8,000;7,600;3,000;4,000;

11871;2017.01.07 14:00:00;37,040;-5,900;5,000;86,000;8,000;7,600;3,000;4,000;

11872;2017.01.07 15:00:00;39,540;-5,900;4,000;88,000;8,000;7,600;3,000;4,000;

11873;2017.01.07 16:00:00;35,558;-5,800;4,000;88,000;8,000;7,600;3,000;4,000;

11874;2017.01.07 17:00:00;42,874;-5,500;4,000;86,000;8,000;7,600;3,000;4,000;

11875;2017.01.07 18:00:00;37,410;-5,300;3,000;85,000;8,000;7,600;3,000;4,000;

11876;2017.01.07 19:00:00;36,670;-5,100;3,000;83,000;8,000;7,600;3,000;4,000;

11877;2017.01.07 20:00:00;36,021;-5,100;3,000;82,000;8,000;7,600;3,000;4,000;

11878;2017.01.07 21:00:00;36,207;-5,000;3,000;83,000;8,000;7,600;3,000;4,000;

11879;2017.01.07 22:00:00;37,215;-5,000;2,000;84,000;8,000;7,600;3,000;4,000;

11880;2017.01.07 23:00:00;32,777;-5,000;3,000;85,000;8,000;7,600;3,000;4,000;

11881;2017.01.08 00:00:00;40,377;-5,100;2,000;86,000;8,000;7,650;4,000;4,000;

11882;2017.01.08 01:00:00;37,976;-5,100;2,000;86,000;8,000;7,650;4,000;4,000;

11883;2017.01.08 02:00:00;36,947;-5,200;2,000;86,000;8,000;7,650;4,000;4,000;

11884;2017.01.08 03:00:00;36,114;-5,700;2,000;86,000;2,000;7,650;4,000;4,000;

11885;2017.01.08 04:00:00;36,484;-5,400;2,000;86,000;8,000;7,650;4,000;4,000;

11886;2017.01.08 05:00:00;37,318;-5,400;1,000;85,000;8,000;7,650;4,000;4,000;

11887;2017.01.08 06:00:00;38,059;-5,400;2,000;84,000;8,000;7,650;4,000;4,000;

11888;2017.01.08 07:00:00;38,151;-5,600;1,000;85,000;8,000;7,650;4,000;4,000;

11889;2017.01.08 08:00:00;40,559;-5,400;1,000;85,000;8,000;7,650;4,000;4,000;

11890;2017.01.08 09:00:00;38,151;-6,400;3,000;86,000;8,000;7,650;4,000;4,000;

11891;2017.01.08 10:00:00;39,633;-6,400;4,000;87,000;7,000;7,650;4,000;4,000;

11892;2017.01.08 11:00:00;36,299;-6,000;3,000;85,000;8,000;7,650;4,000;4,000;

11893;2017.01.08 12:00:00;37,133;-5,900;2,000;85,000;8,000;7,650;4,000;4,000;

11894;2017.01.08 13:00:00;36,114;-5,900;2,000;85,000;7,000;7,650;4,000;4,000;

11895;2017.01.08 14:00:00;34,818;-5,800;2,000;84,000;8,000;7,650;4,000;4,000;

11896;2017.01.08 15:00:00;38,892;-6,300;2,000;86,000;8,000;7,650;4,000;4,000;

11897;2017.01.08 16:00:00;36,670;-7,300;1,000;88,000;8,000;7,650;4,000;4,000;

11898;2017.01.08 17:00:00;37,596;-7,100;1,000;91,000;8,000;7,650;4,000;4,000;

11899;2017.01.08 18:00:00;39,170;-6,500;3,000;91,000;8,000;7,650;4,000;4,000;

11900;2017.01.08 19:00:00;36,947;-6,300;3,000;91,000;8,000;7,650;4,000;4,000;

11901;2017.01.08 20:00:00;36,855;-6,300;3,000;92,000;8,000;7,650;4,000;4,000;

11902;2017.01.08 21:00:00;34,725;-6,300;3,000;92,000;8,000;7,650;4,000;4,000;

11903;2017.01.08 22:00:00;36,346;-6,200;3,000;91,000;8,000;7,650;4,000;4,000;

11904;2017.01.08 23:00:00;33,880;-6,200;2,000;91,000;8,000;7,650;4,000;4,000;

11905;2017.01.09 00:00:00;34,164;-5,900;3,000;91,000;8,000;7,683;1,000;4,000;

11906;2017.01.09 01:00:00;33,949;-5,700;3,000;91,000;8,000;7,683;1,000;4,000;

11907;2017.01.09 02:00:00;34,796;-5,400;3,000;90,000;8,000;7,683;1,000;4,000;

11908;2017.01.09 03:00:00;34,534;-5,000;3,000;89,000;8,000;7,683;1,000;4,000;

11909;2017.01.09 04:00:00;34,474;-4,700;3,000;89,000;8,000;7,683;1,000;4,000;

11910;2017.01.09 05:00:00;33,250;-4,300;3,000;89,000;8,000;7,683;1,000;4,000;

11911;2017.01.09 06:00:00;33,521;-3,700;2,000;88,000;8,000;7,683;1,000;4,000;

11912;2017.01.09 07:00:00;33,336;-3,300;2,000;89,000;8,000;7,683;1,000;4,000;

11913;2017.01.09 08:00:00;31,021;-2,500;3,000;88,000;8,000;7,683;1,000;4,000;

11914;2017.01.09 09:00:00;34,563;-2,200;4,000;90,000;7,000;7,683;1,000;4,000;

11915;2017.01.09 10:00:00;30,442;-1,700;4,000;87,000;7,000;7,683;1,000;4,000;

11916;2017.01.09 11:00:00;29,388;-0,900;4,000;83,000;7,000;7,683;1,000;4,000;

11917;2017.01.09 12:00:00;31,080;-0,300;4,000;78,000;7,000;7,683;1,000;4,000;

11918;2017.01.09 13:00:00;29,447;-0,300;3,000;79,000;7,000;7,683;1,000;4,000;

11919;2017.01.09 14:00:00;30,465;-0,700;2,000;83,000;7,000;7,683;1,000;4,000;

11920;2017.01.09 15:00:00;31,114;-0,900;3,000;84,000;8,000;7,683;1,000;4,000;

11921;2017.01.09 16:00:00;30,836;-1,000;3,000;84,000;7,000;7,683;1,000;4,000;

11922;2017.01.09 17:00:00;32,005;-1,400;2,000;85,000;8,000;7,683;1,000;4,000;

11923;2017.01.09 18:00:00;31,519;-0,900;3,000;83,000;8,000;7,683;1,000;4,000;

11924;2017.01.09 19:00:00;30,566;-1,000;3,000;78,000;7,000;7,683;1,000;4,000;

11925;2017.01.09 20:00:00;31,386;-1,100;3,000;77,000;7,000;7,683;1,000;4,000;

11926;2017.01.09 21:00:00;31,261;-1,200;3,000;75,000;7,000;7,683;1,000;4,000;

11927;2017.01.09 22:00:00;30,297;-1,500;3,000;77,000;8,000;7,683;1,000;4,000;

11928;2017.01.09 23:00:00;29,429;-1,500;3,000;77,000;8,000;7,683;1,000;4,000;

11929;2017.01.10 00:00:00;30,455;-2,000;4,000;78,000;8,000;7,717;1,000;4,000;

11930;2017.01.10 01:00:00;31,739;-2,500;4,000;81,000;8,000;7,717;1,000;4,000;

11931;2017.01.10 02:00:00;30,072;-2,500;3,000;83,000;8,000;7,717;1,000;4,000;

11932;2017.01.10 03:00:00;30,836;-2,500;3,000;83,000;8,000;7,717;1,000;4,000;

11933;2017.01.10 04:00:00;30,697;-2,300;4,000;83,000;8,000;7,717;1,000;4,000;

11934;2017.01.10 05:00:00;31,253;-2,200;4,000;83,000;8,000;7,717;1,000;4,000;

11935;2017.01.10 06:00:00;31,252;-2,100;4,000;82,000;8,000;7,717;1,000;4,000;

11936;2017.01.10 07:00:00;30,340;-2,100;5,000;79,000;8,000;7,717;1,000;4,000;

11937;2017.01.10 08:00:00;30,536;-2,500;4,000;79,000;0,000;7,717;1,000;4,000;

11938;2017.01.10 09:00:00;33,354;-2,300;5,000;78,000;0,000;7,717;1,000;4,000;

11939;2017.01.10 10:00:00;32,466;-2,000;5,000;76,000;0,000;7,717;1,000;4,000;

11940;2017.01.10 11:00:00;31,067;-1,800;5,000;73,000;0,000;7,717;1,000;4,000;

11941;2017.01.10 12:00:00;31,475;-1,300;5,000;69,000;0,000;7,717;1,000;4,000;

11942;2017.01.10 13:00:00;32,011;-1,200;5,000;68,000;0,000;7,717;1,000;4,000;

11943;2017.01.10 14:00:00;32,145;-1,500;4,000;67,000;0,000;7,717;1,000;4,000;

11944;2017.01.10 15:00:00;33,023;-2,400;4,000;66,000;0,000;7,717;1,000;4,000;

11945;2017.01.10 16:00:00;33,322;-3,600;4,000;70,000;0,000;7,717;1,000;4,000;

11946;2017.01.10 17:00:00;34,762;-4,600;4,000;72,000;0,000;7,717;1,000;4,000;

11947;2017.01.10 18:00:00;35,781;-5,100;4,000;74,000;0,000;7,717;1,000;4,000;

11948;2017.01.10 19:00:00;37,114;-5,700;4,000;75,000;0,000;7,717;1,000;4,000;

11949;2017.01.10 20:00:00;35,503;-6,000;4,000;75,000;0,000;7,717;1,000;4,000;

11950;2017.01.10 21:00:00;36,392;-6,400;3,000;76,000;0,000;7,717;1,000;4,000;

11951;2017.01.10 22:00:00;37,336;-6,700;3,000;76,000;0,000;7,717;1,000;4,000;

11952;2017.01.10 23:00:00;31,891;-7,100;3,000;78,000;0,000;7,717;1,000;4,000;

11953;2017.01.11 00:00:00;37,503;-7,200;4,000;78,000;0,000;7,750;1,000;4,000;

11954;2017.01.11 01:00:00;35,336;-7,500;4,000;78,000;0,000;7,750;1,000;4,000;

11955;2017.01.11 02:00:00;36,503;-7,800;5,000;79,000;0,000;7,750;1,000;4,000;

11956;2017.01.11 03:00:00;35,670;-7,900;5,000;78,000;0,000;7,750;1,000;4,000;

11957;2017.01.11 04:00:00;37,559;-8,200;4,000;78,000;0,000;7,750;1,000;4,000;

11958;2017.01.11 05:00:00;36,336;-8,300;5,000;77,000;0,000;7,750;1,000;4,000;

11959;2017.01.11 06:00:00;36,614;-8,200;6,000;75,000;0,000;7,750;1,000;4,000;

11960;2017.01.11 07:00:00;37,725;-8,200;5,000;71,000;0,000;7,750;1,000;4,000;

11961;2017.01.11 08:00:00;38,802;-7,900;6,000;65,000;0,000;7,750;1,000;4,000;

11962;2017.01.11 09:00:00;35,308;-7,000;7,000;61,000;1,000;7,750;1,000;4,000;

11963;2017.01.11 10:00:00;37,380;-6,000;7,000;58,000;3,000;7,750;1,000;4,000;

11964;2017.01.11 11:00:00;35,667;-4,900;7,000;61,000;6,000;7,750;1,000;4,000;

11965;2017.01.11 12:00:00;35,003;-3,700;7,000;63,000;6,000;7,750;1,000;4,000;

11966;2017.01.11 13:00:00;35,191;-3,200;7,000;62,000;7,000;7,750;1,000;4,000;

11967;2017.01.11 14:00:00;35,779;-3,100;7,000;63,000;8,000;7,750;1,000;4,000;

11968;2017.01.11 15:00:00;38,283;-3,100;7,000;64,000;8,000;7,750;1,000;4,000;

11969;2017.01.11 16:00:00;38,670;-3,700;8,000;85,000;8,000;7,750;1,000;4,000;

11970;2017.01.11 17:00:00;37,170;-3,900;7,000;92,000;8,000;7,750;1,000;4,000;

11971;2017.01.11 18:00:00;36,725;-3,600;7,000;92,000;8,000;7,750;1,000;4,000;

11972;2017.01.11 19:00:00;38,732;-2,600;6,000;87,000;8,000;7,750;1,000;4,000;

11973;2017.01.11 20:00:00;35,718;-2,500;5,000;90,000;8,000;7,750;1,000;4,000;

11974;2017.01.11 21:00:00;34,003;-1,700;5,000;89,000;8,000;7,750;1,000;4,000;

11975;2017.01.11 22:00:00;32,225;-1,100;4,000;91,000;8,000;7,750;1,000;4,000;

11976;2017.01.11 23:00:00;30,058;0,100;3,000;93,000;8,000;7,750;1,000;4,000;

11977;2017.01.12 00:00:00;30,947;1,700;5,000;93,000;8,000;7,800;1,000;4,000;

11978;2017.01.12 01:00:00;29,113;2,400;6,000;91,000;8,000;7,800;1,000;4,000;

11979;2017.01.12 02:00:00;28,839;2,900;6,000;88,000;8,000;7,800;1,000;4,000;

11980;2017.01.12 03:00:00;28,554;3,000;6,000;85,000;8,000;7,800;1,000;4,000;

11981;2017.01.12 04:00:00;28,391;3,100;7,000;83,000;8,000;7,800;1,000;4,000;

11982;2017.01.12 05:00:00;27,558;3,000;7,000;83,000;8,000;7,800;1,000;4,000;

11983;2017.01.12 06:00:00;28,073;2,800;7,000;83,000;7,000;7,800;1,000;4,000;

11984;2017.01.12 07:00:00;28,598;2,600;7,000;84,000;8,000;7,800;1,000;4,000;

11985;2017.01.12 08:00:00;28,570;2,800;7,000;81,000;7,000;7,800;1,000;4,000;

11986;2017.01.12 09:00:00;27,823;2,400;5,000;83,000;8,000;7,800;1,000;4,000;

11987;2017.01.12 10:00:00;26,936;2,500;6,000;81,000;7,000;7,800;1,000;4,000;

11988;2017.01.12 11:00:00;26,976;2,600;5,000;81,000;8,000;7,800;1,000;4,000;

11989;2017.01.12 12:00:00;26,706;2,700;7,000;79,000;7,000;7,800;1,000;4,000;

11990;2017.01.12 13:00:00;25,446;2,800;7,000;79,000;5,000;7,800;1,000;4,000;

11991;2017.01.12 14:00:00;25,558;2,800;5,000;81,000;7,000;7,800;1,000;4,000;

11992;2017.01.12 15:00:00;29,058;2,600;6,000;81,000;5,000;7,800;1,000;4,000;

11993;2017.01.12 16:00:00;26,419;2,400;5,000;82,000;5,000;7,800;1,000;4,000;

11994;2017.01.12 17:00:00;27,197;2,400;6,000;81,000;6,000;7,800;1,000;4,000;

11995;2017.01.12 18:00:00;30,725;1,900;5,000;84,000;1,000;7,800;1,000;4,000;

11996;2017.01.12 19:00:00;32,169;2,100;5,000;85,000;6,000;7,800;1,000;4,000;

11997;2017.01.12 20:00:00;29,836;1,700;4,000;87,000;6,000;7,800;1,000;4,000;

11998;2017.01.12 21:00:00;27,947;1,300;3,000;88,000;2,000;7,800;1,000;4,000;

11999;2017.01.12 22:00:00;27,724;1,200;4,000;89,000;5,000;7,800;1,000;4,000;

12000;2017.01.12 23:00:00;26,224;0,800;3,000;90,000;7,000;7,800;1,000;4,000;

12001;2017.01.13 00:00:00;28,891;0,700;2,000;91,000;8,000;7,833;2,000;4,000;

12002;2017.01.13 01:00:00;27,669;0,700;3,000;91,000;8,000;7,833;2,000;4,000;

12003;2017.01.13 02:00:00;27,780;0,600;3,000;92,000;8,000;7,833;2,000;4,000;

12004;2017.01.13 03:00:00;28,224;0,800;3,000;91,000;8,000;7,833;2,000;4,000;

12005;2017.01.13 04:00:00;27,836;0,500;3,000;94,000;8,000;7,833;2,000;4,000;

12006;2017.01.13 05:00:00;28,240;0,400;2,000;95,000;8,000;7,833;2,000;4,000;

12007;2017.01.13 06:00:00;29,209;0,500;3,000;95,000;8,000;7,833;2,000;4,000;

12008;2017.01.13 07:00:00;29,002;0,600;3,000;94,000;8,000;7,833;2,000;4,000;

12009;2017.01.13 08:00:00;28,697;0,600;3,000;94,000;8,000;7,833;2,000;4,000;

12010;2017.01.13 09:00:00;29,092;0,500;2,000;95,000;8,000;7,833;2,000;4,000;

12011;2017.01.13 10:00:00;30,163;0,300;2,000;96,000;8,000;7,833;2,000;4,000;

12012;2017.01.13 11:00:00;29,558;0,400;1,000;96,000;8,000;7,833;2,000;4,000;

12013;2017.01.13 12:00:00;28,836;0,300;2,000;96,000;8,000;7,833;2,000;4,000;

12014;2017.01.13 13:00:00;29,280;0,300;2,000;97,000;8,000;7,833;2,000;4,000;

12015;2017.01.13 14:00:00;29,947;0,200;2,000;97,000;8,000;7,833;2,000;4,000;

12016;2017.01.13 15:00:00;29,737;0,200;3,000;97,000;8,000;7,833;2,000;4,000;

12017;2017.01.13 16:00:00;30,713;0,200;3,000;97,000;8,000;7,833;2,000;4,000;

12018;2017.01.13 17:00:00;29,529;0,900;3,000;97,000;8,000;7,833;2,000;4,000;

12019;2017.01.13 18:00:00;29,531;1,300;3,000;97,000;8,000;7,833;2,000;4,000;

12020;2017.01.13 19:00:00;28,947;1,600;3,000;95,000;8,000;7,833;2,000;4,000;

12021;2017.01.13 20:00:00;28,836;1,800;3,000;94,000;7,000;7,833;2,000;4,000;

12022;2017.01.13 21:00:00;28,558;1,500;4,000;95,000;8,000;7,833;2,000;4,000;

12023;2017.01.13 22:00:00;23,583;1,500;4,000;91,000;7,000;7,833;2,000;4,000;

12024;2017.01.13 23:00:00;24,169;1,400;4,000;92,000;7,000;7,833;2,000;4,000;

12025;2017.01.14 00:00:00;5,947;1,200;5,000;91,000;7,000;7,883;3,000;4,000;

12026;2017.01.14 01:00:00;5,625;0,900;3,000;87,000;7,000;7,883;3,000;4,000;

12027;2017.01.14 02:00:00;37,171;1,000;3,000;87,000;7,000;7,883;3,000;4,000;

12028;2017.01.14 03:00:00;32,799;0,300;2,000;91,000;7,000;7,883;3,000;4,000;

12029;2017.01.14 04:00:00;25,505;-0,100;2,000;93,000;3,000;7,883;3,000;4,000;

12030;2017.01.14 05:00:00;24,066;-0,100;3,000;94,000;8,000;7,883;3,000;4,000;

12031;2017.01.14 06:00:00;31,083;-0,100;3,000;93,000;7,000;7,883;3,000;4,000;

12032;2017.01.14 07:00:00;24,983;-0,400;2,000;90,000;8,000;7,883;3,000;4,000;

12033;2017.01.14 08:00:00;31,572;-0,700;0,000;91,000;7,000;7,883;3,000;4,000;

12034;2017.01.14 09:00:00;30,830;-0,800;2,000;93,000;8,000;7,883;3,000;4,000;

12035;2017.01.14 10:00:00;29,000;-1,000;3,000;93,000;8,000;7,883;3,000;4,000;

12036;2017.01.14 11:00:00;28,140;-1,000;2,000;93,000;8,000;7,883;3,000;4,000;

12037;2017.01.14 12:00:00;26,711;-1,000;2,000;93,000;8,000;7,883;3,000;4,000;

12038;2017.01.14 13:00:00;27,693;-1,400;3,000;93,000;8,000;7,883;3,000;4,000;

12039;2017.01.14 14:00:00;27,223;-1,600;4,000;94,000;8,000;7,883;3,000;4,000;

12040;2017.01.14 15:00:00;29,104;-1,400;3,000;93,000;8,000;7,883;3,000;4,000;

12041;2017.01.14 16:00:00;29,836;-2,000;3,000;94,000;8,000;7,883;3,000;4,000;

12042;2017.01.14 17:00:00;29,225;-1,800;3,000;94,000;8,000;7,883;3,000;4,000;

12043;2017.01.14 18:00:00;30,058;-1,500;2,000;94,000;8,000;7,883;3,000;4,000;

12044;2017.01.14 19:00:00;29,002;-1,100;2,000;94,000;7,000;7,883;3,000;4,000;

12045;2017.01.14 20:00:00;29,780;-0,800;2,000;94,000;7,000;7,883;3,000;4,000;

12046;2017.01.14 21:00:00;28,249;-1,300;2,000;94,000;3,000;7,883;3,000;4,000;

12047;2017.01.14 22:00:00;30,526;-0,900;3,000;94,000;7,000;7,883;3,000;4,000;

12048;2017.01.14 23:00:00;27,065;-0,500;3,000;92,000;7,000;7,883;3,000;4,000;

12049;2017.01.15 00:00:00;28,780;-0,500;4,000;92,000;8,000;7,933;4,000;4,000;

12050;2017.01.15 01:00:00;27,807;-0,200;4,000;92,000;7,000;7,933;4,000;4,000;

12051;2017.01.15 02:00:00;27,698;-0,200;3,000;91,000;8,000;7,933;4,000;4,000;

12052;2017.01.15 03:00:00;27,447;-0,200;3,000;92,000;7,000;7,933;4,000;4,000;

12053;2017.01.15 04:00:00;26,424;-0,100;3,000;90,000;8,000;7,933;4,000;4,000;

12054;2017.01.15 05:00:00;29,358;-0,400;2,000;91,000;7,000;7,933;4,000;4,000;

12055;2017.01.15 06:00:00;25,661;-0,800;2,000;92,000;7,000;7,933;4,000;4,000;

12056;2017.01.15 07:00:00;24,594;-1,000;2,000;92,000;8,000;7,933;4,000;4,000;

12057;2017.01.15 08:00:00;29,447;-0,900;3,000;94,000;8,000;7,933;4,000;4,000;

12058;2017.01.15 09:00:00;29,084;-0,700;2,000;95,000;8,000;7,933;4,000;4,000;

12059;2017.01.15 10:00:00;29,780;-0,300;1,000;93,000;8,000;7,933;4,000;4,000;

12060;2017.01.15 11:00:00;28,780;0,100;2,000;93,000;8,000;7,933;4,000;4,000;

12061;2017.01.15 12:00:00;27,336;0,000;2,000;96,000;8,000;7,933;4,000;4,000;

12062;2017.01.15 13:00:00;26,502;0,400;1,000;97,000;7,000;7,933;4,000;4,000;

12063;2017.01.15 14:00:00;28,113;0,400;1,000;97,000;7,000;7,933;4,000;4,000;

12064;2017.01.15 15:00:00;29,204;0,700;2,000;86,000;8,000;7,933;4,000;4,000;

12065;2017.01.15 16:00:00;29,007;0,400;2,000;86,000;8,000;7,933;4,000;4,000;

12066;2017.01.15 17:00:00;27,661;-0,200;1,000;90,000;8,000;7,933;4,000;4,000;

12067;2017.01.15 18:00:00;27,286;0,200;2,000;92,000;8,000;7,933;4,000;4,000;

12068;2017.01.15 19:00:00;29,296;0,000;1,000;96,000;8,000;7,933;4,000;4,000;

12069;2017.01.15 20:00:00;29,145;-0,200;1,000;96,000;8,000;7,933;4,000;4,000;

12070;2017.01.15 21:00:00;28,645;-0,400;0,000;93,000;7,000;7,933;4,000;4,000;

12071;2017.01.15 22:00:00;30,008;0,500;2,000;84,000;8,000;7,933;4,000;4,000;

12072;2017.01.15 23:00:00;25,712;-0,700;1,000;84,000;6,000;7,933;4,000;4,000;

12073;2017.01.16 00:00:00;27,447;-2,300;1,000;90,000;6,000;7,967;1,000;4,000;

12074;2017.01.16 01:00:00;27,002;-3,100;1,000;92,000;6,000;7,967;1,000;4,000;

12075;2017.01.16 02:00:00;27,558;-3,100;1,000;90,000;6,000;7,967;1,000;4,000;

12076;2017.01.16 03:00:00;27,836;-2,900;1,000;88,000;4,000;7,967;1,000;4,000;

12077;2017.01.16 04:00:00;27,836;-2,800;0,000;87,000;5,000;7,967;1,000;4,000;

12078;2017.01.16 05:00:00;28,725;-3,700;1,000;90,000;4,000;7,967;1,000;4,000;

12079;2017.01.16 06:00:00;29,891;-4,800;1,000;91,000;3,000;7,967;1,000;4,000;

12080;2017.01.16 07:00:00;29,596;-5,500;1,000;93,000;6,000;7,967;1,000;4,000;

12081;2017.01.16 08:00:00;34,131;-4,000;1,000;93,000;7,000;7,967;1,000;4,000;

12082;2017.01.16 09:00:00;30,502;-3,000;1,000;90,000;7,000;7,967;1,000;4,000;

12083;2017.01.16 10:00:00;30,225;-1,300;0,000;88,000;7,000;7,967;1,000;4,000;

12084;2017.01.16 11:00:00;28,558;-0,300;1,000;82,000;7,000;7,967;1,000;4,000;

12085;2017.01.16 12:00:00;27,724;0,600;1,000;75,000;7,000;7,967;1,000;4,000;

12086;2017.01.16 13:00:00;27,447;0,400;2,000;72,000;4,000;7,967;1,000;4,000;

12087;2017.01.16 14:00:00;26,835;-0,100;1,000;78,000;5,000;7,967;1,000;4,000;

12088;2017.01.16 15:00:00;28,669;-0,500;1,000;85,000;6,000;7,967;1,000;4,000;

12089;2017.01.16 16:00:00;28,502;-1,500;1,000;88,000;7,000;7,967;1,000;4,000;

12090;2017.01.16 17:00:00;28,224;-1,300;0,000;88,000;4,000;7,967;1,000;4,000;

12091;2017.01.16 18:00:00;29,058;-1,500;0,000;90,000;7,000;7,967;1,000;4,000;

12092;2017.01.16 19:00:00;29,947;-1,200;1,000;88,000;7,000;7,967;1,000;4,000;

12093;2017.01.16 20:00:00;28,558;-0,900;1,000;92,000;8,000;7,967;1,000;4,000;

12094;2017.01.16 21:00:00;29,225;-0,400;1,000;96,000;7,000;7,967;1,000;4,000;

12095;2017.01.16 22:00:00;28,002;-0,700;1,000;97,000;7,000;7,967;1,000;4,000;

12096;2017.01.16 23:00:00;26,947;-0,700;1,000;97,000;7,000;7,967;1,000;4,000;

12097;2017.01.17 00:00:00;29,058;-1,700;1,000;96,000;6,000;8,017;1,000;4,000;

12098;2017.01.17 01:00:00;28,613;-2,500;1,000;97,000;4,000;8,017;1,000;4,000;

12099;2017.01.17 02:00:00;28,502;-2,400;1,000;97,000;7,000;8,017;1,000;4,000;

12100;2017.01.17 03:00:00;28,613;-2,600;0,000;97,000;7,000;8,017;1,000;4,000;

12101;2017.01.17 04:00:00;29,780;-2,000;2,000;97,000;8,000;8,017;1,000;4,000;

12102;2017.01.17 05:00:00;29,447;-2,000;1,000;97,000;8,000;8,017;1,000;4,000;

12103;2017.01.17 06:00:00;29,891;-1,400;1,000;97,000;7,000;8,017;1,000;4,000;

12104;2017.01.17 07:00:00;30,225;-2,200;0,000;97,000;7,000;8,017;1,000;4,000;

12105;2017.01.17 08:00:00;29,780;-1,400;0,000;97,000;7,000;8,017;1,000;4,000;

12106;2017.01.17 09:00:00;29,280;-0,800;1,000;97,000;6,000;8,017;1,000;4,000;

12107;2017.01.17 10:00:00;29,780;-1,900;1,000;95,000;7,000;8,017;1,000;4,000;

12108;2017.01.17 11:00:00;28,447;-0,200;1,000;91,000;2,000;8,017;1,000;4,000;

12109;2017.01.17 12:00:00;30,280;0,600;1,000;85,000;4,000;8,017;1,000;4,000;

12110;2017.01.17 13:00:00;29,546;0,700;1,000;84,000;7,000;8,017;1,000;4,000;

12111;2017.01.17 14:00:00;28,459;0,600;2,000;84,000;7,000;8,017;1,000;4,000;

12112;2017.01.17 15:00:00;29,002;-0,200;1,000;91,000;7,000;8,017;1,000;4,000;

12113;2017.01.17 16:00:00;29,169;-1,100;1,000;93,000;7,000;8,017;1,000;4,000;

12114;2017.01.17 17:00:00;28,447;-0,900;1,000;95,000;8,000;8,017;1,000;4,000;

12115;2017.01.17 18:00:00;30,169;-1,300;2,000;96,000;8,000;8,017;1,000;4,000;

12116;2017.01.17 19:00:00;30,169;-1,800;2,000;96,000;6,000;8,017;1,000;4,000;

12117;2017.01.17 20:00:00;30,725;-2,100;2,000;96,000;7,000;8,017;1,000;4,000;

12118;2017.01.17 21:00:00;31,336;-2,800;1,000;96,000;4,000;8,017;1,000;4,000;

12119;2017.01.17 22:00:00;30,336;-2,500;2,000;95,000;7,000;8,017;1,000;4,000;

12120;2017.01.17 23:00:00;29,002;-2,800;2,000;94,000;8,000;8,017;1,000;4,000;

12121;2017.01.18 00:00:00;31,169;-3,300;1,000;94,000;8,000;8,067;1,000;4,000;

12122;2017.01.18 01:00:00;31,169;-3,400;1,000;94,000;8,000;8,067;1,000;4,000;

12123;2017.01.18 02:00:00;30,280;-3,300;2,000;95,000;8,000;8,067;1,000;4,000;

12124;2017.01.18 03:00:00;30,391;-3,400;2,000;96,000;8,000;8,067;1,000;4,000;

12125;2017.01.18 04:00:00;31,280;-3,200;2,000;96,000;8,000;8,067;1,000;4,000;

12126;2017.01.18 05:00:00;31,391;-3,000;2,000;94,000;8,000;8,067;1,000;4,000;

12127;2017.01.18 06:00:00;30,836;-3,000;2,000;91,000;8,000;8,067;1,000;4,000;

12128;2017.01.18 07:00:00;30,669;-2,900;3,000;90,000;7,000;8,067;1,000;4,000;

12129;2017.01.18 08:00:00;30,558;-2,700;3,000;89,000;8,000;8,067;1,000;4,000;

12130;2017.01.18 09:00:00;30,336;-2,400;4,000;88,000;8,000;8,067;1,000;4,000;

12131;2017.01.18 10:00:00;29,947;-1,800;3,000;84,000;8,000;8,067;1,000;4,000;

12132;2017.01.18 11:00:00;27,836;-1,500;5,000;81,000;8,000;8,067;1,000;4,000;

12133;2017.01.18 12:00:00;27,780;-1,200;4,000;79,000;7,000;8,067;1,000;4,000;

12134;2017.01.18 13:00:00;28,391;-1,100;4,000;84,000;8,000;8,067;1,000;4,000;

12135;2017.01.18 14:00:00;29,947;-1,000;3,000;85,000;8,000;8,067;1,000;4,000;

12136;2017.01.18 15:00:00;29,558;-1,000;3,000;83,000;8,000;8,067;1,000;4,000;

12137;2017.01.18 16:00:00;28,280;-1,200;3,000;84,000;8,000;8,067;1,000;4,000;

12138;2017.01.18 17:00:00;29,669;-1,200;4,000;83,000;8,000;8,067;1,000;4,000;

12139;2017.01.18 18:00:00;30,225;-1,500;3,000;87,000;8,000;8,067;1,000;4,000;

12140;2017.01.18 19:00:00;28,891;-1,400;5,000;85,000;8,000;8,067;1,000;4,000;

12141;2017.01.18 20:00:00;28,169;-1,600;5,000;84,000;8,000;8,067;1,000;4,000;

12142;2017.01.18 21:00:00;27,558;-1,600;4,000;84,000;8,000;8,067;1,000;4,000;

12143;2017.01.18 22:00:00;28,113;-1,800;3,000;86,000;8,000;8,067;1,000;4,000;

12144;2017.01.18 23:00:00;25,780;-1,900;5,000;86,000;8,000;8,067;1,000;4,000;

12145;2017.01.19 00:00:00;28,336;-1,900;4,000;83,000;8,000;8,117;1,000;4,000;

12146;2017.01.19 01:00:00;27,836;-1,800;5,000;81,000;8,000;8,117;1,000;4,000;

12147;2017.01.19 02:00:00;27,391;-1,700;5,000;80,000;8,000;8,117;1,000;4,000;

12148;2017.01.19 03:00:00;27,669;-1,700;4,000;79,000;8,000;8,117;1,000;4,000;

12149;2017.01.19 04:00:00;28,113;-1,700;5,000;79,000;8,000;8,117;1,000;4,000;

12150;2017.01.19 05:00:00;28,336;-1,800;5,000;80,000;8,000;8,117;1,000;4,000;

12151;2017.01.19 06:00:00;29,502;-2,000;5,000;87,000;8,000;8,117;1,000;4,000;

12152;2017.01.19 07:00:00;28,836;-2,100;4,000;92,000;8,000;8,117;1,000;4,000;

12153;2017.01.19 08:00:00;31,725;-2,000;4,000;92,000;8,000;8,117;1,000;4,000;

12154;2017.01.19 09:00:00;29,169;-1,700;5,000;93,000;8,000;8,117;1,000;4,000;

12155;2017.01.19 10:00:00;29,891;-1,600;4,000;92,000;8,000;8,117;1,000;4,000;

12156;2017.01.19 11:00:00;29,336;-1,400;4,000;92,000;8,000;8,117;1,000;4,000;

12157;2017.01.19 12:00:00;30,169;-1,000;4,000;93,000;8,000;8,117;1,000;4,000;

12158;2017.01.19 13:00:00;28,836;-0,600;4,000;93,000;8,000;8,117;1,000;4,000;

12159;2017.01.19 14:00:00;31,225;-0,400;4,000;94,000;8,000;8,117;1,000;4,000;

12160;2017.01.19 15:00:00;30,725;-0,300;4,000;94,000;8,000;8,117;1,000;4,000;

12161;2017.01.19 16:00:00;30,225;-0,100;4,000;95,000;8,000;8,117;1,000;4,000;

12162;2017.01.19 17:00:00;32,780;0,000;3,000;95,000;8,000;8,117;1,000;4,000;

12163;2017.01.19 18:00:00;30,780;0,100;4,000;95,000;8,000;8,117;1,000;4,000;

12164;2017.01.19 19:00:00;30,780;0,200;4,000;95,000;8,000;8,117;1,000;4,000;

12165;2017.01.19 20:00:00;29,391;0,300;3,000;95,000;8,000;8,117;1,000;4,000;

12166;2017.01.19 21:00:00;28,947;0,400;3,000;95,000;8,000;8,117;1,000;4,000;

12167;2017.01.19 22:00:00;29,058;0,600;4,000;96,000;8,000;8,117;1,000;4,000;

12168;2017.01.19 23:00:00;27,058;0,700;4,000;96,000;8,000;8,117;1,000;4,000;

12169;2017.01.20 00:00:00;29,169;0,800;4,000;97,000;9,000;8,167;2,000;4,000;

12170;2017.01.20 01:00:00;28,280;1,100;4,000;97,000;9,000;8,167;2,000;4,000;

12171;2017.01.20 02:00:00;27,391;1,200;4,000;97,000;9,000;8,167;2,000;4,000;

12172;2017.01.20 03:00:00;27,224;1,200;4,000;97,000;9,000;8,167;2,000;4,000;

12173;2017.01.20 04:00:00;27,280;1,300;3,000;97,000;9,000;8,167;2,000;4,000;

12174;2017.01.20 05:00:00;28,002;1,100;3,000;97,000;9,000;8,167;2,000;4,000;

12175;2017.01.20 06:00:00;27,280;1,200;3,000;97,000;9,000;8,167;2,000;4,000;

12176;2017.01.20 07:00:00;27,613;1,500;3,000;97,000;8,000;8,167;2,000;4,000;

12177;2017.01.20 08:00:00;27,336;1,500;4,000;97,000;8,000;8,167;2,000;4,000;

12178;2017.01.20 09:00:00;27,113;1,700;4,000;97,000;8,000;8,167;2,000;4,000;

12179;2017.01.20 10:00:00;27,613;1,700;3,000;97,000;8,000;8,167;2,000;4,000;

12180;2017.01.20 11:00:00;26,780;2,000;4,000;97,000;8,000;8,167;2,000;4,000;

12181;2017.01.20 12:00:00;25,891;2,100;4,000;97,000;8,000;8,167;2,000;4,000;

12182;2017.01.20 13:00:00;24,946;2,000;4,000;97,000;8,000;8,167;2,000;4,000;

12183;2017.01.20 14:00:00;27,502;2,500;4,000;97,000;8,000;8,167;2,000;4,000;

12184;2017.01.20 15:00:00;26,947;2,800;3,000;95,000;7,000;8,167;2,000;4,000;

12185;2017.01.20 16:00:00;26,280;2,700;4,000;92,000;1,000;8,167;2,000;4,000;

12186;2017.01.20 17:00:00;26,169;3,000;4,000;92,000;8,000;8,167;2,000;4,000;

12187;2017.01.20 18:00:00;24,280;3,100;6,000;91,000;8,000;8,167;2,000;4,000;

12188;2017.01.20 19:00:00;26,335;2,800;6,000;93,000;8,000;8,167;2,000;4,000;

12189;2017.01.20 20:00:00;25,724;2,800;6,000;92,000;8,000;8,167;2,000;4,000;

12190;2017.01.20 21:00:00;24,669;2,700;5,000;93,000;8,000;8,167;2,000;4,000;

12191;2017.01.20 22:00:00;25,724;2,600;4,000;93,000;8,000;8,167;2,000;4,000;

12192;2017.01.20 23:00:00;17,890;2,500;4,000;94,000;8,000;8,167;2,000;4,000;

12193;2017.01.21 00:00:00;14,279;2,400;4,000;94,000;8,000;8,200;3,000;4,000;

12194;2017.01.21 01:00:00;31,558;2,300;3,000;95,000;8,000;8,200;3,000;4,000;

12195;2017.01.21 02:00:00;24,835;2,300;3,000;95,000;8,000;8,200;3,000;4,000;

12196;2017.01.21 03:00:00;24,946;2,400;3,000;95,000;8,000;8,200;3,000;4,000;

12197;2017.01.21 04:00:00;25,391;2,000;2,000;95,000;8,000;8,200;3,000;4,000;

12198;2017.01.21 05:00:00;25,335;1,800;3,000;96,000;8,000;8,200;3,000;4,000;

12199;2017.01.21 06:00:00;25,558;1,600;2,000;97,000;9,000;8,200;3,000;4,000;

12200;2017.01.21 07:00:00;25,891;1,600;2,000;97,000;9,000;8,200;3,000;4,000;

12201;2017.01.21 08:00:00;26,780;1,500;2,000;97,000;9,000;8,200;3,000;4,000;

12202;2017.01.21 09:00:00;27,947;1,600;2,000;97,000;9,000;8,200;3,000;4,000;

12203;2017.01.21 10:00:00;25,224;1,800;2,000;97,000;9,000;8,200;3,000;4,000;

12204;2017.01.21 11:00:00;24,613;1,900;2,000;97,000;8,000;8,200;3,000;4,000;

12205;2017.01.21 12:00:00;24,335;1,900;3,000;97,000;8,000;8,200;3,000;4,000;

12206;2017.01.21 13:00:00;24,224;1,800;2,000;97,000;8,000;8,200;3,000;4,000;

12207;2017.01.21 14:00:00;26,058;1,700;2,000;97,000;8,000;8,200;3,000;4,000;

12208;2017.01.21 15:00:00;26,280;1,700;1,000;97,000;8,000;8,200;3,000;4,000;

12209;2017.01.21 16:00:00;25,835;1,500;1,000;97,000;8,000;8,200;3,000;4,000;

12210;2017.01.21 17:00:00;26,002;1,200;2,000;97,000;8,000;8,200;3,000;4,000;

12211;2017.01.21 18:00:00;26,280;1,100;2,000;97,000;8,000;8,200;3,000;4,000;

12212;2017.01.21 19:00:00;25,780;1,100;1,000;97,000;8,000;8,200;3,000;4,000;

12213;2017.01.21 20:00:00;24,613;1,100;2,000;97,000;8,000;8,200;3,000;4,000;

12214;2017.01.21 21:00:00;24,770;1,000;2,000;97,000;8,000;8,200;3,000;4,000;

12215;2017.01.21 22:00:00;25,345;0,800;2,000;97,000;8,000;8,200;3,000;4,000;

12216;2017.01.21 23:00:00;22,891;0,700;2,000;97,000;8,000;8,200;3,000;4,000;

12217;2017.01.22 00:00:00;25,169;0,600;3,000;97,000;8,000;8,267;4,000;4,000;

12218;2017.01.22 01:00:00;24,946;0,600;3,000;97,000;8,000;8,267;4,000;4,000;

12219;2017.01.22 02:00:00;25,669;0,800;1,000;97,000;8,000;8,267;4,000;4,000;

12220;2017.01.22 03:00:00;25,558;1,100;1,000;97,000;8,000;8,267;4,000;4,000;

12221;2017.01.22 04:00:00;24,891;1,500;2,000;97,000;8,000;8,267;4,000;4,000;

12222;2017.01.22 05:00:00;25,113;1,600;2,000;95,000;8,000;8,267;4,000;4,000;

12223;2017.01.22 06:00:00;25,724;1,500;2,000;94,000;8,000;8,267;4,000;4,000;

12224;2017.01.22 07:00:00;25,446;1,500;2,000;94,000;8,000;8,267;4,000;4,000;

12225;2017.01.22 08:00:00;26,724;1,500;2,000;92,000;8,000;8,267;4,000;4,000;

12226;2017.01.22 09:00:00;25,502;1,400;2,000;93,000;8,000;8,267;4,000;4,000;

12227;2017.01.22 10:00:00;25,891;1,200;2,000;93,000;8,000;8,267;4,000;4,000;

12228;2017.01.22 11:00:00;27,336;1,100;2,000;93,000;8,000;8,267;4,000;4,000;

12229;2017.01.22 12:00:00;27,336;0,900;2,000;92,000;8,000;8,267;4,000;4,000;

12230;2017.01.22 13:00:00;26,447;0,700;2,000;93,000;8,000;8,267;4,000;4,000;

12231;2017.01.22 14:00:00;26,715;0,500;2,000;92,000;8,000;8,267;4,000;4,000;

12232;2017.01.22 15:00:00;27,701;0,500;2,000;93,000;8,000;8,267;4,000;4,000;

12233;2017.01.22 16:00:00;26,701;0,500;2,000;89,000;8,000;8,267;4,000;4,000;

12234;2017.01.22 17:00:00;26,724;0,200;3,000;87,000;8,000;8,267;4,000;4,000;

12235;2017.01.22 18:00:00;28,780;-0,100;3,000;89,000;8,000;8,267;4,000;4,000;

12236;2017.01.22 19:00:00;28,613;-0,300;3,000;91,000;8,000;8,267;4,000;4,000;

12237;2017.01.22 20:00:00;27,947;-0,500;3,000;92,000;8,000;8,267;4,000;4,000;

12238;2017.01.22 21:00:00;28,725;-0,600;3,000;93,000;8,000;8,267;4,000;4,000;

12239;2017.01.22 22:00:00;29,113;-0,700;2,000;90,000;8,000;8,267;4,000;4,000;

12240;2017.01.22 23:00:00;27,113;-1,000;2,000;88,000;8,000;8,267;4,000;4,000;

12241;2017.01.23 00:00:00;29,113;-1,000;2,000;89,000;8,000;8,317;1,000;4,000;

12242;2017.01.23 01:00:00;28,669;-1,100;2,000;88,000;8,000;8,317;1,000;4,000;

12243;2017.01.23 02:00:00;27,280;-1,100;2,000;89,000;8,000;8,317;1,000;4,000;

12244;2017.01.23 03:00:00;27,391;-1,200;2,000;89,000;8,000;8,317;1,000;4,000;

12245;2017.01.23 04:00:00;26,669;-1,400;2,000;90,000;8,000;8,317;1,000;4,000;

12246;2017.01.23 05:00:00;27,502;-1,500;1,000;92,000;8,000;8,317;1,000;4,000;

12247;2017.01.23 06:00:00;27,836;-1,900;2,000;92,000;8,000;8,317;1,000;4,000;

12248;2017.01.23 07:00:00;28,669;-2,100;3,000;93,000;8,000;8,317;1,000;4,000;

12249;2017.01.23 08:00:00;28,613;-2,300;3,000;93,000;8,000;8,317;1,000;4,000;

12250;2017.01.23 09:00:00;22,047;-2,200;2,000;93,000;8,000;8,317;1,000;4,000;

12251;2017.01.23 10:00:00;27,698;-2,100;2,000;92,000;8,000;8,317;1,000;4,000;

12252;2017.01.23 11:00:00;28,111;-2,400;3,000;92,000;8,000;8,317;1,000;4,000;

12253;2017.01.23 12:00:00;29,023;-2,100;2,000;93,000;8,000;8,317;1,000;4,000;

12254;2017.01.23 13:00:00;30,211;-2,000;3,000;92,000;8,000;8,317;1,000;4,000;

12255;2017.01.23 14:00:00;28,146;-2,000;3,000;91,000;8,000;8,317;1,000;4,000;

12256;2017.01.23 15:00:00;30,947;-2,000;3,000;92,000;8,000;8,317;1,000;4,000;

12257;2017.01.23 16:00:00;30,225;-2,100;3,000;94,000;8,000;8,317;1,000;4,000;

12258;2017.01.23 17:00:00;29,391;-2,000;3,000;93,000;8,000;8,317;1,000;4,000;

12259;2017.01.23 18:00:00;31,725;-1,900;3,000;93,000;8,000;8,317;1,000;4,000;

12260;2017.01.23 19:00:00;29,836;-1,700;3,000;93,000;8,000;8,317;1,000;4,000;

12261;2017.01.23 20:00:00;28,725;-1,500;2,000;93,000;8,000;8,317;1,000;4,000;

12262;2017.01.23 21:00:00;29,113;-1,200;3,000;94,000;8,000;8,317;1,000;4,000;

12263;2017.01.23 22:00:00;28,224;-0,700;3,000;94,000;8,000;8,317;1,000;4,000;

12264;2017.01.23 23:00:00;25,724;-0,200;3,000;95,000;8,000;8,317;1,000;4,000;

12265;2017.01.24 00:00:00;27,669;0,300;3,000;95,000;8,000;8,367;1,000;4,000;

12266;2017.01.24 01:00:00;26,558;0,400;3,000;96,000;8,000;8,367;1,000;4,000;

12267;2017.01.24 02:00:00;27,169;0,800;3,000;96,000;8,000;8,367;1,000;4,000;

12268;2017.01.24 03:00:00;26,891;0,900;2,000;95,000;8,000;8,367;1,000;4,000;

12269;2017.01.24 04:00:00;26,224;1,100;2,000;95,000;8,000;8,367;1,000;4,000;

12270;2017.01.24 05:00:00;26,669;1,400;4,000;94,000;8,000;8,367;1,000;4,000;

12271;2017.01.24 06:00:00;26,724;1,200;4,000;94,000;8,000;8,367;1,000;4,000;

12272;2017.01.24 07:00:00;26,058;1,000;4,000;95,000;8,000;8,367;1,000;4,000;

12273;2017.01.24 08:00:00;26,280;1,100;4,000;95,000;8,000;8,367;1,000;4,000;

12274;2017.01.24 09:00:00;27,447;1,300;3,000;93,000;8,000;8,367;1,000;4,000;

12275;2017.01.24 10:00:00;26,669;1,400;4,000;89,000;8,000;8,367;1,000;4,000;

12276;2017.01.24 11:00:00;26,002;1,400;3,000;89,000;8,000;8,367;1,000;4,000;

12277;2017.01.24 12:00:00;27,595;1,400;3,000;90,000;8,000;8,367;1,000;4,000;

12278;2017.01.24 13:00:00;27,024;1,500;3,000;91,000;8,000;8,367;1,000;4,000;

12279;2017.01.24 14:00:00;27,832;1,400;4,000;93,000;8,000;8,367;1,000;4,000;

12280;2017.01.24 15:00:00;27,002;1,300;3,000;95,000;8,000;8,367;1,000;4,000;

12281;2017.01.24 16:00:00;28,977;1,300;4,000;95,000;8,000;8,367;1,000;4,000;

12282;2017.01.24 17:00:00;28,011;1,200;4,000;95,000;8,000;8,367;1,000;4,000;

12283;2017.01.24 18:00:00;29,518;0,900;4,000;96,000;8,000;8,367;1,000;4,000;

12284;2017.01.24 19:00:00;27,391;0,600;4,000;95,000;8,000;8,367;1,000;4,000;

12285;2017.01.24 20:00:00;27,891;0,700;4,000;96,000;8,000;8,367;1,000;4,000;

12286;2017.01.24 21:00:00;27,058;0,900;4,000;96,000;8,000;8,367;1,000;4,000;

12287;2017.01.24 22:00:00;25,558;0,600;2,000;96,000;8,000;8,367;1,000;4,000;

12288;2017.01.24 23:00:00;20,724;0,900;3,000;96,000;8,000;8,367;1,000;4,000;

12289;2017.01.25 00:00:00;29,147;1,100;2,000;97,000;8,000;8,433;1,000;4,000;

12290;2017.01.25 01:00:00;26,033;1,100;3,000;97,000;8,000;8,433;1,000;4,000;

12291;2017.01.25 02:00:00;25,771;1,200;3,000;97,000;8,000;8,433;1,000;4,000;

12292;2017.01.25 03:00:00;25,533;2,200;2,000;95,000;8,000;8,433;1,000;4,000;

12293;2017.01.25 04:00:00;25,583;1,800;1,000;92,000;8,000;8,433;1,000;4,000;

12294;2017.01.25 05:00:00;22,766;1,700;2,000;94,000;8,000;8,433;1,000;4,000;

12295;2017.01.25 06:00:00;28,146;2,400;2,000;93,000;8,000;8,433;1,000;4,000;

12296;2017.01.25 07:00:00;21,470;2,500;1,000;92,000;8,000;8,433;1,000;4,000;

12297;2017.01.25 08:00:00;27,126;2,500;0,000;92,000;8,000;8,433;1,000;4,000;

12298;2017.01.25 09:00:00;25,451;2,700;1,000;93,000;8,000;8,433;1,000;4,000;

12299;2017.01.25 10:00:00;22,275;2,900;1,000;93,000;7,000;8,433;1,000;4,000;

12300;2017.01.25 11:00:00;25,752;2,800;2,000;95,000;7,000;8,433;1,000;4,000;

12301;2017.01.25 12:00:00;27,141;3,100;2,000;96,000;8,000;8,433;1,000;4,000;

12302;2017.01.25 13:00:00;23,724;3,300;2,000;97,000;8,000;8,433;1,000;4,000;

12303;2017.01.25 14:00:00;24,683;3,600;2,000;96,000;8,000;8,433;1,000;4,000;

12304;2017.01.25 15:00:00;25,988;3,300;3,000;95,000;8,000;8,433;1,000;4,000;

12305;2017.01.25 16:00:00;21,376;2,900;3,000;95,000;8,000;8,433;1,000;4,000;

12306;2017.01.25 17:00:00;28,082;2,500;3,000;94,000;8,000;8,433;1,000;4,000;

12307;2017.01.25 18:00:00;25,604;2,200;2,000;94,000;8,000;8,433;1,000;4,000;

12308;2017.01.25 19:00:00;25,502;2,100;2,000;95,000;8,000;8,433;1,000;4,000;

12309;2017.01.25 20:00:00;24,891;1,700;2,000;96,000;8,000;8,433;1,000;4,000;

12310;2017.01.25 21:00:00;25,891;1,600;3,000;96,000;8,000;8,433;1,000;4,000;

12311;2017.01.25 22:00:00;24,391;1,500;3,000;96,000;8,000;8,433;1,000;4,000;

12312;2017.01.25 23:00:00;23,446;1,400;3,000;96,000;8,000;8,433;1,000;4,000;

12313;2017.01.26 00:00:00;24,780;1,300;2,000;95,000;8,000;8,483;1,000;4,000;

12314;2017.01.26 01:00:00;24,502;1,100;2,000;95,000;8,000;8,483;1,000;4,000;

12315;2017.01.26 02:00:00;25,002;1,000;2,000;95,000;8,000;8,483;1,000;4,000;

12316;2017.01.26 03:00:00;24,669;0,900;2,000;93,000;8,000;8,483;1,000;4,000;

12317;2017.01.26 04:00:00;25,280;0,700;2,000;94,000;8,000;8,483;1,000;4,000;

12318;2017.01.26 05:00:00;25,613;0,500;2,000;95,000;8,000;8,483;1,000;4,000;

12319;2017.01.26 06:00:00;25,558;0,400;1,000;96,000;8,000;8,483;1,000;4,000;

12320;2017.01.26 07:00:00;25,335;0,300;1,000;96,000;9,000;8,483;1,000;4,000;

12321;2017.01.26 08:00:00;25,446;0,400;2,000;97,000;8,000;8,483;1,000;4,000;

12322;2017.01.26 09:00:00;24,835;0,600;2,000;97,000;8,000;8,483;1,000;4,000;

12323;2017.01.26 10:00:00;24,724;1,100;2,000;96,000;8,000;8,483;1,000;4,000;

12324;2017.01.26 11:00:00;24,446;1,900;3,000;89,000;8,000;8,483;1,000;4,000;

12325;2017.01.26 12:00:00;25,335;2,300;2,000;85,000;8,000;8,483;1,000;4,000;

12326;2017.01.26 13:00:00;23,891;2,400;3,000;81,000;8,000;8,483;1,000;4,000;

12327;2017.01.26 14:00:00;23,280;2,500;1,000;82,000;8,000;8,483;1,000;4,000;

12328;2017.01.26 15:00:00;24,002;2,100;2,000;79,000;7,000;8,483;1,000;4,000;

12329;2017.01.26 16:00:00;24,613;1,200;1,000;84,000;3,000;8,483;1,000;4,000;

12330;2017.01.26 17:00:00;25,780;0,600;2,000;89,000;7,000;8,483;1,000;4,000;

12331;2017.01.26 18:00:00;24,613;0,700;2,000;85,000;7,000;8,483;1,000;4,000;

12332;2017.01.26 19:00:00;25,669;0,600;3,000;82,000;8,000;8,483;1,000;4,000;

12333;2017.01.26 20:00:00;26,558;0,300;2,000;83,000;4,000;8,483;1,000;4,000;

12334;2017.01.26 21:00:00;24,946;-0,500;2,000;86,000;0,000;8,483;1,000;4,000;

12335;2017.01.26 22:00:00;25,335;-1,200;1,000;89,000;0,000;8,483;1,000;4,000;

12336;2017.01.26 23:00:00;24,335;-1,500;1,000;91,000;0,000;8,483;1,000;4,000;

12337;2017.01.27 00:00:00;26,169;-1,800;2,000;92,000;0,000;8,550;2,000;4,000;

12338;2017.01.27 01:00:00;27,002;-2,000;2,000;92,000;0,000;8,550;2,000;4,000;

12339;2017.01.27 02:00:00;26,224;-2,500;2,000;92,000;0,000;8,550;2,000;4,000;

12340;2017.01.27 03:00:00;27,502;-2,600;2,000;91,000;0,000;8,550;2,000;4,000;

12341;2017.01.27 04:00:00;27,336;-3,000;2,000;91,000;0,000;8,550;2,000;4,000;

12342;2017.01.27 05:00:00;28,169;-3,300;2,000;91,000;0,000;8,550;2,000;4,000;

12343;2017.01.27 06:00:00;27,895;-3,500;2,000;91,000;0,000;8,550;2,000;4,000;

12344;2017.01.27 07:00:00;28,443;-3,600;2,000;91,000;2,000;8,550;2,000;4,000;

12345;2017.01.27 08:00:00;29,113;-3,200;2,000;88,000;2,000;8,550;2,000;4,000;

12346;2017.01.27 09:00:00;30,725;-1,600;2,000;84,000;2,000;8,550;2,000;4,000;

12347;2017.01.27 10:00:00;27,724;-0,300;2,000;80,000;2,000;8,550;2,000;4,000;

12348;2017.01.27 11:00:00;27,891;1,400;3,000;72,000;2,000;8,550;2,000;4,000;

12349;2017.01.27 12:00:00;26,447;2,700;3,000;66,000;3,000;8,550;2,000;4,000;

12350;2017.01.27 13:00:00;25,947;3,300;2,000;63,000;3,000;8,550;2,000;4,000;

12351;2017.01.27 14:00:00;25,466;3,200;3,000;60,000;3,000;8,550;2,000;4,000;

12352;2017.01.27 15:00:00;26,427;2,600;2,000;64,000;3,000;8,550;2,000;4,000;

12353;2017.01.27 16:00:00;29,613;1,600;2,000;68,000;1,000;8,550;2,000;4,000;

12354;2017.01.27 17:00:00;28,780;0,600;2,000;73,000;1,000;8,550;2,000;4,000;

12355;2017.01.27 18:00:00;31,780;-0,600;2,000;79,000;0,000;8,550;2,000;4,000;

12356;2017.01.27 19:00:00;31,891;-0,900;2,000;79,000;0,000;8,550;2,000;4,000;

12357;2017.01.27 20:00:00;33,058;-1,000;3,000;76,000;0,000;8,550;2,000;4,000;

12358;2017.01.27 21:00:00;32,280;-1,200;3,000;76,000;0,000;8,550;2,000;4,000;

12359;2017.01.27 22:00:00;31,669;-1,500;3,000;77,000;0,000;8,550;2,000;4,000;

12360;2017.01.27 23:00:00;29,891;-2,000;3,000;79,000;0,000;8,550;2,000;4,000;

12361;2017.01.28 00:00:00;32,669;-2,300;2,000;79,000;0,000;8,600;3,000;4,000;

12362;2017.01.28 01:00:00;32,892;-2,700;2,000;80,000;0,000;8,600;3,000;4,000;

12363;2017.01.28 02:00:00;32,892;-2,900;1,000;81,000;0,000;8,600;3,000;4,000;

12364;2017.01.28 03:00:00;32,503;-3,100;2,000;81,000;0,000;8,600;3,000;4,000;

12365;2017.01.28 04:00:00;33,114;-3,400;2,000;82,000;0,000;8,600;3,000;4,000;

12366;2017.01.28 05:00:00;33,336;-3,800;1,000;84,000;0,000;8,600;3,000;4,000;

12367;2017.01.28 06:00:00;33,114;-4,000;2,000;86,000;0,000;8,600;3,000;4,000;

12368;2017.01.28 07:00:00;33,114;-4,400;1,000;87,000;0,000;8,600;3,000;4,000;

12369;2017.01.28 08:00:00;34,669;-3,300;1,000;81,000;0,000;8,600;3,000;4,000;

12370;2017.01.28 09:00:00;30,947;-1,500;2,000;70,000;0,000;8,600;3,000;4,000;

12371;2017.01.28 10:00:00;31,280;0,400;2,000;63,000;0,000;8,600;3,000;4,000;

12372;2017.01.28 11:00:00;29,502;2,300;2,000;56,000;0,000;8,600;3,000;4,000;

12373;2017.01.28 12:00:00;28,836;3,600;2,000;47,000;0,000;8,600;3,000;4,000;

12374;2017.01.28 13:00:00;27,891;4,100;4,000;36,000;1,000;8,600;3,000;4,000;

12375;2017.01.28 14:00:00;27,558;4,100;2,000;38,000;0,000;8,600;3,000;4,000;

12376;2017.01.28 15:00:00;27,724;3,200;2,000;38,000;0,000;8,600;3,000;4,000;

12377;2017.01.28 16:00:00;30,280;2,000;3,000;42,000;0,000;8,600;3,000;4,000;

12378;2017.01.28 17:00:00;29,780;1,000;3,000;48,000;0,000;8,600;3,000;4,000;

12379;2017.01.28 18:00:00;29,280;-0,100;3,000;54,000;0,000;8,600;3,000;4,000;

12380;2017.01.28 19:00:00;30,391;-0,400;3,000;57,000;0,000;8,600;3,000;4,000;

12381;2017.01.28 20:00:00;30,225;-0,300;4,000;60,000;0,000;8,600;3,000;4,000;

12382;2017.01.28 21:00:00;30,780;-0,700;3,000;62,000;0,000;8,600;3,000;4,000;

12383;2017.01.28 22:00:00;30,002;-1,100;3,000;64,000;0,000;8,600;3,000;4,000;

12384;2017.01.28 23:00:00;28,613;-1,700;3,000;67,000;0,000;8,600;3,000;4,000;

12385;2017.01.29 00:00:00;30,836;-2,300;3,000;69,000;0,000;8,667;4,000;4,000;

12386;2017.01.29 01:00:00;30,002;-2,500;4,000;68,000;0,000;8,667;4,000;4,000;

12387;2017.01.29 02:00:00;31,114;-2,900;5,000;69,000;0,000;8,667;4,000;4,000;

12388;2017.01.29 03:00:00;31,503;-3,300;5,000;71,000;0,000;8,667;4,000;4,000;

12389;2017.01.29 04:00:00;31,114;-3,600;5,000;72,000;0,000;8,667;4,000;4,000;

12390;2017.01.29 05:00:00;33,003;-3,800;4,000;74,000;0,000;8,667;4,000;4,000;

12391;2017.01.29 06:00:00;31,947;-4,100;5,000;75,000;0,000;8,667;4,000;4,000;

12392;2017.01.29 07:00:00;32,558;-4,100;4,000;75,000;0,000;8,667;4,000;4,000;

12393;2017.01.29 08:00:00;33,503;-3,600;4,000;75,000;0,000;8,667;4,000;4,000;

12394;2017.01.29 09:00:00;33,836;-2,500;4,000;72,000;1,000;8,667;4,000;4,000;

12395;2017.01.29 10:00:00;31,114;-0,900;3,000;69,000;1,000;8,667;4,000;4,000;

12396;2017.01.29 11:00:00;31,558;0,000;4,000;71,000;8,000;8,667;4,000;4,000;

12397;2017.01.29 12:00:00;30,114;1,500;5,000;67,000;3,000;8,667;4,000;4,000;

12398;2017.01.29 13:00:00;29,669;2,900;4,000;65,000;1,000;8,667;4,000;4,000;

12399;2017.01.29 14:00:00;28,502;3,000;4,000;66,000;2,000;8,667;4,000;4,000;

12400;2017.01.29 15:00:00;27,447;2,500;2,000;70,000;2,000;8,667;4,000;4,000;

12401;2017.01.29 16:00:00;28,725;1,300;2,000;73,000;3,000;8,667;4,000;4,000;

12402;2017.01.29 17:00:00;31,725;0,900;4,000;73,000;7,000;8,667;4,000;4,000;

12403;2017.01.29 18:00:00;31,280;0,400;3,000;74,000;6,000;8,667;4,000;4,000;

12404;2017.01.29 19:00:00;32,336;0,700;3,000;74,000;7,000;8,667;4,000;4,000;

12405;2017.01.29 20:00:00;30,336;0,900;4,000;74,000;8,000;8,667;4,000;4,000;

12406;2017.01.29 21:00:00;29,336;0,800;3,000;76,000;8,000;8,667;4,000;4,000;

12407;2017.01.29 22:00:00;28,280;1,000;2,000;76,000;8,000;8,667;4,000;4,000;

12408;2017.01.29 23:00:00;19,890;1,100;2,000;77,000;8,000;8,667;4,000;4,000;

12409;2017.01.30 00:00:00;11,668;0,700;2,000;79,000;8,000;8,733;1,000;4,000;

12410;2017.01.30 01:00:00;35,114;0,600;2,000;80,000;8,000;8,733;1,000;4,000;

12411;2017.01.30 02:00:00;28,502;0,400;3,000;82,000;8,000;8,733;1,000;4,000;

12412;2017.01.30 03:00:00;28,169;0,300;2,000;82,000;8,000;8,733;1,000;4,000;

12413;2017.01.30 04:00:00;28,613;0,200;2,000;83,000;8,000;8,733;1,000;4,000;

12414;2017.01.30 05:00:00;29,002;-0,100;2,000;84,000;5,000;8,733;1,000;4,000;

12415;2017.01.30 06:00:00;29,891;0,100;2,000;84,000;7,000;8,733;1,000;4,000;

12416;2017.01.30 07:00:00;29,169;-0,100;2,000;84,000;7,000;8,733;1,000;4,000;

12417;2017.01.30 08:00:00;27,830;0,100;2,000;83,000;8,000;8,733;1,000;4,000;

12418;2017.01.30 09:00:00;31,008;0,200;2,000;83,000;8,000;8,733;1,000;4,000;

12419;2017.01.30 10:00:00;27,391;0,600;2,000;81,000;8,000;8,733;1,000;4,000;

12420;2017.01.30 11:00:00;27,058;1,400;2,000;79,000;8,000;8,733;1,000;4,000;

12421;2017.01.30 12:00:00;26,613;1,800;1,000;77,000;8,000;8,733;1,000;4,000;

12422;2017.01.30 13:00:00;27,224;2,100;2,000;76,000;8,000;8,733;1,000;4,000;

12423;2017.01.30 14:00:00;28,336;2,300;2,000;75,000;8,000;8,733;1,000;4,000;

12424;2017.01.30 15:00:00;26,669;2,300;2,000;74,000;8,000;8,733;1,000;4,000;

12425;2017.01.30 16:00:00;27,502;2,000;3,000;74,000;8,000;8,733;1,000;4,000;

12426;2017.01.30 17:00:00;27,169;1,800;3,000;75,000;8,000;8,733;1,000;4,000;

12427;2017.01.30 18:00:00;27,724;1,400;3,000;77,000;8,000;8,733;1,000;4,000;

12428;2017.01.30 19:00:00;27,947;1,100;3,000;81,000;8,000;8,733;1,000;4,000;

12429;2017.01.30 20:00:00;27,447;0,700;3,000;82,000;8,000;8,733;1,000;4,000;

12430;2017.01.30 21:00:00;26,280;0,700;4,000;79,000;8,000;8,733;1,000;4,000;

12431;2017.01.30 22:00:00;27,002;0,700;4,000;75,000;7,000;8,733;1,000;4,000;

12432;2017.01.30 23:00:00;26,558;1,000;2,000;70,000;8,000;8,733;1,000;4,000;

12433;2017.01.31 00:00:00;27,613;1,000;2,000;69,000;8,000;8,783;1,000;4,000;

12434;2017.01.31 01:00:00;26,947;1,000;2,000;69,000;8,000;8,783;1,000;4,000;

12435;2017.01.31 02:00:00;27,224;1,000;2,000;65,000;8,000;8,783;1,000;4,000;

12436;2017.01.31 03:00:00;27,113;0,700;2,000;65,000;8,000;8,783;1,000;4,000;

12437;2017.01.31 04:00:00;27,169;0,400;3,000;65,000;8,000;8,783;1,000;4,000;

12438;2017.01.31 05:00:00;27,669;0,200;2,000;65,000;8,000;8,783;1,000;4,000;

12439;2017.01.31 06:00:00;29,391;0,100;3,000;63,000;8,000;8,783;1,000;4,000;

12440;2017.01.31 07:00:00;28,502;0,000;1,000;64,000;7,000;8,783;1,000;4,000;

12441;2017.01.31 08:00:00;28,669;-0,300;2,000;64,000;7,000;8,783;1,000;4,000;

12442;2017.01.31 09:00:00;29,502;-0,200;3,000;63,000;6,000;8,783;1,000;4,000;

12443;2017.01.31 10:00:00;30,558;0,400;3,000;61,000;3,000;8,783;1,000;4,000;

12444;2017.01.31 11:00:00;28,947;0,600;3,000;60,000;2,000;8,783;1,000;4,000;

12445;2017.01.31 12:00:00;28,447;0,900;3,000;58,000;2,000;8,783;1,000;4,000;

12446;2017.01.31 13:00:00;28,447;1,700;3,000;55,000;1,000;8,783;1,000;4,000;

12447;2017.01.31 14:00:00;28,528;1,600;3,000;55,000;1,000;8,783;1,000;4,000;

12448;2017.01.31 15:00:00;30,644;1,000;3,000;58,000;0,000;8,783;1,000;4,000;

12449;2017.01.31 16:00:00;26,558;0,100;2,000;63,000;6,000;8,783;1,000;4,000;

12450;2017.01.31 17:00:00;26,502;-0,100;2,000;65,000;6,000;8,783;1,000;4,000;

12451;2017.01.31 18:00:00;29,947;-0,500;2,000;67,000;5,000;8,783;1,000;4,000;

12452;2017.01.31 19:00:00;30,114;-0,600;1,000;68,000;8,000;8,783;1,000;4,000;

12453;2017.01.31 20:00:00;28,836;-0,400;2,000;68,000;8,000;8,783;1,000;4,000;

12454;2017.01.31 21:00:00;28,336;-0,400;2,000;69,000;8,000;8,783;1,000;4,000;

12455;2017.01.31 22:00:00;28,058;-0,400;2,000;69,000;8,000;8,783;1,000;4,000;

12456;2017.01.31 23:00:00;25,058;-1,000;2,000;72,000;8,000;8,783;1,000;4,000;

12457;2017.02.01 00:00:00;27,447;-1,500;2,000;73,000;0,000;8,850;1,000;4,000;

12458;2017.02.01 01:00:00;27,558;-2,400;1,000;77,000;0,000;8,850;1,000;4,000;

12459;2017.02.01 02:00:00;27,224;-2,200;1,000;77,000;7,000;8,850;1,000;4,000;

12460;2017.02.01 03:00:00;27,280;-2,800;1,000;79,000;0,000;8,850;1,000;4,000;

12461;2017.02.01 04:00:00;28,002;-3,300;3,000;81,000;0,000;8,850;1,000;4,000;

12462;2017.02.01 05:00:00;29,391;-3,600;3,000;83,000;0,000;8,850;1,000;4,000;

12463;2017.02.01 06:00:00;30,947;-3,900;2,000;84,000;0,000;8,850;1,000;4,000;

12464;2017.02.01 07:00:00;30,780;-4,400;2,000;85,000;0,000;8,850;1,000;4,000;

12465;2017.02.01 08:00:00;29,336;-3,900;2,000;83,000;0,000;8,850;1,000;4,000;

12466;2017.02.01 09:00:00;30,836;-2,800;3,000;78,000;0,000;8,850;1,000;4,000;

12467;2017.02.01 10:00:00;30,280;-0,900;2,000;73,000;0,000;8,850;1,000;4,000;

12468;2017.02.01 11:00:00;27,558;0,900;3,000;65,000;0,000;8,850;1,000;4,000;

12469;2017.02.01 12:00:00;26,835;2,100;3,000;57,000;0,000;8,850;1,000;4,000;

12470;2017.02.01 13:00:00;26,002;2,900;2,000;56,000;0,000;8,850;1,000;4,000;

12471;2017.02.01 14:00:00;25,780;3,200;3,000;52,000;0,000;8,850;1,000;4,000;

12472;2017.02.01 15:00:00;25,835;2,600;2,000;54,000;0,000;8,850;1,000;4,000;

12473;2017.02.01 16:00:00;25,891;1,400;2,000;59,000;0,000;8,850;1,000;4,000;

12474;2017.02.01 17:00:00;29,280;0,200;2,000;66,000;0,000;8,850;1,000;4,000;

12475;2017.02.01 18:00:00;28,891;-0,400;2,000;70,000;0,000;8,850;1,000;4,000;

12476;2017.02.01 19:00:00;29,947;-1,300;2,000;74,000;0,000;8,850;1,000;4,000;

12477;2017.02.01 20:00:00;29,058;-2,100;3,000;80,000;0,000;8,850;1,000;4,000;

12478;2017.02.01 21:00:00;27,002;-2,800;2,000;82,000;0,000;8,850;1,000;4,000;

12479;2017.02.01 22:00:00;27,002;-3,700;3,000;85,000;0,000;8,850;1,000;4,000;

12480;2017.02.01 23:00:00;26,113;-4,500;2,000;89,000;4,000;8,850;1,000;4,000;

12481;2017.02.02 00:00:00;28,502;-4,400;3,000;92,000;8,000;8,917;1,000;4,000;

12482;2017.02.02 01:00:00;26,381;-4,300;3,000;93,000;8,000;8,917;1,000;4,000;

12483;2017.02.02 02:00:00;28,068;-4,000;2,000;91,000;7,000;8,917;1,000;4,000;

12484;2017.02.02 03:00:00;27,780;-3,400;2,000;88,000;8,000;8,917;1,000;4,000;

12485;2017.02.02 04:00:00;27,280;-3,100;3,000;87,000;8,000;8,917;1,000;4,000;

12486;2017.02.02 05:00:00;27,058;-2,400;2,000;88,000;8,000;8,917;1,000;4,000;

12487;2017.02.02 06:00:00;29,391;-2,400;1,000;87,000;8,000;8,917;1,000;4,000;

12488;2017.02.02 07:00:00;28,836;-2,200;2,000;89,000;8,000;8,917;1,000;4,000;

12489;2017.02.02 08:00:00;28,113;-1,900;2,000;90,000;8,000;8,917;1,000;4,000;

12490;2017.02.02 09:00:00;28,558;-1,500;2,000;88,000;8,000;8,917;1,000;4,000;

12491;2017.02.02 10:00:00;27,502;-1,000;4,000;87,000;8,000;8,917;1,000;4,000;

12492;2017.02.02 11:00:00;27,002;-0,500;3,000;83,000;7,000;8,917;1,000;4,000;

12493;2017.02.02 12:00:00;25,558;0,800;3,000;78,000;1,000;8,917;1,000;4,000;

12494;2017.02.02 13:00:00;25,724;2,000;3,000;74,000;0,000;8,917;1,000;4,000;

12495;2017.02.02 14:00:00;25,335;2,300;3,000;71,000;0,000;8,917;1,000;4,000;

12496;2017.02.02 15:00:00;25,153;2,100;2,000;72,000;0,000;8,917;1,000;4,000;

12497;2017.02.02 16:00:00;27,955;1,000;2,000;76,000;0,000;8,917;1,000;4,000;

12498;2017.02.02 17:00:00;28,287;0,400;2,000;80,000;0,000;8,917;1,000;4,000;

12499;2017.02.02 18:00:00;28,613;-0,300;3,000;81,000;0,000;8,917;1,000;4,000;

12500;2017.02.02 19:00:00;27,287;-0,700;3,000;83,000;0,000;8,917;1,000;4,000;

12501;2017.02.02 20:00:00;30,940;-1,300;3,000;85,000;0,000;8,917;1,000;4,000;

12502;2017.02.02 21:00:00;28,725;-1,600;3,000;87,000;0,000;8,917;1,000;4,000;

12503;2017.02.02 22:00:00;27,780;-2,000;2,000;88,000;8,000;8,917;1,000;4,000;

12504;2017.02.02 23:00:00;25,335;-1,700;4,000;89,000;8,000;8,917;1,000;4,000;

12505;2017.02.03 00:00:00;27,336;-1,400;3,000;90,000;8,000;8,983;2,000;4,000;

12506;2017.02.03 01:00:00;26,558;-1,900;3,000;90,000;8,000;8,983;2,000;4,000;

12507;2017.02.03 02:00:00;26,335;-2,500;2,000;91,000;0,000;8,983;2,000;4,000;

12508;2017.02.03 03:00:00;26,113;-1,700;3,000;91,000;8,000;8,983;2,000;4,000;

12509;2017.02.03 04:00:00;26,335;-1,200;3,000;90,000;8,000;8,983;2,000;4,000;

12510;2017.02.03 05:00:00;27,280;-1,200;3,000;89,000;8,000;8,983;2,000;4,000;

12511;2017.02.03 06:00:00;26,947;-1,300;3,000;88,000;8,000;8,983;2,000;4,000;

12512;2017.02.03 07:00:00;26,780;-1,400;3,000;88,000;8,000;8,983;2,000;4,000;

12513;2017.02.03 08:00:00;28,224;-1,300;5,000;88,000;8,000;8,983;2,000;4,000;

12514;2017.02.03 09:00:00;26,724;-0,800;3,000;86,000;8,000;8,983;2,000;4,000;

12515;2017.02.03 10:00:00;28,447;-0,400;4,000;84,000;8,000;8,983;2,000;4,000;

12516;2017.02.03 11:00:00;27,613;0,300;4,000;82,000;7,000;8,983;2,000;4,000;

12517;2017.02.03 12:00:00;28,836;1,100;3,000;78,000;7,000;8,983;2,000;4,000;

12518;2017.02.03 13:00:00;27,947;1,300;3,000;78,000;7,000;8,983;2,000;4,000;

12519;2017.02.03 14:00:00;26,169;0,900;4,000;81,000;8,000;8,983;2,000;4,000;

12520;2017.02.03 15:00:00;28,224;0,600;4,000;83,000;8,000;8,983;2,000;4,000;

12521;2017.02.03 16:00:00;26,058;0,600;4,000;83,000;8,000;8,983;2,000;4,000;

12522;2017.02.03 17:00:00;25,891;0,400;3,000;85,000;8,000;8,983;2,000;4,000;

12523;2017.02.03 18:00:00;27,836;0,100;3,000;85,000;7,000;8,983;2,000;4,000;

12524;2017.02.03 19:00:00;28,280;0,100;4,000;85,000;7,000;8,983;2,000;4,000;

12525;2017.02.03 20:00:00;25,780;0,500;4,000;83,000;7,000;8,983;2,000;4,000;

12526;2017.02.03 21:00:00;27,391;0,700;4,000;82,000;8,000;8,983;2,000;4,000;

12527;2017.02.03 22:00:00;27,002;0,600;4,000;83,000;7,000;8,983;2,000;4,000;

12528;2017.02.03 23:00:00;23,080;0,600;3,000;85,000;8,000;8,983;2,000;4,000;

12529;2017.02.04 00:00:00;28,147;0,500;3,000;88,000;8,000;9,033;3,000;4,000;

12530;2017.02.04 01:00:00;25,669;0,400;4,000;90,000;8,000;9,033;3,000;4,000;

12531;2017.02.04 02:00:00;26,780;0,300;3,000;89,000;8,000;9,033;3,000;4,000;

12532;2017.02.04 03:00:00;26,391;0,200;4,000;90,000;8,000;9,033;3,000;4,000;

12533;2017.02.04 04:00:00;25,613;0,200;4,000;91,000;8,000;9,033;3,000;4,000;

12534;2017.02.04 05:00:00;26,058;0,300;5,000;92,000;8,000;9,033;3,000;4,000;

12535;2017.02.04 06:00:00;26,780;0,200;5,000;90,000;8,000;9,033;3,000;4,000;

12536;2017.02.04 07:00:00;27,058;0,300;5,000;91,000;8,000;9,033;3,000;4,000;

12537;2017.02.04 08:00:00;26,169;0,500;5,000;91,000;8,000;9,033;3,000;4,000;

12538;2017.02.04 09:00:00;24,669;0,600;4,000;91,000;8,000;9,033;3,000;4,000;

12539;2017.02.04 10:00:00;24,558;0,600;5,000;90,000;8,000;9,033;3,000;4,000;

12540;2017.02.04 11:00:00;25,735;0,800;5,000;90,000;8,000;9,033;3,000;4,000;

12541;2017.02.04 12:00:00;27,492;0,800;4,000;89,000;8,000;9,033;3,000;4,000;

12542;2017.02.04 13:00:00;24,891;0,800;5,000;89,000;8,000;9,033;3,000;4,000;

12543;2017.02.04 14:00:00;25,502;1,000;4,000;89,000;8,000;9,033;3,000;4,000;

12544;2017.02.04 15:00:00;26,058;1,000;3,000;88,000;8,000;9,033;3,000;4,000;

12545;2017.02.04 16:00:00;28,002;0,800;3,000;88,000;8,000;9,033;3,000;4,000;

12546;2017.02.04 17:00:00;25,947;0,700;3,000;89,000;8,000;9,033;3,000;4,000;

12547;2017.02.04 18:00:00;27,280;0,600;4,000;89,000;8,000;9,033;3,000;4,000;

12548;2017.02.04 19:00:00;27,113;0,600;3,000;88,000;8,000;9,033;3,000;4,000;

12549;2017.02.04 20:00:00;28,725;0,300;3,000;91,000;8,000;9,033;3,000;4,000;

12550;2017.02.04 21:00:00;28,447;0,300;3,000;90,000;8,000;9,033;3,000;4,000;

12551;2017.02.04 22:00:00;27,224;0,200;2,000;91,000;8,000;9,033;3,000;4,000;

12552;2017.02.04 23:00:00;24,335;0,100;2,000;91,000;8,000;9,033;3,000;4,000;

12553;2017.02.05 00:00:00;27,058;0,000;2,000;91,000;8,000;9,100;4,000;4,000;

12554;2017.02.05 01:00:00;26,280;-0,200;2,000;91,000;8,000;9,100;4,000;4,000;

12555;2017.02.05 02:00:00;25,974;-0,300;2,000;91,000;8,000;9,100;4,000;4,000;

12556;2017.02.05 03:00:00;26,974;-0,100;1,000;90,000;8,000;9,100;4,000;4,000;

12557;2017.02.05 04:00:00;26,947;-0,100;2,000;90,000;8,000;9,100;4,000;4,000;

12558;2017.02.05 05:00:00;26,891;-0,300;2,000;90,000;8,000;9,100;4,000;4,000;

12559;2017.02.05 06:00:00;27,669;-0,600;2,000;91,000;8,000;9,100;4,000;4,000;

12560;2017.02.05 07:00:00;27,280;-0,800;2,000;90,000;8,000;9,100;4,000;4,000;

12561;2017.02.05 08:00:00;26,947;-1,200;3,000;88,000;8,000;9,100;4,000;4,000;

12562;2017.02.05 09:00:00;26,447;-1,300;3,000;88,000;8,000;9,100;4,000;4,000;

12563;2017.02.05 10:00:00;29,947;-1,000;2,000;86,000;8,000;9,100;4,000;4,000;

12564;2017.02.05 11:00:00;29,836;-0,500;2,000;85,000;8,000;9,100;4,000;4,000;

12565;2017.02.05 12:00:00;27,197;-0,100;2,000;86,000;8,000;9,100;4,000;4,000;

12566;2017.02.05 13:00:00;26,808;0,300;2,000;87,000;8,000;9,100;4,000;4,000;

12567;2017.02.05 14:00:00;27,608;0,200;2,000;89,000;8,000;9,100;4,000;4,000;

12568;2017.02.05 15:00:00;28,091;0,100;2,000;90,000;8,000;9,100;4,000;4,000;

12569;2017.02.05 16:00:00;28,613;-0,100;2,000;84,000;3,000;9,100;4,000;4,000;

12570;2017.02.05 17:00:00;27,641;0,100;2,000;81,000;8,000;9,100;4,000;4,000;

12571;2017.02.05 18:00:00;27,363;0,000;1,000;78,000;1,000;9,100;4,000;4,000;

12572;2017.02.05 19:00:00;28,058;-0,800;2,000;80,000;3,000;9,100;4,000;4,000;

12573;2017.02.05 20:00:00;29,169;-0,700;2,000;78,000;1,000;9,100;4,000;4,000;

12574;2017.02.05 21:00:00;29,586;-1,100;1,000;80,000;0,000;9,100;4,000;4,000;

12575;2017.02.05 22:00:00;28,752;-1,400;1,000;84,000;2,000;9,100;4,000;4,000;

12576;2017.02.05 23:00:00;27,586;-1,300;2,000;80,000;4,000;9,100;4,000;4,000;

12577;2017.02.06 00:00:00;28,346;-1,500;2,000;80,000;3,000;9,167;1,000;4,000;

12578;2017.02.06 01:00:00;27,408;-2,000;2,000;79,000;3,000;9,167;1,000;4,000;

12579;2017.02.06 02:00:00;29,018;-2,200;2,000;78,000;4,000;9,167;1,000;4,000;

12580;2017.02.06 03:00:00;29,123;-2,900;1,000;81,000;0,000;9,167;1,000;4,000;

12581;2017.02.06 04:00:00;29,088;-3,700;1,000;85,000;0,000;9,167;1,000;4,000;

12582;2017.02.06 05:00:00;30,956;-3,800;1,000;89,000;7,000;9,167;1,000;4,000;

12583;2017.02.06 06:00:00;29,719;-3,300;1,000;88,000;7,000;9,167;1,000;4,000;

12584;2017.02.06 07:00:00;30,260;-2,600;1,000;87,000;6,000;9,167;1,000;4,000;

12585;2017.02.06 08:00:00;28,352;-1,100;1,000;81,000;7,000;9,167;1,000;4,000;

12586;2017.02.06 09:00:00;27,670;-0,500;1,000;82,000;7,000;9,167;1,000;4,000;

12587;2017.02.06 10:00:00;27,584;0,400;1,000;80,000;7,000;9,167;1,000;4,000;

12588;2017.02.06 11:00:00;25,830;1,600;2,000;74,000;7,000;9,167;1,000;4,000;

12589;2017.02.06 12:00:00;25,787;1,400;2,000;73,000;7,000;9,167;1,000;4,000;

12590;2017.02.06 13:00:00;24,495;1,500;2,000;73,000;7,000;9,167;1,000;4,000;

12591;2017.02.06 14:00:00;26,657;1,600;2,000;74,000;7,000;9,167;1,000;4,000;

12592;2017.02.06 15:00:00;27,379;1,500;2,000;77,000;7,000;9,167;1,000;4,000;

12593;2017.02.06 16:00:00;27,560;0,600;2,000;77,000;8,000;9,167;1,000;4,000;

12594;2017.02.06 17:00:00;28,683;0,200;1,000;77,000;8,000;9,167;1,000;4,000;

12595;2017.02.06 18:00:00;26,738;-0,100;2,000;77,000;8,000;9,167;1,000;4,000;

12596;2017.02.06 19:00:00;26,391;-0,300;2,000;77,000;8,000;9,167;1,000;4,000;

12597;2017.02.06 20:00:00;26,669;-0,500;2,000;80,000;8,000;9,167;1,000;4,000;

12598;2017.02.06 21:00:00;26,669;-0,700;2,000;77,000;8,000;9,167;1,000;4,000;

12599;2017.02.06 22:00:00;26,174;-1,000;3,000;72,000;8,000;9,167;1,000;4,000;

12600;2017.02.06 23:00:00;25,443;-1,200;2,000;73,000;8,000;9,167;1,000;4,000;

12601;2017.02.07 00:00:00;27,215;-1,300;1,000;73,000;8,000;9,233;1,000;4,000;

12602;2017.02.07 01:00:00;26,257;-1,700;1,000;71,000;8,000;9,233;1,000;4,000;

12603;2017.02.07 02:00:00;27,099;-2,000;2,000;71,000;8,000;9,233;1,000;4,000;

12604;2017.02.07 03:00:00;27,497;-2,500;3,000;74,000;8,000;9,233;1,000;4,000;

12605;2017.02.07 04:00:00;27,904;-2,500;1,000;75,000;8,000;9,233;1,000;4,000;

12606;2017.02.07 05:00:00;28,447;-2,600;3,000;74,000;8,000;9,233;1,000;4,000;

12607;2017.02.07 06:00:00;28,374;-2,800;2,000;75,000;8,000;9,233;1,000;4,000;

12608;2017.02.07 07:00:00;27,834;-2,800;2,000;73,000;8,000;9,233;1,000;4,000;

12609;2017.02.07 08:00:00;28,474;-3,100;2,000;75,000;8,000;9,233;1,000;4,000;

12610;2017.02.07 09:00:00;29,254;-3,100;2,000;78,000;7,000;9,233;1,000;4,000;

12611;2017.02.07 10:00:00;29,050;-2,800;3,000;64,000;7,000;9,233;1,000;4,000;

12612;2017.02.07 11:00:00;29,480;-3,200;2,000;64,000;7,000;9,233;1,000;4,000;

12613;2017.02.07 12:00:00;28,474;-3,200;2,000;63,000;7,000;9,233;1,000;4,000;

12614;2017.02.07 13:00:00;28,987;-3,400;3,000;62,000;8,000;9,233;1,000;4,000;

12615;2017.02.07 14:00:00;30,046;-3,600;3,000;62,000;8,000;9,233;1,000;4,000;

12616;2017.02.07 15:00:00;30,836;-3,900;3,000;63,000;7,000;9,233;1,000;4,000;

12617;2017.02.07 16:00:00;29,864;-4,000;2,000;64,000;8,000;9,233;1,000;4,000;

12618;2017.02.07 17:00:00;33,058;-4,400;3,000;65,000;8,000;9,233;1,000;4,000;

12619;2017.02.07 18:00:00;31,499;-5,100;3,000;65,000;8,000;9,233;1,000;4,000;

12620;2017.02.07 19:00:00;33,691;-5,300;3,000;67,000;8,000;9,233;1,000;4,000;

12621;2017.02.07 20:00:00;32,031;-5,600;3,000;69,000;8,000;9,233;1,000;4,000;

12622;2017.02.07 21:00:00;31,400;-5,800;3,000;71,000;8,000;9,233;1,000;4,000;

12623;2017.02.07 22:00:00;32,512;-6,000;3,000;71,000;8,000;9,233;1,000;4,000;

12624;2017.02.07 23:00:00;29,854;-6,100;2,000;70,000;8,000;9,233;1,000;4,000;

12625;2017.02.08 00:00:00;32,225;-6,300;3,000;70,000;7,000;9,300;1,000;4,000;

12626;2017.02.08 01:00:00;31,947;-6,500;3,000;69,000;7,000;9,300;1,000;4,000;

12627;2017.02.08 02:00:00;32,433;-6,900;2,000;75,000;8,000;9,300;1,000;4,000;

12628;2017.02.08 03:00:00;33,058;-6,800;2,000;73,000;8,000;9,300;1,000;4,000;

12629;2017.02.08 04:00:00;32,572;-6,800;3,000;69,000;8,000;9,300;1,000;4,000;

12630;2017.02.08 05:00:00;33,027;-7,100;2,000;71,000;7,000;9,300;1,000;4,000;

12631;2017.02.08 06:00:00;34,043;-7,000;3,000;69,000;8,000;9,300;1,000;4,000;

12632;2017.02.08 07:00:00;32,660;-6,900;3,000;68,000;8,000;9,300;1,000;4,000;

12633;2017.02.08 08:00:00;33,142;-6,900;3,000;68,000;8,000;9,300;1,000;4,000;

12634;2017.02.08 09:00:00;31,280;-6,800;3,000;68,000;8,000;9,300;1,000;4,000;

12635;2017.02.08 10:00:00;34,447;-6,600;3,000;66,000;8,000;9,300;1,000;4,000;

12636;2017.02.08 11:00:00;33,225;-6,100;3,000;64,000;8,000;9,300;1,000;4,000;

12637;2017.02.08 12:00:00;30,836;-6,000;3,000;61,000;7,000;9,300;1,000;4,000;

12638;2017.02.08 13:00:00;31,614;-6,200;4,000;61,000;7,000;9,300;1,000;4,000;

12639;2017.02.08 14:00:00;34,169;-6,400;3,000;63,000;7,000;9,300;1,000;4,000;

12640;2017.02.08 15:00:00;33,836;-6,500;4,000;63,000;7,000;9,300;1,000;4,000;

12641;2017.02.08 16:00:00;36,114;-6,700;3,000;64,000;8,000;9,300;1,000;4,000;

12642;2017.02.08 17:00:00;34,836;-6,700;3,000;64,000;8,000;9,300;1,000;4,000;

12643;2017.02.08 18:00:00;36,143;-7,000;3,000;64,000;7,000;9,300;1,000;4,000;

12644;2017.02.08 19:00:00;37,585;-7,300;2,000;68,000;7,000;9,300;1,000;4,000;

12645;2017.02.08 20:00:00;37,003;-7,500;3,000;67,000;8,000;9,300;1,000;4,000;

12646;2017.02.08 21:00:00;36,614;-7,600;2,000;70,000;7,000;9,300;1,000;4,000;

12647;2017.02.08 22:00:00;35,225;-7,700;3,000;71,000;7,000;9,300;1,000;4,000;

12648;2017.02.08 23:00:00;32,114;-7,800;3,000;70,000;8,000;9,300;1,000;4,000;

12649;2017.02.09 00:00:00;36,336;-7,800;3,000;71,000;8,000;9,367;1,000;4,000;

12650;2017.02.09 01:00:00;35,503;-7,700;3,000;73,000;8,000;9,367;1,000;4,000;

12651;2017.02.09 02:00:00;36,003;-7,800;3,000;74,000;8,000;9,367;1,000;4,000;

12652;2017.02.09 03:00:00;35,188;-7,900;3,000;76,000;8,000;9,367;1,000;4,000;

12653;2017.02.09 04:00:00;34,206;-7,900;3,000;76,000;8,000;9,367;1,000;4,000;

12654;2017.02.09 05:00:00;34,947;-7,900;3,000;76,000;8,000;9,367;1,000;4,000;

12655;2017.02.09 06:00:00;36,225;-7,800;3,000;75,000;8,000;9,367;1,000;4,000;

12656;2017.02.09 07:00:00;37,447;-7,800;3,000;75,000;8,000;9,367;1,000;4,000;

12657;2017.02.09 08:00:00;37,503;-7,700;4,000;75,000;8,000;9,367;1,000;4,000;

12658;2017.02.09 09:00:00;34,058;-7,100;2,000;75,000;8,000;9,367;1,000;4,000;

12659;2017.02.09 10:00:00;33,558;-5,900;3,000;67,000;4,000;9,367;1,000;4,000;

12660;2017.02.09 11:00:00;32,336;-5,100;3,000;63,000;8,000;9,367;1,000;4,000;

12661;2017.02.09 12:00:00;32,780;-4,600;3,000;60,000;8,000;9,367;1,000;4,000;

12662;2017.02.09 13:00:00;31,503;-4,200;3,000;60,000;7,000;9,367;1,000;4,000;

12663;2017.02.09 14:00:00;31,336;-4,600;3,000;61,000;7,000;9,367;1,000;4,000;

12664;2017.02.09 15:00:00;32,503;-4,800;2,000;62,000;8,000;9,367;1,000;4,000;

12665;2017.02.09 16:00:00;32,836;-4,900;3,000;64,000;8,000;9,367;1,000;4,000;

12666;2017.02.09 17:00:00;32,280;-5,100;3,000;67,000;8,000;9,367;1,000;4,000;

12667;2017.02.09 18:00:00;33,280;-5,400;3,000;66,000;8,000;9,367;1,000;4,000;

12668;2017.02.09 19:00:00;33,892;-5,400;4,000;68,000;8,000;9,367;1,000;4,000;

12669;2017.02.09 20:00:00;35,836;-5,700;3,000;74,000;8,000;9,367;1,000;4,000;

12670;2017.02.09 21:00:00;33,503;-5,600;3,000;72,000;8,000;9,367;1,000;4,000;

12671;2017.02.09 22:00:00;33,503;-5,500;3,000;71,000;8,000;9,367;1,000;4,000;

12672;2017.02.09 23:00:00;29,113;-5,600;4,000;70,000;7,000;9,367;1,000;4,000;

12673;2017.02.10 00:00:00;33,558;-5,600;2,000;71,000;7,000;9,433;2,000;4,000;

12674;2017.02.10 01:00:00;32,503;-5,700;2,000;72,000;4,000;9,433;2,000;4,000;

12675;2017.02.10 02:00:00;33,114;-6,000;2,000;76,000;7,000;9,433;2,000;4,000;

12676;2017.02.10 03:00:00;33,003;-6,200;3,000;75,000;7,000;9,433;2,000;4,000;

12677;2017.02.10 04:00:00;32,892;-5,900;4,000;74,000;8,000;9,433;2,000;4,000;

12678;2017.02.10 05:00:00;33,447;-6,000;2,000;75,000;7,000;9,433;2,000;4,000;

12679;2017.02.10 06:00:00;33,003;-5,800;3,000;75,000;7,000;9,433;2,000;4,000;

12680;2017.02.10 07:00:00;32,391;-5,500;3,000;71,000;7,000;9,433;2,000;4,000;

12681;2017.02.10 08:00:00;33,114;-4,900;2,000;68,000;7,000;9,433;2,000;4,000;

12682;2017.02.10 09:00:00;31,614;-4,100;4,000;62,000;7,000;9,433;2,000;4,000;

12683;2017.02.10 10:00:00;32,447;-1,900;3,000;53,000;4,000;9,433;2,000;4,000;

12684;2017.02.10 11:00:00;29,780;-0,800;3,000;52,000;1,000;9,433;2,000;4,000;

12685;2017.02.10 12:00:00;31,002;0,300;4,000;52,000;1,000;9,433;2,000;4,000;

12686;2017.02.10 13:00:00;29,336;1,200;3,000;50,000;1,000;9,433;2,000;4,000;

12687;2017.02.10 14:00:00;27,669;1,100;4,000;47,000;1,000;9,433;2,000;4,000;

12688;2017.02.10 15:00:00;27,249;0,800;4,000;46,000;1,000;9,433;2,000;4,000;

12689;2017.02.10 16:00:00;30,089;0,000;4,000;44,000;2,000;9,433;2,000;4,000;

12690;2017.02.10 17:00:00;31,336;-0,700;3,000;45,000;2,000;9,433;2,000;4,000;

12691;2017.02.10 18:00:00;31,336;-1,000;5,000;40,000;2,000;9,433;2,000;4,000;

12692;2017.02.10 19:00:00;31,169;-1,600;3,000;49,000;0,000;9,433;2,000;4,000;

12693;2017.02.10 20:00:00;30,780;-1,800;3,000;37,000;0,000;9,433;2,000;4,000;

12694;2017.02.10 21:00:00;31,725;-2,200;4,000;36,000;0,000;9,433;2,000;4,000;

12695;2017.02.10 22:00:00;33,336;-2,900;5,000;37,000;0,000;9,433;2,000;4,000;

12696;2017.02.10 23:00:00;30,669;-3,600;5,000;37,000;0,000;9,433;2,000;4,000;

12697;2017.02.11 00:00:00;33,725;-4,200;4,000;37,000;0,000;9,500;3,000;4,000;

12698;2017.02.11 01:00:00;34,447;-4,700;3,000;38,000;0,000;9,500;3,000;4,000;

12699;2017.02.11 02:00:00;35,670;-5,400;2,000;42,000;0,000;9,500;3,000;4,000;

12700;2017.02.11 03:00:00;33,706;-5,800;3,000;43,000;0,000;9,500;3,000;4,000;

12701;2017.02.11 04:00:00;36,855;-6,200;2,000;45,000;0,000;9,500;3,000;4,000;

12702;2017.02.11 05:00:00;36,281;-6,500;3,000;43,000;0,000;9,500;3,000;4,000;

12703;2017.02.11 06:00:00;37,170;-6,900;3,000;40,000;0,000;9,500;3,000;4,000;

12704;2017.02.11 07:00:00;37,003;-6,900;4,000;43,000;1,000;9,500;3,000;4,000;

12705;2017.02.11 08:00:00;36,447;-5,800;3,000;40,000;1,000;9,500;3,000;4,000;

12706;2017.02.11 09:00:00;35,225;-4,200;4,000;35,000;1,000;9,500;3,000;4,000;

12707;2017.02.11 10:00:00;33,885;-2,400;4,000;31,000;1,000;9,500;3,000;4,000;

12708;2017.02.11 11:00:00;33,342;-1,300;5,000;27,000;1,000;9,500;3,000;4,000;

12709;2017.02.11 12:00:00;31,225;-1,000;4,000;34,000;1,000;9,500;3,000;4,000;

12710;2017.02.11 13:00:00;34,336;-0,700;4,000;36,000;1,000;9,500;3,000;4,000;

12711;2017.02.11 14:00:00;32,503;-0,300;4,000;42,000;1,000;9,500;3,000;4,000;

12712;2017.02.11 15:00:00;31,891;-1,100;4,000;48,000;1,000;9,500;3,000;4,000;

12713;2017.02.11 16:00:00;33,558;-2,800;3,000;57,000;1,000;9,500;3,000;4,000;

12714;2017.02.11 17:00:00;30,786;-3,400;3,000;64,000;1,000;9,500;3,000;4,000;

12715;2017.02.11 18:00:00;29,256;-3,700;4,000;68,000;1,000;9,500;3,000;4,000;

12716;2017.02.11 19:00:00;32,444;-3,800;4,000;70,000;7,000;9,500;3,000;4,000;

12717;2017.02.11 20:00:00;36,973;-3,400;4,000;69,000;8,000;9,500;3,000;4,000;

12718;2017.02.11 21:00:00;39,075;-3,200;5,000;69,000;8,000;9,500;3,000;4,000;

12719;2017.02.11 22:00:00;41,205;-3,300;4,000;70,000;7,000;9,500;3,000;4,000;

12720;2017.02.11 23:00:00;31,780;-3,400;3,000;69,000;7,000;9,500;3,000;4,000;

12721;2017.02.12 00:00:00;35,058;-3,600;5,000;67,000;8,000;9,567;4,000;4,000;

12722;2017.02.12 01:00:00;34,003;-4,000;4,000;67,000;8,000;9,567;4,000;4,000;

12723;2017.02.12 02:00:00;33,987;-4,500;4,000;71,000;8,000;9,567;4,000;4,000;

12724;2017.02.12 03:00:00;34,574;-4,900;4,000;72,000;6,000;9,567;4,000;4,000;

12725;2017.02.12 04:00:00;32,586;-5,200;4,000;73,000;4,000;9,567;4,000;4,000;

12726;2017.02.12 05:00:00;35,216;-5,200;3,000;74,000;3,000;9,567;4,000;4,000;

12727;2017.02.12 06:00:00;35,601;-5,300;4,000;74,000;6,000;9,567;4,000;4,000;

12728;2017.02.12 07:00:00;36,419;-5,300;3,000;74,000;6,000;9,567;4,000;4,000;

12729;2017.02.12 08:00:00;30,785;-5,200;2,000;72,000;4,000;9,567;4,000;4,000;

12730;2017.02.12 09:00:00;35,373;-4,200;2,000;67,000;3,000;9,567;4,000;4,000;

12731;2017.02.12 10:00:00;41,040;-2,900;4,000;58,000;2,000;9,567;4,000;4,000;

12732;2017.02.12 11:00:00;33,270;-1,700;3,000;55,000;1,000;9,567;4,000;4,000;

12733;2017.02.12 12:00:00;36,514;-1,100;3,000;53,000;1,000;9,567;4,000;4,000;

12734;2017.02.12 13:00:00;34,781;-1,000;3,000;53,000;1,000;9,567;4,000;4,000;

12735;2017.02.12 14:00:00;32,169;-1,100;3,000;54,000;0,000;9,567;4,000;4,000;

12736;2017.02.12 15:00:00;30,780;-2,500;3,000;60,000;0,000;9,567;4,000;4,000;

12737;2017.02.12 16:00:00;32,716;-4,400;4,000;68,000;0,000;9,567;4,000;4,000;

12738;2017.02.12 17:00:00;32,801;-5,500;3,000;74,000;0,000;9,567;4,000;4,000;

12739;2017.02.12 18:00:00;35,825;-6,100;3,000;76,000;0,000;9,567;4,000;4,000;

12740;2017.02.12 19:00:00;36,725;-6,100;3,000;77,000;7,000;9,567;4,000;4,000;

12741;2017.02.12 20:00:00;34,781;-6,400;3,000;78,000;8,000;9,567;4,000;4,000;

12742;2017.02.12 21:00:00;34,947;-6,400;3,000;79,000;8,000;9,567;4,000;4,000;

12743;2017.02.12 22:00:00;33,169;-6,600;2,000;80,000;8,000;9,567;4,000;4,000;

12744;2017.02.12 23:00:00;32,114;-6,600;2,000;80,000;8,000;9,567;4,000;4,000;

12745;2017.02.13 00:00:00;33,225;-6,800;2,000;81,000;8,000;9,633;1,000;4,000;

12746;2017.02.13 01:00:00;32,503;-6,600;1,000;81,000;8,000;9,633;1,000;4,000;

12747;2017.02.13 02:00:00;34,225;-6,700;3,000;82,000;8,000;9,633;1,000;4,000;

12748;2017.02.13 03:00:00;32,725;-6,900;1,000;83,000;8,000;9,633;1,000;4,000;

12749;2017.02.13 04:00:00;32,614;-7,000;2,000;83,000;8,000;9,633;1,000;4,000;

12750;2017.02.13 05:00:00;32,780;-7,200;1,000;84,000;8,000;9,633;1,000;4,000;

12751;2017.02.13 06:00:00;31,891;-7,000;1,000;84,000;8,000;9,633;1,000;4,000;

12752;2017.02.13 07:00:00;31,891;-7,100;1,000;84,000;8,000;9,633;1,000;4,000;

12753;2017.02.13 08:00:00;32,336;-7,000;2,000;84,000;8,000;9,633;1,000;4,000;

12754;2017.02.13 09:00:00;32,225;-6,800;1,000;83,000;8,000;9,633;1,000;4,000;

12755;2017.02.13 10:00:00;32,725;-6,900;2,000;82,000;8,000;9,633;1,000;4,000;

12756;2017.02.13 11:00:00;32,280;-6,800;1,000;81,000;8,000;9,633;1,000;4,000;

12757;2017.02.13 12:00:00;34,447;-6,300;1,000;80,000;8,000;9,633;1,000;4,000;

12758;2017.02.13 13:00:00;31,058;-6,000;1,000;77,000;8,000;9,633;1,000;4,000;

12759;2017.02.13 14:00:00;32,114;-5,800;1,000;77,000;8,000;9,633;1,000;4,000;

12760;2017.02.13 15:00:00;32,114;-5,700;1,000;77,000;8,000;9,633;1,000;4,000;

12761;2017.02.13 16:00:00;34,447;-6,400;1,000;79,000;7,000;9,633;1,000;4,000;

12762;2017.02.13 17:00:00;35,195;-6,400;1,000;85,000;8,000;9,633;1,000;4,000;

12763;2017.02.13 18:00:00;35,366;-6,400;0,000;86,000;8,000;9,633;1,000;4,000;

12764;2017.02.13 19:00:00;36,503;-6,600;1,000;86,000;7,000;9,633;1,000;4,000;

12765;2017.02.13 20:00:00;37,336;-7,400;1,000;87,000;2,000;9,633;1,000;4,000;

12766;2017.02.13 21:00:00;36,725;-7,300;1,000;86,000;2,000;9,633;1,000;4,000;

12767;2017.02.13 22:00:00;36,781;-7,200;1,000;87,000;8,000;9,633;1,000;4,000;

12768;2017.02.13 23:00:00;34,058;-7,400;2,000;86,000;8,000;9,633;1,000;4,000;

12769;2017.02.14 00:00:00;37,781;-7,200;2,000;85,000;8,000;9,700;1,000;4,000;

12770;2017.02.14 01:00:00;36,336;-7,000;1,000;86,000;8,000;9,700;1,000;4,000;

12771;2017.02.14 02:00:00;36,392;-7,000;2,000;95,000;8,000;9,700;1,000;4,000;

12772;2017.02.14 03:00:00;36,781;-7,200;2,000;90,000;8,000;9,700;1,000;4,000;

12773;2017.02.14 04:00:00;37,725;-7,200;2,000;87,000;8,000;9,700;1,000;4,000;

12774;2017.02.14 05:00:00;36,892;-7,200;1,000;89,000;8,000;9,700;1,000;4,000;

12775;2017.02.14 06:00:00;36,281;-7,500;2,000;86,000;8,000;9,700;1,000;4,000;

12776;2017.02.14 07:00:00;37,781;-7,400;3,000;85,000;8,000;9,700;1,000;4,000;

12777;2017.02.14 08:00:00;35,836;-6,300;2,000;84,000;8,000;9,700;1,000;4,000;

12778;2017.02.14 09:00:00;34,558;-5,500;2,000;93,000;8,000;9,700;1,000;4,000;

12779;2017.02.14 10:00:00;32,280;-4,600;3,000;91,000;8,000;9,700;1,000;4,000;

12780;2017.02.14 11:00:00;33,003;-2,800;2,000;84,000;3,000;9,700;1,000;4,000;

12781;2017.02.14 12:00:00;30,351;-0,500;2,000;73,000;2,000;9,700;1,000;4,000;

12782;2017.02.14 13:00:00;29,321;0,300;2,000;71,000;2,000;9,700;1,000;4,000;

12783;2017.02.14 14:00:00;29,817;1,600;1,000;65,000;1,000;9,700;1,000;4,000;

12784;2017.02.14 15:00:00;28,243;2,000;1,000;62,000;1,000;9,700;1,000;4,000;

12785;2017.02.14 16:00:00;26,021;-0,400;2,000;81,000;1,000;9,700;1,000;4,000;

12786;2017.02.14 17:00:00;27,595;-1,500;1,000;88,000;1,000;9,700;1,000;4,000;

12787;2017.02.14 18:00:00;28,891;-1,800;1,000;88,000;0,000;9,700;1,000;4,000;

12788;2017.02.14 19:00:00;28,428;-2,200;0,000;88,000;0,000;9,700;1,000;4,000;

12789;2017.02.14 20:00:00;29,539;-2,500;1,000;90,000;0,000;9,700;1,000;4,000;

12790;2017.02.14 21:00:00;29,539;-2,300;2,000;88,000;0,000;9,700;1,000;4,000;

12791;2017.02.14 22:00:00;30,373;-2,800;1,000;89,000;0,000;9,700;1,000;4,000;

12792;2017.02.14 23:00:00;28,336;-3,100;1,000;89,000;0,000;9,700;1,000;4,000;

12793;2017.02.15 00:00:00;30,558;-3,300;2,000;90,000;0,000;9,767;1,000;4,000;

12794;2017.02.15 01:00:00;31,577;-3,700;1,000;89,000;0,000;9,767;1,000;4,000;

12795;2017.02.15 02:00:00;30,651;-3,500;3,000;87,000;0,000;9,767;1,000;4,000;

12796;2017.02.15 03:00:00;31,947;-4,100;2,000;88,000;0,000;9,767;1,000;4,000;

12797;2017.02.15 04:00:00;31,854;-3,800;2,000;85,000;0,000;9,767;1,000;4,000;

12798;2017.02.15 05:00:00;30,934;-4,000;2,000;83,000;0,000;9,767;1,000;4,000;

12799;2017.02.15 06:00:00;31,478;-4,100;2,000;83,000;2,000;9,767;1,000;4,000;

12800;2017.02.15 07:00:00;30,651;-3,400;2,000;80,000;1,000;9,767;1,000;4,000;

12801;2017.02.15 08:00:00;30,188;-1,200;2,000;70,000;1,000;9,767;1,000;4,000;

12802;2017.02.15 09:00:00;28,150;1,300;2,000;63,000;1,000;9,767;1,000;4,000;

12803;2017.02.15 10:00:00;26,113;4,300;3,000;53,000;1,000;9,767;1,000;4,000;

12804;2017.02.15 11:00:00;23,428;7,300;3,000;40,000;1,000;9,767;1,000;4,000;

12805;2017.02.15 12:00:00;23,706;10,300;2,000;31,000;1,000;9,767;1,000;4,000;

12806;2017.02.15 13:00:00;21,668;11,200;3,000;27,000;0,000;9,767;1,000;4,000;

12807;2017.02.15 14:00:00;19,539;11,800;2,000;29,000;0,000;9,767;1,000;4,000;

12808;2017.02.15 15:00:00;18,134;11,800;2,000;32,000;0,000;9,767;1,000;4,000;

12809;2017.02.15 16:00:00;16,869;9,000;0,000;39,000;0,000;9,767;1,000;4,000;

12810;2017.02.15 17:00:00;21,761;5,100;1,000;50,000;0,000;9,767;1,000;4,000;

12811;2017.02.15 18:00:00;21,205;3,900;1,000;56,000;0,000;9,767;1,000;4,000;

12812;2017.02.15 19:00:00;21,946;3,500;2,000;61,000;0,000;9,767;1,000;4,000;

12813;2017.02.15 20:00:00;22,317;2,900;3,000;64,000;0,000;9,767;1,000;4,000;

12814;2017.02.15 21:00:00;22,872;2,500;4,000;66,000;0,000;9,767;1,000;4,000;

12815;2017.02.15 22:00:00;22,687;2,000;3,000;67,000;0,000;9,767;1,000;4,000;

12816;2017.02.15 23:00:00;20,835;2,300;3,000;64,000;0,000;9,767;1,000;4,000;

12817;2017.02.16 00:00:00;24,076;2,200;3,000;62,000;0,000;9,833;1,000;4,000;

12818;2017.02.16 01:00:00;23,243;1,300;3,000;65,000;0,000;9,833;1,000;4,000;

12819;2017.02.16 02:00:00;23,428;0,600;2,000;67,000;0,000;9,833;1,000;4,000;

12820;2017.02.16 03:00:00;24,446;0,000;2,000;68,000;0,000;9,833;1,000;4,000;

12821;2017.02.16 04:00:00;23,891;-0,300;2,000;67,000;0,000;9,833;1,000;4,000;

12822;2017.02.16 05:00:00;25,145;-0,800;2,000;69,000;0,000;9,833;1,000;4,000;

12823;2017.02.16 06:00:00;24,183;-1,000;2,000;69,000;0,000;9,833;1,000;4,000;

12824;2017.02.16 07:00:00;25,354;-0,800;2,000;68,000;1,000;9,833;1,000;4,000;

12825;2017.02.16 08:00:00;24,650;0,800;2,000;64,000;0,000;9,833;1,000;4,000;

12826;2017.02.16 09:00:00;24,243;3,000;3,000;61,000;0,000;9,833;1,000;4,000;

12827;2017.02.16 10:00:00;23,965;5,600;3,000;56,000;0,000;9,833;1,000;4,000;

12828;2017.02.16 11:00:00;22,280;7,700;3,000;50,000;1,000;9,833;1,000;4,000;

12829;2017.02.16 12:00:00;20,566;8,900;4,000;46,000;4,000;9,833;1,000;4,000;

12830;2017.02.16 13:00:00;18,983;9,900;4,000;45,000;4,000;9,833;1,000;4,000;

12831;2017.02.16 14:00:00;17,779;9,400;3,000;60,000;3,000;9,833;1,000;4,000;

12832;2017.02.16 15:00:00;17,409;8,900;3,000;66,000;3,000;9,833;1,000;4,000;

12833;2017.02.16 16:00:00;17,779;7,900;2,000;67,000;4,000;9,833;1,000;4,000;

12834;2017.02.16 17:00:00;19,539;7,200;3,000;69,000;6,000;9,833;1,000;4,000;

12835;2017.02.16 18:00:00;22,502;6,600;2,000;70,000;7,000;9,833;1,000;4,000;

12836;2017.02.16 19:00:00;19,909;6,300;3,000;72,000;7,000;9,833;1,000;4,000;

12837;2017.02.16 20:00:00;20,650;6,200;2,000;74,000;8,000;9,833;1,000;4,000;

12838;2017.02.16 21:00:00;19,724;5,900;2,000;75,000;7,000;9,833;1,000;4,000;

12839;2017.02.16 22:00:00;19,261;5,300;2,000;78,000;8,000;9,833;1,000;4,000;

12840;2017.02.16 23:00:00;17,316;4,800;2,000;81,000;7,000;9,833;1,000;4,000;

12841;2017.02.17 00:00:00;19,816;4,200;1,000;83,000;8,000;9,900;2,000;4,000;

12842;2017.02.17 01:00:00;18,983;4,400;2,000;84,000;8,000;9,900;2,000;4,000;

12843;2017.02.17 02:00:00;19,168;4,500;1,000;84,000;8,000;9,900;2,000;4,000;

12844;2017.02.17 03:00:00;19,168;4,000;3,000;90,000;8,000;9,900;2,000;4,000;

12845;2017.02.17 04:00:00;19,076;3,800;2,000;93,000;8,000;9,900;2,000;4,000;

12846;2017.02.17 05:00:00;20,002;3,300;3,000;97,000;8,000;9,900;2,000;4,000;

12847;2017.02.17 06:00:00;21,298;3,700;2,000;98,000;8,000;9,900;2,000;4,000;

12848;2017.02.17 07:00:00;20,835;3,600;2,000;96,000;8,000;9,900;2,000;4,000;

12849;2017.02.17 08:00:00;20,279;3,600;2,000;92,000;8,000;9,900;2,000;4,000;

12850;2017.02.17 09:00:00;19,539;4,200;3,000;88,000;8,000;9,900;2,000;4,000;

12851;2017.02.17 10:00:00;18,890;4,200;3,000;92,000;8,000;9,900;2,000;4,000;

12852;2017.02.17 11:00:00;19,539;4,200;2,000;93,000;8,000;9,900;2,000;4,000;

12853;2017.02.17 12:00:00;21,391;3,800;2,000;94,000;8,000;9,900;2,000;4,000;

12854;2017.02.17 13:00:00;20,187;3,700;2,000;96,000;8,000;9,900;2,000;4,000;

12855;2017.02.17 14:00:00;20,650;3,300;2,000;98,000;9,000;9,900;2,000;4,000;

12856;2017.02.17 15:00:00;21,391;2,900;3,000;99,000;9,000;9,900;2,000;4,000;

12857;2017.02.17 16:00:00;21,609;2,400;3,000;99,000;9,000;9,900;2,000;4,000;

12858;2017.02.17 17:00:00;23,488;2,300;2,000;99,000;9,000;9,900;2,000;4,000;

12859;2017.02.17 18:00:00;22,039;2,200;3,000;99,000;9,000;9,900;2,000;4,000;

12860;2017.02.17 19:00:00;22,409;2,300;3,000;99,000;9,000;9,900;2,000;4,000;

12861;2017.02.17 20:00:00;22,594;2,200;2,000;99,000;8,000;9,900;2,000;4,000;

12862;2017.02.17 21:00:00;22,687;2,100;3,000;99,000;8,000;9,900;2,000;4,000;

12863;2017.02.17 22:00:00;22,039;2,300;3,000;99,000;9,000;9,900;2,000;4,000;

12864;2017.02.17 23:00:00;15,372;2,500;3,000;100,000;9,000;9,900;2,000;4,000;

12865;2017.02.18 00:00:00;4,815;2,500;3,000;100,000;9,000;9,983;3,000;4,000;

12866;2017.02.18 01:00:00;25,095;2,500;3,000;100,000;9,000;9,983;3,000;4,000;

12867;2017.02.18 02:00:00;23,520;2,500;3,000;100,000;9,000;9,983;3,000;4,000;

12868;2017.02.18 03:00:00;22,039;2,500;3,000;100,000;9,000;9,983;3,000;4,000;

12869;2017.02.18 04:00:00;21,946;2,400;3,000;100,000;9,000;9,983;3,000;4,000;

12870;2017.02.18 05:00:00;22,224;2,400;2,000;100,000;8,000;9,983;3,000;4,000;

12871;2017.02.18 06:00:00;22,502;2,500;2,000;100,000;8,000;9,983;3,000;4,000;

12872;2017.02.18 07:00:00;20,226;2,200;2,000;100,000;8,000;9,983;3,000;4,000;

12873;2017.02.18 08:00:00;25,056;2,500;2,000;100,000;8,000;9,983;3,000;4,000;

12874;2017.02.18 09:00:00;22,594;2,800;2,000;100,000;8,000;9,983;3,000;4,000;

12875;2017.02.18 10:00:00;21,020;3,100;2,000;100,000;9,000;9,983;3,000;4,000;

12876;2017.02.18 11:00:00;22,039;3,200;2,000;100,000;9,000;9,983;3,000;4,000;

12877;2017.02.18 12:00:00;20,372;3,200;3,000;99,000;8,000;9,983;3,000;4,000;

12878;2017.02.18 13:00:00;20,372;3,200;3,000;98,000;8,000;9,983;3,000;4,000;

12879;2017.02.18 14:00:00;20,279;2,800;4,000;97,000;8,000;9,983;3,000;4,000;

12880;2017.02.18 15:00:00;19,909;2,500;3,000;96,000;8,000;9,983;3,000;4,000;

12881;2017.02.18 16:00:00;6,389;2,500;3,000;96,000;8,000;9,983;3,000;4,000;

12882;2017.02.18 17:00:00;0,000;1,900;3,000;94,000;8,000;9,983;3,000;4,000;

12883;2017.02.18 18:00:00;0,000;1,800;3,000;95,000;8,000;9,983;3,000;4,000;

12884;2017.02.18 19:00:00;15,557;1,700;2,000;95,000;8,000;9,983;3,000;4,000;

12885;2017.02.18 20:00:00;35,836;1,900;3,000;95,000;8,000;9,983;3,000;4,000;

12886;2017.02.18 21:00:00;26,298;1,900;3,000;94,000;8,000;9,983;3,000;4,000;

12887;2017.02.18 22:00:00;26,298;2,000;3,000;92,000;8,000;9,983;3,000;4,000;

12888;2017.02.18 23:00:00;21,020;2,000;3,000;93,000;8,000;9,983;3,000;4,000;

12889;2017.02.19 00:00:00;26,298;2,000;3,000;94,000;8,000;10,050;4,000;4,000;

12890;2017.02.19 01:00:00;25,372;2,100;4,000;93,000;8,000;10,050;4,000;4,000;

12891;2017.02.19 02:00:00;24,817;2,200;4,000;91,000;8,000;10,050;4,000;4,000;

12892;2017.02.19 03:00:00;24,354;2,100;4,000;91,000;8,000;10,050;4,000;4,000;

12893;2017.02.19 04:00:00;25,002;2,100;4,000;91,000;8,000;10,050;4,000;4,000;

12894;2017.02.19 05:00:00;24,354;2,000;3,000;90,000;8,000;10,050;4,000;4,000;

12895;2017.02.19 06:00:00;25,835;2,100;4,000;90,000;8,000;10,050;4,000;4,000;

12896;2017.02.19 07:00:00;23,335;2,500;4,000;87,000;8,000;10,050;4,000;4,000;

12897;2017.02.19 08:00:00;25,095;3,300;4,000;84,000;7,000;10,050;4,000;4,000;

12898;2017.02.19 09:00:00;30,558;4,400;5,000;81,000;8,000;10,050;4,000;4,000;

12899;2017.02.19 10:00:00;24,539;5,100;6,000;78,000;8,000;10,050;4,000;4,000;

12900;2017.02.19 11:00:00;24,076;4,700;5,000;83,000;8,000;10,050;4,000;4,000;

12901;2017.02.19 12:00:00;24,446;5,000;4,000;83,000;8,000;10,050;4,000;4,000;

12902;2017.02.19 13:00:00;23,057;5,600;4,000;80,000;8,000;10,050;4,000;4,000;

12903;2017.02.19 14:00:00;22,409;5,900;4,000;78,000;8,000;10,050;4,000;4,000;

12904;2017.02.19 15:00:00;23,243;5,200;4,000;82,000;8,000;10,050;4,000;4,000;

12905;2017.02.19 16:00:00;24,724;4,600;4,000;87,000;8,000;10,050;4,000;4,000;

12906;2017.02.19 17:00:00;26,484;4,200;4,000;91,000;8,000;10,050;4,000;4,000;

12907;2017.02.19 18:00:00;25,465;4,200;4,000;90,000;8,000;10,050;4,000;4,000;

12908;2017.02.19 19:00:00;26,669;4,100;4,000;93,000;8,000;10,050;4,000;4,000;

12909;2017.02.19 20:00:00;25,650;3,900;3,000;96,000;8,000;10,050;4,000;4,000;

12910;2017.02.19 21:00:00;24,470;3,900;4,000;97,000;8,000;10,050;4,000;4,000;

12911;2017.02.19 22:00:00;21,575;3,900;3,000;98,000;8,000;10,050;4,000;4,000;

12912;2017.02.19 23:00:00;22,109;3,900;4,000;99,000;9,000;10,050;4,000;4,000;

12913;2017.02.20 00:00:00;24,446;4,100;3,000;97,000;8,000;10,117;1,000;4,000;

12914;2017.02.20 01:00:00;22,281;4,300;4,000;96,000;8,000;10,117;1,000;4,000;

12915;2017.02.20 02:00:00;22,044;4,400;4,000;95,000;8,000;10,117;1,000;4,000;

12916;2017.02.20 03:00:00;23,828;4,500;4,000;93,000;8,000;10,117;1,000;4,000;

12917;2017.02.20 04:00:00;22,813;4,600;4,000;93,000;8,000;10,117;1,000;4,000;

12918;2017.02.20 05:00:00;23,024;4,700;5,000;92,000;8,000;10,117;1,000;4,000;

12919;2017.02.20 06:00:00;20,810;4,700;5,000;94,000;8,000;10,117;1,000;4,000;

12920;2017.02.20 07:00:00;25,212;4,600;5,000;94,000;8,000;10,117;1,000;4,000;

12921;2017.02.20 08:00:00;21,391;5,300;7,000;89,000;8,000;10,117;1,000;4,000;

12922;2017.02.20 09:00:00;20,279;5,700;6,000;87,000;8,000;10,117;1,000;4,000;

12923;2017.02.20 10:00:00;20,835;6,100;6,000;85,000;8,000;10,117;1,000;4,000;

12924;2017.02.20 11:00:00;19,296;6,500;8,000;84,000;8,000;10,117;1,000;4,000;

12925;2017.02.20 12:00:00;19,419;6,400;7,000;88,000;8,000;10,117;1,000;4,000;

12926;2017.02.20 13:00:00;18,945;6,200;7,000;92,000;8,000;10,117;1,000;4,000;

12927;2017.02.20 14:00:00;20,832;6,200;7,000;94,000;8,000;10,117;1,000;4,000;

12928;2017.02.20 15:00:00;20,737;6,200;6,000;95,000;8,000;10,117;1,000;4,000;

12929;2017.02.20 16:00:00;21,127;6,500;6,000;94,000;8,000;10,117;1,000;4,000;

12930;2017.02.20 17:00:00;25,728;6,800;7,000;94,000;8,000;10,117;1,000;4,000;

12931;2017.02.20 18:00:00;21,850;7,200;6,000;94,000;8,000;10,117;1,000;4,000;

12932;2017.02.20 19:00:00;17,851;7,700;7,000;95,000;8,000;10,117;1,000;4,000;

12933;2017.02.20 20:00:00;18,304;7,900;7,000;95,000;8,000;10,117;1,000;4,000;

12934;2017.02.20 21:00:00;24,667;8,200;8,000;95,000;8,000;10,117;1,000;4,000;

12935;2017.02.20 22:00:00;20,474;8,600;8,000;94,000;8,000;10,117;1,000;4,000;

12936;2017.02.20 23:00:00;18,012;6,600;9,000;95,000;7,000;10,117;1,000;4,000;

12937;2017.02.21 00:00:00;20,862;7,200;10,000;88,000;8,000;10,183;1,000;4,000;

12938;2017.02.21 01:00:00;20,160;6,400;9,000;89,000;8,000;10,183;1,000;4,000;

12939;2017.02.21 02:00:00;18,017;6,000;8,000;87,000;8,000;10,183;1,000;4,000;

12940;2017.02.21 03:00:00;21,708;5,600;8,000;88,000;8,000;10,183;1,000;4,000;

12941;2017.02.21 04:00:00;18,062;5,800;8,000;85,000;8,000;10,183;1,000;4,000;

12942;2017.02.21 05:00:00;23,221;5,900;8,000;83,000;8,000;10,183;1,000;4,000;

12943;2017.02.21 06:00:00;23,167;5,900;8,000;84,000;8,000;10,183;1,000;4,000;

12944;2017.02.21 07:00:00;21,298;5,700;9,000;83,000;8,000;10,183;1,000;4,000;

12945;2017.02.21 08:00:00;21,205;5,800;9,000;82,000;6,000;10,183;1,000;4,000;

12946;2017.02.21 09:00:00;20,557;5,700;10,000;82,000;7,000;10,183;1,000;4,000;

12947;2017.02.21 10:00:00;21,946;6,000;9,000;79,000;8,000;10,183;1,000;4,000;

12948;2017.02.21 11:00:00;20,928;6,100;9,000;79,000;6,000;10,183;1,000;4,000;

12949;2017.02.21 12:00:00;20,187;6,200;9,000;74,000;4,000;10,183;1,000;4,000;

12950;2017.02.21 13:00:00;20,372;6,200;10,000;74,000;5,000;10,183;1,000;4,000;

12951;2017.02.21 14:00:00;19,816;6,000;10,000;75,000;2,000;10,183;1,000;4,000;

12952;2017.02.21 15:00:00;19,976;5,400;9,000;78,000;4,000;10,183;1,000;4,000;

12953;2017.02.21 16:00:00;21,138;4,900;8,000;80,000;7,000;10,183;1,000;4,000;

12954;2017.02.21 17:00:00;21,946;5,100;8,000;78,000;7,000;10,183;1,000;4,000;

12955;2017.02.21 18:00:00;22,131;5,100;8,000;78,000;8,000;10,183;1,000;4,000;

12956;2017.02.21 19:00:00;21,854;4,900;8,000;79,000;7,000;10,183;1,000;4,000;

12957;2017.02.21 20:00:00;19,816;5,100;7,000;79,000;8,000;10,183;1,000;4,000;

12958;2017.02.21 21:00:00;18,474;4,900;7,000;81,000;7,000;10,183;1,000;4,000;

12959;2017.02.21 22:00:00;18,288;4,800;6,000;81,000;7,000;10,183;1,000;4,000;

12960;2017.02.21 23:00:00;11,668;4,800;6,000;82,000;7,000;10,183;1,000;4,000;

12961;2017.02.22 00:00:00;2,773;4,700;4,000;82,000;7,000;10,267;1,000;4,000;

12962;2017.02.22 01:00:00;5,098;4,000;5,000;84,000;7,000;10,267;1,000;4,000;

12963;2017.02.22 02:00:00;25,372;3,200;3,000;85,000;8,000;10,267;1,000;4,000;

12964;2017.02.22 03:00:00;17,964;3,200;3,000;85,000;8,000;10,267;1,000;4,000;

12965;2017.02.22 04:00:00;18,520;3,100;4,000;84,000;8,000;10,267;1,000;4,000;

12966;2017.02.22 05:00:00;21,298;3,600;5,000;84,000;8,000;10,267;1,000;4,000;

12967;2017.02.22 06:00:00;18,520;4,000;6,000;85,000;8,000;10,267;1,000;4,000;

12968;2017.02.22 07:00:00;16,025;4,400;6,000;91,000;8,000;10,267;1,000;4,000;

12969;2017.02.22 08:00:00;21,570;4,600;5,000;95,000;8,000;10,267;1,000;4,000;

12970;2017.02.22 09:00:00;17,687;6,000;6,000;95,000;8,000;10,267;1,000;4,000;

12971;2017.02.22 10:00:00;17,131;7,900;7,000;91,000;8,000;10,267;1,000;4,000;

12972;2017.02.22 11:00:00;15,835;8,200;6,000;91,000;8,000;10,267;1,000;4,000;

12973;2017.02.22 12:00:00;15,186;8,500;7,000;88,000;7,000;10,267;1,000;4,000;

12974;2017.02.22 13:00:00;14,909;7,900;9,000;82,000;6,000;10,267;1,000;4,000;

12975;2017.02.22 14:00:00;15,649;7,500;9,000;74,000;2,000;10,267;1,000;4,000;

12976;2017.02.22 15:00:00;15,557;6,600;8,000;70,000;3,000;10,267;1,000;4,000;

12977;2017.02.22 16:00:00;17,409;6,200;6,000;70,000;6,000;10,267;1,000;4,000;

12978;2017.02.22 17:00:00;21,920;6,000;7,000;71,000;7,000;10,267;1,000;4,000;

12979;2017.02.22 18:00:00;19,843;5,600;5,000;73,000;8,000;10,267;1,000;4,000;

12980;2017.02.22 19:00:00;17,131;5,400;6,000;72,000;8,000;10,267;1,000;4,000;

12981;2017.02.22 20:00:00;17,501;5,200;6,000;71,000;2,000;10,267;1,000;4,000;

12982;2017.02.22 21:00:00;17,872;5,300;7,000;71,000;6,000;10,267;1,000;4,000;

12983;2017.02.22 22:00:00;15,742;5,000;8,000;74,000;7,000;10,267;1,000;4,000;

12984;2017.02.22 23:00:00;15,372;4,800;7,000;76,000;7,000;10,267;1,000;4,000;

12985;2017.02.23 00:00:00;17,038;4,900;7,000;73,000;6,000;10,333;1,000;4,000;

12986;2017.02.23 01:00:00;16,761;5,200;9,000;72,000;7,000;10,333;1,000;4,000;

12987;2017.02.23 02:00:00;17,131;5,500;8,000;70,000;8,000;10,333;1,000;4,000;

12988;2017.02.23 03:00:00;16,761;5,400;10,000;72,000;8,000;10,333;1,000;4,000;

12989;2017.02.23 04:00:00;16,004;5,700;10,000;69,000;8,000;10,333;1,000;4,000;

12990;2017.02.23 05:00:00;18,443;5,700;10,000;68,000;8,000;10,333;1,000;4,000;

12991;2017.02.23 06:00:00;18,983;5,600;9,000;70,000;8,000;10,333;1,000;4,000;

12992;2017.02.23 07:00:00;18,057;5,800;8,000;70,000;8,000;10,333;1,000;4,000;

12993;2017.02.23 08:00:00;16,159;5,900;8,000;70,000;8,000;10,333;1,000;4,000;

12994;2017.02.23 09:00:00;17,177;5,900;8,000;71,000;8,000;10,333;1,000;4,000;

12995;2017.02.23 10:00:00;16,483;6,000;7,000;70,000;8,000;10,333;1,000;4,000;

12996;2017.02.23 11:00:00;14,909;6,200;6,000;68,000;8,000;10,333;1,000;4,000;

12997;2017.02.23 12:00:00;14,075;6,600;6,000;67,000;7,000;10,333;1,000;4,000;

12998;2017.02.23 13:00:00;16,575;6,400;5,000;70,000;8,000;10,333;1,000;4,000;

12999;2017.02.23 14:00:00;15,835;6,600;4,000;69,000;8,000;10,333;1,000;4,000;

13000;2017.02.23 15:00:00;16,073;6,300;3,000;73,000;8,000;10,333;1,000;4,000;

13001;2017.02.23 16:00:00;15,724;4,500;3,000;86,000;8,000;10,333;1,000;4,000;

13002;2017.02.23 17:00:00;9,688;3,400;4,000;92,000;8,000;10,333;1,000;4,000;

13003;2017.02.23 18:00:00;27,317;3,200;4,000;94,000;8,000;10,333;1,000;4,000;

13004;2017.02.23 19:00:00;23,057;3,900;4,000;96,000;8,000;10,333;1,000;4,000;

13005;2017.02.23 20:00:00;21,668;5,000;4,000;96,000;8,000;10,333;1,000;4,000;

13006;2017.02.23 21:00:00;19,353;7,100;6,000;90,000;8,000;10,333;1,000;4,000;

13007;2017.02.23 22:00:00;19,261;6,600;4,000;87,000;8,000;10,333;1,000;4,000;

13008;2017.02.23 23:00:00;17,038;6,300;5,000;84,000;8,000;10,333;1,000;4,000;

13009;2017.02.24 00:00:00;20,187;6,200;4,000;85,000;8,000;10,400;2,000;4,000;

13010;2017.02.24 01:00:00;19,724;5,600;5,000;88,000;8,000;10,400;2,000;4,000;

13011;2017.02.24 02:00:00;18,855;5,400;5,000;88,000;8,000;10,400;2,000;4,000;

13012;2017.02.24 03:00:00;19,482;4,900;5,000;91,000;8,000;10,400;2,000;4,000;

13013;2017.02.24 04:00:00;19,724;4,700;4,000;91,000;8,000;10,400;2,000;4,000;

13014;2017.02.24 05:00:00;21,483;4,300;6,000;94,000;8,000;10,400;2,000;4,000;

13015;2017.02.24 06:00:00;20,787;3,500;6,000;95,000;8,000;10,400;2,000;4,000;

13016;2017.02.24 07:00:00;19,309;1,400;6,000;94,000;8,000;10,400;2,000;4,000;

13017;2017.02.24 08:00:00;22,178;-0,300;7,000;96,000;8,000;10,400;2,000;4,000;

13018;2017.02.24 09:00:00;22,988;-0,200;6,000;94,000;8,000;10,400;2,000;4,000;

13019;2017.02.24 10:00:00;28,544;1,000;5,000;76,000;8,000;10,400;2,000;4,000;

13020;2017.02.24 11:00:00;20,084;1,900;7,000;79,000;7,000;10,400;2,000;4,000;

13021;2017.02.24 12:00:00;27,574;2,600;7,000;71,000;6,000;10,400;2,000;4,000;

13022;2017.02.24 13:00:00;22,965;2,600;7,000;69,000;6,000;10,400;2,000;4,000;

13023;2017.02.24 14:00:00;22,347;1,900;6,000;74,000;5,000;10,400;2,000;4,000;

13024;2017.02.24 15:00:00;22,039;2,200;5,000;72,000;4,000;10,400;2,000;4,000;

13025;2017.02.24 16:00:00;22,594;1,800;4,000;68,000;2,000;10,400;2,000;4,000;

13026;2017.02.24 17:00:00;25,280;1,200;4,000;76,000;1,000;10,400;2,000;4,000;

13027;2017.02.24 18:00:00;24,632;0,800;4,000;72,000;2,000;10,400;2,000;4,000;

13028;2017.02.24 19:00:00;24,261;1,000;4,000;72,000;2,000;10,400;2,000;4,000;

13029;2017.02.24 20:00:00;24,076;-0,500;3,000;93,000;7,000;10,400;2,000;4,000;

13030;2017.02.24 21:00:00;24,354;-0,900;2,000;92,000;5,000;10,400;2,000;4,000;

13031;2017.02.24 22:00:00;24,724;-0,300;3,000;85,000;1,000;10,400;2,000;4,000;

13032;2017.02.24 23:00:00;18,705;0,200;3,000;88,000;7,000;10,400;2,000;4,000;

13033;2017.02.25 00:00:00;25,558;-0,200;3,000;93,000;5,000;10,467;3,000;4,000;

13034;2017.02.25 01:00:00;23,891;0,900;3,000;90,000;7,000;10,467;3,000;4,000;

13035;2017.02.25 02:00:00;22,679;1,300;4,000;89,000;7,000;10,467;3,000;4,000;

13036;2017.02.25 03:00:00;23,436;1,600;5,000;85,000;7,000;10,467;3,000;4,000;

13037;2017.02.25 04:00:00;24,061;1,000;5,000;74,000;0,000;10,467;3,000;4,000;

13038;2017.02.25 05:00:00;23,721;0,100;3,000;78,000;0,000;10,467;3,000;4,000;

13039;2017.02.25 06:00:00;25,835;-0,100;3,000;82,000;0,000;10,467;3,000;4,000;

13040;2017.02.25 07:00:00;25,280;0,700;3,000;86,000;3,000;10,467;3,000;4,000;

13041;2017.02.25 08:00:00;25,835;1,900;4,000;79,000;4,000;10,467;3,000;4,000;

13042;2017.02.25 09:00:00;25,928;2,300;5,000;81,000;5,000;10,467;3,000;4,000;

13043;2017.02.25 10:00:00;25,372;2,900;6,000;77,000;4,000;10,467;3,000;4,000;

13044;2017.02.25 11:00:00;22,594;3,300;6,000;74,000;6,000;10,467;3,000;4,000;

13045;2017.02.25 12:00:00;23,613;3,500;5,000;69,000;8,000;10,467;3,000;4,000;

13046;2017.02.25 13:00:00;20,742;3,900;4,000;61,000;8,000;10,467;3,000;4,000;

13047;2017.02.25 14:00:00;20,372;4,300;4,000;58,000;8,000;10,467;3,000;4,000;

13048;2017.02.25 15:00:00;20,650;4,100;3,000;62,000;8,000;10,467;3,000;4,000;

13049;2017.02.25 16:00:00;22,224;3,800;2,000;65,000;8,000;10,467;3,000;4,000;

13050;2017.02.25 17:00:00;23,428;3,600;3,000;65,000;8,000;10,467;3,000;4,000;

13051;2017.02.25 18:00:00;21,668;3,600;3,000;70,000;7,000;10,467;3,000;4,000;

13052;2017.02.25 19:00:00;23,723;3,500;3,000;74,000;8,000;10,467;3,000;4,000;

13053;2017.02.25 20:00:00;22,554;3,000;4,000;87,000;8,000;10,467;3,000;4,000;

13054;2017.02.25 21:00:00;22,554;4,100;4,000;91,000;8,000;10,467;3,000;4,000;

13055;2017.02.25 22:00:00;22,554;3,000;6,000;89,000;8,000;10,467;3,000;4,000;

13056;2017.02.25 23:00:00;22,554;3,100;5,000;90,000;8,000;10,467;3,000;4,000;

13057;2017.02.26 00:00:00;22,554;3,200;5,000;90,000;8,000;10,550;4,000;4,000;

13058;2017.02.26 01:00:00;22,554;3,400;5,000;90,000;8,000;10,550;4,000;4,000;

13059;2017.02.26 02:00:00;22,554;3,500;6,000;90,000;8,000;10,550;4,000;4,000;

13060;2017.02.26 03:00:00;22,554;3,500;6,000;92,000;8,000;10,550;4,000;4,000;

13061;2017.02.26 04:00:00;22,554;4,200;6,000;92,000;8,000;10,550;4,000;4,000;

13062;2017.02.26 05:00:00;22,554;4,300;5,000;92,000;8,000;10,550;4,000;4,000;

13063;2017.02.26 06:00:00;22,554;4,500;5,000;92,000;8,000;10,550;4,000;4,000;

13064;2017.02.26 07:00:00;22,554;4,600;5,000;93,000;8,000;10,550;4,000;4,000;

13065;2017.02.26 08:00:00;22,554;4,800;5,000;94,000;8,000;10,550;4,000;4,000;

13066;2017.02.26 09:00:00;22,554;5,000;5,000;95,000;8,000;10,550;4,000;4,000;

13067;2017.02.26 10:00:00;22,554;5,300;5,000;95,000;8,000;10,550;4,000;4,000;

13068;2017.02.26 11:00:00;20,727;5,400;5,000;95,000;8,000;10,550;4,000;4,000;

13069;2017.02.26 12:00:00;24,403;5,700;5,000;95,000;8,000;10,550;4,000;4,000;

13070;2017.02.26 13:00:00;22,039;5,900;5,000;95,000;8,000;10,550;4,000;4,000;

13071;2017.02.26 14:00:00;21,364;6,100;5,000;94,000;8,000;10,550;4,000;4,000;

13072;2017.02.26 15:00:00;22,806;6,100;4,000;96,000;8,000;10,550;4,000;4,000;

13073;2017.02.26 16:00:00;24,169;6,300;4,000;95,000;8,000;10,550;4,000;4,000;

13074;2017.02.26 17:00:00;22,872;6,200;4,000;96,000;8,000;10,550;4,000;4,000;

13075;2017.02.26 18:00:00;21,391;6,300;4,000;96,000;8,000;10,550;4,000;4,000;

13076;2017.02.26 19:00:00;21,391;6,500;4,000;95,000;8,000;10,550;4,000;4,000;

13077;2017.02.26 20:00:00;19,539;6,800;4,000;94,000;8,000;10,550;4,000;4,000;

13078;2017.02.26 21:00:00;18,341;7,000;5,000;93,000;8,000;10,550;4,000;4,000;

13079;2017.02.26 22:00:00;16,477;7,000;4,000;95,000;8,000;10,550;4,000;4,000;

13080;2017.02.26 23:00:00;14,730;7,100;3,000;93,000;8,000;10,550;4,000;4,000;

13081;2017.02.27 00:00:00;17,310;7,000;3,000;93,000;8,000;10,617;1,000;4,000;

13082;2017.02.27 01:00:00;16,540;7,000;3,000;93,000;8,000;10,617;1,000;4,000;

13083;2017.02.27 02:00:00;17,444;6,900;3,000;94,000;8,000;10,617;1,000;4,000;

13084;2017.02.27 03:00:00;17,038;7,200;3,000;92,000;8,000;10,617;1,000;4,000;

13085;2017.02.27 04:00:00;17,038;7,400;3,000;91,000;8,000;10,617;1,000;4,000;

13086;2017.02.27 05:00:00;16,390;7,800;3,000;86,000;8,000;10,617;1,000;4,000;

13087;2017.02.27 06:00:00;17,964;7,400;2,000;87,000;8,000;10,617;1,000;4,000;

13088;2017.02.27 07:00:00;17,094;7,600;3,000;84,000;8,000;10,617;1,000;4,000;

13089;2017.02.27 08:00:00;16,335;8,000;3,000;80,000;8,000;10,617;1,000;4,000;

13090;2017.02.27 09:00:00;16,020;8,900;3,000;76,000;8,000;10,617;1,000;4,000;

13091;2017.02.27 10:00:00;16,112;9,700;3,000;70,000;8,000;10,617;1,000;4,000;

13092;2017.02.27 11:00:00;13,705;10,800;4,000;67,000;8,000;10,617;1,000;4,000;

13093;2017.02.27 12:00:00;13,983;11,800;4,000;61,000;6,000;10,617;1,000;4,000;

13094;2017.02.27 13:00:00;11,853;12,600;5,000;57,000;5,000;10,617;1,000;4,000;

13095;2017.02.27 14:00:00;11,945;12,300;5,000;56,000;5,000;10,617;1,000;4,000;

13096;2017.02.27 15:00:00;11,264;10,900;4,000;58,000;5,000;10,617;1,000;4,000;

13097;2017.02.27 16:00:00;10,607;10,000;4,000;60,000;5,000;10,617;1,000;4,000;

13098;2017.02.27 17:00:00;13,753;8,700;2,000;64,000;2,000;10,617;1,000;4,000;

13099;2017.02.27 18:00:00;16,138;7,400;3,000;70,000;0,000;10,617;1,000;4,000;

13100;2017.02.27 19:00:00;14,168;6,500;3,000;76,000;0,000;10,617;1,000;4,000;

13101;2017.02.27 20:00:00;14,407;6,400;3,000;76,000;2,000;10,617;1,000;4,000;

13102;2017.02.27 21:00:00;16,521;5,900;3,000;79,000;2,000;10,617;1,000;4,000;

13103;2017.02.27 22:00:00;16,615;6,300;3,000;76,000;0,000;10,617;1,000;4,000;

13104;2017.02.27 23:00:00;14,804;6,400;4,000;73,000;7,000;10,617;1,000;4,000;

13105;2017.02.28 00:00:00;16,893;6,700;4,000;68,000;6,000;10,683;1,000;4,000;

13106;2017.02.28 01:00:00;15,876;6,800;4,000;66,000;7,000;10,683;1,000;4,000;

13107;2017.02.28 02:00:00;17,670;6,700;4,000;66,000;7,000;10,683;1,000;4,000;

13108;2017.02.28 03:00:00;16,112;6,700;5,000;66,000;8,000;10,683;1,000;4,000;

13109;2017.02.28 04:00:00;14,591;7,000;5,000;66,000;8,000;10,683;1,000;4,000;

13110;2017.02.28 05:00:00;18,282;7,700;4,000;63,000;8,000;10,683;1,000;4,000;

13111;2017.02.28 06:00:00;15,170;7,700;4,000;65,000;8,000;10,683;1,000;4,000;

13112;2017.02.28 07:00:00;16,685;8,500;4,000;64,000;8,000;10,683;1,000;4,000;

13113;2017.02.28 08:00:00;15,001;9,100;4,000;64,000;8,000;10,683;1,000;4,000;

13114;2017.02.28 09:00:00;18,520;9,300;3,000;65,000;8,000;10,683;1,000;4,000;

13115;2017.02.28 10:00:00;16,946;9,400;4,000;66,000;8,000;10,683;1,000;4,000;

13116;2017.02.28 11:00:00;16,575;9,600;4,000;61,000;8,000;10,683;1,000;4,000;

13117;2017.02.28 12:00:00;16,853;6,900;7,000;76,000;8,000;10,683;1,000;4,000;

13118;2017.02.28 13:00:00;17,316;6,100;1,000;85,000;8,000;10,683;1,000;4,000;

13119;2017.02.28 14:00:00;16,379;8,500;6,000;61,000;6,000;10,683;1,000;4,000;

13120;2017.02.28 15:00:00;15,198;8,900;5,000;57,000;4,000;10,683;1,000;4,000;

13121;2017.02.28 16:00:00;18,798;8,300;4,000;55,000;2,000;10,683;1,000;4,000;

13122;2017.02.28 17:00:00;15,271;7,100;3,000;61,000;2,000;10,683;1,000;4,000;

13123;2017.02.28 18:00:00;19,391;6,200;4,000;63,000;3,000;10,683;1,000;4,000;

13124;2017.02.28 19:00:00;23,388;6,000;4,000;64,000;8,000;10,683;1,000;4,000;

13125;2017.02.28 20:00:00;17,599;5,400;3,000;67,000;8,000;10,683;1,000;4,000;

13126;2017.02.28 21:00:00;18,051;5,400;3,000;67,000;8,000;10,683;1,000;4,000;

13127;2017.02.28 22:00:00;20,063;5,700;4,000;67,000;8,000;10,683;1,000;4,000;

13128;2017.02.28 23:00:00;13,943;5,200;3,000;70,000;8,000;10,683;1,000;4,000;

13129;2017.03.01 00:00:00;17,555;4,700;3,000;73,000;8,000;10,767;1,000;1,000;

13130;2017.03.01 01:00:00;19,196;4,500;3,000;74,000;8,000;10,767;1,000;1,000;

13131;2017.03.01 02:00:00;18,173;4,400;2,000;74,000;8,000;10,767;1,000;1,000;

13132;2017.03.01 03:00:00;19,968;4,400;3,000;75,000;8,000;10,767;1,000;1,000;

13133;2017.03.01 04:00:00;17,060;4,400;2,000;76,000;8,000;10,767;1,000;1,000;

13134;2017.03.01 05:00:00;20,304;4,400;3,000;79,000;8,000;10,767;1,000;1,000;

13135;2017.03.01 06:00:00;21,446;4,100;3,000;88,000;8,000;10,767;1,000;1,000;

13136;2017.03.01 07:00:00;19,168;3,800;4,000;89,000;8,000;10,767;1,000;1,000;

13137;2017.03.01 08:00:00;22,224;3,900;3,000;91,000;8,000;10,767;1,000;1,000;

13138;2017.03.01 09:00:00;20,533;4,400;4,000;85,000;7,000;10,767;1,000;1,000;

13139;2017.03.01 10:00:00;19,361;4,200;6,000;73,000;7,000;10,767;1,000;1,000;

13140;2017.03.01 11:00:00;19,925;4,800;5,000;71,000;7,000;10,767;1,000;1,000;

13141;2017.03.01 12:00:00;17,964;6,400;4,000;65,000;6,000;10,767;1,000;1,000;

13142;2017.03.01 13:00:00;16,775;6,800;5,000;62,000;5,000;10,767;1,000;1,000;

13143;2017.03.01 14:00:00;19,703;6,600;5,000;60,000;7,000;10,767;1,000;1,000;

13144;2017.03.01 15:00:00;16,860;6,700;3,000;61,000;7,000;10,767;1,000;1,000;

13145;2017.03.01 16:00:00;13,532;6,500;3,000;61,000;7,000;10,767;1,000;1,000;

13146;2017.03.01 17:00:00;20,453;6,000;3,000;64,000;7,000;10,767;1,000;1,000;

13147;2017.03.01 18:00:00;18,427;5,500;3,000;65,000;5,000;10,767;1,000;1,000;

13148;2017.03.01 19:00:00;19,168;5,000;3,000;69,000;8,000;10,767;1,000;1,000;

13149;2017.03.01 20:00:00;14,909;4,400;2,000;77,000;8,000;10,767;1,000;1,000;

13150;2017.03.01 21:00:00;18,353;3,500;2,000;84,000;6,000;10,767;1,000;1,000;

13151;2017.03.01 22:00:00;18,304;2,800;2,000;89,000;0,000;10,767;1,000;1,000;

13152;2017.03.01 23:00:00;19,643;2,300;2,000;93,000;0,000;10,767;1,000;1,000;

13153;2017.03.02 00:00:00;14,964;1,800;3,000;96,000;0,000;10,833;1,000;1,000;

13154;2017.03.02 01:00:00;22,051;1,600;3,000;95,000;0,000;10,833;1,000;1,000;

13155;2017.03.02 02:00:00;15,542;1,100;2,000;96,000;4,000;10,833;1,000;1,000;

13156;2017.03.02 03:00:00;19,533;0,500;2,000;96,000;0,000;10,833;1,000;1,000;

13157;2017.03.02 04:00:00;23,776;0,500;3,000;97,000;0,000;10,833;1,000;1,000;

13158;2017.03.02 05:00:00;19,154;0,300;3,000;96,000;5,000;10,833;1,000;1,000;

13159;2017.03.02 06:00:00;24,569;0,600;3,000;96,000;6,000;10,833;1,000;1,000;

13160;2017.03.02 07:00:00;18,367;1,200;3,000;94,000;8,000;10,833;1,000;1,000;

13161;2017.03.02 08:00:00;23,638;2,100;4,000;94,000;8,000;10,833;1,000;1,000;

13162;2017.03.02 09:00:00;23,844;2,500;3,000;95,000;8,000;10,833;1,000;1,000;

13163;2017.03.02 10:00:00;18,864;1,700;3,000;94,000;8,000;10,833;1,000;1,000;

13164;2017.03.02 11:00:00;22,940;2,100;2,000;95,000;8,000;10,833;1,000;1,000;

13165;2017.03.02 12:00:00;17,448;2,900;2,000;94,000;8,000;10,833;1,000;1,000;

13166;2017.03.02 13:00:00;23,465;3,400;3,000;93,000;8,000;10,833;1,000;1,000;

13167;2017.03.02 14:00:00;19,003;3,100;7,000;95,000;8,000;10,833;1,000;1,000;

13168;2017.03.02 15:00:00;26,109;2,500;6,000;95,000;8,000;10,833;1,000;1,000;

13169;2017.03.02 16:00:00;25,835;3,300;6,000;93,000;8,000;10,833;1,000;1,000;

13170;2017.03.02 17:00:00;21,039;3,900;4,000;91,000;8,000;10,833;1,000;1,000;

13171;2017.03.02 18:00:00;25,738;4,200;7,000;84,000;8,000;10,833;1,000;1,000;

13172;2017.03.02 19:00:00;22,462;3,800;5,000;85,000;4,000;10,833;1,000;1,000;

13173;2017.03.02 20:00:00;26,417;3,300;5,000;87,000;2,000;10,833;1,000;1,000;

13174;2017.03.02 21:00:00;19,353;3,200;4,000;87,000;6,000;10,833;1,000;1,000;

13175;2017.03.02 22:00:00;22,817;2,500;4,000;89,000;0,000;10,833;1,000;1,000;

13176;2017.03.02 23:00:00;23,537;2,800;3,000;88,000;7,000;10,833;1,000;1,000;

13177;2017.03.03 00:00:00;20,938;3,500;5,000;88,000;7,000;10,900;2,000;1,000;

13178;2017.03.03 01:00:00;25,731;3,800;5,000;87,000;7,000;10,900;2,000;1,000;

13179;2017.03.03 02:00:00;21,069;3,700;5,000;86,000;7,000;10,900;2,000;1,000;

13180;2017.03.03 03:00:00;24,352;3,800;6,000;85,000;7,000;10,900;2,000;1,000;

13181;2017.03.03 04:00:00;20,151;3,600;5,000;85,000;8,000;10,900;2,000;1,000;

13182;2017.03.03 05:00:00;24,096;3,500;4,000;87,000;7,000;10,900;2,000;1,000;

13183;2017.03.03 06:00:00;24,112;3,600;5,000;87,000;8,000;10,900;2,000;1,000;

13184;2017.03.03 07:00:00;26,711;3,700;4,000;85,000;7,000;10,900;2,000;1,000;

13185;2017.03.03 08:00:00;23,909;3,800;5,000;86,000;8,000;10,900;2,000;1,000;

13186;2017.03.03 09:00:00;26,211;4,500;4,000;82,000;8,000;10,900;2,000;1,000;

13187;2017.03.03 10:00:00;23,613;5,200;5,000;80,000;7,000;10,900;2,000;1,000;

13188;2017.03.03 11:00:00;22,687;6,700;4,000;76,000;7,000;10,900;2,000;1,000;

13189;2017.03.03 12:00:00;22,373;7,800;6,000;65,000;7,000;10,900;2,000;1,000;

13190;2017.03.03 13:00:00;20,878;8,500;5,000;63,000;6,000;10,900;2,000;1,000;

13191;2017.03.03 14:00:00;22,639;8,900;4,000;58,000;7,000;10,900;2,000;1,000;

13192;2017.03.03 15:00:00;20,321;8,900;4,000;55,000;8,000;10,900;2,000;1,000;

13193;2017.03.03 16:00:00;21,576;8,100;2,000;61,000;8,000;10,900;2,000;1,000;

13194;2017.03.03 17:00:00;22,502;7,100;2,000;63,000;8,000;10,900;2,000;1,000;

13195;2017.03.03 18:00:00;24,354;5,900;2,000;71,000;8,000;10,900;2,000;1,000;

13196;2017.03.03 19:00:00;23,057;5,300;2,000;73,000;8,000;10,900;2,000;1,000;

13197;2017.03.03 20:00:00;21,303;4,500;3,000;75,000;0,000;10,900;2,000;1,000;

13198;2017.03.03 21:00:00;24,652;4,000;3,000;76,000;7,000;10,900;2,000;1,000;

13199;2017.03.03 22:00:00;24,133;4,200;3,000;75,000;8,000;10,900;2,000;1,000;

13200;2017.03.03 23:00:00;17,649;4,500;3,000;74,000;8,000;10,900;2,000;1,000;

13201;2017.03.04 00:00:00;23,494;4,800;3,000;72,000;8,000;10,983;3,000;1,000;

13202;2017.03.04 01:00:00;25,697;4,900;3,000;71,000;8,000;10,983;3,000;1,000;

13203;2017.03.04 02:00:00;24,821;4,700;3,000;72,000;8,000;10,983;3,000;1,000;

13204;2017.03.04 03:00:00;27,030;4,500;3,000;74,000;8,000;10,983;3,000;1,000;

13205;2017.03.04 04:00:00;26,812;4,000;3,000;75,000;6,000;10,983;3,000;1,000;

13206;2017.03.04 05:00:00;22,523;3,600;3,000;76,000;8,000;10,983;3,000;1,000;

13207;2017.03.04 06:00:00;25,707;3,400;2,000;77,000;8,000;10,983;3,000;1,000;

13208;2017.03.04 07:00:00;31,202;3,400;2,000;77,000;8,000;10,983;3,000;1,000;

13209;2017.03.04 08:00:00;25,701;4,200;4,000;75,000;7,000;10,983;3,000;1,000;

13210;2017.03.04 09:00:00;26,247;5,900;5,000;69,000;7,000;10,983;3,000;1,000;

13211;2017.03.04 10:00:00;23,494;7,800;3,000;62,000;8,000;10,983;3,000;1,000;

13212;2017.03.04 11:00:00;19,422;9,700;4,000;56,000;8,000;10,983;3,000;1,000;

13213;2017.03.04 12:00:00;24,327;10,900;4,000;53,000;8,000;10,983;3,000;1,000;

13214;2017.03.04 13:00:00;20,487;11,400;3,000;51,000;8,000;10,983;3,000;1,000;

13215;2017.03.04 14:00:00;18,738;11,300;4,000;53,000;8,000;10,983;3,000;1,000;

13216;2017.03.04 15:00:00;22,499;11,500;3,000;55,000;8,000;10,983;3,000;1,000;

13217;2017.03.04 16:00:00;15,286;10,900;2,000;58,000;8,000;10,983;3,000;1,000;

13218;2017.03.04 17:00:00;22,327;10,400;3,000;59,000;8,000;10,983;3,000;1,000;

13219;2017.03.04 18:00:00;21,099;9,500;3,000;65,000;8,000;10,983;3,000;1,000;

13220;2017.03.04 19:00:00;20,002;8,500;4,000;71,000;8,000;10,983;3,000;1,000;

13221;2017.03.04 20:00:00;21,573;8,000;4,000;75,000;8,000;10,983;3,000;1,000;

13222;2017.03.04 21:00:00;20,408;8,000;4,000;77,000;8,000;10,983;3,000;1,000;

13223;2017.03.04 22:00:00;18,532;7,800;4,000;78,000;8,000;10,983;3,000;1,000;

13224;2017.03.04 23:00:00;18,114;7,700;3,000;78,000;8,000;10,983;3,000;1,000;

13225;2017.03.05 00:00:00;21,117;7,600;2,000;77,000;6,000;11,050;4,000;1,000;

13226;2017.03.05 01:00:00;20,075;7,300;3,000;77,000;6,000;11,050;4,000;1,000;

13227;2017.03.05 02:00:00;21,895;7,200;3,000;76,000;5,000;11,050;4,000;1,000;

13228;2017.03.05 03:00:00;19,873;6,800;1,000;76,000;6,000;11,050;4,000;1,000;

13229;2017.03.05 04:00:00;22,488;4,900;1,000;84,000;6,000;11,050;4,000;1,000;

13230;2017.03.05 05:00:00;21,686;3,400;1,000;90,000;7,000;11,050;4,000;1,000;

13231;2017.03.05 06:00:00;21,804;4,000;1,000;93,000;8,000;11,050;4,000;1,000;

13232;2017.03.05 07:00:00;24,011;5,600;3,000;82,000;7,000;11,050;4,000;1,000;

13233;2017.03.05 08:00:00;25,097;6,300;3,000;82,000;8,000;11,050;4,000;1,000;

13234;2017.03.05 09:00:00;20,947;7,600;4,000;80,000;8,000;11,050;4,000;1,000;

13235;2017.03.05 10:00:00;23,230;7,900;3,000;82,000;8,000;11,050;4,000;1,000;

13236;2017.03.05 11:00:00;19,183;9,100;4,000;78,000;7,000;11,050;4,000;1,000;

13237;2017.03.05 12:00:00;21,072;10,400;5,000;68,000;8,000;11,050;4,000;1,000;

13238;2017.03.05 13:00:00;20,154;10,000;4,000;70,000;8,000;11,050;4,000;1,000;

13239;2017.03.05 14:00:00;18,613;9,700;2,000;74,000;8,000;11,050;4,000;1,000;

13240;2017.03.05 15:00:00;17,242;7,500;3,000;87,000;8,000;11,050;4,000;1,000;

13241;2017.03.05 16:00:00;21,832;6,700;0,000;88,000;7,000;11,050;4,000;1,000;

13242;2017.03.05 17:00:00;16,517;6,300;1,000;91,000;8,000;11,050;4,000;1,000;

13243;2017.03.05 18:00:00;17,909;6,500;1,000;92,000;8,000;11,050;4,000;1,000;

13244;2017.03.05 19:00:00;19,928;6,500;2,000;92,000;7,000;11,050;4,000;1,000;

13245;2017.03.05 20:00:00;19,365;5,400;0,000;94,000;1,000;11,050;4,000;1,000;

13246;2017.03.05 21:00:00;16,939;5,500;3,000;97,000;2,000;11,050;4,000;1,000;

13247;2017.03.05 22:00:00;16,711;5,300;3,000;97,000;7,000;11,050;4,000;1,000;

13248;2017.03.05 23:00:00;17,034;5,300;1,000;96,000;7,000;11,050;4,000;1,000;

13249;2017.03.06 00:00:00;20,244;5,500;2,000;95,000;7,000;11,133;1,000;1,000;

13250;2017.03.06 01:00:00;14,905;4,700;1,000;95,000;7,000;11,133;1,000;1,000;

13251;2017.03.06 02:00:00;18,613;5,200;2,000;97,000;7,000;11,133;1,000;1,000;

13252;2017.03.06 03:00:00;18,966;4,400;2,000;96,000;8,000;11,133;1,000;1,000;

13253;2017.03.06 04:00:00;18,203;3,700;1,000;99,000;7,000;11,133;1,000;1,000;

13254;2017.03.06 05:00:00;18,974;3,300;3,000;99,000;9,000;11,133;1,000;1,000;

13255;2017.03.06 06:00:00;19,048;3,200;3,000;99,000;9,000;11,133;1,000;1,000;

13256;2017.03.06 07:00:00;17,881;3,500;2,000;100,000;9,000;11,133;1,000;1,000;

13257;2017.03.06 08:00:00;24,066;3,600;2,000;100,000;9,000;11,133;1,000;1,000;

13258;2017.03.06 09:00:00;19,261;3,900;2,000;100,000;9,000;11,133;1,000;1,000;

13259;2017.03.06 10:00:00;19,168;4,200;2,000;100,000;9,000;11,133;1,000;1,000;

13260;2017.03.06 11:00:00;18,751;3,800;2,000;100,000;9,000;11,133;1,000;1,000;

13261;2017.03.06 12:00:00;18,016;3,800;2,000;100,000;9,000;11,133;1,000;1,000;

13262;2017.03.06 13:00:00;19,070;3,700;2,000;100,000;9,000;11,133;1,000;1,000;

13263;2017.03.06 14:00:00;15,930;3,700;2,000;100,000;8,000;11,133;1,000;1,000;

13264;2017.03.06 15:00:00;20,143;4,000;3,000;99,000;9,000;11,133;1,000;1,000;

13265;2017.03.06 16:00:00;15,938;3,400;2,000;99,000;8,000;11,133;1,000;1,000;

13266;2017.03.06 17:00:00;20,050;3,800;1,000;99,000;8,000;11,133;1,000;1,000;

13267;2017.03.06 18:00:00;23,524;4,100;3,000;95,000;8,000;11,133;1,000;1,000;

13268;2017.03.06 19:00:00;22,160;2,600;3,000;94,000;8,000;11,133;1,000;1,000;

13269;2017.03.06 20:00:00;22,488;2,000;4,000;92,000;8,000;11,133;1,000;1,000;

13270;2017.03.06 21:00:00;21,113;1,500;3,000;90,000;8,000;11,133;1,000;1,000;

13271;2017.03.06 22:00:00;18,946;1,200;3,000;86,000;8,000;11,133;1,000;1,000;

13272;2017.03.06 23:00:00;18,335;1,000;3,000;83,000;8,000;11,133;1,000;1,000;

13273;2017.03.07 00:00:00;5,667;0,900;3,000;84,000;8,000;11,200;1,000;1,000;

13274;2017.03.07 01:00:00;15,686;0,700;2,000;85,000;8,000;11,200;1,000;1,000;

13275;2017.03.07 02:00:00;30,132;0,400;3,000;87,000;8,000;11,200;1,000;1,000;

13276;2017.03.07 03:00:00;23,784;0,400;3,000;87,000;8,000;11,200;1,000;1,000;

13277;2017.03.07 04:00:00;26,239;0,000;3,000;92,000;8,000;11,200;1,000;1,000;

13278;2017.03.07 05:00:00;24,780;0,000;3,000;88,000;8,000;11,200;1,000;1,000;

13279;2017.03.07 06:00:00;18,835;0,000;2,000;91,000;7,000;11,200;1,000;1,000;

13280;2017.03.07 07:00:00;29,411;0,800;4,000;78,000;7,000;11,200;1,000;1,000;

13281;2017.03.07 08:00:00;10,620;0,900;4,000;83,000;6,000;11,200;1,000;1,000;

13282;2017.03.07 09:00:00;28,772;0,900;3,000;84,000;7,000;11,200;1,000;1,000;

13283;2017.03.07 10:00:00;23,778;1,500;4,000;73,000;7,000;11,200;1,000;1,000;

13284;2017.03.07 11:00:00;23,520;1,500;4,000;76,000;7,000;11,200;1,000;1,000;

13285;2017.03.07 12:00:00;23,520;1,300;4,000;80,000;8,000;11,200;1,000;1,000;

13286;2017.03.07 13:00:00;23,176;1,300;5,000;73,000;8,000;11,200;1,000;1,000;

13287;2017.03.07 14:00:00;23,051;1,300;4,000;76,000;8,000;11,200;1,000;1,000;

13288;2017.03.07 15:00:00;24,160;1,100;4,000;69,000;8,000;11,200;1,000;1,000;

13289;2017.03.07 16:00:00;23,601;0,900;4,000;76,000;8,000;11,200;1,000;1,000;

13290;2017.03.07 17:00:00;22,039;0,800;2,000;79,000;8,000;11,200;1,000;1,000;

13291;2017.03.07 18:00:00;22,872;0,900;2,000;77,000;8,000;11,200;1,000;1,000;

13292;2017.03.07 19:00:00;23,613;0,900;2,000;80,000;8,000;11,200;1,000;1,000;

13293;2017.03.07 20:00:00;22,409;0,500;2,000;85,000;8,000;11,200;1,000;1,000;

13294;2017.03.07 21:00:00;23,057;0,800;3,000;76,000;8,000;11,200;1,000;1,000;

13295;2017.03.07 22:00:00;23,335;0,700;3,000;78,000;8,000;11,200;1,000;1,000;

13296;2017.03.07 23:00:00;21,483;0,700;3,000;77,000;8,000;11,200;1,000;1,000;

13297;2017.03.08 00:00:00;24,076;0,500;2,000;79,000;8,000;11,267;1,000;1,000;

13298;2017.03.08 01:00:00;22,594;0,600;3,000;82,000;8,000;11,267;1,000;1,000;

13299;2017.03.08 02:00:00;23,520;0,100;2,000;94,000;8,000;11,267;1,000;1,000;

13300;2017.03.08 03:00:00;23,150;0,200;2,000;93,000;8,000;11,267;1,000;1,000;

13301;2017.03.08 04:00:00;23,613;0,600;4,000;74,000;8,000;11,267;1,000;1,000;

13302;2017.03.08 05:00:00;23,613;0,500;2,000;77,000;8,000;11,267;1,000;1,000;

13303;2017.03.08 06:00:00;23,798;0,400;2,000;88,000;8,000;11,267;1,000;1,000;

13304;2017.03.08 07:00:00;23,891;0,600;2,000;86,000;8,000;11,267;1,000;1,000;

13305;2017.03.08 08:00:00;25,558;1,000;2,000;84,000;8,000;11,267;1,000;1,000;

13306;2017.03.08 09:00:00;24,632;1,500;2,000;82,000;8,000;11,267;1,000;1,000;

13307;2017.03.08 10:00:00;24,169;2,100;3,000;81,000;8,000;11,267;1,000;1,000;

13308;2017.03.08 11:00:00;22,872;2,500;2,000;86,000;8,000;11,267;1,000;1,000;

13309;2017.03.08 12:00:00;21,113;3,500;3,000;82,000;8,000;11,267;1,000;1,000;

13310;2017.03.08 13:00:00;20,742;3,900;3,000;84,000;8,000;11,267;1,000;1,000;

13311;2017.03.08 14:00:00;20,187;4,800;3,000;76,000;8,000;11,267;1,000;1,000;

13312;2017.03.08 15:00:00;19,168;5,600;3,000;71,000;8,000;11,267;1,000;1,000;

13313;2017.03.08 16:00:00;20,928;5,900;4,000;69,000;7,000;11,267;1,000;1,000;

13314;2017.03.08 17:00:00;19,631;5,200;4,000;75,000;4,000;11,267;1,000;1,000;

13315;2017.03.08 18:00:00;22,131;4,600;4,000;78,000;7,000;11,267;1,000;1,000;

13316;2017.03.08 19:00:00;21,113;4,800;4,000;79,000;7,000;11,267;1,000;1,000;

13317;2017.03.08 20:00:00;20,557;4,900;4,000;79,000;8,000;11,267;1,000;1,000;

13318;2017.03.08 21:00:00;21,391;4,900;4,000;79,000;8,000;11,267;1,000;1,000;

13319;2017.03.08 22:00:00;20,835;4,700;4,000;79,000;8,000;11,267;1,000;1,000;

13320;2017.03.08 23:00:00;18,427;5,000;4,000;77,000;8,000;11,267;1,000;1,000;

13321;2017.03.09 00:00:00;20,835;4,700;3,000;79,000;8,000;11,350;1,000;1,000;

13322;2017.03.09 01:00:00;20,465;4,400;3,000;81,000;8,000;11,350;1,000;1,000;

13323;2017.03.09 02:00:00;20,465;4,000;2,000;87,000;8,000;11,350;1,000;1,000;

13324;2017.03.09 03:00:00;20,928;3,600;2,000;91,000;8,000;11,350;1,000;1,000;

13325;2017.03.09 04:00:00;21,205;3,400;3,000;92,000;8,000;11,350;1,000;1,000;

13326;2017.03.09 05:00:00;21,668;3,300;3,000;93,000;8,000;11,350;1,000;1,000;

13327;2017.03.09 06:00:00;22,131;3,200;2,000;93,000;8,000;11,350;1,000;1,000;

13328;2017.03.09 07:00:00;22,687;3,300;2,000;93,000;8,000;11,350;1,000;1,000;

13329;2017.03.09 08:00:00;22,039;3,600;2,000;92,000;8,000;11,350;1,000;1,000;

13330;2017.03.09 09:00:00;20,835;4,500;3,000;90,000;8,000;11,350;1,000;1,000;

13331;2017.03.09 10:00:00;20,465;5,300;3,000;88,000;8,000;11,350;1,000;1,000;

13332;2017.03.09 11:00:00;20,094;5,100;3,000;88,000;8,000;11,350;1,000;1,000;

13333;2017.03.09 12:00:00;19,353;5,600;3,000;81,000;8,000;11,350;1,000;1,000;

13334;2017.03.09 13:00:00;18,613;5,200;3,000;87,000;8,000;11,350;1,000;1,000;

13335;2017.03.09 14:00:00;18,242;4,100;5,000;87,000;8,000;11,350;1,000;1,000;

13336;2017.03.09 15:00:00;19,168;4,400;3,000;86,000;8,000;11,350;1,000;1,000;

13337;2017.03.09 16:00:00;20,928;4,200;1,000;86,000;8,000;11,350;1,000;1,000;

13338;2017.03.09 17:00:00;20,436;4,200;1,000;87,000;8,000;11,350;1,000;1,000;

13339;2017.03.09 18:00:00;18,299;4,100;2,000;87,000;8,000;11,350;1,000;1,000;

13340;2017.03.09 19:00:00;22,904;3,500;2,000;89,000;8,000;11,350;1,000;1,000;

13341;2017.03.09 20:00:00;21,084;3,600;2,000;89,000;8,000;11,350;1,000;1,000;

13342;2017.03.09 21:00:00;20,804;3,500;2,000;90,000;7,000;11,350;1,000;1,000;

13343;2017.03.09 22:00:00;20,002;3,200;2,000;92,000;7,000;11,350;1,000;1,000;

13344;2017.03.09 23:00:00;18,543;3,500;2,000;91,000;7,000;11,350;1,000;1,000;

13345;2017.03.10 00:00:00;20,997;3,600;2,000;91,000;8,000;11,417;2,000;1,000;

13346;2017.03.10 01:00:00;20,279;3,900;2,000;90,000;8,000;11,417;2,000;1,000;

13347;2017.03.10 02:00:00;19,631;3,900;1,000;91,000;8,000;11,417;2,000;1,000;

13348;2017.03.10 03:00:00;20,465;3,900;1,000;91,000;8,000;11,417;2,000;1,000;

13349;2017.03.10 04:00:00;20,187;4,000;2,000;90,000;8,000;11,417;2,000;1,000;

13350;2017.03.10 05:00:00;21,020;3,500;2,000;92,000;8,000;11,417;2,000;1,000;

13351;2017.03.10 06:00:00;21,761;3,600;2,000;93,000;8,000;11,417;2,000;1,000;

13352;2017.03.10 07:00:00;21,113;4,300;2,000;95,000;8,000;11,417;2,000;1,000;

13353;2017.03.10 08:00:00;20,650;4,300;3,000;96,000;8,000;11,417;2,000;1,000;

13354;2017.03.10 09:00:00;21,205;4,300;5,000;95,000;8,000;11,417;2,000;1,000;

13355;2017.03.10 10:00:00;20,094;5,200;5,000;89,000;8,000;11,417;2,000;1,000;

13356;2017.03.10 11:00:00;20,928;5,500;6,000;90,000;8,000;11,417;2,000;1,000;

13357;2017.03.10 12:00:00;20,835;5,400;6,000;87,000;8,000;11,417;2,000;1,000;

13358;2017.03.10 13:00:00;18,798;6,300;5,000;79,000;7,000;11,417;2,000;1,000;

13359;2017.03.10 14:00:00;19,724;6,300;6,000;74,000;7,000;11,417;2,000;1,000;

13360;2017.03.10 15:00:00;19,318;6,100;7,000;75,000;3,000;11,417;2,000;1,000;

13361;2017.03.10 16:00:00;19,297;5,400;6,000;76,000;1,000;11,417;2,000;1,000;

13362;2017.03.10 17:00:00;19,261;4,300;6,000;79,000;1,000;11,417;2,000;1,000;

13363;2017.03.10 18:00:00;21,761;3,500;6,000;81,000;1,000;11,417;2,000;1,000;

13364;2017.03.10 19:00:00;21,761;2,500;3,000;88,000;1,000;11,417;2,000;1,000;

13365;2017.03.10 20:00:00;23,243;3,000;4,000;88,000;7,000;11,417;2,000;1,000;

13366;2017.03.10 21:00:00;22,780;3,300;3,000;86,000;6,000;11,417;2,000;1,000;

13367;2017.03.10 22:00:00;21,483;2,200;2,000;90,000;3,000;11,417;2,000;1,000;

13368;2017.03.10 23:00:00;21,020;1,500;2,000;93,000;2,000;11,417;2,000;1,000;

13369;2017.03.11 00:00:00;23,706;0,800;2,000;95,000;1,000;11,500;3,000;1,000;

13370;2017.03.11 01:00:00;23,000;0,400;2,000;94,000;1,000;11,500;3,000;1,000;

13371;2017.03.11 02:00:00;24,412;-0,300;1,000;96,000;6,000;11,500;3,000;1,000;

13372;2017.03.11 03:00:00;24,817;-0,300;1,000;97,000;8,000;11,500;3,000;1,000;

13373;2017.03.11 04:00:00;24,724;-0,300;1,000;97,000;8,000;11,500;3,000;1,000;

13374;2017.03.11 05:00:00;24,539;-0,100;1,000;97,000;7,000;11,500;3,000;1,000;

13375;2017.03.11 06:00:00;25,650;0,100;1,000;97,000;7,000;11,500;3,000;1,000;

13376;2017.03.11 07:00:00;24,354;0,900;1,000;96,000;7,000;11,500;3,000;1,000;

13377;2017.03.11 08:00:00;23,243;2,700;1,000;92,000;8,000;11,500;3,000;1,000;

13378;2017.03.11 09:00:00;22,224;3,600;3,000;87,000;7,000;11,500;3,000;1,000;

13379;2017.03.11 10:00:00;22,224;4,300;3,000;81,000;7,000;11,500;3,000;1,000;

13380;2017.03.11 11:00:00;20,436;4,900;3,000;76,000;7,000;11,500;3,000;1,000;

13381;2017.03.11 12:00:00;20,469;4,900;4,000;77,000;3,000;11,500;3,000;1,000;

13382;2017.03.11 13:00:00;19,562;5,300;4,000;75,000;1,000;11,500;3,000;1,000;

13383;2017.03.11 14:00:00;19,076;4,600;4,000;78,000;1,000;11,500;3,000;1,000;

13384;2017.03.11 15:00:00;18,335;4,200;4,000;81,000;1,000;11,500;3,000;1,000;

13385;2017.03.11 16:00:00;18,798;3,600;3,000;78,000;0,000;11,500;3,000;1,000;

13386;2017.03.11 17:00:00;19,168;2,300;3,000;85,000;0,000;11,500;3,000;1,000;

13387;2017.03.11 18:00:00;23,706;1,200;2,000;91,000;0,000;11,500;3,000;1,000;

13388;2017.03.11 19:00:00;23,335;0,400;2,000;92,000;0,000;11,500;3,000;1,000;

13389;2017.03.11 20:00:00;25,851;-0,200;2,000;95,000;0,000;11,500;3,000;1,000;

13390;2017.03.11 21:00:00;23,134;-0,700;1,000;95,000;1,000;11,500;3,000;1,000;

13391;2017.03.11 22:00:00;23,549;-0,900;0,000;97,000;1,000;11,500;3,000;1,000;

13392;2017.03.11 23:00:00;30,400;-2,100;0,000;96,000;0,000;11,500;3,000;1,000;

13393;2017.03.12 00:00:00;28,558;-2,600;1,000;97,000;0,000;11,567;4,000;1,000;

13394;2017.03.12 01:00:00;26,854;-2,500;0,000;97,000;0,000;11,567;4,000;1,000;

13395;2017.03.12 02:00:00;27,317;-3,800;1,000;97,000;9,000;11,567;4,000;1,000;

13396;2017.03.12 03:00:00;27,965;-3,400;0,000;98,000;8,000;11,567;4,000;1,000;

13397;2017.03.12 04:00:00;27,873;-2,400;1,000;99,000;8,000;11,567;4,000;1,000;

13398;2017.03.12 05:00:00;29,169;-2,000;1,000;99,000;8,000;11,567;4,000;1,000;

13399;2017.03.12 06:00:00;29,817;-1,900;1,000;99,000;7,000;11,567;4,000;1,000;

13400;2017.03.12 07:00:00;27,780;-1,400;1,000;99,000;7,000;11,567;4,000;1,000;

13401;2017.03.12 08:00:00;27,687;-0,600;1,000;96,000;8,000;11,567;4,000;1,000;

13402;2017.03.12 09:00:00;26,113;1,200;1,000;89,000;7,000;11,567;4,000;1,000;

13403;2017.03.12 10:00:00;26,298;2,400;2,000;73,000;6,000;11,567;4,000;1,000;

13404;2017.03.12 11:00:00;24,076;3,000;2,000;72,000;5,000;11,567;4,000;1,000;

13405;2017.03.12 12:00:00;22,743;3,700;3,000;68,000;3,000;11,567;4,000;1,000;

13406;2017.03.12 13:00:00;23,002;4,000;3,000;69,000;2,000;11,567;4,000;1,000;

13407;2017.03.12 14:00:00;22,796;4,400;3,000;70,000;3,000;11,567;4,000;1,000;

13408;2017.03.12 15:00:00;18,249;2,800;4,000;75,000;3,000;11,567;4,000;1,000;

13409;2017.03.12 16:00:00;18,523;2,900;3,000;77,000;3,000;11,567;4,000;1,000;

13410;2017.03.12 17:00:00;23,801;2,400;1,000;82,000;3,000;11,567;4,000;1,000;

13411;2017.03.12 18:00:00;21,400;1,000;1,000;89,000;2,000;11,567;4,000;1,000;

13412;2017.03.12 19:00:00;26,617;0,000;1,000;92,000;1,000;11,567;4,000;1,000;

13413;2017.03.12 20:00:00;26,016;2,400;3,000;77,000;0,000;11,567;4,000;1,000;

13414;2017.03.12 21:00:00;23,909;1,300;3,000;80,000;0,000;11,567;4,000;1,000;

13415;2017.03.12 22:00:00;22,965;0,800;2,000;81,000;7,000;11,567;4,000;1,000;

13416;2017.03.12 23:00:00;18,877;-0,200;1,000;84,000;7,000;11,567;4,000;1,000;

13417;2017.03.13 00:00:00;17,859;-0,200;2,000;84,000;7,000;11,650;1,000;1,000;

13418;2017.03.13 01:00:00;24,288;-0,700;2,000;87,000;3,000;11,650;1,000;1,000;

13419;2017.03.13 02:00:00;32,280;-1,000;2,000;88,000;0,000;11,650;1,000;1,000;

13420;2017.03.13 03:00:00;25,026;-1,100;1,000;89,000;3,000;11,650;1,000;1,000;

13421;2017.03.13 04:00:00;25,663;-1,600;2,000;92,000;3,000;11,650;1,000;1,000;

13422;2017.03.13 05:00:00;26,576;-1,200;2,000;92,000;7,000;11,650;1,000;1,000;

13423;2017.03.13 06:00:00;26,576;-0,700;1,000;90,000;7,000;11,650;1,000;1,000;

13424;2017.03.13 07:00:00;25,095;0,300;2,000;86,000;7,000;11,650;1,000;1,000;

13425;2017.03.13 08:00:00;24,817;1,900;2,000;83,000;6,000;11,650;1,000;1,000;

13426;2017.03.13 09:00:00;22,502;5,200;1,000;64,000;5,000;11,650;1,000;1,000;

13427;2017.03.13 10:00:00;20,650;6,500;2,000;56,000;5,000;11,650;1,000;1,000;

13428;2017.03.13 11:00:00;20,465;7,300;1,000;50,000;5,000;11,650;1,000;1,000;

13429;2017.03.13 12:00:00;18,983;7,400;3,000;49,000;6,000;11,650;1,000;1,000;

13430;2017.03.13 13:00:00;18,242;6,300;3,000;60,000;6,000;11,650;1,000;1,000;

13431;2017.03.13 14:00:00;17,687;5,900;2,000;58,000;6,000;11,650;1,000;1,000;

13432;2017.03.13 15:00:00;17,113;5,700;2,000;56,000;5,000;11,650;1,000;1,000;

13433;2017.03.13 16:00:00;15,945;5,400;2,000;59,000;5,000;11,650;1,000;1,000;

13434;2017.03.13 17:00:00;16,668;4,300;1,000;63,000;5,000;11,650;1,000;1,000;

13435;2017.03.13 18:00:00;19,724;3,300;0,000;71,000;7,000;11,650;1,000;1,000;

13436;2017.03.13 19:00:00;19,631;2,800;0,000;72,000;8,000;11,650;1,000;1,000;

13437;2017.03.13 20:00:00;20,094;2,900;1,000;73,000;8,000;11,650;1,000;1,000;

13438;2017.03.13 21:00:00;18,983;3,600;2,000;68,000;8,000;11,650;1,000;1,000;

13439;2017.03.13 22:00:00;20,002;3,400;2,000;71,000;8,000;11,650;1,000;1,000;

13440;2017.03.13 23:00:00;18,427;3,200;2,000;73,000;8,000;11,650;1,000;1,000;

13441;2017.03.14 00:00:00;21,205;3,000;2,000;74,000;8,000;11,717;1,000;1,000;

13442;2017.03.14 01:00:00;20,158;3,100;2,000;73,000;8,000;11,717;1,000;1,000;

13443;2017.03.14 02:00:00;20,216;2,800;2,000;73,000;7,000;11,717;1,000;1,000;

13444;2017.03.14 03:00:00;21,205;2,000;2,000;76,000;8,000;11,717;1,000;1,000;

13445;2017.03.14 04:00:00;21,298;1,600;2,000;77,000;7,000;11,717;1,000;1,000;

13446;2017.03.14 05:00:00;22,224;1,700;2,000;76,000;7,000;11,717;1,000;1,000;

13447;2017.03.14 06:00:00;22,409;1,900;1,000;76,000;6,000;11,717;1,000;1,000;

13448;2017.03.14 07:00:00;22,224;3,500;2,000;71,000;7,000;11,717;1,000;1,000;

13449;2017.03.14 08:00:00;20,187;4,500;3,000;71,000;8,000;11,717;1,000;1,000;

13450;2017.03.14 09:00:00;20,279;5,900;4,000;69,000;7,000;11,717;1,000;1,000;

13451;2017.03.14 10:00:00;19,446;7,100;4,000;68,000;7,000;11,717;1,000;1,000;

13452;2017.03.14 11:00:00;18,057;7,400;3,000;71,000;7,000;11,717;1,000;1,000;

13453;2017.03.14 12:00:00;16,761;7,700;4,000;73,000;7,000;11,717;1,000;1,000;

13454;2017.03.14 13:00:00;16,668;6,400;5,000;81,000;8,000;11,717;1,000;1,000;

13455;2017.03.14 14:00:00;15,835;7,000;4,000;79,000;8,000;11,717;1,000;1,000;

13456;2017.03.14 15:00:00;15,649;6,800;4,000;80,000;8,000;11,717;1,000;1,000;

13457;2017.03.14 16:00:00;17,687;7,100;3,000;79,000;8,000;11,717;1,000;1,000;

13458;2017.03.14 17:00:00;17,964;7,200;4,000;78,000;7,000;11,717;1,000;1,000;

13459;2017.03.14 18:00:00;16,298;6,800;3,000;79,000;7,000;11,717;1,000;1,000;

13460;2017.03.14 19:00:00;17,316;6,700;3,000;81,000;7,000;11,717;1,000;1,000;

13461;2017.03.14 20:00:00;17,131;7,300;5,000;80,000;8,000;11,717;1,000;1,000;

13462;2017.03.14 21:00:00;17,594;7,700;4,000;79,000;8,000;11,717;1,000;1,000;

13463;2017.03.14 22:00:00;16,575;8,500;4,000;78,000;8,000;11,717;1,000;1,000;

13464;2017.03.14 23:00:00;15,372;8,700;4,000;80,000;8,000;11,717;1,000;1,000;

13465;2017.03.15 00:00:00;17,409;7,900;6,000;92,000;8,000;11,800;1,000;1,000;

13466;2017.03.15 01:00:00;17,038;7,200;5,000;95,000;8,000;11,800;1,000;1,000;

13467;2017.03.15 02:00:00;17,409;6,300;6,000;90,000;8,000;11,800;1,000;1,000;

13468;2017.03.15 03:00:00;18,057;6,100;5,000;89,000;2,000;11,800;1,000;1,000;

13469;2017.03.15 04:00:00;18,798;6,200;7,000;88,000;6,000;11,800;1,000;1,000;

13470;2017.03.15 05:00:00;19,168;5,900;8,000;88,000;8,000;11,800;1,000;1,000;

13471;2017.03.15 06:00:00;18,705;5,200;7,000;88,000;2,000;11,800;1,000;1,000;

13472;2017.03.15 07:00:00;18,335;6,000;8,000;79,000;1,000;11,800;1,000;1,000;

13473;2017.03.15 08:00:00;17,872;6,600;8,000;77,000;7,000;11,800;1,000;1,000;

13474;2017.03.15 09:00:00;16,853;6,400;8,000;75,000;7,000;11,800;1,000;1,000;

13475;2017.03.15 10:00:00;17,501;7,400;9,000;69,000;1,000;11,800;1,000;1,000;

13476;2017.03.15 11:00:00;16,761;8,100;10,000;66,000;1,000;11,800;1,000;1,000;

13477;2017.03.15 12:00:00;16,761;8,300;9,000;66,000;1,000;11,800;1,000;1,000;

13478;2017.03.15 13:00:00;16,020;8,100;10,000;65,000;1,000;11,800;1,000;1,000;

13479;2017.03.15 14:00:00;15,927;8,200;9,000;65,000;1,000;11,800;1,000;1,000;

13480;2017.03.15 15:00:00;15,927;7,800;9,000;67,000;1,000;11,800;1,000;1,000;

13481;2017.03.15 16:00:00;16,112;7,500;9,000;68,000;0,000;11,800;1,000;1,000;

13482;2017.03.15 17:00:00;15,742;6,400;8,000;71,000;0,000;11,800;1,000;1,000;

13483;2017.03.15 18:00:00;17,316;6,400;8,000;68,000;0,000;11,800;1,000;1,000;

13484;2017.03.15 19:00:00;18,335;6,100;8,000;70,000;0,000;11,800;1,000;1,000;

13485;2017.03.15 20:00:00;18,335;6,100;8,000;69,000;0,000;11,800;1,000;1,000;

13486;2017.03.15 21:00:00;18,057;5,800;9,000;72,000;0,000;11,800;1,000;1,000;

13487;2017.03.15 22:00:00;18,427;5,200;8,000;77,000;0,000;11,800;1,000;1,000;

13488;2017.03.15 23:00:00;16,668;4,700;6,000;81,000;3,000;11,800;1,000;1,000;

13489;2017.03.16 00:00:00;20,094;4,400;7,000;82,000;1,000;11,850;1,000;1,000;

13490;2017.03.16 01:00:00;18,242;4,100;6,000;85,000;3,000;11,850;1,000;1,000;

13491;2017.03.16 02:00:00;20,094;4,000;6,000;85,000;3,000;11,850;1,000;1,000;

13492;2017.03.16 03:00:00;19,909;4,400;7,000;81,000;8,000;11,850;1,000;1,000;

13493;2017.03.16 04:00:00;19,724;4,400;8,000;81,000;8,000;11,850;1,000;1,000;

13494;2017.03.16 05:00:00;20,094;4,200;7,000;84,000;8,000;11,850;1,000;1,000;

13495;2017.03.16 06:00:00;20,002;4,200;7,000;87,000;8,000;11,850;1,000;1,000;

13496;2017.03.16 07:00:00;19,909;4,100;7,000;89,000;8,000;11,850;1,000;1,000;

13497;2017.03.16 08:00:00;20,835;4,500;6,000;88,000;8,000;11,850;1,000;1,000;

13498;2017.03.16 09:00:00;19,261;4,900;5,000;87,000;8,000;11,850;1,000;1,000;

13499;2017.03.16 10:00:00;20,835;5,400;6,000;86,000;7,000;11,850;1,000;1,000;

13500;2017.03.16 11:00:00;19,539;5,500;5,000;85,000;8,000;11,850;1,000;1,000;

13501;2017.03.16 12:00:00;19,781;5,600;4,000;85,000;8,000;11,850;1,000;1,000;

13502;2017.03.16 13:00:00;18,741;5,900;4,000;85,000;8,000;11,850;1,000;1,000;

13503;2017.03.16 14:00:00;18,520;6,400;3,000;83,000;8,000;11,850;1,000;1,000;

13504;2017.03.16 15:00:00;18,613;6,400;3,000;84,000;8,000;11,850;1,000;1,000;

13505;2017.03.16 16:00:00;17,687;5,800;2,000;93,000;8,000;11,850;1,000;1,000;

13506;2017.03.16 17:00:00;19,261;5,700;2,000;96,000;8,000;11,850;1,000;1,000;

13507;2017.03.16 18:00:00;19,909;6,000;3,000;96,000;8,000;11,850;1,000;1,000;

13508;2017.03.16 19:00:00;18,983;6,200;3,000;95,000;8,000;11,850;1,000;1,000;

13509;2017.03.16 20:00:00;19,353;6,500;3,000;94,000;7,000;11,850;1,000;1,000;

13510;2017.03.16 21:00:00;18,031;6,600;2,000;93,000;6,000;11,850;1,000;1,000;

13511;2017.03.16 22:00:00;18,546;6,600;3,000;92,000;7,000;11,850;1,000;1,000;

13512;2017.03.16 23:00:00;16,575;6,100;3,000;92,000;7,000;11,850;1,000;1,000;

13513;2017.03.17 00:00:00;19,076;6,200;3,000;90,000;7,000;11,933;2,000;1,000;

13514;2017.03.17 01:00:00;18,613;6,700;4,000;86,000;7,000;11,933;2,000;1,000;

13515;2017.03.17 02:00:00;18,983;7,000;5,000;81,000;7,000;11,933;2,000;1,000;

13516;2017.03.17 03:00:00;19,539;6,400;4,000;80,000;7,000;11,933;2,000;1,000;

13517;2017.03.17 04:00:00;18,705;6,100;4,000;79,000;7,000;11,933;2,000;1,000;

13518;2017.03.17 05:00:00;19,539;5,900;4,000;78,000;7,000;11,933;2,000;1,000;

13519;2017.03.17 06:00:00;19,446;6,800;4,000;71,000;7,000;11,933;2,000;1,000;

13520;2017.03.17 07:00:00;19,261;7,400;5,000;68,000;7,000;11,933;2,000;1,000;

13521;2017.03.17 08:00:00;19,353;7,500;4,000;69,000;8,000;11,933;2,000;1,000;

13522;2017.03.17 09:00:00;18,335;6,100;4,000;89,000;8,000;11,933;2,000;1,000;

13523;2017.03.17 10:00:00;18,150;6,500;4,000;88,000;8,000;11,933;2,000;1,000;

13524;2017.03.17 11:00:00;18,798;6,600;6,000;86,000;8,000;11,933;2,000;1,000;

13525;2017.03.17 12:00:00;17,964;6,600;7,000;83,000;8,000;11,933;2,000;1,000;

13526;2017.03.17 13:00:00;18,335;6,200;7,000;80,000;8,000;11,933;2,000;1,000;

13527;2017.03.17 14:00:00;17,687;6,600;8,000;74,000;8,000;11,933;2,000;1,000;

13528;2017.03.17 15:00:00;17,316;6,800;6,000;67,000;7,000;11,933;2,000;1,000;

13529;2017.03.17 16:00:00;17,872;6,400;5,000;64,000;8,000;11,933;2,000;1,000;

13530;2017.03.17 17:00:00;18,483;6,200;4,000;67,000;8,000;11,933;2,000;1,000;

13531;2017.03.17 18:00:00;19,385;5,600;6,000;64,000;8,000;11,933;2,000;1,000;

13532;2017.03.17 19:00:00;21,488;5,300;4,000;68,000;8,000;11,933;2,000;1,000;

13533;2017.03.17 20:00:00;19,446;4,800;4,000;76,000;8,000;11,933;2,000;1,000;

13534;2017.03.17 21:00:00;21,298;4,700;4,000;80,000;8,000;11,933;2,000;1,000;

13535;2017.03.17 22:00:00;20,835;4,400;4,000;85,000;8,000;11,933;2,000;1,000;

13536;2017.03.17 23:00:00;18,798;3,800;3,000;90,000;8,000;11,933;2,000;1,000;

13537;2017.03.18 00:00:00;21,668;3,700;2,000;94,000;8,000;12,000;3,000;1,000;

13538;2017.03.18 01:00:00;20,650;4,300;4,000;91,000;8,000;12,000;3,000;1,000;

13539;2017.03.18 02:00:00;21,205;4,700;4,000;87,000;8,000;12,000;3,000;1,000;

13540;2017.03.18 03:00:00;21,298;4,400;4,000;89,000;8,000;12,000;3,000;1,000;

13541;2017.03.18 04:00:00;20,928;4,300;3,000;88,000;8,000;12,000;3,000;1,000;

13542;2017.03.18 05:00:00;20,372;4,200;4,000;87,000;8,000;12,000;3,000;1,000;

13543;2017.03.18 06:00:00;21,205;3,600;5,000;91,000;8,000;12,000;3,000;1,000;

13544;2017.03.18 07:00:00;22,039;3,400;4,000;92,000;8,000;12,000;3,000;1,000;

13545;2017.03.18 08:00:00;21,668;3,300;4,000;91,000;8,000;12,000;3,000;1,000;

13546;2017.03.18 09:00:00;20,928;3,100;5,000;90,000;8,000;12,000;3,000;1,000;

13547;2017.03.18 10:00:00;21,576;3,000;5,000;91,000;8,000;12,000;3,000;1,000;

13548;2017.03.18 11:00:00;21,020;2,700;6,000;91,000;8,000;12,000;3,000;1,000;

13549;2017.03.18 12:00:00;21,113;2,800;4,000;93,000;8,000;12,000;3,000;1,000;

13550;2017.03.18 13:00:00;20,835;3,700;2,000;95,000;8,000;12,000;3,000;1,000;

13551;2017.03.18 14:00:00;20,650;4,800;6,000;95,000;8,000;12,000;3,000;1,000;

13552;2017.03.18 15:00:00;21,854;3,600;8,000;94,000;8,000;12,000;3,000;1,000;

13553;2017.03.18 16:00:00;23,243;2,800;8,000;94,000;8,000;12,000;3,000;1,000;

13554;2017.03.18 17:00:00;24,539;3,200;9,000;89,000;8,000;12,000;3,000;1,000;

13555;2017.03.18 18:00:00;24,446;3,300;8,000;87,000;7,000;12,000;3,000;1,000;

13556;2017.03.18 19:00:00;23,891;3,700;8,000;86,000;7,000;12,000;3,000;1,000;

13557;2017.03.18 20:00:00;24,261;3,200;5,000;85,000;7,000;12,000;3,000;1,000;

13558;2017.03.18 21:00:00;23,891;3,200;7,000;82,000;2,000;12,000;3,000;1,000;

13559;2017.03.18 22:00:00;23,520;3,000;7,000;76,000;1,000;12,000;3,000;1,000;

13560;2017.03.18 23:00:00;22,502;2,900;7,000;77,000;0,000;12,000;3,000;1,000;

13561;2017.03.19 00:00:00;25,002;2,700;7,000;80,000;0,000;12,083;4,000;1,000;

13562;2017.03.19 01:00:00;24,354;2,800;8,000;81,000;0,000;12,083;4,000;1,000;

13563;2017.03.19 02:00:00;24,076;2,800;6,000;81,000;0,000;12,083;4,000;1,000;

13564;2017.03.19 03:00:00;24,261;2,600;5,000;84,000;1,000;12,083;4,000;1,000;

13565;2017.03.19 04:00:00;24,354;2,200;4,000;83,000;0,000;12,083;4,000;1,000;

13566;2017.03.19 05:00:00;24,261;1,900;4,000;88,000;3,000;12,083;4,000;1,000;

13567;2017.03.19 06:00:00;24,817;2,200;3,000;89,000;5,000;12,083;4,000;1,000;

13568;2017.03.19 07:00:00;22,780;2,800;3,000;86,000;3,000;12,083;4,000;1,000;

13569;2017.03.19 08:00:00;22,224;3,900;3,000;84,000;3,000;12,083;4,000;1,000;

13570;2017.03.19 09:00:00;21,668;4,800;3,000;77,000;5,000;12,083;4,000;1,000;

13571;2017.03.19 10:00:00;20,928;4,700;3,000;77,000;8,000;12,083;4,000;1,000;

13572;2017.03.19 11:00:00;20,279;5,400;3,000;77,000;8,000;12,083;4,000;1,000;

13573;2017.03.19 12:00:00;18,798;5,200;2,000;79,000;8,000;12,083;4,000;1,000;

13574;2017.03.19 13:00:00;19,631;5,800;1,000;74,000;8,000;12,083;4,000;1,000;

13575;2017.03.19 14:00:00;19,168;5,600;2,000;78,000;8,000;12,083;4,000;1,000;

13576;2017.03.19 15:00:00;18,150;5,200;1,000;79,000;8,000;12,083;4,000;1,000;

13577;2017.03.19 16:00:00;18,427;6,100;3,000;61,000;8,000;12,083;4,000;1,000;

13578;2017.03.19 17:00:00;18,335;5,700;3,000;63,000;8,000;12,083;4,000;1,000;

13579;2017.03.19 18:00:00;20,465;5,300;3,000;65,000;8,000;12,083;4,000;1,000;

13580;2017.03.19 19:00:00;19,446;5,000;5,000;65,000;8,000;12,083;4,000;1,000;

13581;2017.03.19 20:00:00;20,187;3,200;3,000;84,000;8,000;12,083;4,000;1,000;

13582;2017.03.19 21:00:00;19,816;2,100;4,000;91,000;8,000;12,083;4,000;1,000;

13583;2017.03.19 22:00:00;19,724;1,500;4,000;93,000;8,000;12,083;4,000;1,000;

13584;2017.03.19 23:00:00;20,187;1,300;5,000;94,000;8,000;12,083;4,000;1,000;

13585;2017.03.20 00:00:00;21,946;1,700;4,000;93,000;8,000;12,150;1,000;1,000;

13586;2017.03.20 01:00:00;20,650;1,700;4,000;95,000;8,000;12,150;1,000;1,000;

13587;2017.03.20 02:00:00;21,205;2,100;4,000;97,000;8,000;12,150;1,000;1,000;

13588;2017.03.20 03:00:00;21,205;2,800;3,000;98,000;8,000;12,150;1,000;1,000;

13589;2017.03.20 04:00:00;21,113;4,500;4,000;99,000;8,000;12,150;1,000;1,000;

13590;2017.03.20 05:00:00;20,928;5,200;6,000;97,000;8,000;12,150;1,000;1,000;

13591;2017.03.20 06:00:00;19,446;5,000;6,000;97,000;8,000;12,150;1,000;1,000;

13592;2017.03.20 07:00:00;19,539;5,300;5,000;95,000;8,000;12,150;1,000;1,000;

13593;2017.03.20 08:00:00;18,705;5,700;4,000;97,000;8,000;12,150;1,000;1,000;

13594;2017.03.20 09:00:00;17,779;6,100;5,000;92,000;8,000;12,150;1,000;1,000;

13595;2017.03.20 10:00:00;18,057;7,000;4,000;83,000;8,000;12,150;1,000;1,000;

13596;2017.03.20 11:00:00;17,316;6,700;5,000;84,000;8,000;12,150;1,000;1,000;

13597;2017.03.20 12:00:00;15,663;6,900;4,000;84,000;8,000;12,150;1,000;1,000;

13598;2017.03.20 13:00:00;15,636;7,400;2,000;82,000;8,000;12,150;1,000;1,000;

13599;2017.03.20 14:00:00;13,890;8,000;2,000;80,000;8,000;12,150;1,000;1,000;

13600;2017.03.20 15:00:00;14,538;7,200;1,000;83,000;8,000;12,150;1,000;1,000;

13601;2017.03.20 16:00:00;14,816;6,800;1,000;88,000;8,000;12,150;1,000;1,000;

13602;2017.03.20 17:00:00;14,723;7,500;2,000;92,000;8,000;12,150;1,000;1,000;

13603;2017.03.20 18:00:00;14,168;8,000;2,000;97,000;8,000;12,150;1,000;1,000;

13604;2017.03.20 19:00:00;14,816;8,800;3,000;97,000;8,000;12,150;1,000;1,000;

13605;2017.03.20 20:00:00;14,631;9,700;4,000;95,000;8,000;12,150;1,000;1,000;

13606;2017.03.20 21:00:00;14,631;9,700;3,000;95,000;8,000;12,150;1,000;1,000;

13607;2017.03.20 22:00:00;15,835;9,800;4,000;95,000;8,000;12,150;1,000;1,000;

13608;2017.03.20 23:00:00;13,057;10,100;5,000;93,000;8,000;12,150;1,000;1,000;

13609;2017.03.21 00:00:00;15,094;10,100;5,000;93,000;8,000;12,233;1,000;1,000;

13610;2017.03.21 01:00:00;14,168;10,300;5,000;89,000;8,000;12,233;1,000;1,000;

13611;2017.03.21 02:00:00;14,723;10,000;5,000;90,000;8,000;12,233;1,000;1,000;

13612;2017.03.21 03:00:00;14,631;8,900;8,000;86,000;8,000;12,233;1,000;1,000;

13613;2017.03.21 04:00:00;14,260;8,100;5,000;87,000;8,000;12,233;1,000;1,000;

13614;2017.03.21 05:00:00;14,909;6,700;4,000;93,000;7,000;12,233;1,000;1,000;

13615;2017.03.21 06:00:00;15,649;7,200;3,000;92,000;7,000;12,233;1,000;1,000;

13616;2017.03.21 07:00:00;15,372;8,000;4,000;90,000;7,000;12,233;1,000;1,000;

13617;2017.03.21 08:00:00;15,557;8,900;5,000;75,000;6,000;12,233;1,000;1,000;

13618;2017.03.21 09:00:00;15,557;9,100;5,000;74,000;5,000;12,233;1,000;1,000;

13619;2017.03.21 10:00:00;14,689;9,700;5,000;63,000;5,000;12,233;1,000;1,000;

13620;2017.03.21 11:00:00;14,258;11,000;4,000;58,000;4,000;12,233;1,000;1,000;

13621;2017.03.21 12:00:00;13,371;12,000;5,000;51,000;4,000;12,233;1,000;1,000;

13622;2017.03.21 13:00:00;13,242;12,000;6,000;48,000;7,000;12,233;1,000;1,000;

13623;2017.03.21 14:00:00;12,316;11,000;4,000;60,000;7,000;12,233;1,000;1,000;

13624;2017.03.21 15:00:00;11,390;11,300;3,000;54,000;8,000;12,233;1,000;1,000;

13625;2017.03.21 16:00:00;12,131;11,100;2,000;54,000;8,000;12,233;1,000;1,000;

13626;2017.03.21 17:00:00;12,594;10,700;2,000;60,000;8,000;12,233;1,000;1,000;

13627;2017.03.21 18:00:00;13,520;5,600;5,000;92,000;8,000;12,233;1,000;1,000;

13628;2017.03.21 19:00:00;15,464;5,900;3,000;85,000;8,000;12,233;1,000;1,000;

13629;2017.03.21 20:00:00;15,927;5,800;2,000;85,000;8,000;12,233;1,000;1,000;

13630;2017.03.21 21:00:00;16,205;5,800;3,000;78,000;8,000;12,233;1,000;1,000;

13631;2017.03.21 22:00:00;17,687;5,600;5,000;72,000;8,000;12,233;1,000;1,000;

13632;2017.03.21 23:00:00;16,853;5,100;4,000;71,000;8,000;12,233;1,000;1,000;

13633;2017.03.22 00:00:00;19,076;4,600;3,000;71,000;7,000;12,300;1,000;1,000;

13634;2017.03.22 01:00:00;19,446;3,700;3,000;75,000;7,000;12,300;1,000;1,000;

13635;2017.03.22 02:00:00;19,446;2,800;2,000;79,000;4,000;12,300;1,000;1,000;

13636;2017.03.22 03:00:00;20,465;2,600;2,000;79,000;3,000;12,300;1,000;1,000;

13637;2017.03.22 04:00:00;20,372;1,900;2,000;83,000;3,000;12,300;1,000;1,000;

13638;2017.03.22 05:00:00;22,594;1,200;2,000;85,000;2,000;12,300;1,000;1,000;

13639;2017.03.22 06:00:00;22,965;1,900;2,000;82,000;3,000;12,300;1,000;1,000;

13640;2017.03.22 07:00:00;21,668;3,800;3,000;74,000;3,000;12,300;1,000;1,000;

13641;2017.03.22 08:00:00;20,557;5,700;4,000;70,000;2,000;12,300;1,000;1,000;

13642;2017.03.22 09:00:00;20,002;7,700;4,000;60,000;2,000;12,300;1,000;1,000;

13643;2017.03.22 10:00:00;18,983;8,700;5,000;48,000;2,000;12,300;1,000;1,000;

13644;2017.03.22 11:00:00;17,872;9,500;4,000;45,000;2,000;12,300;1,000;1,000;

13645;2017.03.22 12:00:00;17,501;9,900;5,000;43,000;2,000;12,300;1,000;1,000;

13646;2017.03.22 13:00:00;16,575;10,200;5,000;38,000;3,000;12,300;1,000;1,000;

13647;2017.03.22 14:00:00;16,205;10,100;5,000;38,000;2,000;12,300;1,000;1,000;

13648;2017.03.22 15:00:00;15,314;9,800;4,000;37,000;2,000;12,300;1,000;1,000;

13649;2017.03.22 16:00:00;14,966;9,400;3,000;40,000;3,000;12,300;1,000;1,000;

13650;2017.03.22 17:00:00;15,118;8,200;1,000;45,000;5,000;12,300;1,000;1,000;

13651;2017.03.22 18:00:00;16,089;6,600;1,000;52,000;5,000;12,300;1,000;1,000;

13652;2017.03.22 19:00:00;17,594;6,000;2,000;57,000;5,000;12,300;1,000;1,000;

13653;2017.03.22 20:00:00;16,761;5,500;2,000;60,000;5,000;12,300;1,000;1,000;

13654;2017.03.22 21:00:00;17,316;4,700;2,000;62,000;8,000;12,300;1,000;1,000;

13655;2017.03.22 22:00:00;17,594;4,000;2,000;65,000;8,000;12,300;1,000;1,000;

13656;2017.03.22 23:00:00;17,224;3,800;2,000;65,000;6,000;12,300;1,000;1,000;

13657;2017.03.23 00:00:00;19,287;3,800;3,000;63,000;6,000;12,367;1,000;1,000;

13658;2017.03.23 01:00:00;18,957;3,600;2,000;63,000;8,000;12,367;1,000;1,000;

13659;2017.03.23 02:00:00;19,816;3,400;2,000;63,000;8,000;12,367;1,000;1,000;

13660;2017.03.23 03:00:00;21,113;3,700;2,000;62,000;8,000;12,367;1,000;1,000;

13661;2017.03.23 04:00:00;19,816;3,600;2,000;63,000;8,000;12,367;1,000;1,000;

13662;2017.03.23 05:00:00;20,742;4,100;2,000;61,000;8,000;12,367;1,000;1,000;

13663;2017.03.23 06:00:00;20,372;5,000;2,000;60,000;7,000;12,367;1,000;1,000;

13664;2017.03.23 07:00:00;20,557;6,500;2,000;55,000;7,000;12,367;1,000;1,000;

13665;2017.03.23 08:00:00;19,631;7,800;3,000;50,000;7,000;12,367;1,000;1,000;

13666;2017.03.23 09:00:00;19,076;8,300;4,000;48,000;7,000;12,367;1,000;1,000;

13667;2017.03.23 10:00:00;17,409;9,300;4,000;40,000;8,000;12,367;1,000;1,000;

13668;2017.03.23 11:00:00;16,112;10,200;3,000;31,000;8,000;12,367;1,000;1,000;

13669;2017.03.23 12:00:00;14,816;11,000;3,000;26,000;8,000;12,367;1,000;1,000;

13670;2017.03.23 13:00:00;14,446;10,700;3,000;27,000;8,000;12,367;1,000;1,000;

13671;2017.03.23 14:00:00;13,242;11,000;2,000;29,000;8,000;12,367;1,000;1,000;

13672;2017.03.23 15:00:00;12,594;10,700;2,000;28,000;8,000;12,367;1,000;1,000;

13673;2017.03.23 16:00:00;13,057;9,900;4,000;35,000;8,000;12,367;1,000;1,000;

13674;2017.03.23 17:00:00;13,149;9,700;3,000;37,000;8,000;12,367;1,000;1,000;

13675;2017.03.23 18:00:00;15,835;8,800;1,000;45,000;8,000;12,367;1,000;1,000;

13676;2017.03.23 19:00:00;14,723;9,200;2,000;37,000;8,000;12,367;1,000;1,000;

13677;2017.03.23 20:00:00;15,372;8,400;0,000;43,000;8,000;12,367;1,000;1,000;

13678;2017.03.23 21:00:00;12,594;7,200;1,000;52,000;8,000;12,367;1,000;1,000;

13679;2017.03.23 22:00:00;4,167;5,900;1,000;61,000;8,000;12,367;1,000;1,000;

13680;2017.03.23 23:00:00;2,315;5,600;2,000;62,000;4,000;12,367;1,000;1,000;

13681;2017.03.24 00:00:00;1,296;4,800;1,000;71,000;6,000;12,450;2,000;1,000;

13682;2017.03.24 01:00:00;11,853;3,200;0,000;81,000;0,000;12,450;2,000;1,000;

13683;2017.03.24 02:00:00;24,169;2,000;1,000;83,000;0,000;12,450;2,000;1,000;

13684;2017.03.24 03:00:00;18,890;3,100;2,000;85,000;0,000;12,450;2,000;1,000;

13685;2017.03.24 04:00:00;20,002;2,700;1,000;85,000;0,000;12,450;2,000;1,000;

13686;2017.03.24 05:00:00;20,742;1,200;0,000;88,000;0,000;12,450;2,000;1,000;

13687;2017.03.24 06:00:00;21,298;2,200;1,000;86,000;0,000;12,450;2,000;1,000;

13688;2017.03.24 07:00:00;21,020;6,000;0,000;62,000;1,000;12,450;2,000;1,000;

13689;2017.03.24 08:00:00;19,353;6,900;2,000;61,000;1,000;12,450;2,000;1,000;

13690;2017.03.24 09:00:00;18,057;8,200;3,000;62,000;2,000;12,450;2,000;1,000;

13691;2017.03.24 10:00:00;18,507;7,900;4,000;62,000;2,000;12,450;2,000;1,000;

13692;2017.03.24 11:00:00;16,403;8,500;4,000;62,000;1,000;12,450;2,000;1,000;

13693;2017.03.24 12:00:00;16,668;8,300;5,000;56,000;1,000;12,450;2,000;1,000;

13694;2017.03.24 13:00:00;15,649;7,700;5,000;65,000;3,000;12,450;2,000;1,000;

13695;2017.03.24 14:00:00;15,372;7,100;4,000;63,000;3,000;12,450;2,000;1,000;

13696;2017.03.24 15:00:00;13,983;6,600;4,000;61,000;2,000;12,450;2,000;1,000;

13697;2017.03.24 16:00:00;14,723;5,900;3,000;66,000;1,000;12,450;2,000;1,000;

13698;2017.03.24 17:00:00;15,742;4,500;2,000;75,000;1,000;12,450;2,000;1,000;

13699;2017.03.24 18:00:00;17,131;3,400;1,000;79,000;1,000;12,450;2,000;1,000;

13700;2017.03.24 19:00:00;17,872;2,600;2,000;82,000;0,000;12,450;2,000;1,000;

13701;2017.03.24 20:00:00;18,613;2,200;2,000;81,000;7,000;12,450;2,000;1,000;

13702;2017.03.24 21:00:00;19,446;2,000;1,000;78,000;7,000;12,450;2,000;1,000;

13703;2017.03.24 22:00:00;20,650;1,900;2,000;80,000;8,000;12,450;2,000;1,000;

13704;2017.03.24 23:00:00;19,539;1,500;2,000;81,000;8,000;12,450;2,000;1,000;

13705;2017.03.25 00:00:00;21,298;2,100;2,000;80,000;8,000;12,500;3,000;1,000;

13706;2017.03.25 01:00:00;21,205;2,900;2,000;81,000;8,000;12,500;3,000;1,000;

13707;2017.03.25 02:00:00;20,928;2,600;1,000;84,000;8,000;12,500;3,000;1,000;

13708;2017.03.25 03:00:00;19,909;2,900;3,000;85,000;8,000;12,500;3,000;1,000;

13709;2017.03.25 04:00:00;20,928;2,700;3,000;84,000;8,000;12,500;3,000;1,000;

13710;2017.03.25 05:00:00;21,576;2,800;3,000;85,000;8,000;12,500;3,000;1,000;

13711;2017.03.25 06:00:00;21,854;3,500;4,000;87,000;8,000;12,500;3,000;1,000;

13712;2017.03.25 07:00:00;21,113;4,200;5,000;87,000;8,000;12,500;3,000;1,000;

13713;2017.03.25 08:00:00;21,483;4,300;5,000;87,000;8,000;12,500;3,000;1,000;

13714;2017.03.25 09:00:00;21,113;4,400;5,000;87,000;8,000;12,500;3,000;1,000;

13715;2017.03.25 10:00:00;20,835;4,400;6,000;90,000;8,000;12,500;3,000;1,000;

13716;2017.03.25 11:00:00;19,909;5,000;6,000;88,000;8,000;12,500;3,000;1,000;

13717;2017.03.25 12:00:00;19,816;5,100;7,000;88,000;8,000;12,500;3,000;1,000;

13718;2017.03.25 13:00:00;19,353;5,700;6,000;86,000;8,000;12,500;3,000;1,000;

13719;2017.03.25 14:00:00;18,983;6,300;7,000;82,000;7,000;12,500;3,000;1,000;

13720;2017.03.25 15:00:00;18,150;6,200;5,000;83,000;5,000;12,500;3,000;1,000;

13721;2017.03.25 16:00:00;17,872;5,400;5,000;85,000;6,000;12,500;3,000;1,000;

13722;2017.03.25 17:00:00;17,872;4,500;2,000;89,000;7,000;12,500;3,000;1,000;

13723;2017.03.25 18:00:00;17,687;4,100;1,000;91,000;7,000;12,500;3,000;1,000;

13724;2017.03.25 19:00:00;19,631;3,900;1,000;91,000;6,000;12,500;3,000;1,000;

13725;2017.03.25 20:00:00;20,002;3,000;1,000;92,000;2,000;12,500;3,000;1,000;

13726;2017.03.25 21:00:00;22,409;2,800;2,000;94,000;2,000;12,500;3,000;1,000;

13727;2017.03.25 22:00:00;21,109;2,100;2,000;95,000;6,000;12,500;3,000;1,000;

13728;2017.03.25 23:00:00;20,887;1,800;2,000;95,000;1,000;12,500;3,000;1,000;

13729;2017.03.26 00:00:00;20,887;1,400;2,000;96,000;0,000;12,583;4,000;1,000;

13730;2017.03.26 01:00:00;20,887;0,600;1,000;97,000;0,000;12,583;4,000;1,000;

13731;2017.03.26 02:00:00;20,887;0,200;2,000;97,000;0,000;12,583;4,000;1,000;

13732;2017.03.26 03:00:00;20,887;-0,100;2,000;97,000;0,000;12,583;4,000;1,000;

13733;2017.03.26 04:00:00;20,887;-0,500;1,000;98,000;0,000;12,583;4,000;1,000;

13734;2017.03.26 05:00:00;20,887;-0,600;2,000;97,000;5,000;12,583;4,000;1,000;

13735;2017.03.26 06:00:00;20,887;0,200;2,000;97,000;3,000;12,583;4,000;1,000;

13736;2017.03.26 07:00:00;20,887;2,600;1,000;90,000;1,000;12,583;4,000;1,000;

13737;2017.03.26 08:00:00;20,887;5,900;2,000;80,000;3,000;12,583;4,000;1,000;

13738;2017.03.26 09:00:00;20,887;9,000;2,000;51,000;3,000;12,583;4,000;1,000;

13739;2017.03.26 10:00:00;21,289;10,000;2,000;40,000;4,000;12,583;4,000;1,000;

13740;2017.03.26 11:00:00;19,353;10,900;1,000;42,000;6,000;12,583;4,000;1,000;

13741;2017.03.26 12:00:00;17,872;11,600;3,000;38,000;6,000;12,583;4,000;1,000;

13742;2017.03.26 13:00:00;17,409;11,300;4,000;49,000;5,000;12,583;4,000;1,000;

13743;2017.03.26 14:00:00;15,835;10,400;5,000;53,000;3,000;12,583;4,000;1,000;

13744;2017.03.26 15:00:00;14,816;9,600;4,000;59,000;2,000;12,583;4,000;1,000;

13745;2017.03.26 16:00:00;15,372;9,100;3,000;61,000;1,000;12,583;4,000;1,000;

13746;2017.03.26 17:00:00;13,797;7,300;4,000;64,000;1,000;12,583;4,000;1,000;

13747;2017.03.26 18:00:00;14,816;5,800;2,000;70,000;1,000;12,583;4,000;1,000;

13748;2017.03.26 19:00:00;15,927;4,800;3,000;77,000;0,000;12,583;4,000;1,000;

13749;2017.03.26 20:00:00;15,372;4,700;3,000;79,000;0,000;12,583;4,000;1,000;

13750;2017.03.26 21:00:00;15,279;4,500;2,000;77,000;0,000;12,583;4,000;1,000;

13751;2017.03.26 22:00:00;16,853;4,500;2,000;75,000;0,000;12,583;4,000;1,000;

13752;2017.03.26 23:00:00;16,575;4,700;3,000;75,000;0,000;12,583;4,000;1,000;

13753;2017.03.27 00:00:00;16,946;4,800;3,000;77,000;0,000;12,650;1,000;1,000;

13754;2017.03.27 01:00:00;18,983;3,400;2,000;82,000;0,000;12,650;1,000;1,000;

13755;2017.03.27 02:00:00;18,983;2,500;2,000;86,000;0,000;12,650;1,000;1,000;

13756;2017.03.27 03:00:00;19,539;2,200;1,000;89,000;0,000;12,650;1,000;1,000;

13757;2017.03.27 04:00:00;20,372;2,300;2,000;89,000;0,000;12,650;1,000;1,000;

13758;2017.03.27 05:00:00;20,002;2,200;2,000;90,000;0,000;12,650;1,000;1,000;

13759;2017.03.27 06:00:00;19,631;4,000;2,000;92,000;0,000;12,650;1,000;1,000;

13760;2017.03.27 07:00:00;20,372;6,800;5,000;84,000;0,000;12,650;1,000;1,000;

13761;2017.03.27 08:00:00;18,724;7,600;6,000;81,000;0,000;12,650;1,000;1,000;

13762;2017.03.27 09:00:00;18,779;8,600;6,000;78,000;1,000;12,650;1,000;1,000;

13763;2017.03.27 10:00:00;17,501;9,900;5,000;69,000;0,000;12,650;1,000;1,000;

13764;2017.03.27 11:00:00;15,723;11,300;6,000;60,000;3,000;12,650;1,000;1,000;

13765;2017.03.27 12:00:00;15,390;13,100;6,000;54,000;1,000;12,650;1,000;1,000;

13766;2017.03.27 13:00:00;13,446;13,100;5,000;58,000;1,000;12,650;1,000;1,000;

13767;2017.03.27 14:00:00;12,605;12,700;6,000;52,000;1,000;12,650;1,000;1,000;

13768;2017.03.27 15:00:00;11,453;11,900;6,000;59,000;1,000;12,650;1,000;1,000;

13769;2017.03.27 16:00:00;11,223;11,600;5,000;62,000;1,000;12,650;1,000;1,000;

13770;2017.03.27 17:00:00;9,086;10,200;4,000;67,000;2,000;12,650;1,000;1,000;

13771;2017.03.27 18:00:00;11,249;9,200;4,000;67,000;3,000;12,650;1,000;1,000;

13772;2017.03.27 19:00:00;10,556;8,900;2,000;67,000;0,000;12,650;1,000;1,000;

13773;2017.03.27 20:00:00;12,612;9,300;4,000;61,000;0,000;12,650;1,000;1,000;

13774;2017.03.27 21:00:00;13,279;9,200;4,000;61,000;0,000;12,650;1,000;1,000;

13775;2017.03.27 22:00:00;13,735;8,700;6,000;64,000;0,000;12,650;1,000;1,000;

13776;2017.03.27 23:00:00;14,267;7,700;6,000;72,000;0,000;12,650;1,000;1,000;

13777;2017.03.28 00:00:00;13,779;7,400;6,000;79,000;0,000;12,733;1,000;1,000;

13778;2017.03.28 01:00:00;15,890;7,100;6,000;81,000;0,000;12,733;1,000;1,000;

13779;2017.03.28 02:00:00;16,390;6,500;3,000;84,000;0,000;12,733;1,000;1,000;

13780;2017.03.28 03:00:00;16,612;5,700;2,000;88,000;0,000;12,733;1,000;1,000;

13781;2017.03.28 04:00:00;17,224;5,200;3,000;90,000;2,000;12,733;1,000;1,000;

13782;2017.03.28 05:00:00;17,446;5,800;2,000;89,000;8,000;12,733;1,000;1,000;

13783;2017.03.28 06:00:00;18,168;6,400;3,000;88,000;8,000;12,733;1,000;1,000;

13784;2017.03.28 07:00:00;18,779;6,900;3,000;88,000;8,000;12,733;1,000;1,000;

13785;2017.03.28 08:00:00;18,113;7,100;3,000;89,000;8,000;12,733;1,000;1,000;

13786;2017.03.28 09:00:00;17,057;8,800;2,000;82,000;4,000;12,733;1,000;1,000;

13787;2017.03.28 10:00:00;16,335;11,300;2,000;74,000;5,000;12,733;1,000;1,000;

13788;2017.03.28 11:00:00;15,557;12,900;3,000;67,000;4,000;12,733;1,000;1,000;

13789;2017.03.28 12:00:00;13,334;14,100;4,000;58,000;3,000;12,733;1,000;1,000;

13790;2017.03.28 13:00:00;12,168;13,900;4,000;58,000;2,000;12,733;1,000;1,000;

13791;2017.03.28 14:00:00;11,334;13,000;4,000;58,000;2,000;12,733;1,000;1,000;

13792;2017.03.28 15:00:00;9,779;13,000;4,000;47,000;2,000;12,733;1,000;1,000;

13793;2017.03.28 16:00:00;9,279;11,500;4,000;51,000;3,000;12,733;1,000;1,000;

13794;2017.03.28 17:00:00;6,917;9,300;1,000;68,000;5,000;12,733;1,000;1,000;

13795;2017.03.28 18:00:00;10,029;6,500;1,000;84,000;4,000;12,733;1,000;1,000;

13796;2017.03.28 19:00:00;9,501;5,600;1,000;88,000;7,000;12,733;1,000;1,000;

13797;2017.03.28 20:00:00;11,056;6,000;2,000;85,000;7,000;12,733;1,000;1,000;

13798;2017.03.28 21:00:00;12,190;6,000;2,000;83,000;8,000;12,733;1,000;1,000;

13799;2017.03.28 22:00:00;13,590;5,600;2,000;84,000;8,000;12,733;1,000;1,000;

13800;2017.03.28 23:00:00;13,779;5,100;2,000;85,000;8,000;12,733;1,000;1,000;

13801;2017.03.29 00:00:00;13,223;4,700;2,000;85,000;8,000;12,800;1,000;1,000;

13802;2017.03.29 01:00:00;16,335;4,100;2,000;87,000;0,000;12,800;1,000;1,000;

13803;2017.03.29 02:00:00;16,168;3,800;2,000;88,000;0,000;12,800;1,000;1,000;

13804;2017.03.29 03:00:00;17,168;3,400;2,000;88,000;0,000;12,800;1,000;1,000;

13805;2017.03.29 04:00:00;18,390;2,700;2,000;90,000;0,000;12,800;1,000;1,000;

13806;2017.03.29 05:00:00;17,779;3,000;3,000;87,000;7,000;12,800;1,000;1,000;

13807;2017.03.29 06:00:00;19,279;3,900;2,000;85,000;2,000;12,800;1,000;1,000;

13808;2017.03.29 07:00:00;19,113;6,800;2,000;79,000;5,000;12,800;1,000;1,000;

13809;2017.03.29 08:00:00;18,890;8,200;2,000;73,000;8,000;12,800;1,000;1,000;

13810;2017.03.29 09:00:00;17,501;8,000;4,000;81,000;7,000;12,800;1,000;1,000;

13811;2017.03.29 10:00:00;16,446;8,200;5,000;85,000;8,000;12,800;1,000;1,000;

13812;2017.03.29 11:00:00;15,890;8,700;5,000;86,000;8,000;12,800;1,000;1,000;

13813;2017.03.29 12:00:00;15,080;9,100;5,000;88,000;8,000;12,800;1,000;1,000;

13814;2017.03.29 13:00:00;15,145;8,900;7,000;93,000;8,000;12,800;1,000;1,000;

13815;2017.03.29 14:00:00;15,057;6,100;6,000;96,000;8,000;12,800;1,000;1,000;

13816;2017.03.29 15:00:00;14,279;5,500;4,000;94,000;8,000;12,800;1,000;1,000;

13817;2017.03.29 16:00:00;15,001;5,500;4,000;93,000;8,000;12,800;1,000;1,000;

13818;2017.03.29 17:00:00;16,532;5,400;5,000;94,000;8,000;12,800;1,000;1,000;

13819;2017.03.29 18:00:00;16,304;5,400;4,000;95,000;8,000;12,800;1,000;1,000;

13820;2017.03.29 19:00:00;15,168;5,700;5,000;94,000;8,000;12,800;1,000;1,000;

13821;2017.03.29 20:00:00;17,001;5,700;4,000;93,000;8,000;12,800;1,000;1,000;

13822;2017.03.29 21:00:00;17,279;5,500;4,000;96,000;8,000;12,800;1,000;1,000;

13823;2017.03.29 22:00:00;16,557;5,500;4,000;96,000;8,000;12,800;1,000;1,000;

13824;2017.03.29 23:00:00;16,279;5,500;4,000;96,000;8,000;12,800;1,000;1,000;

13825;2017.03.30 00:00:00;14,835;5,200;2,000;96,000;8,000;12,883;1,000;1,000;

13826;2017.03.30 01:00:00;16,557;5,100;3,000;96,000;8,000;12,883;1,000;1,000;

13827;2017.03.30 02:00:00;16,335;5,100;3,000;93,000;8,000;12,883;1,000;1,000;

13828;2017.03.30 03:00:00;17,335;5,000;3,000;92,000;8,000;12,883;1,000;1,000;

13829;2017.03.30 04:00:00;16,946;4,800;2,000;93,000;8,000;12,883;1,000;1,000;

13830;2017.03.30 05:00:00;17,483;4,800;1,000;92,000;8,000;12,883;1,000;1,000;

13831;2017.03.30 06:00:00;17,187;4,900;1,000;91,000;8,000;12,883;1,000;1,000;

13832;2017.03.30 07:00:00;16,835;5,500;2,000;89,000;8,000;12,883;1,000;1,000;

13833;2017.03.30 08:00:00;17,668;6,100;2,000;87,000;8,000;12,883;1,000;1,000;

13834;2017.03.30 09:00:00;16,501;7,000;2,000;80,000;8,000;12,883;1,000;1,000;

13835;2017.03.30 10:00:00;16,279;8,200;2,000;71,000;8,000;12,883;1,000;1,000;

13836;2017.03.30 11:00:00;14,218;9,000;3,000;71,000;8,000;12,883;1,000;1,000;

13837;2017.03.30 12:00:00;14,548;9,800;3,000;70,000;7,000;12,883;1,000;1,000;

13838;2017.03.30 13:00:00;13,090;10,600;3,000;73,000;8,000;12,883;1,000;1,000;

13839;2017.03.30 14:00:00;12,579;10,500;3,000;81,000;8,000;12,883;1,000;1,000;

13840;2017.03.30 15:00:00;11,653;10,500;3,000;84,000;8,000;12,883;1,000;1,000;

13841;2017.03.30 16:00:00;12,186;10,900;3,000;84,000;8,000;12,883;1,000;1,000;

13842;2017.03.30 17:00:00;12,501;11,000;4,000;90,000;8,000;12,883;1,000;1,000;

13843;2017.03.30 18:00:00;11,427;10,700;3,000;95,000;8,000;12,883;1,000;1,000;

13844;2017.03.30 19:00:00;12,543;11,000;4,000;95,000;8,000;12,883;1,000;1,000;

13845;2017.03.30 20:00:00;12,580;11,200;3,000;95,000;8,000;12,883;1,000;1,000;

13846;2017.03.30 21:00:00;12,584;12,100;4,000;92,000;8,000;12,883;1,000;1,000;

13847;2017.03.30 22:00:00;12,418;12,600;3,000;89,000;8,000;12,883;1,000;1,000;

13848;2017.03.30 23:00:00;11,719;12,800;4,000;86,000;7,000;12,883;1,000;1,000;

13849;2017.03.31 00:00:00;9,440;12,800;3,000;84,000;4,000;12,950;2,000;1,000;

13850;2017.03.31 01:00:00;11,566;12,600;3,000;83,000;4,000;12,950;2,000;1,000;

13851;2017.03.31 02:00:00;11,492;12,200;3,000;86,000;7,000;12,950;2,000;1,000;

13852;2017.03.31 03:00:00;11,288;11,500;3,000;89,000;7,000;12,950;2,000;1,000;

13853;2017.03.31 04:00:00;11,519;10,500;2,000;92,000;4,000;12,950;2,000;1,000;

13854;2017.03.31 05:00:00;12,348;10,400;2,000;93,000;6,000;12,950;2,000;1,000;

13855;2017.03.31 06:00:00;12,478;10,800;2,000;91,000;7,000;12,950;2,000;1,000;

13856;2017.03.31 07:00:00;12,547;13,100;2,000;83,000;7,000;12,950;2,000;1,000;

13857;2017.03.31 08:00:00;11,871;15,200;3,000;75,000;7,000;12,950;2,000;1,000;

13858;2017.03.31 09:00:00;11,411;16,400;5,000;68,000;7,000;12,950;2,000;1,000;

13859;2017.03.31 10:00:00;10,507;17,200;4,000;68,000;7,000;12,950;2,000;1,000;

13860;2017.03.31 11:00:00;9,593;18,400;3,000;64,000;7,000;12,950;2,000;1,000;

13861;2017.03.31 12:00:00;8,028;20,000;4,000;54,000;6,000;12,950;2,000;1,000;

13862;2017.03.31 13:00:00;6,288;20,700;4,000;48,000;8,000;12,950;2,000;1,000;

13863;2017.03.31 14:00:00;5,806;20,600;4,000;44,000;8,000;12,950;2,000;1,000;

13864;2017.03.31 15:00:00;4,343;20,400;2,000;48,000;8,000;12,950;2,000;1,000;

13865;2017.03.31 16:00:00;3,787;19,600;2,000;49,000;8,000;12,950;2,000;1,000;

13866;2017.03.31 17:00:00;3,713;18,800;2,000;52,000;8,000;12,950;2,000;1,000;

13867;2017.03.31 18:00:00;3,889;17,300;2,000;57,000;8,000;12,950;2,000;1,000;

13868;2017.03.31 19:00:00;2,648;15,800;2,000;61,000;8,000;12,950;2,000;1,000;

13869;2017.03.31 20:00:00;0,907;14,800;3,000;63,000;8,000;12,950;2,000;1,000;

13870;2017.03.31 21:00:00;0,454;13,800;2,000;68,000;7,000;12,950;2,000;1,000;

13871;2017.03.31 22:00:00;12,445;13,400;3,000;70,000;7,000;12,950;2,000;1,000;

13872;2017.03.31 23:00:00;10,779;12,900;3,000;72,000;6,000;12,950;2,000;1,000;

13873;2017.04.01 00:00:00;8,056;12,500;3,000;73,000;0,000;13,033;3,000;1,000;

13874;2017.04.01 01:00:00;10,658;12,300;3,000;74,000;1,000;13,033;3,000;1,000;

13875;2017.04.01 02:00:00;10,455;11,800;2,000;75,000;3,000;13,033;3,000;1,000;

13876;2017.04.01 03:00:00;10,760;11,000;2,000;79,000;7,000;13,033;3,000;1,000;

13877;2017.04.01 04:00:00;10,482;10,900;2,000;79,000;7,000;13,033;3,000;1,000;

13878;2017.04.01 05:00:00;11,436;10,300;2,000;81,000;6,000;13,033;3,000;1,000;

13879;2017.04.01 06:00:00;11,695;11,200;2,000;79,000;7,000;13,033;3,000;1,000;

13880;2017.04.01 07:00:00;12,807;12,700;3,000;74,000;4,000;13,033;3,000;1,000;

13881;2017.04.01 08:00:00;12,094;15,100;3,000;65,000;4,000;13,033;3,000;1,000;

13882;2017.04.01 09:00:00;11,010;17,200;3,000;60,000;4,000;13,033;3,000;1,000;

13883;2017.04.01 10:00:00;9,973;19,300;1,000;55,000;4,000;13,033;3,000;1,000;

13884;2017.04.01 11:00:00;8,686;18,800;3,000;59,000;6,000;13,033;3,000;1,000;

13885;2017.04.01 12:00:00;7,019;15,600;4,000;66,000;6,000;13,033;3,000;1,000;

13886;2017.04.01 13:00:00;5,806;14,600;3,000;70,000;6,000;13,033;3,000;1,000;

13887;2017.04.01 14:00:00;4,445;13,600;4,000;76,000;7,000;13,033;3,000;1,000;

13888;2017.04.01 15:00:00;4,547;13,800;3,000;75,000;5,000;13,033;3,000;1,000;

13889;2017.04.01 16:00:00;5,936;13,100;2,000;74,000;5,000;13,033;3,000;1,000;

13890;2017.04.01 17:00:00;5,936;10,900;2,000;81,000;4,000;13,033;3,000;1,000;

13891;2017.04.01 18:00:00;6,695;9,400;1,000;88,000;2,000;13,033;3,000;1,000;

13892;2017.04.01 19:00:00;7,677;8,400;1,000;91,000;2,000;13,033;3,000;1,000;

13893;2017.04.01 20:00:00;8,362;7,400;1,000;94,000;2,000;13,033;3,000;1,000;

13894;2017.04.01 21:00:00;9,167;7,300;1,000;96,000;2,000;13,033;3,000;1,000;

13895;2017.04.01 22:00:00;9,927;6,200;1,000;97,000;2,000;13,033;3,000;1,000;

13896;2017.04.01 23:00:00;10,862;6,100;0,000;98,000;4,000;13,033;3,000;1,000;

13897;2017.04.02 00:00:00;10,001;5,600;1,000;98,000;2,000;13,100;4,000;1,000;

13898;2017.04.02 01:00:00;12,325;5,600;1,000;98,000;0,000;13,100;4,000;1,000;

13899;2017.04.02 02:00:00;12,501;6,000;2,000;99,000;0,000;13,100;4,000;1,000;

13900;2017.04.02 03:00:00;12,983;6,600;1,000;99,000;0,000;13,100;4,000;1,000;

13901;2017.04.02 04:00:00;12,755;6,500;1,000;98,000;2,000;13,100;4,000;1,000;

13902;2017.04.02 05:00:00;13,914;6,100;1,000;98,000;7,000;13,100;4,000;1,000;

13903;2017.04.02 06:00:00;14,196;7,500;1,000;97,000;8,000;13,100;4,000;1,000;

13904;2017.04.02 07:00:00;14,242;9,500;2,000;91,000;8,000;13,100;4,000;1,000;

13905;2017.04.02 08:00:00;13,334;10,500;2,000;91,000;8,000;13,100;4,000;1,000;

13906;2017.04.02 09:00:00;13,057;11,900;4,000;84,000;7,000;13,100;4,000;1,000;

13907;2017.04.02 10:00:00;12,547;11,200;3,000;80,000;7,000;13,100;4,000;1,000;

13908;2017.04.02 11:00:00;10,556;9,100;5,000;85,000;8,000;13,100;4,000;1,000;

13909;2017.04.02 12:00:00;11,288;8,400;5,000;94,000;7,000;13,100;4,000;1,000;

13910;2017.04.02 13:00:00;11,038;8,700;3,000;94,000;8,000;13,100;4,000;1,000;

13911;2017.04.02 14:00:00;11,668;10,500;2,000;89,000;7,000;13,100;4,000;1,000;

13912;2017.04.02 15:00:00;11,492;10,700;3,000;80,000;7,000;13,100;4,000;1,000;

13913;2017.04.02 16:00:00;10,982;9,700;3,000;88,000;8,000;13,100;4,000;1,000;

13914;2017.04.02 17:00:00;9,982;9,700;2,000;89,000;8,000;13,100;4,000;1,000;

13915;2017.04.02 18:00:00;10,400;9,900;3,000;93,000;8,000;13,100;4,000;1,000;

13916;2017.04.02 19:00:00;10,103;9,800;2,000;94,000;8,000;13,100;4,000;1,000;

13917;2017.04.02 20:00:00;10,149;9,500;2,000;92,000;7,000;13,100;4,000;1,000;

13918;2017.04.02 21:00:00;10,534;8,600;1,000;95,000;0,000;13,100;4,000;1,000;

13919;2017.04.02 22:00:00;10,709;8,100;2,000;97,000;3,000;13,100;4,000;1,000;

13920;2017.04.02 23:00:00;10,584;8,000;2,000;93,000;6,000;13,100;4,000;1,000;

13921;2017.04.03 00:00:00;11,214;7,500;2,000;93,000;7,000;13,167;1,000;1,000;

13922;2017.04.03 01:00:00;12,779;7,900;2,000;91,000;8,000;13,167;1,000;1,000;

13923;2017.04.03 02:00:00;12,853;8,100;4,000;90,000;8,000;13,167;1,000;1,000;

13924;2017.04.03 03:00:00;13,084;6,900;5,000;95,000;8,000;13,167;1,000;1,000;

13925;2017.04.03 04:00:00;13,686;6,300;4,000;99,000;9,000;13,167;1,000;1,000;

13926;2017.04.03 05:00:00;13,158;7,000;3,000;99,000;8,000;13,167;1,000;1,000;

13927;2017.04.03 06:00:00;13,057;7,700;3,000;95,000;8,000;13,167;1,000;1,000;

13928;2017.04.03 07:00:00;13,334;7,800;4,000;96,000;8,000;13,167;1,000;1,000;

13929;2017.04.03 08:00:00;13,640;8,300;4,000;95,000;8,000;13,167;1,000;1,000;

13930;2017.04.03 09:00:00;12,918;8,000;3,000;96,000;8,000;13,167;1,000;1,000;

13931;2017.04.03 10:00:00;12,853;8,000;3,000;93,000;8,000;13,167;1,000;1,000;

13932;2017.04.03 11:00:00;12,455;6,300;3,000;97,000;8,000;13,167;1,000;1,000;

13933;2017.04.03 12:00:00;11,806;6,300;4,000;96,000;8,000;13,167;1,000;1,000;

13934;2017.04.03 13:00:00;12,609;6,600;4,000;95,000;8,000;13,167;1,000;1,000;

13935;2017.04.03 14:00:00;12,602;6,300;3,000;97,000;8,000;13,167;1,000;1,000;

13936;2017.04.03 15:00:00;12,542;6,000;4,000;99,000;8,000;13,167;1,000;1,000;

13937;2017.04.03 16:00:00;13,734;6,000;2,000;99,000;8,000;13,167;1,000;1,000;

13938;2017.04.03 17:00:00;12,585;5,900;2,000;99,000;9,000;13,167;1,000;1,000;

13939;2017.04.03 18:00:00;13,269;5,900;1,000;100,000;9,000;13,167;1,000;1,000;

13940;2017.04.03 19:00:00;13,612;5,800;2,000;100,000;8,000;13,167;1,000;1,000;

13941;2017.04.03 20:00:00;13,371;5,700;2,000;99,000;8,000;13,167;1,000;1,000;

13942;2017.04.03 21:00:00;13,297;5,200;1,000;99,000;9,000;13,167;1,000;1,000;

13943;2017.04.03 22:00:00;14,844;5,200;1,000;100,000;9,000;13,167;1,000;1,000;

13944;2017.04.03 23:00:00;13,612;5,000;1,000;100,000;9,000;13,167;1,000;1,000;

13945;2017.04.04 00:00:00;12,742;4,800;0,000;100,000;9,000;13,233;1,000;1,000;

13946;2017.04.04 01:00:00;14,325;4,900;1,000;100,000;9,000;13,233;1,000;1,000;

13947;2017.04.04 02:00:00;14,288;4,800;1,000;100,000;8,000;13,233;1,000;1,000;

13948;2017.04.04 03:00:00;13,927;4,800;2,000;100,000;9,000;13,233;1,000;1,000;

13949;2017.04.04 04:00:00;14,446;4,900;1,000;100,000;9,000;13,233;1,000;1,000;

13950;2017.04.04 05:00:00;13,612;5,400;2,000;99,000;8,000;13,233;1,000;1,000;

13951;2017.04.04 06:00:00;14,723;5,500;2,000;99,000;8,000;13,233;1,000;1,000;

13952;2017.04.04 07:00:00;14,010;5,700;1,000;99,000;8,000;13,233;1,000;1,000;

13953;2017.04.04 08:00:00;14,529;6,100;2,000;98,000;8,000;13,233;1,000;1,000;

13954;2017.04.04 09:00:00;14,983;6,700;1,000;98,000;8,000;13,233;1,000;1,000;

13955;2017.04.04 10:00:00;14,002;7,500;1,000;95,000;8,000;13,233;1,000;1,000;

13956;2017.04.04 11:00:00;13,230;8,200;1,000;93,000;8,000;13,233;1,000;1,000;

13957;2017.04.04 12:00:00;12,688;8,700;1,000;91,000;8,000;13,233;1,000;1,000;

13958;2017.04.04 13:00:00;12,223;9,800;1,000;87,000;7,000;13,233;1,000;1,000;

13959;2017.04.04 14:00:00;11,056;9,400;3,000;86,000;7,000;13,233;1,000;1,000;

13960;2017.04.04 15:00:00;10,668;7,900;3,000;92,000;8,000;13,233;1,000;1,000;

13961;2017.04.04 16:00:00;10,723;6,500;2,000;97,000;9,000;13,233;1,000;1,000;

13962;2017.04.04 17:00:00;10,668;5,900;2,000;99,000;9,000;13,233;1,000;1,000;

13963;2017.04.04 18:00:00;10,890;5,600;1,000;99,000;9,000;13,233;1,000;1,000;

13964;2017.04.04 19:00:00;11,668;4,800;2,000;99,000;9,000;13,233;1,000;1,000;

13965;2017.04.04 20:00:00;12,834;4,300;2,000;100,000;9,000;13,233;1,000;1,000;

13966;2017.04.04 21:00:00;13,279;4,000;1,000;100,000;9,000;13,233;1,000;1,000;

13967;2017.04.04 22:00:00;14,334;3,900;1,000;100,000;7,000;13,233;1,000;1,000;

13968;2017.04.04 23:00:00;14,779;4,200;2,000;100,000;8,000;13,233;1,000;1,000;

13969;2017.04.05 00:00:00;13,168;3,700;1,000;100,000;9,000;13,317;1,000;1,000;

13970;2017.04.05 01:00:00;14,779;3,800;2,000;100,000;9,000;13,317;1,000;1,000;

13971;2017.04.05 02:00:00;14,668;3,900;1,000;100,000;7,000;13,317;1,000;1,000;

13972;2017.04.05 03:00:00;14,501;4,400;2,000;100,000;8,000;13,317;1,000;1,000;

13973;2017.04.05 04:00:00;14,501;4,800;2,000;99,000;8,000;13,317;1,000;1,000;

13974;2017.04.05 05:00:00;14,557;5,000;2,000;98,000;7,000;13,317;1,000;1,000;

13975;2017.04.05 06:00:00;15,223;5,800;2,000;99,000;7,000;13,317;1,000;1,000;

13976;2017.04.05 07:00:00;15,168;7,000;2,000;93,000;7,000;13,317;1,000;1,000;

13977;2017.04.05 08:00:00;14,334;8,300;3,000;83,000;7,000;13,317;1,000;1,000;

13978;2017.04.05 09:00:00;14,779;9,600;3,000;77,000;7,000;13,317;1,000;1,000;

13979;2017.04.05 10:00:00;13,890;11,200;6,000;69,000;8,000;13,317;1,000;1,000;

13980;2017.04.05 11:00:00;12,723;9,800;5,000;69,000;8,000;13,317;1,000;1,000;

13981;2017.04.05 12:00:00;11,890;10,700;4,000;65,000;8,000;13,317;1,000;1,000;

13982;2017.04.05 13:00:00;11,723;8,400;8,000;80,000;8,000;13,317;1,000;1,000;

13983;2017.04.05 14:00:00;10,945;6,400;5,000;92,000;8,000;13,317;1,000;1,000;

13984;2017.04.05 15:00:00;11,390;7,200;4,000;78,000;6,000;13,317;1,000;1,000;

13985;2017.04.05 16:00:00;13,168;8,500;6,000;72,000;5,000;13,317;1,000;1,000;

13986;2017.04.05 17:00:00;12,723;7,900;5,000;76,000;4,000;13,317;1,000;1,000;

13987;2017.04.05 18:00:00;12,779;7,400;5,000;75,000;5,000;13,317;1,000;1,000;

13988;2017.04.05 19:00:00;13,001;7,400;5,000;72,000;5,000;13,317;1,000;1,000;

13989;2017.04.05 20:00:00;13,612;7,600;6,000;71,000;8,000;13,317;1,000;1,000;

13990;2017.04.05 21:00:00;13,946;7,100;8,000;75,000;8,000;13,317;1,000;1,000;

13991;2017.04.05 22:00:00;14,223;6,000;7,000;88,000;8,000;13,317;1,000;1,000;

13992;2017.04.05 23:00:00;13,946;5,500;7,000;89,000;7,000;13,317;1,000;1,000;

13993;2017.04.06 00:00:00;13,334;5,300;6,000;86,000;5,000;13,383;1,000;1,000;

13994;2017.04.06 01:00:00;15,557;5,600;7,000;84,000;8,000;13,383;1,000;1,000;

13995;2017.04.06 02:00:00;15,612;5,400;7,000;85,000;7,000;13,383;1,000;1,000;

13996;2017.04.06 03:00:00;16,112;5,000;6,000;84,000;7,000;13,383;1,000;1,000;

13997;2017.04.06 04:00:00;16,224;4,700;6,000;88,000;8,000;13,383;1,000;1,000;

13998;2017.04.06 05:00:00;16,446;4,700;5,000;89,000;7,000;13,383;1,000;1,000;

13999;2017.04.06 06:00:00;17,112;4,800;5,000;87,000;6,000;13,383;1,000;1,000;

14000;2017.04.06 07:00:00;16,501;5,200;5,000;85,000;7,000;13,383;1,000;1,000;

14001;2017.04.06 08:00:00;16,557;6,000;5,000;81,000;6,000;13,383;1,000;1,000;

14002;2017.04.06 09:00:00;16,779;5,700;6,000;81,000;4,000;13,383;1,000;1,000;

14003;2017.04.06 10:00:00;16,612;6,400;6,000;79,000;6,000;13,383;1,000;1,000;

14004;2017.04.06 11:00:00;16,279;6,300;6,000;77,000;3,000;13,383;1,000;1,000;

14005;2017.04.06 12:00:00;16,168;6,900;4,000;72,000;2,000;13,383;1,000;1,000;

14006;2017.04.06 13:00:00;15,501;7,500;5,000;68,000;4,000;13,383;1,000;1,000;

14007;2017.04.06 14:00:00;15,223;7,700;6,000;68,000;7,000;13,383;1,000;1,000;

14008;2017.04.06 15:00:00;14,946;7,900;6,000;67,000;7,000;13,383;1,000;1,000;

14009;2017.04.06 16:00:00;14,334;7,600;6,000;64,000;8,000;13,383;1,000;1,000;

14010;2017.04.06 17:00:00;14,057;7,300;6,000;65,000;8,000;13,383;1,000;1,000;

14011;2017.04.06 18:00:00;14,057;7,300;6,000;68,000;8,000;13,383;1,000;1,000;

14012;2017.04.06 19:00:00;15,168;7,000;5,000;74,000;8,000;13,383;1,000;1,000;

14013;2017.04.06 20:00:00;15,112;7,200;6,000;75,000;8,000;13,383;1,000;1,000;

14014;2017.04.06 21:00:00;15,001;6,500;6,000;88,000;8,000;13,383;1,000;1,000;

14015;2017.04.06 22:00:00;15,890;6,000;3,000;96,000;8,000;13,383;1,000;1,000;

14016;2017.04.06 23:00:00;15,501;6,300;7,000;95,000;8,000;13,383;1,000;1,000;

14017;2017.04.07 00:00:00;13,890;6,200;6,000;96,000;8,000;13,467;2,000;1,000;

14018;2017.04.07 01:00:00;16,612;6,200;7,000;97,000;8,000;13,467;2,000;1,000;

14019;2017.04.07 02:00:00;16,279;6,000;6,000;97,000;8,000;13,467;2,000;1,000;

14020;2017.04.07 03:00:00;15,890;6,000;6,000;98,000;8,000;13,467;2,000;1,000;

14021;2017.04.07 04:00:00;16,890;6,100;6,000;98,000;8,000;13,467;2,000;1,000;

14022;2017.04.07 05:00:00;16,890;6,100;6,000;99,000;8,000;13,467;2,000;1,000;

14023;2017.04.07 06:00:00;17,168;6,200;4,000;99,000;8,000;13,467;2,000;1,000;

14024;2017.04.07 07:00:00;16,168;6,400;5,000;99,000;8,000;13,467;2,000;1,000;

14025;2017.04.07 08:00:00;16,501;6,400;5,000;98,000;8,000;13,467;2,000;1,000;

14026;2017.04.07 09:00:00;15,557;6,900;5,000;99,000;8,000;13,467;2,000;1,000;

14027;2017.04.07 10:00:00;15,890;6,900;5,000;98,000;8,000;13,467;2,000;1,000;

14028;2017.04.07 11:00:00;16,835;7,100;5,000;98,000;8,000;13,467;2,000;1,000;

14029;2017.04.07 12:00:00;15,890;7,400;5,000;98,000;8,000;13,467;2,000;1,000;

14030;2017.04.07 13:00:00;15,223;7,700;5,000;96,000;8,000;13,467;2,000;1,000;

14031;2017.04.07 14:00:00;14,779;7,800;5,000;95,000;8,000;13,467;2,000;1,000;

14032;2017.04.07 15:00:00;14,835;8,100;4,000;93,000;8,000;13,467;2,000;1,000;

14033;2017.04.07 16:00:00;14,223;8,100;5,000;94,000;8,000;13,467;2,000;1,000;

14034;2017.04.07 17:00:00;14,057;8,200;5,000;93,000;8,000;13,467;2,000;1,000;

14035;2017.04.07 18:00:00;13,890;8,000;5,000;93,000;8,000;13,467;2,000;1,000;

14036;2017.04.07 19:00:00;14,168;7,800;5,000;93,000;7,000;13,467;2,000;1,000;

14037;2017.04.07 20:00:00;13,890;7,100;4,000;94,000;6,000;13,467;2,000;1,000;

14038;2017.04.07 21:00:00;14,334;6,400;1,000;95,000;6,000;13,467;2,000;1,000;

14039;2017.04.07 22:00:00;14,001;6,300;1,000;95,000;6,000;13,467;2,000;1,000;

14040;2017.04.07 23:00:00;13,723;5,800;2,000;95,000;8,000;13,467;2,000;1,000;

14041;2017.04.08 00:00:00;13,112;5,700;2,000;95,000;7,000;13,533;3,000;1,000;

14042;2017.04.08 01:00:00;14,835;5,300;2,000;95,000;7,000;13,533;3,000;1,000;

14043;2017.04.08 02:00:00;15,612;5,300;2,000;94,000;8,000;13,533;3,000;1,000;

14044;2017.04.08 03:00:00;15,390;5,400;2,000;94,000;8,000;13,533;3,000;1,000;

14045;2017.04.08 04:00:00;15,723;5,000;2,000;96,000;6,000;13,533;3,000;1,000;

14046;2017.04.08 05:00:00;16,779;4,600;2,000;97,000;7,000;13,533;3,000;1,000;

14047;2017.04.08 06:00:00;17,224;5,900;4,000;97,000;8,000;13,533;3,000;1,000;

14048;2017.04.08 07:00:00;15,835;5,500;5,000;98,000;8,000;13,533;3,000;1,000;

14049;2017.04.08 08:00:00;15,890;6,400;3,000;98,000;8,000;13,533;3,000;1,000;

14050;2017.04.08 09:00:00;16,668;7,400;4,000;91,000;8,000;13,533;3,000;1,000;

14051;2017.04.08 10:00:00;14,835;8,000;4,000;87,000;8,000;13,533;3,000;1,000;

14052;2017.04.08 11:00:00;14,872;8,600;4,000;85,000;8,000;13,533;3,000;1,000;

14053;2017.04.08 12:00:00;15,075;8,500;4,000;84,000;8,000;13,533;3,000;1,000;

14054;2017.04.08 13:00:00;13,890;8,300;4,000;85,000;8,000;13,533;3,000;1,000;

14055;2017.04.08 14:00:00;14,001;8,900;4,000;82,000;8,000;13,533;3,000;1,000;

14056;2017.04.08 15:00:00;13,946;8,800;3,000;85,000;8,000;13,533;3,000;1,000;

14057;2017.04.08 16:00:00;12,834;8,200;4,000;91,000;8,000;13,533;3,000;1,000;

14058;2017.04.08 17:00:00;13,446;7,900;3,000;94,000;8,000;13,533;3,000;1,000;

14059;2017.04.08 18:00:00;12,779;7,800;3,000;95,000;8,000;13,533;3,000;1,000;

14060;2017.04.08 19:00:00;13,112;7,900;3,000;94,000;8,000;13,533;3,000;1,000;

14061;2017.04.08 20:00:00;12,445;7,900;3,000;94,000;8,000;13,533;3,000;1,000;

14062;2017.04.08 21:00:00;13,723;7,900;2,000;93,000;8,000;13,533;3,000;1,000;

14063;2017.04.08 22:00:00;15,057;7,900;2,000;92,000;8,000;13,533;3,000;1,000;

14064;2017.04.08 23:00:00;14,835;7,900;3,000;91,000;8,000;13,533;3,000;1,000;

14065;2017.04.09 00:00:00;12,001;7,900;2,000;90,000;8,000;13,617;4,000;1,000;

14066;2017.04.09 01:00:00;5,167;8,000;3,000;87,000;8,000;13,617;4,000;1,000;

14067;2017.04.09 02:00:00;1,889;8,000;3,000;86,000;8,000;13,617;4,000;1,000;

14068;2017.04.09 03:00:00;1,056;7,900;3,000;86,000;8,000;13,617;4,000;1,000;

14069;2017.04.09 04:00:00;9,223;7,800;2,000;86,000;8,000;13,617;4,000;1,000;

14070;2017.04.09 05:00:00;22,002;7,800;2,000;82,000;8,000;13,617;4,000;1,000;

14071;2017.04.09 06:00:00;15,946;8,300;3,000;69,000;8,000;13,617;4,000;1,000;

14072;2017.04.09 07:00:00;15,835;9,000;3,000;68,000;7,000;13,617;4,000;1,000;

14073;2017.04.09 08:00:00;15,057;10,300;3,000;64,000;7,000;13,617;4,000;1,000;

14074;2017.04.09 09:00:00;14,835;10,900;5,000;62,000;7,000;13,617;4,000;1,000;

14075;2017.04.09 10:00:00;13,834;12,000;5,000;59,000;4,000;13,617;4,000;1,000;

14076;2017.04.09 11:00:00;12,723;12,600;7,000;58,000;4,000;13,617;4,000;1,000;

14077;2017.04.09 12:00:00;12,057;12,500;6,000;62,000;2,000;13,617;4,000;1,000;

14078;2017.04.09 13:00:00;11,390;12,000;5,000;65,000;2,000;13,617;4,000;1,000;

14079;2017.04.09 14:00:00;10,779;12,200;5,000;65,000;4,000;13,617;4,000;1,000;

14080;2017.04.09 15:00:00;10,445;12,300;4,000;64,000;2,000;13,617;4,000;1,000;

14081;2017.04.09 16:00:00;9,112;12,400;3,000;63,000;1,000;13,617;4,000;1,000;

14082;2017.04.09 17:00:00;9,001;11,500;3,000;66,000;1,000;13,617;4,000;1,000;

14083;2017.04.09 18:00:00;9,612;9,800;1,000;72,000;1,000;13,617;4,000;1,000;

14084;2017.04.09 19:00:00;9,001;8,200;1,000;82,000;0,000;13,617;4,000;1,000;

14085;2017.04.09 20:00:00;10,445;8,300;2,000;82,000;0,000;13,617;4,000;1,000;

14086;2017.04.09 21:00:00;11,112;7,500;2,000;87,000;0,000;13,617;4,000;1,000;

14087;2017.04.09 22:00:00;11,334;7,200;2,000;89,000;0,000;13,617;4,000;1,000;

14088;2017.04.09 23:00:00;12,223;6,600;2,000;91,000;0,000;13,617;4,000;1,000;

14089;2017.04.10 00:00:00;11,779;6,600;3,000;88,000;0,000;13,683;1,000;1,000;

14090;2017.04.10 01:00:00;13,612;6,300;2,000;88,000;0,000;13,683;1,000;1,000;

14091;2017.04.10 02:00:00;13,779;7,000;3,000;84,000;0,000;13,683;1,000;1,000;

14092;2017.04.10 03:00:00;14,112;7,300;3,000;82,000;0,000;13,683;1,000;1,000;

14093;2017.04.10 04:00:00;14,501;6,800;3,000;85,000;0,000;13,683;1,000;1,000;

14094;2017.04.10 05:00:00;14,168;7,300;3,000;84,000;0,000;13,683;1,000;1,000;

14095;2017.04.10 06:00:00;14,890;10,000;3,000;75,000;0,000;13,683;1,000;1,000;

14096;2017.04.10 07:00:00;13,890;12,500;4,000;71,000;1,000;13,683;1,000;1,000;

14097;2017.04.10 08:00:00;14,168;15,300;4,000;62,000;1,000;13,683;1,000;1,000;

14098;2017.04.10 09:00:00;12,612;17,500;5,000;55,000;1,000;13,683;1,000;1,000;

14099;2017.04.10 10:00:00;10,358;19,000;7,000;47,000;6,000;13,683;1,000;1,000;

14100;2017.04.10 11:00:00;8,921;16,800;10,000;55,000;8,000;13,683;1,000;1,000;

14101;2017.04.10 12:00:00;7,542;11,600;10,000;75,000;8,000;13,683;1,000;1,000;

14102;2017.04.10 13:00:00;6,181;9,700;8,000;77,000;8,000;13,683;1,000;1,000;

14103;2017.04.10 14:00:00;2,667;11,100;9,000;73,000;6,000;13,683;1,000;1,000;

14104;2017.04.10 15:00:00;1,333;10,100;9,000;71,000;5,000;13,683;1,000;1,000;

14105;2017.04.10 16:00:00;1,093;9,600;7,000;65,000;6,000;13,683;1,000;1,000;

14106;2017.04.10 17:00:00;0,685;9,100;6,000;66,000;7,000;13,683;1,000;1,000;

14107;2017.04.10 18:00:00;0,389;8,400;7,000;66,000;6,000;13,683;1,000;1,000;

14108;2017.04.10 19:00:00;19,890;8,400;7,000;68,000;7,000;13,683;1,000;1,000;

14109;2017.04.10 20:00:00;12,834;8,400;7,000;71,000;7,000;13,683;1,000;1,000;

14110;2017.04.10 21:00:00;14,446;7,900;8,000;75,000;6,000;13,683;1,000;1,000;

14111;2017.04.10 22:00:00;14,446;7,300;6,000;76,000;6,000;13,683;1,000;1,000;

14112;2017.04.10 23:00:00;13,779;7,100;6,000;77,000;7,000;13,683;1,000;1,000;

14113;2017.04.11 00:00:00;13,557;6,900;7,000;78,000;8,000;13,733;1,000;1,000;

14114;2017.04.11 01:00:00;15,279;6,600;7,000;79,000;8,000;13,733;1,000;1,000;

14115;2017.04.11 02:00:00;15,001;6,400;9,000;75,000;8,000;13,733;1,000;1,000;

14116;2017.04.11 03:00:00;16,057;6,100;8,000;71,000;8,000;13,733;1,000;1,000;

14117;2017.04.11 04:00:00;15,779;5,300;7,000;78,000;7,000;13,733;1,000;1,000;

14118;2017.04.11 05:00:00;16,446;5,400;7,000;69,000;7,000;13,733;1,000;1,000;

14119;2017.04.11 06:00:00;17,890;5,400;10,000;61,000;7,000;13,733;1,000;1,000;

14120;2017.04.11 07:00:00;17,835;5,900;9,000;62,000;6,000;13,733;1,000;1,000;

14121;2017.04.11 08:00:00;17,835;6,400;9,000;56,000;7,000;13,733;1,000;1,000;

14122;2017.04.11 09:00:00;17,602;6,100;10,000;61,000;5,000;13,733;1,000;1,000;

14123;2017.04.11 10:00:00;17,957;6,700;9,000;61,000;4,000;13,733;1,000;1,000;

14124;2017.04.11 11:00:00;18,324;7,200;11,000;59,000;4,000;13,733;1,000;1,000;

14125;2017.04.11 12:00:00;17,188;7,300;10,000;58,000;2,000;13,733;1,000;1,000;

14126;2017.04.11 13:00:00;17,048;7,600;10,000;59,000;1,000;13,733;1,000;1,000;

14127;2017.04.11 14:00:00;15,668;7,700;9,000;58,000;1,000;13,733;1,000;1,000;

14128;2017.04.11 15:00:00;16,390;7,800;8,000;57,000;2,000;13,733;1,000;1,000;

14129;2017.04.11 16:00:00;15,779;7,500;8,000;61,000;2,000;13,733;1,000;1,000;

14130;2017.04.11 17:00:00;15,390;6,800;6,000;63,000;3,000;13,733;1,000;1,000;

14131;2017.04.11 18:00:00;15,057;6,400;4,000;64,000;3,000;13,733;1,000;1,000;

14132;2017.04.11 19:00:00;15,723;6,000;4,000;69,000;7,000;13,733;1,000;1,000;

14133;2017.04.11 20:00:00;15,723;5,500;3,000;73,000;8,000;13,733;1,000;1,000;

14134;2017.04.11 21:00:00;16,668;6,100;5,000;67,000;8,000;13,733;1,000;1,000;

14135;2017.04.11 22:00:00;16,946;5,600;3,000;73,000;8,000;13,733;1,000;1,000;

14136;2017.04.11 23:00:00;16,779;6,100;4,000;76,000;8,000;13,733;1,000;1,000;

14137;2017.04.12 00:00:00;15,168;5,900;6,000;77,000;8,000;13,817;1,000;1,000;

14138;2017.04.12 01:00:00;17,613;5,100;3,000;90,000;8,000;13,817;1,000;1,000;

14139;2017.04.12 02:00:00;16,668;4,800;3,000;92,000;8,000;13,817;1,000;1,000;

14140;2017.04.12 03:00:00;16,668;4,800;4,000;92,000;8,000;13,817;1,000;1,000;

14141;2017.04.12 04:00:00;17,946;4,900;4,000;93,000;8,000;13,817;1,000;1,000;

14142;2017.04.12 05:00:00;17,335;5,000;4,000;94,000;8,000;13,817;1,000;1,000;

14143;2017.04.12 06:00:00;17,279;5,700;4,000;94,000;8,000;13,817;1,000;1,000;

14144;2017.04.12 07:00:00;17,668;6,400;4,000;91,000;8,000;13,817;1,000;1,000;

14145;2017.04.12 08:00:00;17,279;6,900;4,000;92,000;8,000;13,817;1,000;1,000;

14146;2017.04.12 09:00:00;16,390;7,400;5,000;92,000;8,000;13,817;1,000;1,000;

14147;2017.04.12 10:00:00;16,501;7,600;5,000;93,000;8,000;13,817;1,000;1,000;

14148;2017.04.12 11:00:00;15,835;7,700;5,000;96,000;8,000;13,817;1,000;1,000;

14149;2017.04.12 12:00:00;15,612;7,900;6,000;94,000;8,000;13,817;1,000;1,000;

14150;2017.04.12 13:00:00;15,223;8,200;6,000;92,000;8,000;13,817;1,000;1,000;

14151;2017.04.12 14:00:00;15,173;8,300;5,000;91,000;8,000;13,817;1,000;1,000;

14152;2017.04.12 15:00:00;14,902;8,000;6,000;89,000;8,000;13,817;1,000;1,000;

14153;2017.04.12 16:00:00;14,389;8,000;6,000;89,000;8,000;13,817;1,000;1,000;

14154;2017.04.12 17:00:00;15,160;7,900;6,000;90,000;8,000;13,817;1,000;1,000;

14155;2017.04.12 18:00:00;14,723;8,200;6,000;89,000;8,000;13,817;1,000;1,000;

14156;2017.04.12 19:00:00;15,091;8,200;5,000;88,000;8,000;13,817;1,000;1,000;

14157;2017.04.12 20:00:00;15,210;7,900;6,000;91,000;8,000;13,817;1,000;1,000;

14158;2017.04.12 21:00:00;15,001;7,600;6,000;92,000;8,000;13,817;1,000;1,000;

14159;2017.04.12 22:00:00;15,113;7,400;6,000;92,000;8,000;13,817;1,000;1,000;

14160;2017.04.12 23:00:00;15,059;7,200;7,000;90,000;8,000;13,817;1,000;1,000;

14161;2017.04.13 00:00:00;13,304;6,800;6,000;89,000;8,000;13,883;1,000;1,000;

14162;2017.04.13 01:00:00;15,503;6,700;6,000;89,000;8,000;13,883;1,000;1,000;

14163;2017.04.13 02:00:00;14,823;6,300;6,000;90,000;8,000;13,883;1,000;1,000;

14164;2017.04.13 03:00:00;14,946;6,100;6,000;90,000;8,000;13,883;1,000;1,000;

14165;2017.04.13 04:00:00;15,970;6,200;6,000;90,000;8,000;13,883;1,000;1,000;

14166;2017.04.13 05:00:00;15,566;6,200;5,000;86,000;8,000;13,883;1,000;1,000;

14167;2017.04.13 06:00:00;15,978;6,500;6,000;87,000;8,000;13,883;1,000;1,000;

14168;2017.04.13 07:00:00;17,059;6,900;6,000;85,000;8,000;13,883;1,000;1,000;

14169;2017.04.13 08:00:00;16,833;6,500;7,000;86,000;8,000;13,883;1,000;1,000;

14170;2017.04.13 09:00:00;16,668;6,500;5,000;91,000;8,000;13,883;1,000;1,000;

14171;2017.04.13 10:00:00;17,224;7,300;7,000;85,000;8,000;13,883;1,000;1,000;

14172;2017.04.13 11:00:00;17,179;7,700;8,000;79,000;8,000;13,883;1,000;1,000;

14173;2017.04.13 12:00:00;15,721;8,300;7,000;73,000;6,000;13,883;1,000;1,000;

14174;2017.04.13 13:00:00;15,660;8,500;9,000;73,000;6,000;13,883;1,000;1,000;

14175;2017.04.13 14:00:00;14,075;8,300;7,000;76,000;5,000;13,883;1,000;1,000;

14176;2017.04.13 15:00:00;15,098;8,100;8,000;76,000;6,000;13,883;1,000;1,000;

14177;2017.04.13 16:00:00;13,873;8,000;6,000;78,000;5,000;13,883;1,000;1,000;

14178;2017.04.13 17:00:00;14,495;7,600;5,000;80,000;4,000;13,883;1,000;1,000;

14179;2017.04.13 18:00:00;14,576;7,100;4,000;82,000;7,000;13,883;1,000;1,000;

14180;2017.04.13 19:00:00;14,326;6,700;3,000;86,000;7,000;13,883;1,000;1,000;

14181;2017.04.13 20:00:00;14,958;7,200;4,000;86,000;7,000;13,883;1,000;1,000;

14182;2017.04.13 21:00:00;15,025;7,000;5,000;85,000;8,000;13,883;1,000;1,000;

14183;2017.04.13 22:00:00;15,976;7,300;5,000;84,000;7,000;13,883;1,000;1,000;

14184;2017.04.13 23:00:00;14,604;7,100;6,000;85,000;7,000;13,883;1,000;1,000;

14185;2017.04.14 00:00:00;14,229;5,900;5,000;90,000;8,000;13,967;2,000;1,000;

14186;2017.04.14 01:00:00;16,892;6,000;8,000;91,000;8,000;13,967;2,000;1,000;

14187;2017.04.14 02:00:00;16,239;5,900;6,000;90,000;8,000;13,967;2,000;1,000;

14188;2017.04.14 03:00:00;16,890;5,900;7,000;85,000;7,000;13,967;2,000;1,000;

14189;2017.04.14 04:00:00;15,858;6,000;7,000;83,000;8,000;13,967;2,000;1,000;

14190;2017.04.14 05:00:00;15,498;5,700;6,000;85,000;8,000;13,967;2,000;1,000;

14191;2017.04.14 06:00:00;17,373;6,100;7,000;82,000;7,000;13,967;2,000;1,000;

14192;2017.04.14 07:00:00;18,742;6,300;8,000;78,000;8,000;13,967;2,000;1,000;

14193;2017.04.14 08:00:00;18,116;6,500;8,000;76,000;8,000;13,967;2,000;1,000;

14194;2017.04.14 09:00:00;16,929;7,000;8,000;76,000;7,000;13,967;2,000;1,000;

14195;2017.04.14 10:00:00;17,340;7,300;10,000;73,000;4,000;13,967;2,000;1,000;

14196;2017.04.14 11:00:00;16,765;8,000;8,000;72,000;5,000;13,967;2,000;1,000;

14197;2017.04.14 12:00:00;15,434;7,800;9,000;70,000;6,000;13,967;2,000;1,000;

14198;2017.04.14 13:00:00;18,792;8,700;9,000;67,000;6,000;13,967;2,000;1,000;

14199;2017.04.14 14:00:00;13,321;8,900;7,000;66,000;7,000;13,967;2,000;1,000;

14200;2017.04.14 15:00:00;15,418;8,500;7,000;72,000;7,000;13,967;2,000;1,000;

14201;2017.04.14 16:00:00;13,990;7,900;4,000;79,000;8,000;13,967;2,000;1,000;

14202;2017.04.14 17:00:00;13,926;7,400;5,000;78,000;7,000;13,967;2,000;1,000;

14203;2017.04.14 18:00:00;15,112;7,200;3,000;80,000;7,000;13,967;2,000;1,000;

14204;2017.04.14 19:00:00;15,335;6,600;3,000;87,000;7,000;13,967;2,000;1,000;

14205;2017.04.14 20:00:00;16,053;6,500;3,000;88,000;7,000;13,967;2,000;1,000;

14206;2017.04.14 21:00:00;16,172;6,500;3,000;88,000;7,000;13,967;2,000;1,000;

14207;2017.04.14 22:00:00;16,390;6,300;3,000;90,000;7,000;13,967;2,000;1,000;

14208;2017.04.14 23:00:00;16,240;6,700;3,000;89,000;8,000;13,967;2,000;1,000;

14209;2017.04.15 00:00:00;14,216;6,500;3,000;91,000;8,000;14,033;3,000;1,000;

14210;2017.04.15 01:00:00;17,325;6,500;3,000;92,000;8,000;14,033;3,000;1,000;

14211;2017.04.15 02:00:00;15,335;6,600;4,000;91,000;8,000;14,033;3,000;1,000;

14212;2017.04.15 03:00:00;18,224;6,400;2,000;89,000;8,000;14,033;3,000;1,000;

14213;2017.04.15 04:00:00;16,207;6,300;3,000;93,000;8,000;14,033;3,000;1,000;

14214;2017.04.15 05:00:00;16,925;6,300;3,000;92,000;8,000;14,033;3,000;1,000;

14215;2017.04.15 06:00:00;17,099;6,600;3,000;93,000;8,000;14,033;3,000;1,000;

14216;2017.04.15 07:00:00;17,163;7,100;3,000;90,000;7,000;14,033;3,000;1,000;

14217;2017.04.15 08:00:00;14,397;7,500;3,000;84,000;8,000;14,033;3,000;1,000;

14218;2017.04.15 09:00:00;16,800;7,600;3,000;88,000;8,000;14,033;3,000;1,000;

14219;2017.04.15 10:00:00;15,044;7,400;4,000;85,000;8,000;14,033;3,000;1,000;

14220;2017.04.15 11:00:00;14,152;7,300;3,000;87,000;8,000;14,033;3,000;1,000;

14221;2017.04.15 12:00:00;14,723;7,300;4,000;88,000;8,000;14,033;3,000;1,000;

14222;2017.04.15 13:00:00;14,083;7,500;4,000;91,000;8,000;14,033;3,000;1,000;

14223;2017.04.15 14:00:00;15,086;8,200;4,000;90,000;8,000;14,033;3,000;1,000;

14224;2017.04.15 15:00:00;13,991;8,400;5,000;87,000;8,000;14,033;3,000;1,000;

14225;2017.04.15 16:00:00;13,178;6,500;4,000;87,000;7,000;14,033;3,000;1,000;

14226;2017.04.15 17:00:00;15,912;7,500;6,000;78,000;7,000;14,033;3,000;1,000;

14227;2017.04.15 18:00:00;14,257;7,200;6,000;77,000;7,000;14,033;3,000;1,000;

14228;2017.04.15 19:00:00;13,481;6,300;6,000;88,000;8,000;14,033;3,000;1,000;

14229;2017.04.15 20:00:00;13,955;6,100;6,000;84,000;7,000;14,033;3,000;1,000;

14230;2017.04.15 21:00:00;17,096;6,200;7,000;78,000;6,000;14,033;3,000;1,000;

14231;2017.04.15 22:00:00;15,335;5,800;8,000;77,000;8,000;14,033;3,000;1,000;

14232;2017.04.15 23:00:00;16,307;5,300;8,000;76,000;8,000;14,033;3,000;1,000;

14233;2017.04.16 00:00:00;13,881;3,800;8,000;88,000;8,000;14,100;4,000;1,000;

14234;2017.04.16 01:00:00;16,853;4,000;4,000;91,000;8,000;14,100;4,000;1,000;

14235;2017.04.16 02:00:00;16,575;2,900;6,000;92,000;8,000;14,100;4,000;1,000;

14236;2017.04.16 03:00:00;17,380;2,500;6,000;91,000;8,000;14,100;4,000;1,000;

14237;2017.04.16 04:00:00;18,179;1,900;4,000;93,000;8,000;14,100;4,000;1,000;

14238;2017.04.16 05:00:00;18,223;1,400;4,000;88,000;7,000;14,100;4,000;1,000;

14239;2017.04.16 06:00:00;18,864;1,700;2,000;85,000;7,000;14,100;4,000;1,000;

14240;2017.04.16 07:00:00;19,186;3,300;2,000;76,000;7,000;14,100;4,000;1,000;

14241;2017.04.16 08:00:00;19,984;3,500;3,000;69,000;7,000;14,100;4,000;1,000;

14242;2017.04.16 09:00:00;18,779;5,200;3,000;56,000;7,000;14,100;4,000;1,000;

14243;2017.04.16 10:00:00;18,335;5,100;4,000;54,000;7,000;14,100;4,000;1,000;

14244;2017.04.16 11:00:00;17,835;5,500;3,000;51,000;7,000;14,100;4,000;1,000;

14245;2017.04.16 12:00:00;16,934;5,700;4,000;54,000;7,000;14,100;4,000;1,000;

14246;2017.04.16 13:00:00;15,227;5,800;4,000;57,000;7,000;14,100;4,000;1,000;

14247;2017.04.16 14:00:00;15,954;6,000;4,000;51,000;7,000;14,100;4,000;1,000;

14248;2017.04.16 15:00:00;16,094;5,300;4,000;57,000;7,000;14,100;4,000;1,000;

14249;2017.04.16 16:00:00;14,707;4,900;4,000;57,000;7,000;14,100;4,000;1,000;

14250;2017.04.16 17:00:00;15,175;4,400;3,000;59,000;7,000;14,100;4,000;1,000;

14251;2017.04.16 18:00:00;15,904;3,500;2,000;61,000;7,000;14,100;4,000;1,000;

14252;2017.04.16 19:00:00;15,904;3,200;2,000;61,000;7,000;14,100;4,000;1,000;

14253;2017.04.16 20:00:00;16,501;3,000;2,000;61,000;8,000;14,100;4,000;1,000;

14254;2017.04.16 21:00:00;16,262;2,600;2,000;63,000;6,000;14,100;4,000;1,000;

14255;2017.04.16 22:00:00;14,833;2,400;2,000;65,000;7,000;14,100;4,000;1,000;

14256;2017.04.16 23:00:00;19,798;2,400;2,000;65,000;8,000;14,100;4,000;1,000;

14257;2017.04.17 00:00:00;15,946;2,500;4,000;68,000;7,000;14,183;5,000;1,000;

14258;2017.04.17 01:00:00;18,871;2,300;4,000;71,000;6,000;14,183;5,000;1,000;

14259;2017.04.17 02:00:00;18,243;2,100;4,000;71,000;8,000;14,183;5,000;1,000;

14260;2017.04.17 03:00:00;17,727;2,000;4,000;70,000;8,000;14,183;5,000;1,000;

14261;2017.04.17 04:00:00;18,165;1,900;4,000;69,000;8,000;14,183;5,000;1,000;

14262;2017.04.17 05:00:00;18,668;1,900;3,000;69,000;7,000;14,183;5,000;1,000;

14263;2017.04.17 06:00:00;17,668;2,300;4,000;68,000;7,000;14,183;5,000;1,000;

14264;2017.04.17 07:00:00;18,779;3,600;4,000;65,000;5,000;14,183;5,000;1,000;

14265;2017.04.17 08:00:00;18,890;4,900;4,000;62,000;5,000;14,183;5,000;1,000;

14266;2017.04.17 09:00:00;16,724;5,300;4,000;63,000;6,000;14,183;5,000;1,000;

14267;2017.04.17 10:00:00;15,723;5,000;4,000;67,000;7,000;14,183;5,000;1,000;

14268;2017.04.17 11:00:00;16,073;4,700;4,000;67,000;7,000;14,183;5,000;1,000;

14269;2017.04.17 12:00:00;16,708;5,300;4,000;66,000;7,000;14,183;5,000;1,000;

14270;2017.04.17 13:00:00;12,242;5,400;4,000;65,000;7,000;14,183;5,000;1,000;

14271;2017.04.17 14:00:00;16,937;5,700;3,000;66,000;7,000;14,183;5,000;1,000;

14272;2017.04.17 15:00:00;15,548;5,100;3,000;68,000;7,000;14,183;5,000;1,000;

14273;2017.04.17 16:00:00;16,460;4,400;3,000;73,000;7,000;14,183;5,000;1,000;

14274;2017.04.17 17:00:00;16,175;3,600;2,000;77,000;7,000;14,183;5,000;1,000;

14275;2017.04.17 18:00:00;16,103;3,000;2,000;83,000;8,000;14,183;5,000;1,000;

14276;2017.04.17 19:00:00;16,103;2,500;2,000;89,000;8,000;14,183;5,000;1,000;

14277;2017.04.17 20:00:00;17,500;2,100;2,000;91,000;8,000;14,183;5,000;1,000;

14278;2017.04.17 21:00:00;17,716;2,000;3,000;86,000;8,000;14,183;5,000;1,000;

14279;2017.04.17 22:00:00;18,843;1,500;2,000;81,000;8,000;14,183;5,000;1,000;

14280;2017.04.17 23:00:00;18,613;1,200;2,000;75,000;8,000;14,183;5,000;1,000;

14281;2017.04.18 00:00:00;16,449;1,200;3,000;72,000;8,000;14,250;1,000;1,000;

14282;2017.04.18 01:00:00;18,458;1,200;2,000;74,000;8,000;14,250;1,000;1,000;

14283;2017.04.18 02:00:00;19,029;1,000;3,000;73,000;8,000;14,250;1,000;1,000;

14284;2017.04.18 03:00:00;19,303;1,100;3,000;76,000;8,000;14,250;1,000;1,000;

14285;2017.04.18 04:00:00;19,378;1,200;2,000;73,000;8,000;14,250;1,000;1,000;

14286;2017.04.18 05:00:00;20,010;1,500;2,000;70,000;8,000;14,250;1,000;1,000;

14287;2017.04.18 06:00:00;19,963;1,600;3,000;75,000;7,000;14,250;1,000;1,000;

14288;2017.04.18 07:00:00;19,828;3,200;3,000;64,000;7,000;14,250;1,000;1,000;

14289;2017.04.18 08:00:00;19,631;3,800;3,000;62,000;6,000;14,250;1,000;1,000;

14290;2017.04.18 09:00:00;19,561;5,500;2,000;53,000;7,000;14,250;1,000;1,000;

14291;2017.04.18 10:00:00;19,613;4,800;3,000;61,000;5,000;14,250;1,000;1,000;

14292;2017.04.18 11:00:00;18,183;5,200;3,000;54,000;6,000;14,250;1,000;1,000;

14293;2017.04.18 12:00:00;17,446;5,300;4,000;52,000;5,000;14,250;1,000;1,000;

14294;2017.04.18 13:00:00;17,779;5,100;5,000;61,000;4,000;14,250;1,000;1,000;

14295;2017.04.18 14:00:00;16,724;5,600;5,000;57,000;5,000;14,250;1,000;1,000;

14296;2017.04.18 15:00:00;16,396;5,100;4,000;54,000;4,000;14,250;1,000;1,000;

14297;2017.04.18 16:00:00;15,885;4,500;4,000;53,000;3,000;14,250;1,000;1,000;

14298;2017.04.18 17:00:00;17,001;4,300;3,000;54,000;5,000;14,250;1,000;1,000;

14299;2017.04.18 18:00:00;17,613;2,900;3,000;61,000;1,000;14,250;1,000;1,000;

14300;2017.04.18 19:00:00;19,002;1,600;3,000;64,000;1,000;14,250;1,000;1,000;

14301;2017.04.18 20:00:00;20,613;0,900;2,000;70,000;1,000;14,250;1,000;1,000;

14302;2017.04.18 21:00:00;20,391;0,700;2,000;69,000;0,000;14,250;1,000;1,000;

14303;2017.04.18 22:00:00;19,502;-0,200;1,000;75,000;1,000;14,250;1,000;1,000;

14304;2017.04.18 23:00:00;19,502;-1,500;1,000;84,000;1,000;14,250;1,000;1,000;

14305;2017.04.19 00:00:00;18,890;-1,600;1,000;84,000;1,000;14,300;1,000;1,000;

14306;2017.04.19 01:00:00;20,742;-1,600;1,000;84,000;1,000;14,300;1,000;1,000;

14307;2017.04.19 02:00:00;21,188;-1,600;1,000;85,000;1,000;14,300;1,000;1,000;

14308;2017.04.19 03:00:00;20,575;-2,100;1,000;87,000;2,000;14,300;1,000;1,000;

14309;2017.04.19 04:00:00;19,613;-1,600;1,000;85,000;2,000;14,300;1,000;1,000;

14310;2017.04.19 05:00:00;20,043;0,100;1,000;86,000;4,000;14,300;1,000;1,000;

14311;2017.04.19 06:00:00;25,405;1,700;2,000;73,000;5,000;14,300;1,000;1,000;

14312;2017.04.19 07:00:00;22,168;3,800;3,000;56,000;5,000;14,300;1,000;1,000;

14313;2017.04.19 08:00:00;20,613;3,300;4,000;61,000;4,000;14,300;1,000;1,000;

14314;2017.04.19 09:00:00;20,168;3,200;3,000;67,000;7,000;14,300;1,000;1,000;

14315;2017.04.19 10:00:00;19,946;3,200;4,000;77,000;7,000;14,300;1,000;1,000;

14316;2017.04.19 11:00:00;19,057;3,600;3,000;65,000;7,000;14,300;1,000;1,000;

14317;2017.04.19 12:00:00;17,501;4,000;3,000;59,000;7,000;14,300;1,000;1,000;

14318;2017.04.19 13:00:00;17,613;4,500;5,000;55,000;6,000;14,300;1,000;1,000;

14319;2017.04.19 14:00:00;17,390;4,600;6,000;49,000;4,000;14,300;1,000;1,000;

14320;2017.04.19 15:00:00;17,057;4,400;5,000;46,000;1,000;14,300;1,000;1,000;

14321;2017.04.19 16:00:00;14,103;4,200;5,000;54,000;2,000;14,300;1,000;1,000;

14322;2017.04.19 17:00:00;17,508;3,500;4,000;55,000;3,000;14,300;1,000;1,000;

14323;2017.04.19 18:00:00;17,782;2,400;3,000;61,000;2,000;14,300;1,000;1,000;

14324;2017.04.19 19:00:00;16,807;1,200;1,000;69,000;1,000;14,300;1,000;1,000;

14325;2017.04.19 20:00:00;18,640;0,400;1,000;71,000;1,000;14,300;1,000;1,000;

14326;2017.04.19 21:00:00;18,752;-1,400;0,000;83,000;0,000;14,300;1,000;1,000;

14327;2017.04.19 22:00:00;20,252;-2,000;0,000;86,000;0,000;14,300;1,000;1,000;

14328;2017.04.19 23:00:00;18,842;-2,500;1,000;85,000;1,000;14,300;1,000;1,000;

14329;2017.04.20 00:00:00;19,822;-2,500;1,000;85,000;0,000;14,383;1,000;1,000;

14330;2017.04.20 01:00:00;19,760;-2,900;1,000;84,000;5,000;14,383;1,000;1,000;

14331;2017.04.20 02:00:00;21,383;-2,000;1,000;84,000;3,000;14,383;1,000;1,000;

14332;2017.04.20 03:00:00;21,965;-2,400;1,000;84,000;2,000;14,383;1,000;1,000;

14333;2017.04.20 04:00:00;22,293;-2,600;2,000;86,000;4,000;14,383;1,000;1,000;

14334;2017.04.20 05:00:00;22,643;-1,700;2,000;81,000;6,000;14,383;1,000;1,000;

14335;2017.04.20 06:00:00;22,916;0,300;2,000;73,000;8,000;14,383;1,000;1,000;

14336;2017.04.20 07:00:00;22,923;2,200;3,000;61,000;3,000;14,383;1,000;1,000;

14337;2017.04.20 08:00:00;21,500;4,300;2,000;61,000;2,000;14,383;1,000;1,000;

14338;2017.04.20 09:00:00;21,137;6,200;3,000;62,000;4,000;14,383;1,000;1,000;

14339;2017.04.20 10:00:00;20,650;6,800;4,000;60,000;5,000;14,383;1,000;1,000;

14340;2017.04.20 11:00:00;17,753;6,900;5,000;61,000;6,000;14,383;1,000;1,000;

14341;2017.04.20 12:00:00;17,600;7,000;6,000;51,000;7,000;14,383;1,000;1,000;

14342;2017.04.20 13:00:00;16,598;7,400;6,000;55,000;7,000;14,383;1,000;1,000;

14343;2017.04.20 14:00:00;16,072;7,700;5,000;49,000;7,000;14,383;1,000;1,000;

14344;2017.04.20 15:00:00;16,057;7,600;5,000;57,000;6,000;14,383;1,000;1,000;

14345;2017.04.20 16:00:00;16,335;7,000;4,000;57,000;4,000;14,383;1,000;1,000;

14346;2017.04.20 17:00:00;14,668;6,300;4,000;51,000;3,000;14,383;1,000;1,000;

14347;2017.04.20 18:00:00;14,001;5,600;3,000;56,000;4,000;14,383;1,000;1,000;

14348;2017.04.20 19:00:00;15,673;4,700;2,000;64,000;6,000;14,383;1,000;1,000;

14349;2017.04.20 20:00:00;15,329;5,300;2,000;61,000;8,000;14,383;1,000;1,000;

14350;2017.04.20 21:00:00;16,168;5,400;3,000;63,000;8,000;14,383;1,000;1,000;

14351;2017.04.20 22:00:00;15,890;5,200;2,000;65,000;8,000;14,383;1,000;1,000;

14352;2017.04.20 23:00:00;16,620;5,400;3,000;66,000;8,000;14,383;1,000;1,000;

14353;2017.04.21 00:00:00;6,483;5,800;4,000;66,000;8,000;14,450;2,000;1,000;

14354;2017.04.21 01:00:00;4,225;6,100;4,000;64,000;8,000;14,450;2,000;1,000;

14355;2017.04.21 02:00:00;4,225;6,000;4,000;63,000;8,000;14,450;2,000;1,000;

14356;2017.04.21 03:00:00;3,505;6,000;4,000;65,000;8,000;14,450;2,000;1,000;

14357;2017.04.21 04:00:00;0,267;6,300;4,000;67,000;8,000;14,450;2,000;1,000;

14358;2017.04.21 05:00:00;0,175;6,700;6,000;72,000;8,000;14,450;2,000;1,000;

14359;2017.04.21 06:00:00;1,725;5,700;4,000;92,000;8,000;14,450;2,000;1,000;

14360;2017.04.21 07:00:00;23,378;6,300;4,000;93,000;8,000;14,450;2,000;1,000;

14361;2017.04.21 08:00:00;19,014;7,000;6,000;93,000;8,000;14,450;2,000;1,000;

14362;2017.04.21 09:00:00;16,890;8,000;6,000;91,000;8,000;14,450;2,000;1,000;

14363;2017.04.21 10:00:00;16,432;8,900;6,000;88,000;8,000;14,450;2,000;1,000;

14364;2017.04.21 11:00:00;17,070;9,900;8,000;83,000;8,000;14,450;2,000;1,000;

14365;2017.04.21 12:00:00;15,628;11,100;8,000;74,000;8,000;14,450;2,000;1,000;

14366;2017.04.21 13:00:00;15,726;11,500;8,000;70,000;8,000;14,450;2,000;1,000;

14367;2017.04.21 14:00:00;14,316;11,300;9,000;71,000;8,000;14,450;2,000;1,000;

14368;2017.04.21 15:00:00;12,723;10,700;9,000;80,000;8,000;14,450;2,000;1,000;

14369;2017.04.21 16:00:00;12,742;10,800;7,000;79,000;8,000;14,450;2,000;1,000;

14370;2017.04.21 17:00:00;14,204;10,600;6,000;85,000;8,000;14,450;2,000;1,000;

14371;2017.04.21 18:00:00;12,001;9,200;7,000;92,000;8,000;14,450;2,000;1,000;

14372;2017.04.21 19:00:00;15,390;9,500;8,000;88,000;8,000;14,450;2,000;1,000;

14373;2017.04.21 20:00:00;14,835;9,200;8,000;86,000;8,000;14,450;2,000;1,000;

14374;2017.04.21 21:00:00;15,390;8,800;8,000;90,000;8,000;14,450;2,000;1,000;

14375;2017.04.21 22:00:00;15,668;6,400;8,000;88,000;5,000;14,450;2,000;1,000;

14376;2017.04.21 23:00:00;15,228;6,200;9,000;82,000;2,000;14,450;2,000;1,000;

14377;2017.04.22 00:00:00;14,541;6,100;12,000;71,000;6,000;14,517;3,000;1,000;

14378;2017.04.22 01:00:00;18,179;5,100;10,000;67,000;2,000;14,517;3,000;1,000;

14379;2017.04.22 02:00:00;18,454;5,100;9,000;68,000;4,000;14,517;3,000;1,000;

14380;2017.04.22 03:00:00;18,619;4,800;9,000;69,000;5,000;14,517;3,000;1,000;

14381;2017.04.22 04:00:00;18,477;4,500;7,000;70,000;6,000;14,517;3,000;1,000;

14382;2017.04.22 05:00:00;20,083;4,800;8,000;72,000;7,000;14,517;3,000;1,000;

14383;2017.04.22 06:00:00;20,320;5,100;7,000;71,000;7,000;14,517;3,000;1,000;

14384;2017.04.22 07:00:00;20,094;5,400;8,000;66,000;5,000;14,517;3,000;1,000;

14385;2017.04.22 08:00:00;20,576;6,100;8,000;66,000;6,000;14,517;3,000;1,000;

14386;2017.04.22 09:00:00;19,113;5,800;10,000;68,000;7,000;14,517;3,000;1,000;

14387;2017.04.22 10:00:00;19,057;5,900;11,000;64,000;6,000;14,517;3,000;1,000;

14388;2017.04.22 11:00:00;19,057;6,900;10,000;62,000;6,000;14,517;3,000;1,000;

14389;2017.04.22 12:00:00;17,335;6,900;10,000;67,000;5,000;14,517;3,000;1,000;

14390;2017.04.22 13:00:00;17,810;7,300;9,000;68,000;7,000;14,517;3,000;1,000;

14391;2017.04.22 14:00:00;16,693;7,500;9,000;66,000;4,000;14,517;3,000;1,000;

14392;2017.04.22 15:00:00;16,112;7,800;9,000;65,000;3,000;14,517;3,000;1,000;

14393;2017.04.22 16:00:00;15,989;8,000;9,000;68,000;1,000;14,517;3,000;1,000;

14394;2017.04.22 17:00:00;15,402;7,500;8,000;69,000;1,000;14,517;3,000;1,000;

14395;2017.04.22 18:00:00;16,509;6,600;7,000;74,000;1,000;14,517;3,000;1,000;

14396;2017.04.22 19:00:00;15,177;6,000;7,000;71,000;0,000;14,517;3,000;1,000;

14397;2017.04.22 20:00:00;14,488;5,900;6,000;70,000;4,000;14,517;3,000;1,000;

14398;2017.04.22 21:00:00;16,670;6,400;6,000;64,000;7,000;14,517;3,000;1,000;

14399;2017.04.22 22:00:00;17,137;5,900;4,000;69,000;7,000;14,517;3,000;1,000;

14400;2017.04.22 23:00:00;17,249;5,600;5,000;70,000;5,000;14,517;3,000;1,000;

14401;2017.04.23 00:00:00;17,352;4,900;4,000;72,000;0,000;14,583;4,000;1,000;

14402;2017.04.23 01:00:00;17,352;4,600;4,000;70,000;0,000;14,583;4,000;1,000;

14403;2017.04.23 02:00:00;17,352;3,700;3,000;81,000;0,000;14,583;4,000;1,000;

14404;2017.04.23 03:00:00;18,803;3,900;4,000;80,000;0,000;14,583;4,000;1,000;

14405;2017.04.23 04:00:00;18,871;4,000;3,000;84,000;0,000;14,583;4,000;1,000;

14406;2017.04.23 05:00:00;19,244;4,300;3,000;86,000;0,000;14,583;4,000;1,000;

14407;2017.04.23 06:00:00;19,802;6,000;4,000;85,000;7,000;14,583;4,000;1,000;

14408;2017.04.23 07:00:00;19,118;6,100;6,000;77,000;7,000;14,583;4,000;1,000;

14409;2017.04.23 08:00:00;18,489;6,800;6,000;72,000;7,000;14,583;4,000;1,000;

14410;2017.04.23 09:00:00;19,854;6,800;7,000;68,000;7,000;14,583;4,000;1,000;

14411;2017.04.23 10:00:00;16,612;6,900;8,000;71,000;6,000;14,583;4,000;1,000;

14412;2017.04.23 11:00:00;16,335;7,000;8,000;64,000;6,000;14,583;4,000;1,000;

14413;2017.04.23 12:00:00;18,217;7,200;8,000;65,000;6,000;14,583;4,000;1,000;

14414;2017.04.23 13:00:00;17,274;7,600;7,000;62,000;6,000;14,583;4,000;1,000;

14415;2017.04.23 14:00:00;17,125;6,900;8,000;61,000;5,000;14,583;4,000;1,000;

14416;2017.04.23 15:00:00;16,116;6,900;8,000;61,000;4,000;14,583;4,000;1,000;

14417;2017.04.23 16:00:00;16,116;6,500;7,000;61,000;5,000;14,583;4,000;1,000;

14418;2017.04.23 17:00:00;15,013;6,300;7,000;60,000;3,000;14,583;4,000;1,000;

14419;2017.04.23 18:00:00;15,118;5,500;4,000;63,000;3,000;14,583;4,000;1,000;

14420;2017.04.23 19:00:00;15,423;5,400;5,000;63,000;6,000;14,583;4,000;1,000;

14421;2017.04.23 20:00:00;15,741;5,100;5,000;66,000;3,000;14,583;4,000;1,000;

14422;2017.04.23 21:00:00;16,954;5,300;4,000;69,000;2,000;14,583;4,000;1,000;

14423;2017.04.23 22:00:00;17,822;4,800;5,000;69,000;1,000;14,583;4,000;1,000;

14424;2017.04.23 23:00:00;17,822;4,300;5,000;62,000;0,000;14,583;4,000;1,000;

14425;2017.04.24 00:00:00;17,822;3,700;3,000;62,000;0,000;14,667;1,000;1,000;

14426;2017.04.24 01:00:00;17,822;3,600;3,000;66,000;0,000;14,667;1,000;1,000;

14427;2017.04.24 02:00:00;17,822;2,300;3,000;76,000;0,000;14,667;1,000;1,000;

14428;2017.04.24 03:00:00;17,822;1,400;2,000;85,000;3,000;14,667;1,000;1,000;

14429;2017.04.24 04:00:00;18,503;1,700;3,000;85,000;7,000;14,667;1,000;1,000;

14430;2017.04.24 05:00:00;19,415;2,500;3,000;87,000;8,000;14,667;1,000;1,000;

14431;2017.04.24 06:00:00;20,296;3,800;4,000;81,000;8,000;14,667;1,000;1,000;

14432;2017.04.24 07:00:00;20,590;4,900;4,000;79,000;8,000;14,667;1,000;1,000;

14433;2017.04.24 08:00:00;19,566;4,900;5,000;83,000;8,000;14,667;1,000;1,000;

14434;2017.04.24 09:00:00;18,906;5,900;5,000;80,000;8,000;14,667;1,000;1,000;

14435;2017.04.24 10:00:00;17,170;5,600;4,000;85,000;8,000;14,667;1,000;1,000;

14436;2017.04.24 11:00:00;15,974;7,000;5,000;70,000;8,000;14,667;1,000;1,000;

14437;2017.04.24 12:00:00;15,563;7,100;6,000;63,000;8,000;14,667;1,000;1,000;

14438;2017.04.24 13:00:00;16,933;7,000;5,000;71,000;8,000;14,667;1,000;1,000;

14439;2017.04.24 14:00:00;15,925;7,900;5,000;68,000;8,000;14,667;1,000;1,000;

14440;2017.04.24 15:00:00;15,890;8,700;6,000;61,000;8,000;14,667;1,000;1,000;

14441;2017.04.24 16:00:00;16,001;9,600;5,000;57,000;8,000;14,667;1,000;1,000;

14442;2017.04.24 17:00:00;14,779;10,200;5,000;53,000;8,000;14,667;1,000;1,000;

14443;2017.04.24 18:00:00;14,057;10,200;5,000;54,000;8,000;14,667;1,000;1,000;

14444;2017.04.24 19:00:00;14,057;10,000;4,000;56,000;8,000;14,667;1,000;1,000;

14445;2017.04.24 20:00:00;14,779;7,400;5,000;84,000;8,000;14,667;1,000;1,000;

14446;2017.04.24 21:00:00;14,668;6,800;4,000;89,000;8,000;14,667;1,000;1,000;

14447;2017.04.24 22:00:00;14,168;6,300;3,000;90,000;8,000;14,667;1,000;1,000;

14448;2017.04.24 23:00:00;14,557;6,000;2,000;89,000;8,000;14,667;1,000;1,000;

14449;2017.04.25 00:00:00;13,890;5,800;2,000;89,000;8,000;14,733;1,000;1,000;

14450;2017.04.25 01:00:00;15,668;5,200;3,000;88,000;8,000;14,733;1,000;1,000;

14451;2017.04.25 02:00:00;15,962;4,100;2,000;89,000;8,000;14,733;1,000;1,000;

14452;2017.04.25 03:00:00;16,078;3,900;1,000;89,000;8,000;14,733;1,000;1,000;

14453;2017.04.25 04:00:00;15,675;3,500;2,000;90,000;8,000;14,733;1,000;1,000;

14454;2017.04.25 05:00:00;17,901;2,800;2,000;92,000;8,000;14,733;1,000;1,000;

14455;2017.04.25 06:00:00;17,827;2,500;2,000;93,000;8,000;14,733;1,000;1,000;

14456;2017.04.25 07:00:00;17,454;1,800;2,000;95,000;8,000;14,733;1,000;1,000;

14457;2017.04.25 08:00:00;19,224;1,800;1,000;94,000;8,000;14,733;1,000;1,000;

14458;2017.04.25 09:00:00;19,057;2,200;2,000;94,000;8,000;14,733;1,000;1,000;

14459;2017.04.25 10:00:00;19,779;2,900;2,000;91,000;8,000;14,733;1,000;1,000;

14460;2017.04.25 11:00:00;18,454;3,400;2,000;89,000;8,000;14,733;1,000;1,000;

14461;2017.04.25 12:00:00;18,261;4,100;2,000;87,000;8,000;14,733;1,000;1,000;

14462;2017.04.25 13:00:00;17,768;4,900;3,000;86,000;7,000;14,733;1,000;1,000;

14463;2017.04.25 14:00:00;19,524;5,100;3,000;82,000;8,000;14,733;1,000;1,000;

14464;2017.04.25 15:00:00;18,390;5,100;2,000;87,000;8,000;14,733;1,000;1,000;

14465;2017.04.25 16:00:00;16,668;4,000;3,000;87,000;7,000;14,733;1,000;1,000;

14466;2017.04.25 17:00:00;18,224;5,000;3,000;79,000;3,000;14,733;1,000;1,000;

14467;2017.04.25 18:00:00;17,779;4,100;2,000;85,000;3,000;14,733;1,000;1,000;

14468;2017.04.25 19:00:00;16,724;3,600;2,000;87,000;1,000;14,733;1,000;1,000;

14469;2017.04.25 20:00:00;16,724;2,900;2,000;88,000;0,000;14,733;1,000;1,000;

14470;2017.04.25 21:00:00;16,835;2,300;2,000;91,000;0,000;14,733;1,000;1,000;

14471;2017.04.25 22:00:00;17,779;2,100;2,000;92,000;0,000;14,733;1,000;1,000;

14472;2017.04.25 23:00:00;19,724;1,400;2,000;95,000;0,000;14,733;1,000;1,000;

14473;2017.04.26 00:00:00;18,224;1,600;3,000;90,000;0,000;14,800;1,000;1,000;

14474;2017.04.26 01:00:00;20,075;1,600;3,000;87,000;0,000;14,800;1,000;1,000;

14475;2017.04.26 02:00:00;20,177;1,300;3,000;89,000;0,000;14,800;1,000;1,000;

14476;2017.04.26 03:00:00;21,332;0,800;3,000;91,000;0,000;14,800;1,000;1,000;

14477;2017.04.26 04:00:00;21,090;0,700;3,000;91,000;0,000;14,800;1,000;1,000;

14478;2017.04.26 05:00:00;21,808;1,900;3,000;86,000;3,000;14,800;1,000;1,000;

14479;2017.04.26 06:00:00;22,251;3,200;3,000;84,000;6,000;14,800;1,000;1,000;

14480;2017.04.26 07:00:00;21,113;5,400;3,000;77,000;6,000;14,800;1,000;1,000;

14481;2017.04.26 08:00:00;20,446;6,300;4,000;72,000;7,000;14,800;1,000;1,000;

14482;2017.04.26 09:00:00;19,279;6,900;4,000;68,000;6,000;14,800;1,000;1,000;

14483;2017.04.26 10:00:00;18,224;7,400;4,000;67,000;6,000;14,800;1,000;1,000;

14484;2017.04.26 11:00:00;17,557;7,900;4,000;66,000;6,000;14,800;1,000;1,000;

14485;2017.04.26 12:00:00;16,012;7,900;5,000;67,000;6,000;14,800;1,000;1,000;

14486;2017.04.26 13:00:00;15,806;7,900;6,000;67,000;6,000;14,800;1,000;1,000;

14487;2017.04.26 14:00:00;13,778;8,000;5,000;61,000;3,000;14,800;1,000;1,000;

14488;2017.04.26 15:00:00;13,612;7,700;3,000;56,000;5,000;14,800;1,000;1,000;

14489;2017.04.26 16:00:00;13,428;7,800;2,000;55,000;3,000;14,800;1,000;1,000;

14490;2017.04.26 17:00:00;13,538;8,100;2,000;50,000;3,000;14,800;1,000;1,000;

14491;2017.04.26 18:00:00;13,593;7,000;2,000;54,000;2,000;14,800;1,000;1,000;

14492;2017.04.26 19:00:00;14,187;5,000;0,000;62,000;1,000;14,800;1,000;1,000;

14493;2017.04.26 20:00:00;14,849;4,600;2,000;83,000;2,000;14,800;1,000;1,000;

14494;2017.04.26 21:00:00;15,292;4,200;2,000;85,000;2,000;14,800;1,000;1,000;

14495;2017.04.26 22:00:00;16,083;3,000;1,000;87,000;0,000;14,800;1,000;1,000;

14496;2017.04.26 23:00:00;16,724;2,600;1,000;90,000;0,000;14,800;1,000;1,000;

14497;2017.04.27 00:00:00;15,230;2,000;2,000;93,000;0,000;14,850;1,000;1,000;

14498;2017.04.27 01:00:00;18,775;1,600;1,000;94,000;0,000;14,850;1,000;1,000;

14499;2017.04.27 02:00:00;18,555;0,900;2,000;94,000;1,000;14,850;1,000;1,000;

14500;2017.04.27 03:00:00;19,444;0,600;2,000;95,000;6,000;14,850;1,000;1,000;

14501;2017.04.27 04:00:00;19,783;1,200;1,000;93,000;6,000;14,850;1,000;1,000;

14502;2017.04.27 05:00:00;18,900;2,100;1,000;90,000;3,000;14,850;1,000;1,000;

14503;2017.04.27 06:00:00;20,774;3,900;2,000;84,000;2,000;14,850;1,000;1,000;

14504;2017.04.27 07:00:00;21,025;6,100;2,000;78,000;3,000;14,850;1,000;1,000;

14505;2017.04.27 08:00:00;20,437;7,700;3,000;61,000;4,000;14,850;1,000;1,000;

14506;2017.04.27 09:00:00;18,593;7,400;4,000;64,000;5,000;14,850;1,000;1,000;

14507;2017.04.27 10:00:00;16,946;8,000;4,000;62,000;6,000;14,850;1,000;1,000;

14508;2017.04.27 11:00:00;16,668;8,100;3,000;53,000;4,000;14,850;1,000;1,000;

14509;2017.04.27 12:00:00;14,645;8,700;4,000;56,000;3,000;14,850;1,000;1,000;

14510;2017.04.27 13:00:00;14,266;8,900;4,000;50,000;2,000;14,850;1,000;1,000;

14511;2017.04.27 14:00:00;13,945;9,400;3,000;55,000;5,000;14,850;1,000;1,000;

14512;2017.04.27 15:00:00;14,167;8,700;2,000;56,000;6,000;14,850;1,000;1,000;

14513;2017.04.27 16:00:00;14,146;8,300;3,000;57,000;2,000;14,850;1,000;1,000;

14514;2017.04.27 17:00:00;13,393;8,400;2,000;56,000;2,000;14,850;1,000;1,000;

14515;2017.04.27 18:00:00;13,334;7,400;1,000;68,000;1,000;14,850;1,000;1,000;

14516;2017.04.27 19:00:00;15,029;6,000;2,000;72,000;1,000;14,850;1,000;1,000;

14517;2017.04.27 20:00:00;15,157;5,000;1,000;77,000;1,000;14,850;1,000;1,000;

14518;2017.04.27 21:00:00;15,678;4,200;2,000;86,000;0,000;14,850;1,000;1,000;

14519;2017.04.27 22:00:00;16,529;3,700;2,000;86,000;0,000;14,850;1,000;1,000;

14520;2017.04.27 23:00:00;16,474;3,100;2,000;87,000;0,000;14,850;1,000;1,000;

14521;2017.04.28 00:00:00;15,640;2,600;2,000;88,000;0,000;14,933;2,000;1,000;

14522;2017.04.28 01:00:00;18,335;2,600;2,000;87,000;2,000;14,933;2,000;1,000;

14523;2017.04.28 02:00:00;18,770;2,200;3,000;89,000;2,000;14,933;2,000;1,000;

14524;2017.04.28 03:00:00;18,853;2,000;3,000;89,000;6,000;14,933;2,000;1,000;

14525;2017.04.28 04:00:00;18,844;2,300;3,000;88,000;7,000;14,933;2,000;1,000;

14526;2017.04.28 05:00:00;18,890;3,300;3,000;85,000;6,000;14,933;2,000;1,000;

14527;2017.04.28 06:00:00;19,409;3,800;2,000;84,000;6,000;14,933;2,000;1,000;

14528;2017.04.28 07:00:00;19,508;6,000;1,000;78,000;6,000;14,933;2,000;1,000;

14529;2017.04.28 08:00:00;17,896;9,200;2,000;61,000;6,000;14,933;2,000;1,000;

14530;2017.04.28 09:00:00;17,287;10,800;2,000;48,000;5,000;14,933;2,000;1,000;

14531;2017.04.28 10:00:00;15,666;11,100;3,000;39,000;7,000;14,933;2,000;1,000;

14532;2017.04.28 11:00:00;14,162;11,000;2,000;38,000;7,000;14,933;2,000;1,000;

14533;2017.04.28 12:00:00;13,569;9,800;3,000;59,000;7,000;14,933;2,000;1,000;

14534;2017.04.28 13:00:00;11,775;10,400;3,000;60,000;8,000;14,933;2,000;1,000;

14535;2017.04.28 14:00:00;11,748;9,900;2,000;60,000;8,000;14,933;2,000;1,000;

14536;2017.04.28 15:00:00;11,390;9,800;2,000;66,000;8,000;14,933;2,000;1,000;

14537;2017.04.28 16:00:00;11,184;8,900;3,000;62,000;8,000;14,933;2,000;1,000;

14538;2017.04.28 17:00:00;11,874;7,800;2,000;76,000;8,000;14,933;2,000;1,000;

14539;2017.04.28 18:00:00;11,668;7,900;2,000;70,000;8,000;14,933;2,000;1,000;

14540;2017.04.28 19:00:00;11,807;7,400;1,000;73,000;7,000;14,933;2,000;1,000;

14541;2017.04.28 20:00:00;12,352;6,900;1,000;75,000;8,000;14,933;2,000;1,000;

14542;2017.04.28 21:00:00;14,342;6,900;1,000;71,000;8,000;14,933;2,000;1,000;

14543;2017.04.28 22:00:00;13,916;6,800;2,000;71,000;8,000;14,933;2,000;1,000;

14544;2017.04.28 23:00:00;13,807;6,300;1,000;74,000;7,000;14,933;2,000;1,000;

14545;2017.04.29 00:00:00;12,606;4,000;1,000;87,000;6,000;15,000;3,000;1,000;

14546;2017.04.29 01:00:00;15,904;3,200;1,000;90,000;7,000;15,000;3,000;1,000;

14547;2017.04.29 02:00:00;16,481;3,100;1,000;93,000;8,000;15,000;3,000;1,000;

14548;2017.04.29 03:00:00;16,481;4,000;0,000;92,000;8,000;15,000;3,000;1,000;

14549;2017.04.29 04:00:00;16,626;4,400;0,000;92,000;7,000;15,000;3,000;1,000;

14550;2017.04.29 05:00:00;17,497;4,800;1,000;93,000;6,000;15,000;3,000;1,000;

14551;2017.04.29 06:00:00;18,446;6,400;1,000;84,000;2,000;15,000;3,000;1,000;

14552;2017.04.29 07:00:00;17,876;7,700;2,000;70,000;3,000;15,000;3,000;1,000;

14553;2017.04.29 08:00:00;16,953;7,500;3,000;80,000;5,000;15,000;3,000;1,000;

14554;2017.04.29 09:00:00;15,989;8,600;3,000;67,000;6,000;15,000;3,000;1,000;

14555;2017.04.29 10:00:00;14,816;8,800;4,000;68,000;6,000;15,000;3,000;1,000;

14556;2017.04.29 11:00:00;13,804;8,400;4,000;66,000;7,000;15,000;3,000;1,000;

14557;2017.04.29 12:00:00;13,467;6,000;5,000;82,000;7,000;15,000;3,000;1,000;

14558;2017.04.29 13:00:00;14,080;5,700;3,000;89,000;8,000;15,000;3,000;1,000;

14559;2017.04.29 14:00:00;15,153;6,200;2,000;91,000;8,000;15,000;3,000;1,000;

14560;2017.04.29 15:00:00;15,473;6,400;3,000;84,000;8,000;15,000;3,000;1,000;

14561;2017.04.29 16:00:00;15,206;6,500;3,000;84,000;8,000;15,000;3,000;1,000;

14562;2017.04.29 17:00:00;15,418;6,400;3,000;84,000;8,000;15,000;3,000;1,000;

14563;2017.04.29 18:00:00;15,210;6,000;3,000;77,000;7,000;15,000;3,000;1,000;

14564;2017.04.29 19:00:00;16,043;4,700;2,000;83,000;1,000;15,000;3,000;1,000;

14565;2017.04.29 20:00:00;18,179;3,800;1,000;86,000;3,000;15,000;3,000;1,000;

14566;2017.04.29 21:00:00;17,241;2,100;1,000;92,000;0,000;15,000;3,000;1,000;

14567;2017.04.29 22:00:00;18,751;1,500;0,000;94,000;0,000;15,000;3,000;1,000;

14568;2017.04.29 23:00:00;19,191;0,700;1,000;96,000;0,000;15,000;3,000;1,000;

14569;2017.04.30 00:00:00;17,654;0,600;1,000;97,000;1,000;15,067;4,000;1,000;

14570;2017.04.30 01:00:00;20,452;0,700;1,000;97,000;0,000;15,067;4,000;1,000;

14571;2017.04.30 02:00:00;21,043;-0,100;1,000;97,000;0,000;15,067;4,000;1,000;

14572;2017.04.30 03:00:00;21,252;-0,500;1,000;97,000;0,000;15,067;4,000;1,000;

14573;2017.04.30 04:00:00;21,226;-0,800;1,000;97,000;0,000;15,067;4,000;1,000;

14574;2017.04.30 05:00:00;22,696;1,000;1,000;95,000;0,000;15,067;4,000;1,000;

14575;2017.04.30 06:00:00;22,802;3,400;1,000;91,000;0,000;15,067;4,000;1,000;

14576;2017.04.30 07:00:00;22,036;5,600;1,000;79,000;0,000;15,067;4,000;1,000;

14577;2017.04.30 08:00:00;22,083;7,700;2,000;60,000;1,000;15,067;4,000;1,000;

14578;2017.04.30 09:00:00;19,446;9,000;3,000;48,000;2,000;15,067;4,000;1,000;

14579;2017.04.30 10:00:00;17,918;8,000;3,000;68,000;2,000;15,067;4,000;1,000;

14580;2017.04.30 11:00:00;17,258;8,500;4,000;65,000;3,000;15,067;4,000;1,000;

14581;2017.04.30 12:00:00;16,078;10,900;2,000;50,000;3,000;15,067;4,000;1,000;

14582;2017.04.30 13:00:00;14,446;11,700;3,000;40,000;2,000;15,067;4,000;1,000;

14583;2017.04.30 14:00:00;14,006;12,100;2,000;38,000;1,000;15,067;4,000;1,000;

14584;2017.04.30 15:00:00;12,623;12,000;3,000;37,000;1,000;15,067;4,000;1,000;

14585;2017.04.30 16:00:00;12,019;11,900;4,000;35,000;1,000;15,067;4,000;1,000;

14586;2017.04.30 17:00:00;11,773;11,600;3,000;35,000;1,000;15,067;4,000;1,000;

14587;2017.04.30 18:00:00;11,251;10,700;2,000;38,000;1,000;15,067;4,000;1,000;

14588;2017.04.30 19:00:00;11,390;8,200;2,000;56,000;1,000;15,067;4,000;1,000;

14589;2017.04.30 20:00:00;12,223;6,900;2,000;61,000;0,000;15,067;4,000;1,000;

14590;2017.04.30 21:00:00;13,293;6,400;3,000;52,000;0,000;15,067;4,000;1,000;

14591;2017.04.30 22:00:00;13,534;5,700;3,000;50,000;0,000;15,067;4,000;1,000;

14592;2017.04.30 23:00:00;13,871;5,000;3,000;53,000;0,000;15,067;4,000;1,000;

14593;2017.05.01 00:00:00;14,034;4,600;3,000;56,000;0,000;15,133;5,000;1,000;

14594;2017.05.01 01:00:00;16,663;4,200;3,000;58,000;0,000;15,133;5,000;1,000;

14595;2017.05.01 02:00:00;16,529;4,000;4,000;60,000;0,000;15,133;5,000;1,000;

14596;2017.05.01 03:00:00;16,668;3,800;4,000;61,000;0,000;15,133;5,000;1,000;

14597;2017.05.01 04:00:00;17,363;3,800;4,000;62,000;0,000;15,133;5,000;1,000;

14598;2017.05.01 05:00:00;18,196;4,700;4,000;61,000;0,000;15,133;5,000;1,000;

14599;2017.05.01 06:00:00;17,727;6,900;5,000;55,000;1,000;15,133;5,000;1,000;

14600;2017.05.01 07:00:00;16,998;9,000;4,000;50,000;1,000;15,133;5,000;1,000;

14601;2017.05.01 08:00:00;16,946;10,600;5,000;47,000;1,000;15,133;5,000;1,000;

14602;2017.05.01 09:00:00;15,413;11,800;5,000;43,000;1,000;15,133;5,000;1,000;

14603;2017.05.01 10:00:00;13,944;12,600;5,000;40,000;1,000;15,133;5,000;1,000;

14604;2017.05.01 11:00:00;13,146;13,600;4,000;37,000;1,000;15,133;5,000;1,000;

14605;2017.05.01 12:00:00;12,174;14,800;3,000;38,000;1,000;15,133;5,000;1,000;

14606;2017.05.01 13:00:00;10,884;14,700;5,000;35,000;1,000;15,133;5,000;1,000;

14607;2017.05.01 14:00:00;10,212;15,400;3,000;30,000;1,000;15,133;5,000;1,000;

14608;2017.05.01 15:00:00;9,614;15,500;3,000;25,000;2,000;15,133;5,000;1,000;

14609;2017.05.01 16:00:00;8,762;14,900;4,000;30,000;2,000;15,133;5,000;1,000;

14610;2017.05.01 17:00:00;8,317;14,400;4,000;33,000;2,000;15,133;5,000;1,000;

14611;2017.05.01 18:00:00;8,421;12,900;3,000;42,000;2,000;15,133;5,000;1,000;

14612;2017.05.01 19:00:00;8,300;10,900;2,000;47,000;1,000;15,133;5,000;1,000;

14613;2017.05.01 20:00:00;9,321;9,100;2,000;53,000;1,000;15,133;5,000;1,000;

14614;2017.05.01 21:00:00;10,662;8,000;2,000;59,000;0,000;15,133;5,000;1,000;

14615;2017.05.01 22:00:00;11,316;7,100;2,000;61,000;0,000;15,133;5,000;1,000;

14616;2017.05.01 23:00:00;12,204;6,500;2,000;62,000;0,000;15,133;5,000;1,000;

14617;2017.05.02 00:00:00;10,909;6,300;3,000;63,000;0,000;15,200;1,000;1,000;

14618;2017.05.02 01:00:00;15,001;6,300;3,000;63,000;0,000;15,200;1,000;1,000;

14619;2017.05.02 02:00:00;15,207;6,700;4,000;60,000;0,000;15,200;1,000;1,000;

14620;2017.05.02 03:00:00;15,302;6,000;3,000;61,000;0,000;15,200;1,000;1,000;

14621;2017.05.02 04:00:00;15,914;5,700;2,000;62,000;1,000;15,200;1,000;1,000;

14622;2017.05.02 05:00:00;16,244;6,600;3,000;61,000;2,000;15,200;1,000;1,000;

14623;2017.05.02 06:00:00;16,688;8,400;3,000;59,000;5,000;15,200;1,000;1,000;

14624;2017.05.02 07:00:00;16,164;10,500;4,000;48,000;7,000;15,200;1,000;1,000;

14625;2017.05.02 08:00:00;15,407;12,000;5,000;42,000;7,000;15,200;1,000;1,000;

14626;2017.05.02 09:00:00;14,686;12,600;7,000;36,000;7,000;15,200;1,000;1,000;

14627;2017.05.02 10:00:00;12,603;13,600;7,000;35,000;7,000;15,200;1,000;1,000;

14628;2017.05.02 11:00:00;11,626;14,800;4,000;34,000;7,000;15,200;1,000;1,000;

14629;2017.05.02 12:00:00;11,037;15,400;4,000;34,000;8,000;15,200;1,000;1,000;

14630;2017.05.02 13:00:00;9,404;15,400;5,000;34,000;8,000;15,200;1,000;1,000;

14631;2017.05.02 14:00:00;8,890;15,400;4,000;33,000;8,000;15,200;1,000;1,000;

14632;2017.05.02 15:00:00;7,845;14,700;5,000;36,000;8,000;15,200;1,000;1,000;

14633;2017.05.02 16:00:00;7,576;13,900;5,000;38,000;8,000;15,200;1,000;1,000;

14634;2017.05.02 17:00:00;7,414;13,400;4,000;42,000;8,000;15,200;1,000;1,000;

14635;2017.05.02 18:00:00;7,621;12,500;3,000;44,000;8,000;15,200;1,000;1,000;

14636;2017.05.02 19:00:00;7,621;10,600;2,000;52,000;8,000;15,200;1,000;1,000;

14637;2017.05.02 20:00:00;8,769;10,100;2,000;53,000;8,000;15,200;1,000;1,000;

14638;2017.05.02 21:00:00;8,973;8,800;2,000;63,000;8,000;15,200;1,000;1,000;

14639;2017.05.02 22:00:00;9,723;8,600;1,000;61,000;8,000;15,200;1,000;1,000;

14640;2017.05.02 23:00:00;10,399;8,400;1,000;61,000;8,000;15,200;1,000;1,000;

14641;2017.05.03 00:00:00;10,789;8,000;2,000;63,000;8,000;15,267;5,000;1,000;

14642;2017.05.03 01:00:00;11,718;8,100;2,000;63,000;8,000;15,267;5,000;1,000;

14643;2017.05.03 02:00:00;11,825;8,200;1,000;65,000;8,000;15,267;5,000;1,000;

14644;2017.05.03 03:00:00;12,700;7,900;2,000;68,000;8,000;15,267;5,000;1,000;

14645;2017.05.03 04:00:00;12,791;8,300;3,000;68,000;7,000;15,267;5,000;1,000;

14646;2017.05.03 05:00:00;13,720;8,700;2,000;67,000;7,000;15,267;5,000;1,000;

14647;2017.05.03 06:00:00;13,575;9,200;1,000;67,000;7,000;15,267;5,000;1,000;

14648;2017.05.03 07:00:00;12,668;10,700;1,000;63,000;7,000;15,267;5,000;1,000;

14649;2017.05.03 08:00:00;12,390;11,200;2,000;62,000;7,000;15,267;5,000;1,000;

14650;2017.05.03 09:00:00;12,000;11,800;3,000;60,000;7,000;15,267;5,000;1,000;

14651;2017.05.03 10:00:00;10,714;12,400;4,000;57,000;7,000;15,267;5,000;1,000;

14652;2017.05.03 11:00:00;10,121;13,000;4,000;53,000;7,000;15,267;5,000;1,000;

14653;2017.05.03 12:00:00;9,291;12,400;4,000;63,000;7,000;15,267;5,000;1,000;

14654;2017.05.03 13:00:00;8,960;13,300;4,000;57,000;6,000;15,267;5,000;1,000;

14655;2017.05.03 14:00:00;8,491;14,200;4,000;47,000;5,000;15,267;5,000;1,000;

14656;2017.05.03 15:00:00;7,658;14,400;5,000;46,000;5,000;15,267;5,000;1,000;

14657;2017.05.03 16:00:00;8,056;13,300;4,000;55,000;6,000;15,267;5,000;1,000;

14658;2017.05.03 17:00:00;7,223;12,400;4,000;48,000;7,000;15,267;5,000;1,000;

14659;2017.05.03 18:00:00;7,380;10,400;4,000;56,000;8,000;15,267;5,000;1,000;

14660;2017.05.03 19:00:00;8,177;8,400;3,000;62,000;8,000;15,267;5,000;1,000;

14661;2017.05.03 20:00:00;9,686;7,200;3,000;69,000;8,000;15,267;5,000;1,000;

14662;2017.05.03 21:00:00;10,362;6,300;3,000;78,000;8,000;15,267;5,000;1,000;

14663;2017.05.03 22:00:00;11,353;5,900;2,000;79,000;7,000;15,267;5,000;1,000;

14664;2017.05.03 23:00:00;12,464;5,500;3,000;81,000;7,000;15,267;5,000;1,000;

14665;2017.05.04 00:00:00;11,436;5,800;3,000;82,000;7,000;15,317;1,000;1,000;

14666;2017.05.04 01:00:00;14,362;6,100;4,000;81,000;7,000;15,317;1,000;1,000;

14667;2017.05.04 02:00:00;14,094;6,700;2,000;79,000;8,000;15,317;1,000;1,000;

14668;2017.05.04 03:00:00;14,557;7,500;3,000;74,000;8,000;15,317;1,000;1,000;

14669;2017.05.04 04:00:00;14,094;7,900;4,000;68,000;8,000;15,317;1,000;1,000;

14670;2017.05.04 05:00:00;14,168;8,100;3,000;64,000;8,000;15,317;1,000;1,000;

14671;2017.05.04 06:00:00;14,325;8,200;4,000;67,000;8,000;15,317;1,000;1,000;

14672;2017.05.04 07:00:00;14,446;8,800;4,000;68,000;8,000;15,317;1,000;1,000;

14673;2017.05.04 08:00:00;14,133;9,700;4,000;68,000;8,000;15,317;1,000;1,000;

14674;2017.05.04 09:00:00;14,604;10,700;4,000;63,000;8,000;15,317;1,000;1,000;

14675;2017.05.04 10:00:00;12,636;11,500;4,000;62,000;8,000;15,317;1,000;1,000;

14676;2017.05.04 11:00:00;12,029;11,500;4,000;69,000;8,000;15,317;1,000;1,000;

14677;2017.05.04 12:00:00;11,676;10,900;4,000;76,000;8,000;15,317;1,000;1,000;

14678;2017.05.04 13:00:00;11,965;9,700;4,000;84,000;8,000;15,317;1,000;1,000;

14679;2017.05.04 14:00:00;11,668;9,400;3,000;87,000;8,000;15,317;1,000;1,000;

14680;2017.05.04 15:00:00;12,168;9,300;4,000;87,000;8,000;15,317;1,000;1,000;

14681;2017.05.04 16:00:00;12,723;9,300;4,000;85,000;8,000;15,317;1,000;1,000;

14682;2017.05.04 17:00:00;13,168;9,300;3,000;84,000;8,000;15,317;1,000;1,000;

14683;2017.05.04 18:00:00;13,446;9,500;3,000;83,000;8,000;15,317;1,000;1,000;

14684;2017.05.04 19:00:00;13,390;9,400;3,000;85,000;8,000;15,317;1,000;1,000;

14685;2017.05.04 20:00:00;13,334;9,500;3,000;85,000;8,000;15,317;1,000;1,000;

14686;2017.05.04 21:00:00;14,112;9,200;3,000;89,000;8,000;15,317;1,000;1,000;

14687;2017.05.04 22:00:00;13,196;9,600;3,000;88,000;8,000;15,317;1,000;1,000;

14688;2017.05.04 23:00:00;12,594;9,400;3,000;90,000;8,000;15,317;1,000;1,000;

14689;2017.05.05 00:00:00;12,648;9,000;3,000;91,000;8,000;15,383;2,000;1,000;

14690;2017.05.05 01:00:00;12,648;8,700;2,000;93,000;8,000;15,383;2,000;1,000;

14691;2017.05.05 02:00:00;12,547;8,600;2,000;94,000;8,000;15,383;2,000;1,000;

14692;2017.05.05 03:00:00;13,536;8,500;2,000;95,000;8,000;15,383;2,000;1,000;

14693;2017.05.05 04:00:00;13,536;8,500;2,000;95,000;8,000;15,383;2,000;1,000;

14694;2017.05.05 05:00:00;13,957;8,500;2,000;96,000;8,000;15,383;2,000;1,000;

14695;2017.05.05 06:00:00;13,427;8,800;2,000;95,000;8,000;15,383;2,000;1,000;

14696;2017.05.05 07:00:00;13,224;9,300;2,000;94,000;8,000;15,383;2,000;1,000;

14697;2017.05.05 08:00:00;13,896;9,600;2,000;92,000;8,000;15,383;2,000;1,000;

14698;2017.05.05 09:00:00;12,804;10,200;1,000;90,000;8,000;15,383;2,000;1,000;

14699;2017.05.05 10:00:00;13,001;10,900;1,000;86,000;8,000;15,383;2,000;1,000;

14700;2017.05.05 11:00:00;12,126;11,500;2,000;86,000;8,000;15,383;2,000;1,000;

14701;2017.05.05 12:00:00;11,320;12,200;1,000;82,000;8,000;15,383;2,000;1,000;

14702;2017.05.05 13:00:00;10,501;12,300;1,000;81,000;8,000;15,383;2,000;1,000;

14703;2017.05.05 14:00:00;10,112;12,100;2,000;86,000;8,000;15,383;2,000;1,000;

14704;2017.05.05 15:00:00;9,390;11,900;2,000;88,000;8,000;15,383;2,000;1,000;

14705;2017.05.05 16:00:00;8,818;11,500;2,000;89,000;8,000;15,383;2,000;1,000;

14706;2017.05.05 17:00:00;9,239;10,800;2,000;91,000;8,000;15,383;2,000;1,000;

14707;2017.05.05 18:00:00;8,717;10,400;1,000;91,000;8,000;15,383;2,000;1,000;

14708;2017.05.05 19:00:00;9,395;10,200;1,000;92,000;8,000;15,383;2,000;1,000;

14709;2017.05.05 20:00:00;9,556;10,300;1,000;93,000;8,000;15,383;2,000;1,000;

14710;2017.05.05 21:00:00;9,945;10,200;1,000;93,000;8,000;15,383;2,000;1,000;

14711;2017.05.05 22:00:00;9,945;10,000;1,000;94,000;8,000;15,383;2,000;1,000;

14712;2017.05.05 23:00:00;10,056;10,000;0,000;95,000;8,000;15,383;2,000;1,000;

14713;2017.05.06 00:00:00;9,334;9,100;1,000;95,000;8,000;15,450;3,000;1,000;

14714;2017.05.06 01:00:00;10,945;8,800;1,000;93,000;8,000;15,450;3,000;1,000;

14715;2017.05.06 02:00:00;10,334;8,500;1,000;93,000;8,000;15,450;3,000;1,000;

14716;2017.05.06 03:00:00;4,778;8,100;2,000;92,000;8,000;15,450;3,000;1,000;

14717;2017.05.06 04:00:00;1,945;7,800;1,000;93,000;8,000;15,450;3,000;1,000;

14718;2017.05.06 05:00:00;1,222;8,000;1,000;91,000;8,000;15,450;3,000;1,000;

14719;2017.05.06 06:00:00;0,667;8,800;0,000;90,000;7,000;15,450;3,000;1,000;

14720;2017.05.06 07:00:00;15,723;10,400;2,000;85,000;7,000;15,450;3,000;1,000;

14721;2017.05.06 08:00:00;14,279;11,800;2,000;77,000;7,000;15,450;3,000;1,000;

14722;2017.05.06 09:00:00;11,668;11,700;3,000;78,000;7,000;15,450;3,000;1,000;

14723;2017.05.06 10:00:00;9,628;10,400;3,000;77,000;8,000;15,450;3,000;1,000;

14724;2017.05.06 11:00:00;9,540;10,900;3,000;74,000;8,000;15,450;3,000;1,000;

14725;2017.05.06 12:00:00;8,445;11,400;3,000;76,000;8,000;15,450;3,000;1,000;

14726;2017.05.06 13:00:00;8,391;11,900;2,000;74,000;7,000;15,450;3,000;1,000;

14727;2017.05.06 14:00:00;8,554;12,400;3,000;72,000;7,000;15,450;3,000;1,000;

14728;2017.05.06 15:00:00;8,223;11,300;3,000;69,000;7,000;15,450;3,000;1,000;

14729;2017.05.06 16:00:00;8,231;9,000;2,000;79,000;8,000;15,450;3,000;1,000;

14730;2017.05.06 17:00:00;8,548;9,800;1,000;66,000;8,000;15,450;3,000;1,000;

14731;2017.05.06 18:00:00;10,001;9,100;2,000;76,000;8,000;15,450;3,000;1,000;

14732;2017.05.06 19:00:00;10,556;8,700;2,000;80,000;7,000;15,450;3,000;1,000;

14733;2017.05.06 20:00:00;10,556;8,600;2,000;78,000;7,000;15,450;3,000;1,000;

14734;2017.05.06 21:00:00;11,945;8,500;2,000;79,000;8,000;15,450;3,000;1,000;

14735;2017.05.06 22:00:00;12,334;8,300;1,000;82,000;8,000;15,450;3,000;1,000;

14736;2017.05.06 23:00:00;13,223;8,100;2,000;82,000;8,000;15,450;3,000;1,000;

14737;2017.05.07 00:00:00;10,668;8,100;2,000;77,000;7,000;15,517;4,000;1,000;

14738;2017.05.07 01:00:00;13,557;7,800;2,000;87,000;8,000;15,517;4,000;1,000;

14739;2017.05.07 02:00:00;12,668;7,700;1,000;86,000;8,000;15,517;4,000;1,000;

14740;2017.05.07 03:00:00;13,501;7,700;2,000;84,000;7,000;15,517;4,000;1,000;

14741;2017.05.07 04:00:00;13,057;7,600;1,000;91,000;7,000;15,517;4,000;1,000;

14742;2017.05.07 05:00:00;12,890;7,900;2,000;88,000;7,000;15,517;4,000;1,000;

14743;2017.05.07 06:00:00;12,945;8,000;3,000;87,000;7,000;15,517;4,000;1,000;

14744;2017.05.07 07:00:00;12,723;8,000;2,000;83,000;6,000;15,517;4,000;1,000;

14745;2017.05.07 08:00:00;13,057;8,300;4,000;79,000;6,000;15,517;4,000;1,000;

14746;2017.05.07 09:00:00;12,834;9,300;4,000;71,000;5,000;15,517;4,000;1,000;

14747;2017.05.07 10:00:00;12,112;8,800;4,000;68,000;5,000;15,517;4,000;1,000;

14748;2017.05.07 11:00:00;12,168;8,700;6,000;67,000;5,000;15,517;4,000;1,000;

14749;2017.05.07 12:00:00;11,890;9,100;6,000;68,000;5,000;15,517;4,000;1,000;

14750;2017.05.07 13:00:00;11,668;8,400;5,000;66,000;6,000;15,517;4,000;1,000;

14751;2017.05.07 14:00:00;11,501;8,500;5,000;64,000;2,000;15,517;4,000;1,000;

14752;2017.05.07 15:00:00;11,834;8,500;5,000;62,000;1,000;15,517;4,000;1,000;

14753;2017.05.07 16:00:00;10,779;7,600;5,000;71,000;1,000;15,517;4,000;1,000;

14754;2017.05.07 17:00:00;10,723;7,100;4,000;73,000;1,000;15,517;4,000;1,000;

14755;2017.05.07 18:00:00;12,001;6,600;4,000;77,000;1,000;15,517;4,000;1,000;

14756;2017.05.07 19:00:00;11,834;5,400;2,000;86,000;1,000;15,517;4,000;1,000;

14757;2017.05.07 20:00:00;13,112;5,400;2,000;88,000;1,000;15,517;4,000;1,000;

14758;2017.05.07 21:00:00;13,779;5,900;2,000;85,000;3,000;15,517;4,000;1,000;

14759;2017.05.07 22:00:00;13,779;5,500;2,000;89,000;7,000;15,517;4,000;1,000;

14760;2017.05.07 23:00:00;14,279;4,900;1,000;91,000;7,000;15,517;4,000;1,000;

14761;2017.05.08 00:00:00;12,779;5,400;2,000;92,000;7,000;15,583;1,000;1,000;

14762;2017.05.08 01:00:00;15,335;5,800;2,000;89,000;7,000;15,583;1,000;1,000;

14763;2017.05.08 02:00:00;14,779;6,600;3,000;84,000;8,000;15,583;1,000;1,000;

14764;2017.05.08 03:00:00;14,557;6,600;3,000;84,000;8,000;15,583;1,000;1,000;

14765;2017.05.08 04:00:00;14,723;6,100;2,000;88,000;8,000;15,583;1,000;1,000;

14766;2017.05.08 05:00:00;15,168;6,000;2,000;87,000;8,000;15,583;1,000;1,000;

14767;2017.05.08 06:00:00;14,334;6,100;2,000;83,000;8,000;15,583;1,000;1,000;

14768;2017.05.08 07:00:00;15,101;5,400;2,000;91,000;8,000;15,583;1,000;1,000;

14769;2017.05.08 08:00:00;14,957;5,700;2,000;92,000;8,000;15,583;1,000;1,000;

14770;2017.05.08 09:00:00;14,668;5,000;3,000;90,000;8,000;15,583;1,000;1,000;

14771;2017.05.08 10:00:00;14,890;5,200;4,000;82,000;7,000;15,583;1,000;1,000;

14772;2017.05.08 11:00:00;15,446;6,800;5,000;62,000;7,000;15,583;1,000;1,000;

14773;2017.05.08 12:00:00;16,544;6,000;5,000;83,000;7,000;15,583;1,000;1,000;

14774;2017.05.08 13:00:00;15,142;6,800;6,000;70,000;6,000;15,583;1,000;1,000;

14775;2017.05.08 14:00:00;15,142;6,900;7,000;62,000;6,000;15,583;1,000;1,000;

14776;2017.05.08 15:00:00;14,955;5,800;7,000;62,000;3,000;15,583;1,000;1,000;

14777;2017.05.08 16:00:00;15,279;6,200;5,000;60,000;2,000;15,583;1,000;1,000;

14778;2017.05.08 17:00:00;14,294;5,800;5,000;62,000;1,000;15,583;1,000;1,000;

14779;2017.05.08 18:00:00;14,233;5,300;4,000;66,000;2,000;15,583;1,000;1,000;

14780;2017.05.08 19:00:00;14,532;4,600;5,000;69,000;4,000;15,583;1,000;1,000;

14781;2017.05.08 20:00:00;15,723;4,600;5,000;72,000;6,000;15,583;1,000;1,000;

14782;2017.05.08 21:00:00;15,382;4,300;3,000;74,000;4,000;15,583;1,000;1,000;

14783;2017.05.08 22:00:00;15,731;3,900;2,000;76,000;4,000;15,583;1,000;1,000;

14784;2017.05.08 23:00:00;16,557;3,300;1,000;79,000;5,000;15,583;1,000;1,000;

14785;2017.05.09 00:00:00;15,390;3,900;2,000;68,000;7,000;15,633;1,000;1,000;

14786;2017.05.09 01:00:00;17,168;3,600;1,000;68,000;7,000;15,633;1,000;1,000;

14787;2017.05.09 02:00:00;17,613;3,800;2,000;60,000;8,000;15,633;1,000;1,000;

14788;2017.05.09 03:00:00;17,946;3,400;2,000;66,000;8,000;15,633;1,000;1,000;

14789;2017.05.09 04:00:00;17,335;3,100;3,000;69,000;8,000;15,633;1,000;1,000;

14790;2017.05.09 05:00:00;17,057;2,400;3,000;78,000;2,000;15,633;1,000;1,000;

14791;2017.05.09 06:00:00;17,668;4,400;4,000;73,000;4,000;15,633;1,000;1,000;

14792;2017.05.09 07:00:00;17,779;5,000;5,000;74,000;5,000;15,633;1,000;1,000;

14793;2017.05.09 08:00:00;17,224;4,900;6,000;68,000;6,000;15,633;1,000;1,000;

14794;2017.05.09 09:00:00;17,390;2,000;2,000;90,000;8,000;15,633;1,000;1,000;

14795;2017.05.09 10:00:00;15,946;2,900;5,000;80,000;8,000;15,633;1,000;1,000;

14796;2017.05.09 11:00:00;16,946;5,600;2,000;71,000;4,000;15,633;1,000;1,000;

14797;2017.05.09 12:00:00;16,668;5,800;3,000;66,000;3,000;15,633;1,000;1,000;

14798;2017.05.09 13:00:00;16,168;6,400;3,000;62,000;1,000;15,633;1,000;1,000;

14799;2017.05.09 14:00:00;15,279;6,200;3,000;45,000;2,000;15,633;1,000;1,000;

14800;2017.05.09 15:00:00;14,023;7,100;2,000;29,000;3,000;15,633;1,000;1,000;

14801;2017.05.09 16:00:00;15,091;7,200;2,000;36,000;7,000;15,633;1,000;1,000;

14802;2017.05.09 17:00:00;13,557;6,800;2,000;40,000;7,000;15,633;1,000;1,000;

14803;2017.05.09 18:00:00;13,946;6,000;2,000;46,000;7,000;15,633;1,000;1,000;

14804;2017.05.09 19:00:00;14,057;5,000;1,000;59,000;7,000;15,633;1,000;1,000;

14805;2017.05.09 20:00:00;14,168;4,700;1,000;53,000;4,000;15,633;1,000;1,000;

14806;2017.05.09 21:00:00;14,632;4,300;2,000;58,000;4,000;15,633;1,000;1,000;

14807;2017.05.09 22:00:00;15,870;3,400;2,000;62,000;4,000;15,633;1,000;1,000;

14808;2017.05.09 23:00:00;16,057;3,100;2,000;64,000;8,000;15,633;1,000;1,000;

14809;2017.05.10 00:00:00;15,112;3,700;2,000;61,000;8,000;15,700;1,000;1,000;

14810;2017.05.10 01:00:00;16,946;4,200;2,000;66,000;8,000;15,700;1,000;1,000;

14811;2017.05.10 02:00:00;16,724;4,800;3,000;67,000;8,000;15,700;1,000;1,000;

14812;2017.05.10 03:00:00;16,612;4,500;3,000;70,000;8,000;15,700;1,000;1,000;

14813;2017.05.10 04:00:00;16,779;4,300;3,000;80,000;8,000;15,700;1,000;1,000;

14814;2017.05.10 05:00:00;17,057;4,500;3,000;86,000;8,000;15,700;1,000;1,000;

14815;2017.05.10 06:00:00;17,001;4,500;3,000;89,000;8,000;15,700;1,000;1,000;

14816;2017.05.10 07:00:00;16,501;4,600;3,000;90,000;8,000;15,700;1,000;1,000;

14817;2017.05.10 08:00:00;16,724;5,000;3,000;93,000;8,000;15,700;1,000;1,000;

14818;2017.05.10 09:00:00;15,779;6,100;4,000;90,000;8,000;15,700;1,000;1,000;

14819;2017.05.10 10:00:00;17,224;6,700;3,000;90,000;8,000;15,700;1,000;1,000;

14820;2017.05.10 11:00:00;15,779;7,700;5,000;81,000;7,000;15,700;1,000;1,000;

14821;2017.05.10 12:00:00;16,168;8,100;4,000;76,000;8,000;15,700;1,000;1,000;

14822;2017.05.10 13:00:00;16,057;7,800;5,000;76,000;7,000;15,700;1,000;1,000;

14823;2017.05.10 14:00:00;14,967;7,900;5,000;77,000;8,000;15,700;1,000;1,000;

14824;2017.05.10 15:00:00;14,257;7,600;4,000;79,000;8,000;15,700;1,000;1,000;

14825;2017.05.10 16:00:00;13,723;7,200;4,000;81,000;8,000;15,700;1,000;1,000;

14826;2017.05.10 17:00:00;13,501;6,900;4,000;83,000;8,000;15,700;1,000;1,000;

14827;2017.05.10 18:00:00;13,304;6,300;2,000;86,000;8,000;15,700;1,000;1,000;

14828;2017.05.10 19:00:00;14,143;6,000;1,000;84,000;8,000;15,700;1,000;1,000;

14829;2017.05.10 20:00:00;13,834;5,900;1,000;82,000;8,000;15,700;1,000;1,000;

14830;2017.05.10 21:00:00;15,168;5,600;1,000;88,000;8,000;15,700;1,000;1,000;

14831;2017.05.10 22:00:00;15,279;4,400;1,000;90,000;6,000;15,700;1,000;1,000;

14832;2017.05.10 23:00:00;14,744;3,800;1,000;95,000;7,000;15,700;1,000;1,000;

14833;2017.05.11 00:00:00;14,648;4,200;1,000;97,000;8,000;15,767;1,000;1,000;

14834;2017.05.11 01:00:00;12,757;4,800;2,000;94,000;8,000;15,767;1,000;1,000;

14835;2017.05.11 02:00:00;19,690;5,100;1,000;91,000;8,000;15,767;1,000;1,000;

14836;2017.05.11 03:00:00;16,446;4,900;2,000;93,000;7,000;15,767;1,000;1,000;

14837;2017.05.11 04:00:00;16,279;4,800;3,000;94,000;8,000;15,767;1,000;1,000;

14838;2017.05.11 05:00:00;16,612;5,300;3,000;94,000;8,000;15,767;1,000;1,000;

14839;2017.05.11 06:00:00;17,057;5,500;3,000;93,000;8,000;15,767;1,000;1,000;

14840;2017.05.11 07:00:00;15,112;6,200;3,000;88,000;8,000;15,767;1,000;1,000;

14841;2017.05.11 08:00:00;15,668;7,000;4,000;81,000;8,000;15,767;1,000;1,000;

14842;2017.05.11 09:00:00;14,279;7,500;3,000;81,000;8,000;15,767;1,000;1,000;

14843;2017.05.11 10:00:00;13,834;8,600;3,000;73,000;7,000;15,767;1,000;1,000;

14844;2017.05.11 11:00:00;12,475;9,400;4,000;70,000;7,000;15,767;1,000;1,000;

14845;2017.05.11 12:00:00;12,972;9,600;3,000;67,000;7,000;15,767;1,000;1,000;

14846;2017.05.11 13:00:00;11,890;10,600;3,000;64,000;6,000;15,767;1,000;1,000;

14847;2017.05.11 14:00:00;10,779;11,200;4,000;63,000;6,000;15,767;1,000;1,000;

14848;2017.05.11 15:00:00;10,390;11,100;3,000;62,000;6,000;15,767;1,000;1,000;

14849;2017.05.11 16:00:00;9,834;11,300;3,000;61,000;5,000;15,767;1,000;1,000;

14850;2017.05.11 17:00:00;9,539;10,800;3,000;61,000;5,000;15,767;1,000;1,000;

14851;2017.05.11 18:00:00;9,796;10,000;3,000;62,000;7,000;15,767;1,000;1,000;

14852;2017.05.11 19:00:00;10,112;8,700;3,000;66,000;8,000;15,767;1,000;1,000;

14853;2017.05.11 20:00:00;10,501;7,900;2,000;70,000;7,000;15,767;1,000;1,000;

14854;2017.05.11 21:00:00;11,501;7,200;2,000;74,000;7,000;15,767;1,000;1,000;

14855;2017.05.11 22:00:00;12,445;6,900;3,000;74,000;6,000;15,767;1,000;1,000;

14856;2017.05.11 23:00:00;12,945;6,300;2,000;75,000;2,000;15,767;1,000;1,000;

14857;2017.05.12 00:00:00;12,163;5,500;2,000;79,000;0,000;15,817;2,000;1,000;

14858;2017.05.12 01:00:00;14,583;4,900;1,000;81,000;0,000;15,817;2,000;1,000;

14859;2017.05.12 02:00:00;14,980;3,500;1,000;87,000;0,000;15,817;2,000;1,000;

14860;2017.05.12 03:00:00;15,068;2,900;1,000;89,000;0,000;15,817;2,000;1,000;

14861;2017.05.12 04:00:00;15,422;4,600;2,000;84,000;0,000;15,817;2,000;1,000;

14862;2017.05.12 05:00:00;16,569;6,700;2,000;77,000;0,000;15,817;2,000;1,000;

14863;2017.05.12 06:00:00;16,724;8,800;3,000;72,000;1,000;15,817;2,000;1,000;

14864;2017.05.12 07:00:00;12,834;11,400;3,000;62,000;1,000;15,817;2,000;1,000;

14865;2017.05.12 08:00:00;18,113;13,200;3,000;58,000;1,000;15,817;2,000;1,000;

14866;2017.05.12 09:00:00;13,112;14,800;3,000;52,000;1,000;15,817;2,000;1,000;

14867;2017.05.12 10:00:00;11,723;16,700;2,000;48,000;1,000;15,817;2,000;1,000;

14868;2017.05.12 11:00:00;10,445;17,800;3,000;44,000;1,000;15,817;2,000;1,000;

14869;2017.05.12 12:00:00;9,279;18,900;2,000;46,000;2,000;15,817;2,000;1,000;

14870;2017.05.12 13:00:00;7,445;19,500;3,000;36,000;3,000;15,817;2,000;1,000;

14871;2017.05.12 14:00:00;6,830;20,200;2,000;39,000;4,000;15,817;2,000;1,000;

14872;2017.05.12 15:00:00;5,431;20,400;3,000;37,000;5,000;15,817;2,000;1,000;

14873;2017.05.12 16:00:00;4,741;19,800;3,000;38,000;5,000;15,817;2,000;1,000;

14874;2017.05.12 17:00:00;4,474;19,500;3,000;40,000;6,000;15,817;2,000;1,000;

14875;2017.05.12 18:00:00;3,426;18,600;2,000;45,000;7,000;15,817;2,000;1,000;

14876;2017.05.12 19:00:00;4,185;16,800;2,000;52,000;5,000;15,817;2,000;1,000;

14877;2017.05.12 20:00:00;2,935;15,200;2,000;57,000;5,000;15,817;2,000;1,000;

14878;2017.05.12 21:00:00;1,388;14,000;2,000;59,000;6,000;15,817;2,000;1,000;

14879;2017.05.12 22:00:00;0,705;13,400;3,000;60,000;5,000;15,817;2,000;1,000;

14880;2017.05.12 23:00:00;0,111;12,400;4,000;62,000;2,000;15,817;2,000;1,000;

14881;2017.05.13 00:00:00;0,000;11,900;3,000;63,000;1,000;15,867;3,000;1,000;

14882;2017.05.13 01:00:00;0,000;11,100;3,000;65,000;1,000;15,867;3,000;1,000;

14883;2017.05.13 02:00:00;0,000;10,400;2,000;68,000;1,000;15,867;3,000;1,000;

14884;2017.05.13 03:00:00;0,000;9,800;2,000;71,000;2,000;15,867;3,000;1,000;

14885;2017.05.13 04:00:00;0,000;10,000;3,000;72,000;2,000;15,867;3,000;1,000;

14886;2017.05.13 05:00:00;0,000;11,900;3,000;69,000;3,000;15,867;3,000;1,000;

14887;2017.05.13 06:00:00;19,613;14,200;3,000;65,000;3,000;15,867;3,000;1,000;

14888;2017.05.13 07:00:00;13,334;16,800;3,000;61,000;6,000;15,867;3,000;1,000;

14889;2017.05.13 08:00:00;9,864;18,400;4,000;51,000;6,000;15,867;3,000;1,000;

14890;2017.05.13 09:00:00;8,971;19,400;3,000;48,000;6,000;15,867;3,000;1,000;

14891;2017.05.13 10:00:00;7,309;20,100;3,000;39,000;5,000;15,867;3,000;1,000;

14892;2017.05.13 11:00:00;5,914;21,000;2,000;36,000;4,000;15,867;3,000;1,000;

14893;2017.05.13 12:00:00;5,223;20,900;2,000;44,000;4,000;15,867;3,000;1,000;

14894;2017.05.13 13:00:00;4,000;19,900;4,000;47,000;4,000;15,867;3,000;1,000;

14895;2017.05.13 14:00:00;2,977;19,600;4,000;49,000;4,000;15,867;3,000;1,000;

14896;2017.05.13 15:00:00;3,214;19,600;3,000;48,000;6,000;15,867;3,000;1,000;

14897;2017.05.13 16:00:00;3,366;18,800;4,000;52,000;7,000;15,867;3,000;1,000;

14898;2017.05.13 17:00:00;1,969;16,900;3,000;57,000;7,000;15,867;3,000;1,000;

14899;2017.05.13 18:00:00;4,393;15,400;3,000;62,000;7,000;15,867;3,000;1,000;

14900;2017.05.13 19:00:00;3,814;13,700;1,000;70,000;7,000;15,867;3,000;1,000;

14901;2017.05.13 20:00:00;3,204;12,000;1,000;77,000;7,000;15,867;3,000;1,000;

14902;2017.05.13 21:00:00;6,152;10,900;0,000;83,000;6,000;15,867;3,000;1,000;

14903;2017.05.13 22:00:00;8,193;15,200;4,000;62,000;3,000;15,867;3,000;1,000;

14904;2017.05.13 23:00:00;7,890;14,200;3,000;69,000;3,000;15,867;3,000;1,000;

14905;2017.05.14 00:00:00;7,112;13,800;3,000;68,000;3,000;15,933;4,000;1,000;

14906;2017.05.14 01:00:00;9,001;13,300;3,000;66,000;1,000;15,933;4,000;1,000;

14907;2017.05.14 02:00:00;8,167;12,600;3,000;68,000;3,000;15,933;4,000;1,000;

14908;2017.05.14 03:00:00;8,723;12,300;2,000;70,000;6,000;15,933;4,000;1,000;

14909;2017.05.14 04:00:00;7,945;12,500;3,000;70,000;7,000;15,933;4,000;1,000;

14910;2017.05.14 05:00:00;9,556;14,200;3,000;65,000;7,000;15,933;4,000;1,000;

14911;2017.05.14 06:00:00;8,890;15,700;2,000;64,000;6,000;15,933;4,000;1,000;

14912;2017.05.14 07:00:00;8,001;16,800;2,000;62,000;8,000;15,933;4,000;1,000;

14913;2017.05.14 08:00:00;7,501;18,000;2,000;60,000;7,000;15,933;4,000;1,000;

14914;2017.05.14 09:00:00;6,167;19,800;4,000;55,000;7,000;15,933;4,000;1,000;

14915;2017.05.14 10:00:00;5,223;20,900;2,000;50,000;7,000;15,933;4,000;1,000;

14916;2017.05.14 11:00:00;3,667;21,200;2,000;48,000;7,000;15,933;4,000;1,000;

14917;2017.05.14 12:00:00;2,707;20,100;3,000;60,000;7,000;15,933;4,000;1,000;

14918;2017.05.14 13:00:00;3,127;19,900;3,000;61,000;6,000;15,933;4,000;1,000;

14919;2017.05.14 14:00:00;3,167;17,900;3,000;64,000;7,000;15,933;4,000;1,000;

14920;2017.05.14 15:00:00;3,222;17,100;3,000;68,000;7,000;15,933;4,000;1,000;

14921;2017.05.14 16:00:00;2,834;15,400;3,000;74,000;7,000;15,933;4,000;1,000;

14922;2017.05.14 17:00:00;1,333;15,300;3,000;73,000;7,000;15,933;4,000;1,000;

14923;2017.05.14 18:00:00;0,556;15,200;2,000;76,000;7,000;15,933;4,000;1,000;

14924;2017.05.14 19:00:00;0,111;13,800;2,000;83,000;7,000;15,933;4,000;1,000;

14925;2017.05.14 20:00:00;0,000;12,700;2,000;90,000;7,000;15,933;4,000;1,000;

14926;2017.05.14 21:00:00;0,000;12,500;1,000;92,000;8,000;15,933;4,000;1,000;

14927;2017.05.14 22:00:00;0,000;13,000;1,000;90,000;8,000;15,933;4,000;1,000;

14928;2017.05.14 23:00:00;9,223;13,100;2,000;90,000;8,000;15,933;4,000;1,000;

14929;2017.05.15 00:00:00;5,903;12,900;2,000;90,000;6,000;16,000;1,000;1,000;

14930;2017.05.15 01:00:00;6,603;12,000;1,000;94,000;4,000;16,000;1,000;1,000;

14931;2017.05.15 02:00:00;7,274;11,500;1,000;96,000;2,000;16,000;1,000;1,000;

14932;2017.05.15 03:00:00;7,167;11,300;2,000;96,000;2,000;16,000;1,000;1,000;

14933;2017.05.15 04:00:00;8,445;11,100;1,000;97,000;2,000;16,000;1,000;1,000;

14934;2017.05.15 05:00:00;8,501;11,200;2,000;95,000;6,000;16,000;1,000;1,000;

14935;2017.05.15 06:00:00;9,723;13,400;1,000;91,000;7,000;16,000;1,000;1,000;

14936;2017.05.15 07:00:00;8,112;15,700;1,000;85,000;7,000;16,000;1,000;1,000;

14937;2017.05.15 08:00:00;6,167;15,900;3,000;85,000;8,000;16,000;1,000;1,000;

14938;2017.05.15 09:00:00;0,667;15,400;3,000;84,000;7,000;16,000;1,000;1,000;

14939;2017.05.15 10:00:00;0,000;16,300;3,000;80,000;6,000;16,000;1,000;1,000;

14940;2017.05.15 11:00:00;0,000;16,900;4,000;60,000;7,000;16,000;1,000;1,000;

14941;2017.05.15 12:00:00;0,000;16,500;5,000;60,000;7,000;16,000;1,000;1,000;

14942;2017.05.15 13:00:00;0,000;15,800;6,000;64,000;3,000;16,000;1,000;1,000;

14943;2017.05.15 14:00:00;0,000;16,300;6,000;56,000;1,000;16,000;1,000;1,000;

14944;2017.05.15 15:00:00;0,000;16,200;5,000;62,000;1,000;16,000;1,000;1,000;

14945;2017.05.15 16:00:00;0,000;14,200;5,000;72,000;1,000;16,000;1,000;1,000;

14946;2017.05.15 17:00:00;0,000;13,500;4,000;75,000;2,000;16,000;1,000;1,000;

14947;2017.05.15 18:00:00;0,000;12,200;3,000;86,000;4,000;16,000;1,000;1,000;

14948;2017.05.15 19:00:00;0,000;11,300;1,000;90,000;7,000;16,000;1,000;1,000;

14949;2017.05.15 20:00:00;0,000;10,700;2,000;92,000;5,000;16,000;1,000;1,000;

14950;2017.05.15 21:00:00;0,000;10,500;2,000;93,000;0,000;16,000;1,000;1,000;

14951;2017.05.15 22:00:00;0,000;10,200;2,000;94,000;1,000;16,000;1,000;1,000;

14952;2017.05.15 23:00:00;0,000;9,800;1,000;95,000;2,000;16,000;1,000;1,000;

14953;2017.05.16 00:00:00;0,000;9,700;2,000;96,000;6,000;16,050;1,000;1,000;

14954;2017.05.16 01:00:00;0,000;9,600;2,000;95,000;6,000;16,050;1,000;1,000;

14955;2017.05.16 02:00:00;0,000;9,400;2,000;95,000;7,000;16,050;1,000;1,000;

14956;2017.05.16 03:00:00;0,000;8,900;2,000;96,000;7,000;16,050;1,000;1,000;

14957;2017.05.16 04:00:00;0,000;8,900;1,000;98,000;8,000;16,050;1,000;1,000;

14958;2017.05.16 05:00:00;0,000;9,700;1,000;95,000;8,000;16,050;1,000;1,000;

14959;2017.05.16 06:00:00;0,000;10,700;2,000;93,000;8,000;16,050;1,000;1,000;

14960;2017.05.16 07:00:00;0,000;12,300;2,000;86,000;8,000;16,050;1,000;1,000;

14961;2017.05.16 08:00:00;0,000;13,700;1,000;83,000;8,000;16,050;1,000;1,000;

14962;2017.05.16 09:00:00;0,000;14,700;2,000;74,000;8,000;16,050;1,000;1,000;

14963;2017.05.16 10:00:00;0,000;16,200;2,000;69,000;8,000;16,050;1,000;1,000;

14964;2017.05.16 11:00:00;0,000;16,600;3,000;71,000;8,000;16,050;1,000;1,000;

14965;2017.05.16 12:00:00;0,000;15,100;4,000;73,000;8,000;16,050;1,000;1,000;

14966;2017.05.16 13:00:00;0,000;14,000;3,000;73,000;8,000;16,050;1,000;1,000;

14967;2017.05.16 14:00:00;0,000;12,700;3,000;78,000;8,000;16,050;1,000;1,000;

14968;2017.05.16 15:00:00;0,000;11,800;2,000;79,000;8,000;16,050;1,000;1,000;

14969;2017.05.16 16:00:00;0,000;11,800;2,000;79,000;8,000;16,050;1,000;1,000;

14970;2017.05.16 17:00:00;0,000;11,300;2,000;84,000;8,000;16,050;1,000;1,000;

14971;2017.05.16 18:00:00;0,000;10,100;1,000;88,000;8,000;16,050;1,000;1,000;

14972;2017.05.16 19:00:00;0,000;10,400;1,000;88,000;8,000;16,050;1,000;1,000;

14973;2017.05.16 20:00:00;0,000;9,800;0,000;91,000;8,000;16,050;1,000;1,000;

14974;2017.05.16 21:00:00;0,000;10,900;1,000;79,000;7,000;16,050;1,000;1,000;

14975;2017.05.16 22:00:00;0,000;11,000;1,000;81,000;7,000;16,050;1,000;1,000;

14976;2017.05.16 23:00:00;0,000;10,700;1,000;83,000;2,000;16,050;1,000;1,000;

14977;2017.05.17 00:00:00;0,000;11,000;2,000;82,000;7,000;16,100;1,000;1,000;

14978;2017.05.17 01:00:00;0,000;10,900;2,000;81,000;8,000;16,100;1,000;1,000;

14979;2017.05.17 02:00:00;0,000;10,800;2,000;82,000;7,000;16,100;1,000;1,000;

14980;2017.05.17 03:00:00;0,000;10,800;2,000;85,000;7,000;16,100;1,000;1,000;

14981;2017.05.17 04:00:00;0,000;11,000;2,000;89,000;7,000;16,100;1,000;1,000;

14982;2017.05.17 05:00:00;0,000;12,200;3,000;87,000;7,000;16,100;1,000;1,000;

14983;2017.05.17 06:00:00;0,000;14,200;2,000;79,000;7,000;16,100;1,000;1,000;

14984;2017.05.17 07:00:00;0,000;16,500;3,000;67,000;7,000;16,100;1,000;1,000;

14985;2017.05.17 08:00:00;0,000;17,700;3,000;65,000;7,000;16,100;1,000;1,000;

14986;2017.05.17 09:00:00;0,000;19,000;5,000;51,000;5,000;16,100;1,000;1,000;

14987;2017.05.17 10:00:00;0,000;20,200;4,000;44,000;6,000;16,100;1,000;1,000;

14988;2017.05.17 11:00:00;0,000;21,300;3,000;44,000;6,000;16,100;1,000;1,000;

14989;2017.05.17 12:00:00;0,000;22,000;3,000;43,000;7,000;16,100;1,000;1,000;

14990;2017.05.17 13:00:00;0,000;22,600;3,000;38,000;7,000;16,100;1,000;1,000;

14991;2017.05.17 14:00:00;0,000;23,000;3,000;39,000;7,000;16,100;1,000;1,000;

14992;2017.05.17 15:00:00;0,000;23,100;2,000;36,000;7,000;16,100;1,000;1,000;

14993;2017.05.17 16:00:00;0,000;22,800;2,000;36,000;7,000;16,100;1,000;1,000;

14994;2017.05.17 17:00:00;0,000;20,900;1,000;57,000;8,000;16,100;1,000;1,000;

14995;2017.05.17 18:00:00;0,000;20,500;1,000;59,000;6,000;16,100;1,000;1,000;

14996;2017.05.17 19:00:00;0,000;20,100;1,000;47,000;6,000;16,100;1,000;1,000;

14997;2017.05.17 20:00:00;0,000;18,900;2,000;49,000;7,000;16,100;1,000;1,000;

14998;2017.05.17 21:00:00;0,000;17,500;2,000;55,000;8,000;16,100;1,000;1,000;

14999;2017.05.17 22:00:00;0,000;16,300;2,000;60,000;0,000;16,100;1,000;1,000;

15000;2017.05.17 23:00:00;0,000;15,900;3,000;62,000;0,000;16,100;1,000;1,000;

15001;2017.05.18 00:00:00;0,000;15,100;3,000;68,000;0,000;16,167;1,000;1,000;

15002;2017.05.18 01:00:00;0,000;14,400;3,000;72,000;0,000;16,167;1,000;1,000;

15003;2017.05.18 02:00:00;0,000;14,000;3,000;72,000;0,000;16,167;1,000;1,000;

15004;2017.05.18 03:00:00;0,000;13,700;3,000;72,000;0,000;16,167;1,000;1,000;

15005;2017.05.18 04:00:00;0,000;13,900;2,000;70,000;0,000;16,167;1,000;1,000;

15006;2017.05.18 05:00:00;0,000;16,100;4,000;61,000;1,000;16,167;1,000;1,000;

15007;2017.05.18 06:00:00;0,000;18,500;4,000;55,000;1,000;16,167;1,000;1,000;

15008;2017.05.18 07:00:00;0,000;20,600;5,000;44,000;0,000;16,167;1,000;1,000;

15009;2017.05.18 08:00:00;0,000;22,200;6,000;40,000;0,000;16,167;1,000;1,000;

15010;2017.05.18 09:00:00;0,000;23,500;5,000;38,000;0,000;16,167;1,000;1,000;

15011;2017.05.18 10:00:00;0,000;24,400;4,000;37,000;0,000;16,167;1,000;1,000;

15012;2017.05.18 11:00:00;0,000;25,200;4,000;34,000;0,000;16,167;1,000;1,000;

15013;2017.05.18 12:00:00;0,000;25,600;4,000;33,000;0,000;16,167;1,000;1,000;

15014;2017.05.18 13:00:00;0,000;26,200;4,000;33,000;0,000;16,167;1,000;1,000;

15015;2017.05.18 14:00:00;0,000;25,900;5,000;33,000;1,000;16,167;1,000;1,000;

15016;2017.05.18 15:00:00;0,000;25,700;5,000;34,000;1,000;16,167;1,000;1,000;

15017;2017.05.18 16:00:00;0,000;25,400;5,000;34,000;1,000;16,167;1,000;1,000;

15018;2017.05.18 17:00:00;0,000;24,800;4,000;36,000;1,000;16,167;1,000;1,000;

15019;2017.05.18 18:00:00;0,000;23,900;4,000;37,000;1,000;16,167;1,000;1,000;

15020;2017.05.18 19:00:00;0,000;22,400;3,000;44,000;2,000;16,167;1,000;1,000;

15021;2017.05.18 20:00:00;0,000;21,000;3,000;48,000;2,000;16,167;1,000;1,000;

15022;2017.05.18 21:00:00;0,000;19,700;2,000;53,000;1,000;16,167;1,000;1,000;

15023;2017.05.18 22:00:00;0,000;18,200;2,000;59,000;0,000;16,167;1,000;1,000;

15024;2017.05.18 23:00:00;0,000;17,400;3,000;62,000;0,000;16,167;1,000;1,000;

15025;2017.05.19 00:00:00;0,000;17,200;3,000;63,000;0,000;16,217;2,000;1,000;

15026;2017.05.19 01:00:00;0,000;16,800;4,000;63,000;0,000;16,217;2,000;1,000;

15027;2017.05.19 02:00:00;0,000;16,200;4,000;65,000;0,000;16,217;2,000;1,000;

15028;2017.05.19 03:00:00;0,000;15,800;4,000;66,000;0,000;16,217;2,000;1,000;

15029;2017.05.19 04:00:00;0,000;15,800;4,000;67,000;1,000;16,217;2,000;1,000;

15030;2017.05.19 05:00:00;0,000;17,100;3,000;63,000;1,000;16,217;2,000;1,000;

15031;2017.05.19 06:00:00;0,000;19,200;4,000;59,000;1,000;16,217;2,000;1,000;

15032;2017.05.19 07:00:00;0,000;21,100;4,000;53,000;0,000;16,217;2,000;1,000;

15033;2017.05.19 08:00:00;0,000;23,400;3,000;47,000;0,000;16,217;2,000;1,000;

15034;2017.05.19 09:00:00;0,000;25,100;4,000;40,000;0,000;16,217;2,000;1,000;

15035;2017.05.19 10:00:00;0,000;26,100;4,000;36,000;0,000;16,217;2,000;1,000;

15036;2017.05.19 11:00:00;0,000;26,800;5,000;34,000;0,000;16,217;2,000;1,000;

15037;2017.05.19 12:00:00;0,000;27,600;4,000;33,000;0,000;16,217;2,000;1,000;

15038;2017.05.19 13:00:00;0,000;27,600;6,000;34,000;0,000;16,217;2,000;1,000;

15039;2017.05.19 14:00:00;0,000;28,000;4,000;35,000;1,000;16,217;2,000;1,000;

15040;2017.05.19 15:00:00;0,000;27,600;5,000;35,000;0,000;16,217;2,000;1,000;

15041;2017.05.19 16:00:00;0,000;27,300;5,000;35,000;0,000;16,217;2,000;1,000;

15042;2017.05.19 17:00:00;0,000;26,600;4,000;39,000;0,000;16,217;2,000;1,000;

15043;2017.05.19 18:00:00;0,000;25,500;4,000;42,000;0,000;16,217;2,000;1,000;

15044;2017.05.19 19:00:00;0,000;24,000;3,000;46,000;0,000;16,217;2,000;1,000;

15045;2017.05.19 20:00:00;0,000;22,600;2,000;49,000;0,000;16,217;2,000;1,000;

15046;2017.05.19 21:00:00;0,000;21,000;2,000;53,000;0,000;16,217;2,000;1,000;

15047;2017.05.19 22:00:00;0,000;20,100;2,000;55,000;0,000;16,217;2,000;1,000;

15048;2017.05.19 23:00:00;0,000;19,400;3,000;56,000;0,000;16,217;2,000;1,000;

15049;2017.05.20 00:00:00;0,000;19,300;4,000;56,000;0,000;16,267;3,000;1,000;

15050;2017.05.20 01:00:00;0,000;18,600;4,000;57,000;0,000;16,267;3,000;1,000;

15051;2017.05.20 02:00:00;0,000;17,900;4,000;59,000;0,000;16,267;3,000;1,000;

15052;2017.05.20 03:00:00;0,000;17,300;4,000;61,000;0,000;16,267;3,000;1,000;

15053;2017.05.20 04:00:00;0,000;17,100;3,000;63,000;0,000;16,267;3,000;1,000;

15054;2017.05.20 05:00:00;0,000;18,000;3,000;62,000;0,000;16,267;3,000;1,000;

15055;2017.05.20 06:00:00;0,000;19,000;3,000;62,000;0,000;16,267;3,000;1,000;

15056;2017.05.20 07:00:00;0,000;15,600;7,000;84,000;8,000;16,267;3,000;1,000;

15057;2017.05.20 08:00:00;0,000;13,800;7,000;87,000;8,000;16,267;3,000;1,000;

15058;2017.05.20 09:00:00;0,000;13,400;5,000;87,000;8,000;16,267;3,000;1,000;

15059;2017.05.20 10:00:00;0,000;12,700;5,000;93,000;8,000;16,267;3,000;1,000;

15060;2017.05.20 11:00:00;0,000;12,700;6,000;88,000;8,000;16,267;3,000;1,000;

15061;2017.05.20 12:00:00;0,000;13,700;6,000;81,000;8,000;16,267;3,000;1,000;

15062;2017.05.20 13:00:00;0,000;13,800;7,000;78,000;8,000;16,267;3,000;1,000;

15063;2017.05.20 14:00:00;0,000;14,200;7,000;75,000;8,000;16,267;3,000;1,000;

15064;2017.05.20 15:00:00;0,000;14,700;8,000;70,000;8,000;16,267;3,000;1,000;

15065;2017.05.20 16:00:00;0,000;14,400;7,000;70,000;4,000;16,267;3,000;1,000;

15066;2017.05.20 17:00:00;0,000;13,900;7,000;69,000;1,000;16,267;3,000;1,000;

15067;2017.05.20 18:00:00;0,000;13,300;6,000;72,000;1,000;16,267;3,000;1,000;

15068;2017.05.20 19:00:00;0,000;12,600;5,000;75,000;1,000;16,267;3,000;1,000;

15069;2017.05.20 20:00:00;0,000;12,400;5,000;75,000;1,000;16,267;3,000;1,000;

15070;2017.05.20 21:00:00;0,000;12,000;5,000;78,000;0,000;16,267;3,000;1,000;

15071;2017.05.20 22:00:00;0,000;11,500;5,000;82,000;0,000;16,267;3,000;1,000;

15072;2017.05.20 23:00:00;0,000;11,200;5,000;83,000;0,000;16,267;3,000;1,000;

15073;2017.05.21 00:00:00;0,000;11,300;5,000;82,000;0,000;16,317;4,000;1,000;

15074;2017.05.21 01:00:00;0,000;10,900;4,000;85,000;0,000;16,317;4,000;1,000;

15075;2017.05.21 02:00:00;0,000;10,700;6,000;86,000;0,000;16,317;4,000;1,000;

15076;2017.05.21 03:00:00;0,000;10,400;5,000;88,000;1,000;16,317;4,000;1,000;

15077;2017.05.21 04:00:00;0,000;10,700;5,000;87,000;2,000;16,317;4,000;1,000;

15078;2017.05.21 05:00:00;0,000;11,300;6,000;83,000;2,000;16,317;4,000;1,000;

15079;2017.05.21 06:00:00;0,000;11,400;6,000;83,000;2,000;16,317;4,000;1,000;

15080;2017.05.21 07:00:00;0,000;11,900;5,000;80,000;2,000;16,317;4,000;1,000;

15081;2017.05.21 08:00:00;0,000;13,200;5,000;75,000;4,000;16,317;4,000;1,000;

15082;2017.05.21 09:00:00;0,000;13,000;6,000;72,000;3,000;16,317;4,000;1,000;

15083;2017.05.21 10:00:00;0,000;13,700;7,000;70,000;2,000;16,317;4,000;1,000;

15084;2017.05.21 11:00:00;0,000;14,200;7,000;68,000;2,000;16,317;4,000;1,000;

15085;2017.05.21 12:00:00;0,000;14,600;7,000;67,000;2,000;16,317;4,000;1,000;

15086;2017.05.21 13:00:00;0,000;14,900;7,000;64,000;1,000;16,317;4,000;1,000;

15087;2017.05.21 14:00:00;0,000;15,100;6,000;63,000;1,000;16,317;4,000;1,000;

15088;2017.05.21 15:00:00;0,000;15,100;6,000;62,000;1,000;16,317;4,000;1,000;

15089;2017.05.21 16:00:00;0,000;14,800;6,000;61,000;1,000;16,317;4,000;1,000;

15090;2017.05.21 17:00:00;0,000;14,400;5,000;62,000;2,000;16,317;4,000;1,000;

15091;2017.05.21 18:00:00;0,000;13,800;5,000;65,000;3,000;16,317;4,000;1,000;

15092;2017.05.21 19:00:00;0,000;12,600;5,000;69,000;3,000;16,317;4,000;1,000;

15093;2017.05.21 20:00:00;0,000;11,800;4,000;75,000;1,000;16,317;4,000;1,000;

15094;2017.05.21 21:00:00;0,000;11,100;4,000;79,000;1,000;16,317;4,000;1,000;

15095;2017.05.21 22:00:00;0,000;10,800;4,000;80,000;1,000;16,317;4,000;1,000;

15096;2017.05.21 23:00:00;0,000;10,100;3,000;83,000;0,000;16,317;4,000;1,000;

15097;2017.05.22 00:00:00;0,000;9,600;0,000;88,000;0,000;16,367;1,000;1,000;

15098;2017.05.22 01:00:00;0,000;9,500;1,000;89,000;0,000;16,367;1,000;1,000;

15099;2017.05.22 02:00:00;0,000;8,000;1,000;92,000;2,000;16,367;1,000;1,000;

15100;2017.05.22 03:00:00;0,000;7,700;1,000;92,000;6,000;16,367;1,000;1,000;

15101;2017.05.22 04:00:00;0,000;8,900;1,000;91,000;7,000;16,367;1,000;1,000;

15102;2017.05.22 05:00:00;0,000;11,500;1,000;84,000;7,000;16,367;1,000;1,000;

15103;2017.05.22 06:00:00;0,000;13,500;2,000;74,000;6,000;16,367;1,000;1,000;

15104;2017.05.22 07:00:00;0,000;15,500;2,000;61,000;3,000;16,367;1,000;1,000;

15105;2017.05.22 08:00:00;0,000;16,500;3,000;56,000;2,000;16,367;1,000;1,000;

15106;2017.05.22 09:00:00;0,000;16,200;3,000;58,000;2,000;16,367;1,000;1,000;

15107;2017.05.22 10:00:00;0,000;17,200;4,000;49,000;1,000;16,367;1,000;1,000;

15108;2017.05.22 11:00:00;0,000;16,800;4,000;53,000;1,000;16,367;1,000;1,000;

15109;2017.05.22 12:00:00;0,000;17,100;3,000;55,000;1,000;16,367;1,000;1,000;

15110;2017.05.22 13:00:00;0,000;17,200;4,000;54,000;1,000;16,367;1,000;1,000;

15111;2017.05.22 14:00:00;0,000;17,500;5,000;46,000;0,000;16,367;1,000;1,000;

15112;2017.05.22 15:00:00;0,000;15,900;4,000;56,000;0,000;16,367;1,000;1,000;

15113;2017.05.22 16:00:00;0,000;15,600;5,000;54,000;0,000;16,367;1,000;1,000;

15114;2017.05.22 17:00:00;0,000;15,200;3,000;58,000;0,000;16,367;1,000;1,000;

15115;2017.05.22 18:00:00;0,000;14,400;2,000;62,000;0,000;16,367;1,000;1,000;

15116;2017.05.22 19:00:00;0,000;12,400;1,000;73,000;2,000;16,367;1,000;1,000;

15117;2017.05.22 20:00:00;0,000;9,900;1,000;85,000;1,000;16,367;1,000;1,000;

15118;2017.05.22 21:00:00;0,000;8,600;1,000;90,000;1,000;16,367;1,000;1,000;

15119;2017.05.22 22:00:00;0,000;8,600;1,000;91,000;1,000;16,367;1,000;1,000;

15120;2017.05.22 23:00:00;0,000;9,700;1,000;82,000;1,000;16,367;1,000;1,000;

15121;2017.05.23 00:00:00;0,000;9,000;1,000;83,000;0,000;16,417;1,000;1,000;

15122;2017.05.23 01:00:00;0,000;8,600;2,000;85,000;0,000;16,417;1,000;1,000;

15123;2017.05.23 02:00:00;0,000;8,100;2,000;88,000;2,000;16,417;1,000;1,000;

15124;2017.05.23 03:00:00;0,000;7,800;2,000;86,000;4,000;16,417;1,000;1,000;

15125;2017.05.23 04:00:00;0,000;8,500;1,000;81,000;5,000;16,417;1,000;1,000;

15126;2017.05.23 05:00:00;0,000;10,900;1,000;74,000;5,000;16,417;1,000;1,000;

15127;2017.05.23 06:00:00;0,000;13,500;2,000;68,000;7,000;16,417;1,000;1,000;

15128;2017.05.23 07:00:00;0,000;16,100;3,000;61,000;5,000;16,417;1,000;1,000;

15129;2017.05.23 08:00:00;0,000;17,100;3,000;58,000;7,000;16,417;1,000;1,000;

15130;2017.05.23 09:00:00;0,000;17,500;2,000;57,000;8,000;16,417;1,000;1,000;

15131;2017.05.23 10:00:00;0,000;18,500;2,000;53,000;8,000;16,417;1,000;1,000;

15132;2017.05.23 11:00:00;0,000;19,500;1,000;53,000;7,000;16,417;1,000;1,000;

15133;2017.05.23 12:00:00;0,000;19,700;3,000;50,000;7,000;16,417;1,000;1,000;

15134;2017.05.23 13:00:00;0,000;20,000;4,000;47,000;7,000;16,417;1,000;1,000;

15135;2017.05.23 14:00:00;0,000;19,800;3,000;45,000;7,000;16,417;1,000;1,000;

15136;2017.05.23 15:00:00;0,000;20,200;3,000;44,000;6,000;16,417;1,000;1,000;

15137;2017.05.23 16:00:00;0,000;20,500;2,000;39,000;4,000;16,417;1,000;1,000;

15138;2017.05.23 17:00:00;0,000;19,500;2,000;45,000;2,000;16,417;1,000;1,000;

15139;2017.05.23 18:00:00;0,000;18,400;1,000;53,000;5,000;16,417;1,000;1,000;

15140;2017.05.23 19:00:00;0,000;16,500;1,000;63,000;7,000;16,417;1,000;1,000;

15141;2017.05.23 20:00:00;0,000;15,200;1,000;69,000;7,000;16,417;1,000;1,000;

15142;2017.05.23 21:00:00;0,000;16,100;2,000;61,000;8,000;16,417;1,000;1,000;

15143;2017.05.23 22:00:00;0,000;15,000;0,000;72,000;7,000;16,417;1,000;1,000;

15144;2017.05.23 23:00:00;0,000;15,400;2,000;65,000;8,000;16,417;1,000;1,000;

15145;2017.05.24 00:00:00;0,000;15,500;3,000;67,000;8,000;16,450;1,000;1,000;

15146;2017.05.24 01:00:00;0,000;13,900;4,000;78,000;8,000;16,450;1,000;1,000;

15147;2017.05.24 02:00:00;0,000;13,400;1,000;88,000;8,000;16,450;1,000;1,000;

15148;2017.05.24 03:00:00;0,000;13,300;0,000;90,000;8,000;16,450;1,000;1,000;

15149;2017.05.24 04:00:00;0,000;12,900;3,000;94,000;8,000;16,450;1,000;1,000;

15150;2017.05.24 05:00:00;0,000;12,200;4,000;95,000;8,000;16,450;1,000;1,000;

15151;2017.05.24 06:00:00;0,000;12,000;4,000;94,000;8,000;16,450;1,000;1,000;

15152;2017.05.24 07:00:00;0,000;11,500;4,000;93,000;8,000;16,450;1,000;1,000;

15153;2017.05.24 08:00:00;0,000;11,400;4,000;93,000;8,000;16,450;1,000;1,000;

15154;2017.05.24 09:00:00;0,000;11,500;4,000;93,000;8,000;16,450;1,000;1,000;

15155;2017.05.24 10:00:00;0,000;11,700;5,000;92,000;8,000;16,450;1,000;1,000;

15156;2017.05.24 11:00:00;0,000;11,600;5,000;92,000;8,000;16,450;1,000;1,000;

15157;2017.05.24 12:00:00;0,000;11,700;5,000;95,000;8,000;16,450;1,000;1,000;

15158;2017.05.24 13:00:00;0,000;11,700;5,000;96,000;8,000;16,450;1,000;1,000;

15159;2017.05.24 14:00:00;0,000;11,500;4,000;96,000;8,000;16,450;1,000;1,000;

15160;2017.05.24 15:00:00;0,000;11,700;4,000;96,000;8,000;16,450;1,000;1,000;

15161;2017.05.24 16:00:00;0,000;11,600;5,000;96,000;8,000;16,450;1,000;1,000;

15162;2017.05.24 17:00:00;0,000;11,300;4,000;97,000;8,000;16,450;1,000;1,000;

15163;2017.05.24 18:00:00;0,000;11,600;3,000;95,000;7,000;16,450;1,000;1,000;

15164;2017.05.24 19:00:00;0,000;11,600;1,000;95,000;7,000;16,450;1,000;1,000;

15165;2017.05.24 20:00:00;0,000;11,600;2,000;95,000;8,000;16,450;1,000;1,000;

15166;2017.05.24 21:00:00;0,000;11,400;3,000;96,000;8,000;16,450;1,000;1,000;

15167;2017.05.24 22:00:00;0,000;11,200;3,000;94,000;8,000;16,450;1,000;1,000;

15168;2017.05.24 23:00:00;0,000;11,100;2,000;93,000;8,000;16,450;1,000;1,000;

15169;2017.05.25 00:00:00;0,000;10,000;2,000;95,000;0,000;16,517;1,000;1,000;

15170;2017.05.25 01:00:00;0,000;9,400;2,000;96,000;1,000;16,517;1,000;1,000;

15171;2017.05.25 02:00:00;0,000;8,400;1,000;97,000;0,000;16,517;1,000;1,000;

15172;2017.05.25 03:00:00;0,000;7,700;2,000;98,000;0,000;16,517;1,000;1,000;

15173;2017.05.25 04:00:00;0,000;7,700;2,000;99,000;0,000;16,517;1,000;1,000;

15174;2017.05.25 05:00:00;0,000;10,500;2,000;94,000;0,000;16,517;1,000;1,000;

15175;2017.05.25 06:00:00;0,000;12,800;4,000;82,000;0,000;16,517;1,000;1,000;

15176;2017.05.25 07:00:00;0,000;13,500;4,000;72,000;6,000;16,517;1,000;1,000;

15177;2017.05.25 08:00:00;0,000;13,100;4,000;79,000;7,000;16,517;1,000;1,000;

15178;2017.05.25 09:00:00;0,000;13,300;6,000;76,000;7,000;16,517;1,000;1,000;

15179;2017.05.25 10:00:00;0,000;14,400;5,000;70,000;6,000;16,517;1,000;1,000;

15180;2017.05.25 11:00:00;0,000;13,600;6,000;76,000;7,000;16,517;1,000;1,000;

15181;2017.05.25 12:00:00;0,000;14,100;5,000;73,000;6,000;16,517;1,000;1,000;

15182;2017.05.25 13:00:00;0,000;14,700;7,000;67,000;6,000;16,517;1,000;1,000;

15183;2017.05.25 14:00:00;0,000;14,100;6,000;70,000;6,000;16,517;1,000;1,000;

15184;2017.05.25 15:00:00;0,000;14,300;6,000;71,000;6,000;16,517;1,000;1,000;

15185;2017.05.25 16:00:00;0,000;14,800;6,000;67,000;6,000;16,517;1,000;1,000;

15186;2017.05.25 17:00:00;0,000;14,800;5,000;67,000;7,000;16,517;1,000;1,000;

15187;2017.05.25 18:00:00;0,000;14,700;5,000;69,000;7,000;16,517;1,000;1,000;

15188;2017.05.25 19:00:00;0,000;13,700;4,000;68,000;7,000;16,517;1,000;1,000;

15189;2017.05.25 20:00:00;0,000;12,300;2,000;77,000;6,000;16,517;1,000;1,000;

15190;2017.05.25 21:00:00;0,000;11,400;2,000;83,000;6,000;16,517;1,000;1,000;

15191;2017.05.25 22:00:00;0,000;10,800;2,000;86,000;0,000;16,517;1,000;1,000;

15192;2017.05.25 23:00:00;0,000;10,700;2,000;87,000;5,000;16,517;1,000;1,000;

15193;2017.05.26 00:00:00;0,000;10,200;3,000;88,000;5,000;16,550;2,000;1,000;

15194;2017.05.26 01:00:00;0,000;9,600;1,000;90,000;5,000;16,550;2,000;1,000;

15195;2017.05.26 02:00:00;0,000;11,400;4,000;86,000;1,000;16,550;2,000;1,000;

15196;2017.05.26 03:00:00;0,000;11,800;3,000;87,000;1,000;16,550;2,000;1,000;

15197;2017.05.26 04:00:00;0,000;12,500;3,000;86,000;0,000;16,550;2,000;1,000;

15198;2017.05.26 05:00:00;0,000;13,500;4,000;85,000;0,000;16,550;2,000;1,000;

15199;2017.05.26 06:00:00;0,000;13,900;3,000;84,000;1,000;16,550;2,000;1,000;

15200;2017.05.26 07:00:00;0,000;14,500;4,000;83,000;1,000;16,550;2,000;1,000;

15201;2017.05.26 08:00:00;0,000;14,900;4,000;79,000;1,000;16,550;2,000;1,000;

15202;2017.05.26 09:00:00;0,000;15,600;4,000;74,000;0,000;16,550;2,000;1,000;

15203;2017.05.26 10:00:00;0,000;16,300;4,000;74,000;0,000;16,550;2,000;1,000;

15204;2017.05.26 11:00:00;0,000;16,200;4,000;76,000;0,000;16,550;2,000;1,000;

15205;2017.05.26 12:00:00;0,000;16,500;4,000;74,000;0,000;16,550;2,000;1,000;

15206;2017.05.26 13:00:00;0,000;16,500;4,000;74,000;0,000;16,550;2,000;1,000;

15207;2017.05.26 14:00:00;0,000;16,700;4,000;72,000;0,000;16,550;2,000;1,000;

15208;2017.05.26 15:00:00;0,000;16,200;3,000;77,000;0,000;16,550;2,000;1,000;

15209;2017.05.26 16:00:00;0,000;16,200;3,000;76,000;0,000;16,550;2,000;1,000;

15210;2017.05.26 17:00:00;0,000;15,300;3,000;78,000;0,000;16,550;2,000;1,000;

15211;2017.05.26 18:00:00;0,000;15,500;1,000;70,000;0,000;16,550;2,000;1,000;

15212;2017.05.26 19:00:00;0,000;14,100;2,000;78,000;0,000;16,550;2,000;1,000;

15213;2017.05.26 20:00:00;0,000;12,500;1,000;90,000;0,000;16,550;2,000;1,000;

15214;2017.05.26 21:00:00;0,000;10,500;1,000;94,000;0,000;16,550;2,000;1,000;

15215;2017.05.26 22:00:00;0,000;9,700;1,000;97,000;0,000;16,550;2,000;1,000;

15216;2017.05.26 23:00:00;0,000;9,700;0,000;98,000;0,000;16,550;2,000;1,000;

15217;2017.05.27 00:00:00;0,000;9,200;1,000;96,000;0,000;16,600;3,000;1,000;

15218;2017.05.27 01:00:00;0,000;9,000;0,000;97,000;0,000;16,600;3,000;1,000;

15219;2017.05.27 02:00:00;0,000;8,900;1,000;98,000;0,000;16,600;3,000;1,000;

15220;2017.05.27 03:00:00;0,000;9,000;1,000;98,000;0,000;16,600;3,000;1,000;

15221;2017.05.27 04:00:00;0,000;10,500;1,000;93,000;0,000;16,600;3,000;1,000;

15222;2017.05.27 05:00:00;0,000;12,600;1,000;81,000;0,000;16,600;3,000;1,000;

15223;2017.05.27 06:00:00;0,000;14,800;2,000;66,000;0,000;16,600;3,000;1,000;

15224;2017.05.27 07:00:00;0,000;16,900;2,000;60,000;0,000;16,600;3,000;1,000;

15225;2017.05.27 08:00:00;0,000;19,000;1,000;50,000;0,000;16,600;3,000;1,000;

15226;2017.05.27 09:00:00;0,000;20,200;1,000;45,000;0,000;16,600;3,000;1,000;

15227;2017.05.27 10:00:00;0,000;21,300;2,000;45,000;0,000;16,600;3,000;1,000;

15228;2017.05.27 11:00:00;0,000;21,800;2,000;49,000;0,000;16,600;3,000;1,000;

15229;2017.05.27 12:00:00;0,000;21,600;3,000;44,000;0,000;16,600;3,000;1,000;

15230;2017.05.27 13:00:00;0,000;21,600;3,000;44,000;0,000;16,600;3,000;1,000;

15231;2017.05.27 14:00:00;0,000;21,400;3,000;44,000;0,000;16,600;3,000;1,000;

15232;2017.05.27 15:00:00;0,000;21,300;2,000;45,000;0,000;16,600;3,000;1,000;

15233;2017.05.27 16:00:00;0,000;21,200;2,000;48,000;0,000;16,600;3,000;1,000;

15234;2017.05.27 17:00:00;0,000;21,000;1,000;50,000;1,000;16,600;3,000;1,000;

15235;2017.05.27 18:00:00;0,000;20,300;2,000;52,000;1,000;16,600;3,000;1,000;

15236;2017.05.27 19:00:00;0,000;19,400;1,000;58,000;1,000;16,600;3,000;1,000;

15237;2017.05.27 20:00:00;0,000;15,600;0,000;73,000;0,000;16,600;3,000;1,000;

15238;2017.05.27 21:00:00;0,000;13,900;0,000;81,000;0,000;16,600;3,000;1,000;

15239;2017.05.27 22:00:00;0,000;15,400;2,000;77,000;0,000;16,600;3,000;1,000;

15240;2017.05.27 23:00:00;0,000;14,900;2,000;78,000;0,000;16,600;3,000;1,000;

15241;2017.05.28 00:00:00;0,000;14,500;2,000;74,000;0,000;16,650;4,000;1,000;

15242;2017.05.28 01:00:00;0,000;13,900;2,000;76,000;0,000;16,650;4,000;1,000;

15243;2017.05.28 02:00:00;0,000;13,200;2,000;76,000;0,000;16,650;4,000;1,000;

15244;2017.05.28 03:00:00;0,000;13,300;2,000;74,000;0,000;16,650;4,000;1,000;

15245;2017.05.28 04:00:00;0,000;14,100;2,000;69,000;0,000;16,650;4,000;1,000;

15246;2017.05.28 05:00:00;0,000;15,900;3,000;63,000;0,000;16,650;4,000;1,000;

15247;2017.05.28 06:00:00;0,000;18,400;3,000;57,000;0,000;16,650;4,000;1,000;

15248;2017.05.28 07:00:00;0,000;20,500;4,000;53,000;0,000;16,650;4,000;1,000;

15249;2017.05.28 08:00:00;0,000;22,900;5,000;38,000;1,000;16,650;4,000;1,000;

15250;2017.05.28 09:00:00;0,000;24,400;5,000;34,000;1,000;16,650;4,000;1,000;

15251;2017.05.28 10:00:00;0,000;24,900;6,000;38,000;2,000;16,650;4,000;1,000;

15252;2017.05.28 11:00:00;0,000;26,000;6,000;35,000;6,000;16,650;4,000;1,000;

15253;2017.05.28 12:00:00;0,000;26,700;5,000;33,000;6,000;16,650;4,000;1,000;

15254;2017.05.28 13:00:00;0,000;27,300;6,000;31,000;4,000;16,650;4,000;1,000;

15255;2017.05.28 14:00:00;0,000;27,500;5,000;30,000;7,000;16,650;4,000;1,000;

15256;2017.05.28 15:00:00;0,000;27,700;5,000;32,000;8,000;16,650;4,000;1,000;

15257;2017.05.28 16:00:00;0,000;26,800;4,000;37,000;7,000;16,650;4,000;1,000;

15258;2017.05.28 17:00:00;0,000;26,000;3,000;40,000;7,000;16,650;4,000;1,000;

15259;2017.05.28 18:00:00;0,000;25,200;3,000;43,000;7,000;16,650;4,000;1,000;

15260;2017.05.28 19:00:00;0,000;24,700;3,000;44,000;7,000;16,650;4,000;1,000;

15261;2017.05.28 20:00:00;0,000;19,600;2,000;70,000;3,000;16,650;4,000;1,000;

15262;2017.05.28 21:00:00;0,000;18,300;3,000;77,000;5,000;16,650;4,000;1,000;

15263;2017.05.28 22:00:00;0,000;18,500;2,000;71,000;4,000;16,650;4,000;1,000;

15264;2017.05.28 23:00:00;0,000;17,800;2,000;73,000;0,000;16,650;4,000;1,000;

15265;2017.05.29 00:00:00;0,000;16,900;2,000;85,000;0,000;16,700;1,000;1,000;

15266;2017.05.29 01:00:00;0,000;16,100;3,000;83,000;4,000;16,700;1,000;1,000;

15267;2017.05.29 02:00:00;0,000;15,100;1,000;85,000;3,000;16,700;1,000;1,000;

15268;2017.05.29 03:00:00;0,000;14,300;2,000;88,000;2,000;16,700;1,000;1,000;

15269;2017.05.29 04:00:00;0,000;14,300;2,000;90,000;7,000;16,700;1,000;1,000;

15270;2017.05.29 05:00:00;0,000;15,400;4,000;90,000;8,000;16,700;1,000;1,000;

15271;2017.05.29 06:00:00;0,000;14,700;4,000;93,000;8,000;16,700;1,000;1,000;

15272;2017.05.29 07:00:00;0,000;14,800;3,000;94,000;8,000;16,700;1,000;1,000;

15273;2017.05.29 08:00:00;0,000;14,600;4,000;94,000;8,000;16,700;1,000;1,000;

15274;2017.05.29 09:00:00;0,000;14,500;4,000;94,000;8,000;16,700;1,000;1,000;

15275;2017.05.29 10:00:00;0,000;15,300;3,000;91,000;8,000;16,700;1,000;1,000;

15276;2017.05.29 11:00:00;0,000;16,000;4,000;85,000;8,000;16,700;1,000;1,000;

15277;2017.05.29 12:00:00;0,000;16,100;4,000;85,000;8,000;16,700;1,000;1,000;

15278;2017.05.29 13:00:00;0,000;16,100;4,000;84,000;8,000;16,700;1,000;1,000;

15279;2017.05.29 14:00:00;0,000;15,600;4,000;87,000;8,000;16,700;1,000;1,000;

15280;2017.05.29 15:00:00;0,000;15,400;3,000;88,000;8,000;16,700;1,000;1,000;

15281;2017.05.29 16:00:00;0,000;15,100;3,000;89,000;8,000;16,700;1,000;1,000;

15282;2017.05.29 17:00:00;0,000;15,000;2,000;90,000;8,000;16,700;1,000;1,000;

15283;2017.05.29 18:00:00;0,000;14,800;2,000;90,000;8,000;16,700;1,000;1,000;

15284;2017.05.29 19:00:00;0,000;14,600;1,000;92,000;8,000;16,700;1,000;1,000;

15285;2017.05.29 20:00:00;0,000;14,400;1,000;90,000;8,000;16,700;1,000;1,000;

15286;2017.05.29 21:00:00;0,000;14,300;1,000;89,000;8,000;16,700;1,000;1,000;

15287;2017.05.29 22:00:00;0,000;14,300;1,000;89,000;8,000;16,700;1,000;1,000;

15288;2017.05.29 23:00:00;0,000;13,800;2,000;93,000;8,000;16,700;1,000;1,000;

15289;2017.05.30 00:00:00;0,000;13,900;1,000;92,000;7,000;16,733;1,000;1,000;

15290;2017.05.30 01:00:00;0,000;13,800;1,000;92,000;8,000;16,733;1,000;1,000;

15291;2017.05.30 02:00:00;0,000;13,700;1,000;92,000;8,000;16,733;1,000;1,000;

15292;2017.05.30 03:00:00;0,000;13,700;0,000;93,000;8,000;16,733;1,000;1,000;

15293;2017.05.30 04:00:00;0,000;13,900;1,000;93,000;8,000;16,733;1,000;1,000;

15294;2017.05.30 05:00:00;0,000;14,600;2,000;83,000;8,000;16,733;1,000;1,000;

15295;2017.05.30 06:00:00;0,000;15,100;2,000;81,000;7,000;16,733;1,000;1,000;

15296;2017.05.30 07:00:00;0,000;16,500;2,000;78,000;7,000;16,733;1,000;1,000;

15297;2017.05.30 08:00:00;0,000;17,700;2,000;75,000;6,000;16,733;1,000;1,000;

15298;2017.05.30 09:00:00;0,000;20,100;1,000;66,000;7,000;16,733;1,000;1,000;

15299;2017.05.30 10:00:00;0,000;21,500;2,000;63,000;7,000;16,733;1,000;1,000;

15300;2017.05.30 11:00:00;0,000;20,200;2,000;69,000;7,000;16,733;1,000;1,000;

15301;2017.05.30 12:00:00;0,000;23,000;2,000;58,000;7,000;16,733;1,000;1,000;

15302;2017.05.30 13:00:00;0,000;21,600;3,000;65,000;8,000;16,733;1,000;1,000;

15303;2017.05.30 14:00:00;0,000;18,300;2,000;89,000;8,000;16,733;1,000;1,000;

15304;2017.05.30 15:00:00;0,000;17,900;4,000;88,000;7,000;16,733;1,000;1,000;

15305;2017.05.30 16:00:00;0,000;18,800;3,000;86,000;7,000;16,733;1,000;1,000;

15306;2017.05.30 17:00:00;0,000;20,700;4,000;77,000;2,000;16,733;1,000;1,000;

15307;2017.05.30 18:00:00;0,000;20,100;3,000;81,000;2,000;16,733;1,000;1,000;

15308;2017.05.30 19:00:00;0,000;19,100;2,000;86,000;7,000;16,733;1,000;1,000;

15309;2017.05.30 20:00:00;0,000;18,900;3,000;87,000;8,000;16,733;1,000;1,000;

15310;2017.05.30 21:00:00;0,000;18,300;3,000;88,000;8,000;16,733;1,000;1,000;

15311;2017.05.30 22:00:00;0,000;17,800;3,000;94,000;8,000;16,733;1,000;1,000;

15312;2017.05.30 23:00:00;0,000;16,600;6,000;90,000;8,000;16,733;1,000;1,000;

15313;2017.05.31 00:00:00;0,000;16,100;5,000;91,000;8,000;16,767;1,000;1,000;

15314;2017.05.31 01:00:00;0,000;15,600;5,000;88,000;8,000;16,767;1,000;1,000;

15315;2017.05.31 02:00:00;0,000;14,800;5,000;90,000;8,000;16,767;1,000;1,000;

15316;2017.05.31 03:00:00;0,000;14,800;5,000;85,000;7,000;16,767;1,000;1,000;

15317;2017.05.31 04:00:00;0,000;14,900;5,000;88,000;8,000;16,767;1,000;1,000;

15318;2017.05.31 05:00:00;0,000;15,100;5,000;89,000;8,000;16,767;1,000;1,000;

15319;2017.05.31 06:00:00;0,000;15,600;5,000;86,000;8,000;16,767;1,000;1,000;

15320;2017.05.31 07:00:00;0,000;16,100;8,000;76,000;6,000;16,767;1,000;1,000;

15321;2017.05.31 08:00:00;0,000;16,200;8,000;77,000;6,000;16,767;1,000;1,000;

15322;2017.05.31 09:00:00;0,000;17,100;9,000;69,000;4,000;16,767;1,000;1,000;

15323;2017.05.31 10:00:00;0,000;17,400;10,000;66,000;3,000;16,767;1,000;1,000;

15324;2017.05.31 11:00:00;0,000;17,100;11,000;62,000;3,000;16,767;1,000;1,000;

15325;2017.05.31 12:00:00;0,000;17,900;9,000;57,000;3,000;16,767;1,000;1,000;

15326;2017.05.31 13:00:00;0,000;18,000;10,000;59,000;3,000;16,767;1,000;1,000;

15327;2017.05.31 14:00:00;0,000;17,100;10,000;61,000;3,000;16,767;1,000;1,000;

15328;2017.05.31 15:00:00;0,000;16,100;9,000;62,000;5,000;16,767;1,000;1,000;

15329;2017.05.31 16:00:00;0,000;15,400;11,000;63,000;6,000;16,767;1,000;1,000;

15330;2017.05.31 17:00:00;0,000;14,600;8,000;66,000;6,000;16,767;1,000;1,000;

15331;2017.05.31 18:00:00;0,000;14,000;7,000;69,000;5,000;16,767;1,000;1,000;

15332;2017.05.31 19:00:00;0,000;13,600;6,000;72,000;5,000;16,767;1,000;1,000;

15333;2017.05.31 20:00:00;0,000;13,000;7,000;73,000;5,000;16,767;1,000;1,000;

15334;2017.05.31 21:00:00;0,000;12,900;7,000;75,000;7,000;16,767;1,000;1,000;

15335;2017.05.31 22:00:00;0,000;12,900;7,000;77,000;7,000;16,767;1,000;1,000;

15336;2017.05.31 23:00:00;0,000;12,600;7,000;71,000;8,000;16,767;1,000;1,000;

15337;2017.06.01 00:00:00;0,000;12,200;7,000;70,000;7,000;16,800;1,000;2,000;

15338;2017.06.01 01:00:00;0,000;11,900;6,000;72,000;7,000;16,800;1,000;2,000;

15339;2017.06.01 02:00:00;0,000;11,800;7,000;72,000;8,000;16,800;1,000;2,000;

15340;2017.06.01 03:00:00;0,000;11,700;6,000;71,000;8,000;16,800;1,000;2,000;

15341;2017.06.01 04:00:00;0,000;11,500;8,000;68,000;8,000;16,800;1,000;2,000;

15342;2017.06.01 05:00:00;0,000;11,600;7,000;73,000;8,000;16,800;1,000;2,000;

15343;2017.06.01 06:00:00;0,000;11,800;7,000;71,000;7,000;16,800;1,000;2,000;

15344;2017.06.01 07:00:00;0,000;12,100;7,000;74,000;6,000;16,800;1,000;2,000;

15345;2017.06.01 08:00:00;0,000;12,800;7,000;75,000;7,000;16,800;1,000;2,000;

15346;2017.06.01 09:00:00;0,000;11,800;7,000;75,000;8,000;16,800;1,000;2,000;

15347;2017.06.01 10:00:00;0,000;12,200;6,000;74,000;8,000;16,800;1,000;2,000;

15348;2017.06.01 11:00:00;0,000;13,000;7,000;70,000;7,000;16,800;1,000;2,000;

15349;2017.06.01 12:00:00;0,000;13,600;7,000;69,000;6,000;16,800;1,000;2,000;

15350;2017.06.01 13:00:00;0,000;13,900;7,000;69,000;6,000;16,800;1,000;2,000;

15351;2017.06.01 14:00:00;0,000;14,100;7,000;67,000;4,000;16,800;1,000;2,000;

15352;2017.06.01 15:00:00;0,000;14,600;8,000;63,000;4,000;16,800;1,000;2,000;

15353;2017.06.01 16:00:00;0,000;15,000;7,000;63,000;2,000;16,800;1,000;2,000;

15354;2017.06.01 17:00:00;0,000;14,500;6,000;67,000;2,000;16,800;1,000;2,000;

15355;2017.06.01 18:00:00;0,000;14,500;6,000;67,000;2,000;16,800;1,000;2,000;

15356;2017.06.01 19:00:00;0,000;13,400;4,000;72,000;2,000;16,800;1,000;2,000;

15357;2017.06.01 20:00:00;0,000;12,700;4,000;76,000;4,000;16,800;1,000;2,000;

15358;2017.06.01 21:00:00;0,000;12,500;4,000;79,000;3,000;16,800;1,000;2,000;

15359;2017.06.01 22:00:00;0,000;12,300;3,000;81,000;2,000;16,800;1,000;2,000;

15360;2017.06.01 23:00:00;0,000;10,800;2,000;86,000;1,000;16,800;1,000;2,000;

15361;2017.06.02 00:00:00;0,000;10,000;2,000;91,000;1,000;16,850;2,000;2,000;

15362;2017.06.02 01:00:00;0,000;9,600;2,000;92,000;1,000;16,850;2,000;2,000;

15363;2017.06.02 02:00:00;0,000;9,600;2,000;93,000;1,000;16,850;2,000;2,000;

15364;2017.06.02 03:00:00;0,000;9,200;2,000;94,000;3,000;16,850;2,000;2,000;

15365;2017.06.02 04:00:00;0,000;10,100;2,000;90,000;3,000;16,850;2,000;2,000;

15366;2017.06.02 05:00:00;0,000;12,200;3,000;82,000;3,000;16,850;2,000;2,000;

15367;2017.06.02 06:00:00;0,000;14,000;4,000;64,000;4,000;16,850;2,000;2,000;

15368;2017.06.02 07:00:00;0,000;14,900;3,000;60,000;6,000;16,850;2,000;2,000;

15369;2017.06.02 08:00:00;0,000;16,000;4,000;57,000;6,000;16,850;2,000;2,000;

15370;2017.06.02 09:00:00;0,000;16,300;5,000;55,000;6,000;16,850;2,000;2,000;

15371;2017.06.02 10:00:00;0,000;15,300;5,000;64,000;6,000;16,850;2,000;2,000;

15372;2017.06.02 11:00:00;0,000;14,800;5,000;67,000;6,000;16,850;2,000;2,000;

15373;2017.06.02 12:00:00;0,000;15,100;5,000;62,000;5,000;16,850;2,000;2,000;

15374;2017.06.02 13:00:00;0,000;14,800;4,000;62,000;6,000;16,850;2,000;2,000;

15375;2017.06.02 14:00:00;0,000;13,900;5,000;72,000;6,000;16,850;2,000;2,000;

15376;2017.06.02 15:00:00;0,000;14,000;3,000;69,000;5,000;16,850;2,000;2,000;

15377;2017.06.02 16:00:00;0,000;13,700;3,000;73,000;3,000;16,850;2,000;2,000;

15378;2017.06.02 17:00:00;0,000;13,600;3,000;75,000;2,000;16,850;2,000;2,000;

15379;2017.06.02 18:00:00;0,000;13,100;3,000;73,000;2,000;16,850;2,000;2,000;

15380;2017.06.02 19:00:00;0,000;12,400;1,000;81,000;1,000;16,850;2,000;2,000;

15381;2017.06.02 20:00:00;0,000;11,300;1,000;83,000;1,000;16,850;2,000;2,000;

15382;2017.06.02 21:00:00;0,000;10,700;1,000;84,000;2,000;16,850;2,000;2,000;

15383;2017.06.02 22:00:00;0,000;11,400;1,000;74,000;5,000;16,850;2,000;2,000;

15384;2017.06.02 23:00:00;0,000;10,600;2,000;78,000;1,000;16,850;2,000;2,000;

15385;2017.06.03 00:00:00;0,000;10,100;3,000;77,000;1,000;16,883;3,000;2,000;

15386;2017.06.03 01:00:00;0,000;9,700;3,000;74,000;5,000;16,883;3,000;2,000;

15387;2017.06.03 02:00:00;0,000;9,100;2,000;68,000;5,000;16,883;3,000;2,000;

15388;2017.06.03 03:00:00;0,000;9,000;2,000;64,000;7,000;16,883;3,000;2,000;

15389;2017.06.03 04:00:00;0,000;9,200;3,000;61,000;8,000;16,883;3,000;2,000;

15390;2017.06.03 05:00:00;0,000;10,500;2,000;61,000;8,000;16,883;3,000;2,000;

15391;2017.06.03 06:00:00;0,000;11,800;4,000;45,000;8,000;16,883;3,000;2,000;

15392;2017.06.03 07:00:00;0,000;13,500;3,000;36,000;2,000;16,883;3,000;2,000;

15393;2017.06.03 08:00:00;0,000;14,800;4,000;38,000;5,000;16,883;3,000;2,000;

15394;2017.06.03 09:00:00;0,000;16,400;3,000;34,000;7,000;16,883;3,000;2,000;

15395;2017.06.03 10:00:00;0,000;17,400;4,000;35,000;7,000;16,883;3,000;2,000;

15396;2017.06.03 11:00:00;0,000;18,400;3,000;35,000;7,000;16,883;3,000;2,000;

15397;2017.06.03 12:00:00;0,000;19,000;3,000;36,000;8,000;16,883;3,000;2,000;

15398;2017.06.03 13:00:00;0,000;19,500;4,000;38,000;8,000;16,883;3,000;2,000;

15399;2017.06.03 14:00:00;0,000;20,100;3,000;37,000;7,000;16,883;3,000;2,000;

15400;2017.06.03 15:00:00;0,000;19,800;2,000;42,000;7,000;16,883;3,000;2,000;

15401;2017.06.03 16:00:00;0,000;19,600;3,000;42,000;7,000;16,883;3,000;2,000;

15402;2017.06.03 17:00:00;0,000;19,200;3,000;43,000;7,000;16,883;3,000;2,000;

15403;2017.06.03 18:00:00;0,000;18,700;3,000;45,000;7,000;16,883;3,000;2,000;

15404;2017.06.03 19:00:00;0,000;18,100;3,000;46,000;8,000;16,883;3,000;2,000;

15405;2017.06.03 20:00:00;0,000;17,600;3,000;47,000;8,000;16,883;3,000;2,000;

15406;2017.06.03 21:00:00;0,000;17,000;3,000;47,000;8,000;16,883;3,000;2,000;

15407;2017.06.03 22:00:00;0,000;16,300;3,000;49,000;8,000;16,883;3,000;2,000;

15408;2017.06.03 23:00:00;0,000;15,700;3,000;51,000;8,000;16,883;3,000;2,000;

15409;2017.06.04 00:00:00;0,000;15,200;2,000;54,000;8,000;16,900;4,000;2,000;

15410;2017.06.04 01:00:00;0,000;15,100;3,000;52,000;8,000;16,900;4,000;2,000;

15411;2017.06.04 02:00:00;0,000;14,800;3,000;52,000;8,000;16,900;4,000;2,000;

15412;2017.06.04 03:00:00;0,000;15,200;4,000;50,000;8,000;16,900;4,000;2,000;

15413;2017.06.04 04:00:00;0,000;14,800;4,000;60,000;8,000;16,900;4,000;2,000;

15414;2017.06.04 05:00:00;0,000;13,500;2,000;80,000;8,000;16,900;4,000;2,000;

15415;2017.06.04 06:00:00;0,000;13,400;3,000;81,000;8,000;16,900;4,000;2,000;

15416;2017.06.04 07:00:00;0,000;13,800;3,000;78,000;8,000;16,900;4,000;2,000;

15417;2017.06.04 08:00:00;0,000;13,900;3,000;81,000;8,000;16,900;4,000;2,000;

15418;2017.06.04 09:00:00;0,000;15,000;3,000;80,000;8,000;16,900;4,000;2,000;

15419;2017.06.04 10:00:00;0,000;15,600;3,000;86,000;8,000;16,900;4,000;2,000;

15420;2017.06.04 11:00:00;0,000;15,600;3,000;86,000;8,000;16,900;4,000;2,000;

15421;2017.06.04 12:00:00;0,000;15,800;3,000;89,000;8,000;16,900;4,000;2,000;

15422;2017.06.04 13:00:00;0,000;15,500;3,000;93,000;8,000;16,900;4,000;2,000;

15423;2017.06.04 14:00:00;0,000;15,100;3,000;94,000;8,000;16,900;4,000;2,000;

15424;2017.06.04 15:00:00;0,000;15,000;3,000;95,000;8,000;16,900;4,000;2,000;

15425;2017.06.04 16:00:00;0,000;14,400;5,000;93,000;8,000;16,900;4,000;2,000;

15426;2017.06.04 17:00:00;0,000;13,300;6,000;94,000;8,000;16,900;4,000;2,000;

15427;2017.06.04 18:00:00;0,000;12,700;8,000;93,000;8,000;16,900;4,000;2,000;

15428;2017.06.04 19:00:00;0,000;12,400;6,000;95,000;8,000;16,900;4,000;2,000;

15429;2017.06.04 20:00:00;0,000;12,200;5,000;96,000;8,000;16,900;4,000;2,000;

15430;2017.06.04 21:00:00;0,000;12,600;4,000;96,000;7,000;16,900;4,000;2,000;

15431;2017.06.04 22:00:00;0,000;13,200;3,000;95,000;8,000;16,900;4,000;2,000;

15432;2017.06.04 23:00:00;0,000;13,600;4,000;90,000;4,000;16,900;4,000;2,000;

15433;2017.06.05 00:00:00;0,000;13,000;4,000;89,000;1,000;16,933;1,000;2,000;

15434;2017.06.05 01:00:00;0,000;12,700;3,000;91,000;1,000;16,933;1,000;2,000;

15435;2017.06.05 02:00:00;0,000;12,500;4,000;88,000;5,000;16,933;1,000;2,000;

15436;2017.06.05 03:00:00;0,000;12,700;4,000;85,000;6,000;16,933;1,000;2,000;

15437;2017.06.05 04:00:00;0,000;12,300;4,000;87,000;2,000;16,933;1,000;2,000;

15438;2017.06.05 05:00:00;0,000;13,300;6,000;78,000;4,000;16,933;1,000;2,000;

15439;2017.06.05 06:00:00;0,000;13,800;6,000;76,000;5,000;16,933;1,000;2,000;

15440;2017.06.05 07:00:00;0,000;14,300;5,000;76,000;7,000;16,933;1,000;2,000;

15441;2017.06.05 08:00:00;0,000;15,200;5,000;73,000;5,000;16,933;1,000;2,000;

15442;2017.06.05 09:00:00;0,000;15,600;5,000;69,000;8,000;16,933;1,000;2,000;

15443;2017.06.05 10:00:00;0,000;16,000;4,000;66,000;8,000;16,933;1,000;2,000;

15444;2017.06.05 11:00:00;0,000;17,100;3,000;65,000;8,000;16,933;1,000;2,000;

15445;2017.06.05 12:00:00;0,000;17,100;4,000;62,000;8,000;16,933;1,000;2,000;

15446;2017.06.05 13:00:00;0,000;17,100;4,000;59,000;8,000;16,933;1,000;2,000;

15447;2017.06.05 14:00:00;0,000;16,800;4,000;56,000;8,000;16,933;1,000;2,000;

15448;2017.06.05 15:00:00;0,000;17,100;3,000;54,000;8,000;16,933;1,000;2,000;

15449;2017.06.05 16:00:00;0,000;17,400;3,000;52,000;8,000;16,933;1,000;2,000;

15450;2017.06.05 17:00:00;0,000;16,600;2,000;54,000;7,000;16,933;1,000;2,000;

15451;2017.06.05 18:00:00;0,000;16,000;1,000;56,000;7,000;16,933;1,000;2,000;

15452;2017.06.05 19:00:00;0,000;15,700;1,000;54,000;7,000;16,933;1,000;2,000;

15453;2017.06.05 20:00:00;0,000;14,900;1,000;53,000;6,000;16,933;1,000;2,000;

15454;2017.06.05 21:00:00;0,000;14,300;1,000;57,000;7,000;16,933;1,000;2,000;

15455;2017.06.05 22:00:00;0,000;14,300;2,000;59,000;7,000;16,933;1,000;2,000;

15456;2017.06.05 23:00:00;0,000;14,000;3,000;62,000;7,000;16,933;1,000;2,000;

15457;2017.06.06 00:00:00;0,000;13,900;2,000;62,000;7,000;16,967;1,000;2,000;

15458;2017.06.06 01:00:00;0,000;13,800;2,000;62,000;7,000;16,967;1,000;2,000;

15459;2017.06.06 02:00:00;0,000;13,700;3,000;66,000;7,000;16,967;1,000;2,000;

15460;2017.06.06 03:00:00;0,000;13,500;3,000;71,000;7,000;16,967;1,000;2,000;

15461;2017.06.06 04:00:00;0,000;12,800;3,000;87,000;8,000;16,967;1,000;2,000;

15462;2017.06.06 05:00:00;0,000;13,900;2,000;85,000;6,000;16,967;1,000;2,000;

15463;2017.06.06 06:00:00;0,000;16,900;3,000;69,000;6,000;16,967;1,000;2,000;

15464;2017.06.06 07:00:00;0,000;17,500;4,000;66,000;7,000;16,967;1,000;2,000;

15465;2017.06.06 08:00:00;0,000;19,600;4,000;61,000;7,000;16,967;1,000;2,000;

15466;2017.06.06 09:00:00;0,000;21,200;5,000;56,000;6,000;16,967;1,000;2,000;

15467;2017.06.06 10:00:00;0,000;22,700;6,000;46,000;5,000;16,967;1,000;2,000;

15468;2017.06.06 11:00:00;0,000;23,000;7,000;45,000;5,000;16,967;1,000;2,000;

15469;2017.06.06 12:00:00;0,000;22,700;8,000;43,000;5,000;16,967;1,000;2,000;

15470;2017.06.06 13:00:00;0,000;21,700;7,000;47,000;4,000;16,967;1,000;2,000;

15471;2017.06.06 14:00:00;0,000;21,500;7,000;48,000;3,000;16,967;1,000;2,000;

15472;2017.06.06 15:00:00;0,000;21,300;7,000;48,000;2,000;16,967;1,000;2,000;

15473;2017.06.06 16:00:00;0,000;20,900;6,000;51,000;7,000;16,967;1,000;2,000;

15474;2017.06.06 17:00:00;0,000;20,400;5,000;58,000;7,000;16,967;1,000;2,000;

15475;2017.06.06 18:00:00;0,000;20,000;4,000;61,000;7,000;16,967;1,000;2,000;

15476;2017.06.06 19:00:00;0,000;19,700;4,000;62,000;7,000;16,967;1,000;2,000;

15477;2017.06.06 20:00:00;0,000;19,100;4,000;65,000;8,000;16,967;1,000;2,000;

15478;2017.06.06 21:00:00;0,000;18,000;3,000;74,000;8,000;16,967;1,000;2,000;

15479;2017.06.06 22:00:00;0,000;17,100;2,000;83,000;8,000;16,967;1,000;2,000;

15480;2017.06.06 23:00:00;0,000;16,300;3,000;90,000;8,000;16,967;1,000;2,000;

15481;2017.06.07 00:00:00;0,000;16,000;2,000;91,000;8,000;17,000;1,000;2,000;

15482;2017.06.07 01:00:00;0,000;15,900;3,000;93,000;8,000;17,000;1,000;2,000;

15483;2017.06.07 02:00:00;0,000;12,500;8,000;92,000;8,000;17,000;1,000;2,000;

15484;2017.06.07 03:00:00;0,000;12,600;6,000;93,000;8,000;17,000;1,000;2,000;

15485;2017.06.07 04:00:00;0,000;12,000;4,000;92,000;8,000;17,000;1,000;2,000;

15486;2017.06.07 05:00:00;0,000;11,900;3,000;94,000;8,000;17,000;1,000;2,000;

15487;2017.06.07 06:00:00;0,000;12,300;3,000;93,000;7,000;17,000;1,000;2,000;

15488;2017.06.07 07:00:00;0,000;13,200;2,000;92,000;7,000;17,000;1,000;2,000;

15489;2017.06.07 08:00:00;0,000;15,500;5,000;72,000;2,000;17,000;1,000;2,000;

15490;2017.06.07 09:00:00;0,000;15,900;5,000;66,000;7,000;17,000;1,000;2,000;

15491;2017.06.07 10:00:00;0,000;16,100;3,000;74,000;7,000;17,000;1,000;2,000;

15492;2017.06.07 11:00:00;0,000;16,400;5,000;63,000;6,000;17,000;1,000;2,000;

15493;2017.06.07 12:00:00;0,000;16,500;5,000;61,000;6,000;17,000;1,000;2,000;

15494;2017.06.07 13:00:00;0,000;16,500;5,000;59,000;5,000;17,000;1,000;2,000;

15495;2017.06.07 14:00:00;0,000;18,000;5,000;49,000;6,000;17,000;1,000;2,000;

15496;2017.06.07 15:00:00;0,000;16,100;4,000;57,000;1,000;17,000;1,000;2,000;

15497;2017.06.07 16:00:00;0,000;16,600;5,000;55,000;2,000;17,000;1,000;2,000;

15498;2017.06.07 17:00:00;0,000;16,500;5,000;56,000;7,000;17,000;1,000;2,000;

15499;2017.06.07 18:00:00;0,000;15,500;2,000;61,000;2,000;17,000;1,000;2,000;

15500;2017.06.07 19:00:00;0,000;15,200;3,000;64,000;3,000;17,000;1,000;2,000;

15501;2017.06.07 20:00:00;0,000;13,400;1,000;76,000;8,000;17,000;1,000;2,000;

15502;2017.06.07 21:00:00;0,000;13,500;3,000;73,000;7,000;17,000;1,000;2,000;

15503;2017.06.07 22:00:00;0,000;13,400;4,000;71,000;7,000;17,000;1,000;2,000;

15504;2017.06.07 23:00:00;0,000;12,900;3,000;73,000;7,000;17,000;1,000;2,000;

15505;2017.06.08 00:00:00;0,000;12,600;3,000;78,000;8,000;17,017;1,000;2,000;

15506;2017.06.08 01:00:00;0,000;12,900;4,000;76,000;8,000;17,017;1,000;2,000;

15507;2017.06.08 02:00:00;0,000;12,400;3,000;76,000;8,000;17,017;1,000;2,000;

15508;2017.06.08 03:00:00;0,000;12,200;4,000;80,000;8,000;17,017;1,000;2,000;

15509;2017.06.08 04:00:00;0,000;12,500;4,000;76,000;7,000;17,017;1,000;2,000;

15510;2017.06.08 05:00:00;0,000;13,000;5,000;75,000;7,000;17,017;1,000;2,000;

15511;2017.06.08 06:00:00;0,000;13,900;5,000;72,000;7,000;17,017;1,000;2,000;

15512;2017.06.08 07:00:00;0,000;15,600;5,000;67,000;3,000;17,017;1,000;2,000;

15513;2017.06.08 08:00:00;0,000;16,700;6,000;58,000;5,000;17,017;1,000;2,000;

15514;2017.06.08 09:00:00;0,000;17,100;5,000;54,000;6,000;17,017;1,000;2,000;

15515;2017.06.08 10:00:00;0,000;17,900;4,000;52,000;6,000;17,017;1,000;2,000;

15516;2017.06.08 11:00:00;0,000;18,400;5,000;47,000;5,000;17,017;1,000;2,000;

15517;2017.06.08 12:00:00;0,000;19,500;6,000;50,000;6,000;17,017;1,000;2,000;

15518;2017.06.08 13:00:00;0,000;19,300;5,000;48,000;6,000;17,017;1,000;2,000;

15519;2017.06.08 14:00:00;0,000;14,700;4,000;80,000;7,000;17,017;1,000;2,000;

15520;2017.06.08 15:00:00;0,000;17,500;3,000;68,000;7,000;17,017;1,000;2,000;

15521;2017.06.08 16:00:00;0,000;17,500;2,000;62,000;7,000;17,017;1,000;2,000;

15522;2017.06.08 17:00:00;0,000;17,400;1,000;66,000;7,000;17,017;1,000;2,000;

15523;2017.06.08 18:00:00;0,000;17,100;2,000;67,000;6,000;17,017;1,000;2,000;

15524;2017.06.08 19:00:00;0,000;15,500;1,000;76,000;6,000;17,017;1,000;2,000;

15525;2017.06.08 20:00:00;0,000;13,700;1,000;88,000;7,000;17,017;1,000;2,000;

15526;2017.06.08 21:00:00;0,000;14,600;2,000;75,000;7,000;17,017;1,000;2,000;

15527;2017.06.08 22:00:00;0,000;13,900;1,000;79,000;8,000;17,017;1,000;2,000;

15528;2017.06.08 23:00:00;0,000;13,900;2,000;80,000;8,000;17,017;1,000;2,000;

15529;2017.06.09 00:00:00;0,000;14,000;2,000;82,000;8,000;17,050;2,000;2,000;

15530;2017.06.09 01:00:00;0,000;13,700;2,000;87,000;8,000;17,050;2,000;2,000;

15531;2017.06.09 02:00:00;0,000;13,400;2,000;90,000;8,000;17,050;2,000;2,000;

15532;2017.06.09 03:00:00;0,000;13,400;2,000;90,000;7,000;17,050;2,000;2,000;

15533;2017.06.09 04:00:00;0,000;13,800;2,000;87,000;7,000;17,050;2,000;2,000;

15534;2017.06.09 05:00:00;0,000;15,000;2,000;81,000;7,000;17,050;2,000;2,000;

15535;2017.06.09 06:00:00;0,000;16,200;3,000;77,000;7,000;17,050;2,000;2,000;

15536;2017.06.09 07:00:00;0,000;19,200;4,000;60,000;8,000;17,050;2,000;2,000;

15537;2017.06.09 08:00:00;0,000;20,700;3,000;56,000;8,000;17,050;2,000;2,000;

15538;2017.06.09 09:00:00;0,000;22,200;4,000;50,000;8,000;17,050;2,000;2,000;

15539;2017.06.09 10:00:00;0,000;23,200;4,000;47,000;8,000;17,050;2,000;2,000;

15540;2017.06.09 11:00:00;0,000;24,300;4,000;45,000;8,000;17,050;2,000;2,000;

15541;2017.06.09 12:00:00;0,000;24,800;4,000;42,000;8,000;17,050;2,000;2,000;

15542;2017.06.09 13:00:00;0,000;25,800;3,000;40,000;8,000;17,050;2,000;2,000;

15543;2017.06.09 14:00:00;0,000;26,100;4,000;39,000;4,000;17,050;2,000;2,000;

15544;2017.06.09 15:00:00;0,000;26,200;4,000;37,000;4,000;17,050;2,000;2,000;

15545;2017.06.09 16:00:00;0,000;26,300;4,000;39,000;5,000;17,050;2,000;2,000;

15546;2017.06.09 17:00:00;0,000;25,600;4,000;40,000;7,000;17,050;2,000;2,000;

15547;2017.06.09 18:00:00;0,000;24,900;3,000;43,000;8,000;17,050;2,000;2,000;

15548;2017.06.09 19:00:00;0,000;23,200;3,000;52,000;8,000;17,050;2,000;2,000;

15549;2017.06.09 20:00:00;0,000;21,900;3,000;56,000;8,000;17,050;2,000;2,000;

15550;2017.06.09 21:00:00;0,000;20,800;3,000;59,000;8,000;17,050;2,000;2,000;

15551;2017.06.09 22:00:00;0,000;20,000;5,000;62,000;8,000;17,050;2,000;2,000;

15552;2017.06.09 23:00:00;0,000;15,700;5,000;75,000;8,000;17,050;2,000;2,000;

15553;2017.06.10 00:00:00;0,000;14,900;3,000;82,000;8,000;17,067;3,000;2,000;

15554;2017.06.10 01:00:00;0,000;14,900;3,000;84,000;7,000;17,067;3,000;2,000;

15555;2017.06.10 02:00:00;0,000;14,700;3,000;84,000;8,000;17,067;3,000;2,000;

15556;2017.06.10 03:00:00;0,000;14,400;2,000;91,000;8,000;17,067;3,000;2,000;

15557;2017.06.10 04:00:00;0,000;14,100;4,000;93,000;8,000;17,067;3,000;2,000;

15558;2017.06.10 05:00:00;0,000;13,700;3,000;95,000;8,000;17,067;3,000;2,000;

15559;2017.06.10 06:00:00;0,000;13,900;2,000;95,000;7,000;17,067;3,000;2,000;

15560;2017.06.10 07:00:00;0,000;14,600;3,000;93,000;8,000;17,067;3,000;2,000;

15561;2017.06.10 08:00:00;0,000;15,200;4,000;91,000;7,000;17,067;3,000;2,000;

15562;2017.06.10 09:00:00;0,000;15,700;4,000;83,000;7,000;17,067;3,000;2,000;

15563;2017.06.10 10:00:00;0,000;16,000;4,000;82,000;7,000;17,067;3,000;2,000;

15564;2017.06.10 11:00:00;0,000;16,200;5,000;79,000;7,000;17,067;3,000;2,000;

15565;2017.06.10 12:00:00;0,000;16,200;6,000;80,000;6,000;17,067;3,000;2,000;

15566;2017.06.10 13:00:00;0,000;16,300;6,000;82,000;6,000;17,067;3,000;2,000;

15567;2017.06.10 14:00:00;0,000;16,600;5,000;75,000;6,000;17,067;3,000;2,000;

15568;2017.06.10 15:00:00;0,000;16,700;3,000;75,000;6,000;17,067;3,000;2,000;

15569;2017.06.10 16:00:00;0,000;16,200;3,000;74,000;6,000;17,067;3,000;2,000;

15570;2017.06.10 17:00:00;0,000;15,900;3,000;77,000;6,000;17,067;3,000;2,000;

15571;2017.06.10 18:00:00;0,000;15,400;3,000;77,000;6,000;17,067;3,000;2,000;

15572;2017.06.10 19:00:00;0,000;15,400;2,000;76,000;3,000;17,067;3,000;2,000;

15573;2017.06.10 20:00:00;0,000;13,900;1,000;84,000;2,000;17,067;3,000;2,000;

15574;2017.06.10 21:00:00;0,000;12,600;1,000;89,000;2,000;17,067;3,000;2,000;

15575;2017.06.10 22:00:00;0,000;12,000;1,000;91,000;1,000;17,067;3,000;2,000;

15576;2017.06.10 23:00:00;0,000;11,900;1,000;93,000;1,000;17,067;3,000;2,000;

15577;2017.06.11 00:00:00;0,000;11,700;2,000;93,000;0,000;17,100;4,000;2,000;

15578;2017.06.11 01:00:00;0,000;11,000;2,000;95,000;1,000;17,100;4,000;2,000;

15579;2017.06.11 02:00:00;0,000;10,600;2,000;95,000;1,000;17,100;4,000;2,000;

15580;2017.06.11 03:00:00;0,000;10,500;2,000;94,000;1,000;17,100;4,000;2,000;

15581;2017.06.11 04:00:00;0,000;11,600;2,000;91,000;3,000;17,100;4,000;2,000;

15582;2017.06.11 05:00:00;0,000;12,900;2,000;87,000;7,000;17,100;4,000;2,000;

15583;2017.06.11 06:00:00;0,000;13,900;2,000;86,000;8,000;17,100;4,000;2,000;

15584;2017.06.11 07:00:00;0,000;15,100;2,000;84,000;8,000;17,100;4,000;2,000;

15585;2017.06.11 08:00:00;0,000;16,600;2,000;82,000;8,000;17,100;4,000;2,000;

15586;2017.06.11 09:00:00;0,000;18,600;2,000;71,000;8,000;17,100;4,000;2,000;

15587;2017.06.11 10:00:00;0,000;20,800;3,000;62,000;7,000;17,100;4,000;2,000;

15588;2017.06.11 11:00:00;0,000;21,600;5,000;56,000;7,000;17,100;4,000;2,000;

15589;2017.06.11 12:00:00;0,000;22,500;2,000;57,000;7,000;17,100;4,000;2,000;

15590;2017.06.11 13:00:00;0,000;23,300;3,000;52,000;7,000;17,100;4,000;2,000;

15591;2017.06.11 14:00:00;0,000;24,100;4,000;50,000;7,000;17,100;4,000;2,000;

15592;2017.06.11 15:00:00;0,000;24,500;4,000;48,000;6,000;17,100;4,000;2,000;

15593;2017.06.11 16:00:00;0,000;24,600;4,000;47,000;6,000;17,100;4,000;2,000;

15594;2017.06.11 17:00:00;0,000;24,300;3,000;47,000;6,000;17,100;4,000;2,000;

15595;2017.06.11 18:00:00;0,000;23,700;3,000;51,000;6,000;17,100;4,000;2,000;

15596;2017.06.11 19:00:00;0,000;22,400;2,000;55,000;5,000;17,100;4,000;2,000;

15597;2017.06.11 20:00:00;0,000;21,200;2,000;59,000;8,000;17,100;4,000;2,000;

15598;2017.06.11 21:00:00;0,000;20,500;3,000;61,000;8,000;17,100;4,000;2,000;

15599;2017.06.11 22:00:00;0,000;18,100;3,000;85,000;8,000;17,100;4,000;2,000;

15600;2017.06.11 23:00:00;0,000;17,200;3,000;93,000;8,000;17,100;4,000;2,000;

15601;2017.06.12 00:00:00;0,000;17,100;2,000;92,000;8,000;17,100;1,000;2,000;

15602;2017.06.12 01:00:00;0,000;17,100;3,000;91,000;8,000;17,100;1,000;2,000;

15603;2017.06.12 02:00:00;0,000;16,800;2,000;93,000;8,000;17,100;1,000;2,000;

15604;2017.06.12 03:00:00;0,000;16,500;3,000;94,000;6,000;17,100;1,000;2,000;

15605;2017.06.12 04:00:00;0,000;17,400;4,000;90,000;8,000;17,100;1,000;2,000;

15606;2017.06.12 05:00:00;0,000;17,800;3,000;90,000;8,000;17,100;1,000;2,000;

15607;2017.06.12 06:00:00;0,000;18,500;4,000;87,000;8,000;17,100;1,000;2,000;

15608;2017.06.12 07:00:00;0,000;15,900;6,000;94,000;7,000;17,100;1,000;2,000;

15609;2017.06.12 08:00:00;0,000;15,300;4,000;90,000;8,000;17,100;1,000;2,000;

15610;2017.06.12 09:00:00;0,000;17,100;7,000;83,000;6,000;17,100;1,000;2,000;

15611;2017.06.12 10:00:00;0,000;18,100;7,000;78,000;6,000;17,100;1,000;2,000;

15612;2017.06.12 11:00:00;0,000;19,000;9,000;69,000;6,000;17,100;1,000;2,000;

15613;2017.06.12 12:00:00;0,000;18,800;7,000;69,000;5,000;17,100;1,000;2,000;

15614;2017.06.12 13:00:00;0,000;17,700;7,000;71,000;7,000;17,100;1,000;2,000;

15615;2017.06.12 14:00:00;0,000;18,700;8,000;62,000;6,000;17,100;1,000;2,000;

15616;2017.06.12 15:00:00;0,000;18,300;7,000;65,000;5,000;17,100;1,000;2,000;

15617;2017.06.12 16:00:00;0,000;17,200;7,000;71,000;6,000;17,100;1,000;2,000;

15618;2017.06.12 17:00:00;0,000;16,400;6,000;70,000;6,000;17,100;1,000;2,000;

15619;2017.06.12 18:00:00;0,000;16,300;6,000;70,000;7,000;17,100;1,000;2,000;

15620;2017.06.12 19:00:00;0,000;15,000;5,000;78,000;7,000;17,100;1,000;2,000;

15621;2017.06.12 20:00:00;0,000;14,700;4,000;82,000;7,000;17,100;1,000;2,000;

15622;2017.06.12 21:00:00;0,000;13,800;6,000;86,000;7,000;17,100;1,000;2,000;

15623;2017.06.12 22:00:00;0,000;13,800;4,000;83,000;6,000;17,100;1,000;2,000;

15624;2017.06.12 23:00:00;0,000;13,800;4,000;84,000;7,000;17,100;1,000;2,000;

15625;2017.06.13 00:00:00;0,000;14,100;5,000;81,000;7,000;17,117;1,000;2,000;

15626;2017.06.13 01:00:00;0,000;13,400;7,000;85,000;8,000;17,117;1,000;2,000;

15627;2017.06.13 02:00:00;0,000;13,400;6,000;86,000;8,000;17,117;1,000;2,000;

15628;2017.06.13 03:00:00;0,000;13,200;4,000;89,000;7,000;17,117;1,000;2,000;

15629;2017.06.13 04:00:00;0,000;12,700;4,000;93,000;8,000;17,117;1,000;2,000;

15630;2017.06.13 05:00:00;0,000;13,300;5,000;90,000;7,000;17,117;1,000;2,000;

15631;2017.06.13 06:00:00;0,000;13,700;5,000;90,000;8,000;17,117;1,000;2,000;

15632;2017.06.13 07:00:00;0,000;13,800;5,000;90,000;7,000;17,117;1,000;2,000;

15633;2017.06.13 08:00:00;0,000;15,100;10,000;78,000;6,000;17,117;1,000;2,000;

15634;2017.06.13 09:00:00;0,000;15,400;9,000;75,000;7,000;17,117;1,000;2,000;

15635;2017.06.13 10:00:00;0,000;15,500;10,000;73,000;7,000;17,117;1,000;2,000;

15636;2017.06.13 11:00:00;0,000;15,400;9,000;71,000;7,000;17,117;1,000;2,000;

15637;2017.06.13 12:00:00;0,000;15,400;9,000;75,000;7,000;17,117;1,000;2,000;

15638;2017.06.13 13:00:00;0,000;15,400;7,000;72,000;7,000;17,117;1,000;2,000;

15639;2017.06.13 14:00:00;0,000;15,600;8,000;72,000;7,000;17,117;1,000;2,000;

15640;2017.06.13 15:00:00;0,000;15,600;8,000;73,000;7,000;17,117;1,000;2,000;

15641;2017.06.13 16:00:00;0,000;15,900;9,000;73,000;5,000;17,117;1,000;2,000;

15642;2017.06.13 17:00:00;0,000;15,500;7,000;78,000;7,000;17,117;1,000;2,000;

15643;2017.06.13 18:00:00;0,000;15,500;8,000;76,000;6,000;17,117;1,000;2,000;

15644;2017.06.13 19:00:00;0,000;15,100;7,000;75,000;7,000;17,117;1,000;2,000;

15645;2017.06.13 20:00:00;0,000;15,100;7,000;74,000;7,000;17,117;1,000;2,000;

15646;2017.06.13 21:00:00;0,000;14,700;7,000;75,000;6,000;17,117;1,000;2,000;

15647;2017.06.13 22:00:00;0,000;14,600;7,000;77,000;6,000;17,117;1,000;2,000;

15648;2017.06.13 23:00:00;0,000;13,900;6,000;81,000;5,000;17,117;1,000;2,000;

15649;2017.06.14 00:00:00;0,000;13,400;6,000;84,000;2,000;17,150;1,000;2,000;

15650;2017.06.14 01:00:00;0,000;13,000;5,000;86,000;1,000;17,150;1,000;2,000;

15651;2017.06.14 02:00:00;0,000;13,200;5,000;86,000;6,000;17,150;1,000;2,000;

15652;2017.06.14 03:00:00;0,000;13,400;6,000;85,000;7,000;17,150;1,000;2,000;

15653;2017.06.14 04:00:00;0,000;13,400;5,000;84,000;7,000;17,150;1,000;2,000;

15654;2017.06.14 05:00:00;0,000;13,300;6,000;84,000;7,000;17,150;1,000;2,000;

15655;2017.06.14 06:00:00;0,000;13,400;6,000;82,000;8,000;17,150;1,000;2,000;

15656;2017.06.14 07:00:00;0,000;13,400;6,000;81,000;8,000;17,150;1,000;2,000;

15657;2017.06.14 08:00:00;0,000;13,600;5,000;79,000;8,000;17,150;1,000;2,000;

15658;2017.06.14 09:00:00;0,000;13,500;5,000;82,000;8,000;17,150;1,000;2,000;

15659;2017.06.14 10:00:00;0,000;14,400;5,000;78,000;7,000;17,150;1,000;2,000;

15660;2017.06.14 11:00:00;0,000;14,800;5,000;78,000;7,000;17,150;1,000;2,000;

15661;2017.06.14 12:00:00;0,000;15,100;5,000;74,000;7,000;17,150;1,000;2,000;

15662;2017.06.14 13:00:00;0,000;15,100;6,000;74,000;6,000;17,150;1,000;2,000;

15663;2017.06.14 14:00:00;0,000;15,300;6,000;74,000;6,000;17,150;1,000;2,000;

15664;2017.06.14 15:00:00;0,000;15,700;5,000;72,000;6,000;17,150;1,000;2,000;

15665;2017.06.14 16:00:00;0,000;15,200;4,000;72,000;7,000;17,150;1,000;2,000;

15666;2017.06.14 17:00:00;0,000;15,400;4,000;75,000;6,000;17,150;1,000;2,000;

15667;2017.06.14 18:00:00;0,000;15,400;3,000;75,000;4,000;17,150;1,000;2,000;

15668;2017.06.14 19:00:00;0,000;14,900;2,000;80,000;3,000;17,150;1,000;2,000;

15669;2017.06.14 20:00:00;0,000;13,900;2,000;84,000;1,000;17,150;1,000;2,000;

15670;2017.06.14 21:00:00;0,000;13,100;2,000;88,000;1,000;17,150;1,000;2,000;

15671;2017.06.14 22:00:00;0,000;12,400;2,000;91,000;1,000;17,150;1,000;2,000;

15672;2017.06.14 23:00:00;0,000;12,300;2,000;94,000;0,000;17,150;1,000;2,000;

15673;2017.06.15 00:00:00;0,000;11,700;1,000;95,000;0,000;17,150;5,000;2,000;

15674;2017.06.15 01:00:00;0,000;12,200;2,000;96,000;1,000;17,150;5,000;2,000;

15675;2017.06.15 02:00:00;0,000;11,800;2,000;97,000;1,000;17,150;5,000;2,000;

15676;2017.06.15 03:00:00;0,000;10,700;1,000;97,000;2,000;17,150;5,000;2,000;

15677;2017.06.15 04:00:00;0,000;11,300;1,000;98,000;1,000;17,150;5,000;2,000;

15678;2017.06.15 05:00:00;0,000;12,700;2,000;94,000;2,000;17,150;5,000;2,000;

15679;2017.06.15 06:00:00;0,000;15,400;2,000;90,000;3,000;17,150;5,000;2,000;

15680;2017.06.15 07:00:00;0,000;18,000;2,000;83,000;5,000;17,150;5,000;2,000;

15681;2017.06.15 08:00:00;0,000;18,700;4,000;74,000;7,000;17,150;5,000;2,000;

15682;2017.06.15 09:00:00;0,000;19,200;3,000;74,000;7,000;17,150;5,000;2,000;

15683;2017.06.15 10:00:00;0,000;20,400;3,000;66,000;7,000;17,150;5,000;2,000;

15684;2017.06.15 11:00:00;0,000;20,300;5,000;63,000;7,000;17,150;5,000;2,000;

15685;2017.06.15 12:00:00;0,000;20,400;4,000;66,000;7,000;17,150;5,000;2,000;

15686;2017.06.15 13:00:00;0,000;20,500;3,000;64,000;7,000;17,150;5,000;2,000;

15687;2017.06.15 14:00:00;0,000;20,100;3,000;63,000;7,000;17,150;5,000;2,000;

15688;2017.06.15 15:00:00;0,000;19,500;3,000;62,000;8,000;17,150;5,000;2,000;

15689;2017.06.15 16:00:00;0,000;18,600;2,000;65,000;8,000;17,150;5,000;2,000;

15690;2017.06.15 17:00:00;0,000;18,300;2,000;71,000;8,000;17,150;5,000;2,000;

15691;2017.06.15 18:00:00;0,000;18,000;1,000;70,000;7,000;17,150;5,000;2,000;

15692;2017.06.15 19:00:00;0,000;17,600;1,000;69,000;6,000;17,150;5,000;2,000;

15693;2017.06.15 20:00:00;0,000;17,000;1,000;72,000;6,000;17,150;5,000;2,000;

15694;2017.06.15 21:00:00;0,000;16,400;1,000;74,000;6,000;17,150;5,000;2,000;

15695;2017.06.15 22:00:00;0,000;16,200;2,000;75,000;6,000;17,150;5,000;2,000;

15696;2017.06.15 23:00:00;0,000;15,800;3,000;80,000;6,000;17,150;5,000;2,000;

15697;2017.06.16 00:00:00;0,000;15,900;3,000;80,000;7,000;17,167;2,000;2,000;

15698;2017.06.16 01:00:00;0,000;15,800;3,000;80,000;7,000;17,167;2,000;2,000;

15699;2017.06.16 02:00:00;0,000;16,300;2,000;77,000;8,000;17,167;2,000;2,000;

15700;2017.06.16 03:00:00;0,000;15,700;2,000;83,000;8,000;17,167;2,000;2,000;

15701;2017.06.16 04:00:00;0,000;15,000;2,000;89,000;8,000;17,167;2,000;2,000;

15702;2017.06.16 05:00:00;0,000;14,600;2,000;95,000;8,000;17,167;2,000;2,000;

15703;2017.06.16 06:00:00;0,000;14,500;2,000;96,000;8,000;17,167;2,000;2,000;

15704;2017.06.16 07:00:00;0,000;14,900;2,000;97,000;8,000;17,167;2,000;2,000;

15705;2017.06.16 08:00:00;0,000;15,500;5,000;92,000;8,000;17,167;2,000;2,000;

15706;2017.06.16 09:00:00;0,000;16,800;7,000;78,000;6,000;17,167;2,000;2,000;

15707;2017.06.16 10:00:00;0,000;17,900;7,000;71,000;6,000;17,167;2,000;2,000;

15708;2017.06.16 11:00:00;0,000;18,000;8,000;63,000;6,000;17,167;2,000;2,000;

15709;2017.06.16 12:00:00;0,000;17,900;7,000;67,000;5,000;17,167;2,000;2,000;

15710;2017.06.16 13:00:00;0,000;18,200;8,000;64,000;5,000;17,167;2,000;2,000;

15711;2017.06.16 14:00:00;0,000;17,800;7,000;66,000;5,000;17,167;2,000;2,000;

15712;2017.06.16 15:00:00;0,000;17,300;7,000;61,000;3,000;17,167;2,000;2,000;

15713;2017.06.16 16:00:00;0,000;17,300;5,000;70,000;4,000;17,167;2,000;2,000;

15714;2017.06.16 17:00:00;0,000;16,300;5,000;75,000;4,000;17,167;2,000;2,000;

15715;2017.06.16 18:00:00;0,000;15,300;4,000;71,000;5,000;17,167;2,000;2,000;

15716;2017.06.16 19:00:00;0,000;14,600;3,000;73,000;6,000;17,167;2,000;2,000;

15717;2017.06.16 20:00:00;0,000;13,700;3,000;85,000;7,000;17,167;2,000;2,000;

15718;2017.06.16 21:00:00;0,000;13,400;3,000;86,000;7,000;17,167;2,000;2,000;

15719;2017.06.16 22:00:00;0,000;13,300;3,000;89,000;8,000;17,167;2,000;2,000;

15720;2017.06.16 23:00:00;0,000;13,500;5,000;93,000;8,000;17,167;2,000;2,000;

15721;2017.06.17 00:00:00;0,000;13,600;7,000;93,000;8,000;17,167;3,000;2,000;

15722;2017.06.17 01:00:00;0,000;13,800;8,000;90,000;8,000;17,167;3,000;2,000;

15723;2017.06.17 02:00:00;0,000;13,400;6,000;93,000;8,000;17,167;3,000;2,000;

15724;2017.06.17 03:00:00;0,000;13,200;7,000;92,000;8,000;17,167;3,000;2,000;

15725;2017.06.17 04:00:00;0,000;13,000;6,000;93,000;8,000;17,167;3,000;2,000;

15726;2017.06.17 05:00:00;0,000;13,100;5,000;96,000;8,000;17,167;3,000;2,000;

15727;2017.06.17 06:00:00;0,000;13,400;5,000;97,000;8,000;17,167;3,000;2,000;

15728;2017.06.17 07:00:00;0,000;13,600;5,000;97,000;8,000;17,167;3,000;2,000;

15729;2017.06.17 08:00:00;0,000;14,400;5,000;96,000;8,000;17,167;3,000;2,000;

15730;2017.06.17 09:00:00;0,000;14,500;5,000;95,000;8,000;17,167;3,000;2,000;

15731;2017.06.17 10:00:00;0,000;14,600;5,000;94,000;8,000;17,167;3,000;2,000;

15732;2017.06.17 11:00:00;0,000;14,900;5,000;92,000;8,000;17,167;3,000;2,000;

15733;2017.06.17 12:00:00;0,000;14,800;4,000;93,000;8,000;17,167;3,000;2,000;

15734;2017.06.17 13:00:00;0,000;14,900;4,000;91,000;8,000;17,167;3,000;2,000;

15735;2017.06.17 14:00:00;0,000;15,300;5,000;91,000;8,000;17,167;3,000;2,000;

15736;2017.06.17 15:00:00;0,000;15,700;4,000;89,000;8,000;17,167;3,000;2,000;

15737;2017.06.17 16:00:00;0,000;15,900;5,000;87,000;7,000;17,167;3,000;2,000;

15738;2017.06.17 17:00:00;0,000;16,400;4,000;85,000;7,000;17,167;3,000;2,000;

15739;2017.06.17 18:00:00;0,000;16,600;4,000;83,000;6,000;17,167;3,000;2,000;

15740;2017.06.17 19:00:00;0,000;15,600;3,000;86,000;6,000;17,167;3,000;2,000;

15741;2017.06.17 20:00:00;0,000;14,300;2,000;91,000;2,000;17,167;3,000;2,000;

15742;2017.06.17 21:00:00;0,000;13,900;1,000;91,000;2,000;17,167;3,000;2,000;

15743;2017.06.17 22:00:00;0,000;13,700;1,000;92,000;2,000;17,167;3,000;2,000;

15744;2017.06.17 23:00:00;0,000;13,400;2,000;93,000;5,000;17,167;3,000;2,000;

15745;2017.06.18 00:00:00;0,000;13,500;2,000;91,000;2,000;17,183;4,000;2,000;

15746;2017.06.18 01:00:00;0,000;13,900;3,000;88,000;1,000;17,183;4,000;2,000;

15747;2017.06.18 02:00:00;0,000;13,600;2,000;89,000;1,000;17,183;4,000;2,000;

15748;2017.06.18 03:00:00;0,000;12,900;1,000;91,000;1,000;17,183;4,000;2,000;

15749;2017.06.18 04:00:00;0,000;13,800;2,000;89,000;2,000;17,183;4,000;2,000;

15750;2017.06.18 05:00:00;0,000;15,500;3,000;86,000;2,000;17,183;4,000;2,000;

15751;2017.06.18 06:00:00;0,000;17,100;3,000;77,000;2,000;17,183;4,000;2,000;

15752;2017.06.18 07:00:00;0,000;18,200;4,000;73,000;2,000;17,183;4,000;2,000;

15753;2017.06.18 08:00:00;0,000;19,000;5,000;73,000;2,000;17,183;4,000;2,000;

15754;2017.06.18 09:00:00;0,000;19,600;5,000;74,000;3,000;17,183;4,000;2,000;

15755;2017.06.18 10:00:00;0,000;19,600;7,000;71,000;3,000;17,183;4,000;2,000;

15756;2017.06.18 11:00:00;0,000;19,300;6,000;77,000;2,000;17,183;4,000;2,000;

15757;2017.06.18 12:00:00;0,000;18,700;6,000;81,000;2,000;17,183;4,000;2,000;

15758;2017.06.18 13:00:00;0,000;19,400;5,000;77,000;2,000;17,183;4,000;2,000;

15759;2017.06.18 14:00:00;0,000;20,000;6,000;77,000;2,000;17,183;4,000;2,000;

15760;2017.06.18 15:00:00;0,000;20,100;5,000;78,000;1,000;17,183;4,000;2,000;

15761;2017.06.18 16:00:00;0,000;19,900;6,000;78,000;1,000;17,183;4,000;2,000;

15762;2017.06.18 17:00:00;0,000;19,900;5,000;74,000;0,000;17,183;4,000;2,000;

15763;2017.06.18 18:00:00;0,000;19,200;4,000;79,000;0,000;17,183;4,000;2,000;

15764;2017.06.18 19:00:00;0,000;18,600;2,000;80,000;0,000;17,183;4,000;2,000;

15765;2017.06.18 20:00:00;0,000;17,600;2,000;85,000;0,000;17,183;4,000;2,000;

15766;2017.06.18 21:00:00;0,000;16,900;2,000;89,000;0,000;17,183;4,000;2,000;

15767;2017.06.18 22:00:00;0,000;16,900;2,000;90,000;0,000;17,183;4,000;2,000;

15768;2017.06.18 23:00:00;0,000;16,700;2,000;91,000;0,000;17,183;4,000;2,000;

15769;2017.06.19 00:00:00;0,000;15,800;2,000;93,000;0,000;17,183;1,000;2,000;

15770;2017.06.19 01:00:00;0,000;16,600;2,000;93,000;0,000;17,183;1,000;2,000;

15771;2017.06.19 02:00:00;0,000;15,200;2,000;95,000;0,000;17,183;1,000;2,000;

15772;2017.06.19 03:00:00;0,000;14,800;2,000;96,000;1,000;17,183;1,000;2,000;

15773;2017.06.19 04:00:00;0,000;16,100;1,000;95,000;1,000;17,183;1,000;2,000;

15774;2017.06.19 05:00:00;0,000;18,100;2,000;90,000;0,000;17,183;1,000;2,000;

15775;2017.06.19 06:00:00;0,000;19,500;4,000;83,000;1,000;17,183;1,000;2,000;

15776;2017.06.19 07:00:00;0,000;20,500;3,000;80,000;0,000;17,183;1,000;2,000;

15777;2017.06.19 08:00:00;0,000;21,300;4,000;70,000;0,000;17,183;1,000;2,000;

15778;2017.06.19 09:00:00;0,000;22,000;4,000;75,000;1,000;17,183;1,000;2,000;

15779;2017.06.19 10:00:00;0,000;22,600;5,000;68,000;0,000;17,183;1,000;2,000;

15780;2017.06.19 11:00:00;0,000;23,000;5,000;65,000;0,000;17,183;1,000;2,000;

15781;2017.06.19 12:00:00;0,000;22,900;5,000;63,000;0,000;17,183;1,000;2,000;

15782;2017.06.19 13:00:00;0,000;23,100;5,000;61,000;0,000;17,183;1,000;2,000;

15783;2017.06.19 14:00:00;0,000;23,000;5,000;61,000;0,000;17,183;1,000;2,000;

15784;2017.06.19 15:00:00;0,000;23,700;3,000;61,000;0,000;17,183;1,000;2,000;

15785;2017.06.19 16:00:00;0,000;23,100;3,000;62,000;0,000;17,183;1,000;2,000;

15786;2017.06.19 17:00:00;0,000;22,300;2,000;66,000;0,000;17,183;1,000;2,000;

15787;2017.06.19 18:00:00;0,000;21,700;1,000;67,000;0,000;17,183;1,000;2,000;

15788;2017.06.19 19:00:00;0,000;20,800;1,000;77,000;1,000;17,183;1,000;2,000;

15789;2017.06.19 20:00:00;0,000;18,500;1,000;86,000;2,000;17,183;1,000;2,000;

15790;2017.06.19 21:00:00;0,000;17,300;0,000;89,000;2,000;17,183;1,000;2,000;

15791;2017.06.19 22:00:00;0,000;16,900;1,000;93,000;1,000;17,183;1,000;2,000;

15792;2017.06.19 23:00:00;0,000;17,800;1,000;90,000;1,000;17,183;1,000;2,000;

15793;2017.06.20 00:00:00;0,000;18,000;1,000;89,000;3,000;17,183;1,000;2,000;

15794;2017.06.20 01:00:00;0,000;18,400;2,000;88,000;6,000;17,183;1,000;2,000;

15795;2017.06.20 02:00:00;0,000;17,900;1,000;89,000;4,000;17,183;1,000;2,000;

15796;2017.06.20 03:00:00;0,000;17,500;2,000;90,000;5,000;17,183;1,000;2,000;

15797;2017.06.20 04:00:00;0,000;18,100;1,000;87,000;4,000;17,183;1,000;2,000;

15798;2017.06.20 05:00:00;0,000;19,100;1,000;86,000;7,000;17,183;1,000;2,000;

15799;2017.06.20 06:00:00;0,000;21,100;3,000;81,000;7,000;17,183;1,000;2,000;

15800;2017.06.20 07:00:00;0,000;21,400;5,000;77,000;7,000;17,183;1,000;2,000;

15801;2017.06.20 08:00:00;0,000;20,800;6,000;77,000;7,000;17,183;1,000;2,000;

15802;2017.06.20 09:00:00;0,000;19,800;7,000;78,000;8,000;17,183;1,000;2,000;

15803;2017.06.20 10:00:00;0,000;19,300;7,000;80,000;8,000;17,183;1,000;2,000;

15804;2017.06.20 11:00:00;0,000;18,600;7,000;74,000;8,000;17,183;1,000;2,000;

15805;2017.06.20 12:00:00;0,000;18,200;7,000;74,000;7,000;17,183;1,000;2,000;

15806;2017.06.20 13:00:00;0,000;18,300;6,000;68,000;7,000;17,183;1,000;2,000;

15807;2017.06.20 14:00:00;0,000;17,600;7,000;62,000;6,000;17,183;1,000;2,000;

15808;2017.06.20 15:00:00;0,000;17,000;8,000;63,000;6,000;17,183;1,000;2,000;

15809;2017.06.20 16:00:00;0,000;16,800;7,000;62,000;5,000;17,183;1,000;2,000;

15810;2017.06.20 17:00:00;0,000;16,600;7,000;65,000;3,000;17,183;1,000;2,000;

15811;2017.06.20 18:00:00;0,000;16,100;5,000;70,000;1,000;17,183;1,000;2,000;

15812;2017.06.20 19:00:00;0,000;15,100;4,000;72,000;1,000;17,183;1,000;2,000;

15813;2017.06.20 20:00:00;0,000;13,700;4,000;79,000;0,000;17,183;1,000;2,000;

15814;2017.06.20 21:00:00;0,000;13,500;3,000;82,000;0,000;17,183;1,000;2,000;

15815;2017.06.20 22:00:00;0,000;13,600;4,000;77,000;0,000;17,183;1,000;2,000;

15816;2017.06.20 23:00:00;0,000;13,800;5,000;71,000;0,000;17,183;1,000;2,000;

15817;2017.06.21 00:00:00;0,000;13,900;5,000;68,000;0,000;17,200;1,000;2,000;

15818;2017.06.21 01:00:00;0,000;13,400;5,000;74,000;1,000;17,200;1,000;2,000;

15819;2017.06.21 02:00:00;0,000;13,300;5,000;73,000;1,000;17,200;1,000;2,000;

15820;2017.06.21 03:00:00;0,000;12,900;3,000;75,000;1,000;17,200;1,000;2,000;

15821;2017.06.21 04:00:00;0,000;13,500;4,000;74,000;5,000;17,200;1,000;2,000;

15822;2017.06.21 05:00:00;0,000;13,800;4,000;74,000;5,000;17,200;1,000;2,000;

15823;2017.06.21 06:00:00;0,000;14,400;5,000;70,000;6,000;17,200;1,000;2,000;

15824;2017.06.21 07:00:00;0,000;15,200;6,000;63,000;5,000;17,200;1,000;2,000;

15825;2017.06.21 08:00:00;0,000;15,000;6,000;70,000;5,000;17,200;1,000;2,000;

15826;2017.06.21 09:00:00;0,000;15,000;6,000;71,000;6,000;17,200;1,000;2,000;

15827;2017.06.21 10:00:00;0,000;16,000;5,000;66,000;6,000;17,200;1,000;2,000;

15828;2017.06.21 11:00:00;0,000;15,200;6,000;68,000;5,000;17,200;1,000;2,000;

15829;2017.06.21 12:00:00;0,000;16,100;6,000;61,000;5,000;17,200;1,000;2,000;

15830;2017.06.21 13:00:00;0,000;15,500;6,000;66,000;6,000;17,200;1,000;2,000;

15831;2017.06.21 14:00:00;0,000;15,900;6,000;64,000;6,000;17,200;1,000;2,000;

15832;2017.06.21 15:00:00;0,000;16,000;6,000;63,000;7,000;17,200;1,000;2,000;

15833;2017.06.21 16:00:00;0,000;15,700;4,000;65,000;7,000;17,200;1,000;2,000;

15834;2017.06.21 17:00:00;0,000;15,500;4,000;65,000;7,000;17,200;1,000;2,000;

15835;2017.06.21 18:00:00;0,000;14,900;4,000;69,000;7,000;17,200;1,000;2,000;

15836;2017.06.21 19:00:00;0,000;13,900;2,000;75,000;7,000;17,200;1,000;2,000;

15837;2017.06.21 20:00:00;0,000;13,200;2,000;79,000;8,000;17,200;1,000;2,000;

15838;2017.06.21 21:00:00;0,000;12,000;2,000;83,000;8,000;17,200;1,000;2,000;

15839;2017.06.21 22:00:00;0,000;12,200;2,000;84,000;8,000;17,200;1,000;2,000;

15840;2017.06.21 23:00:00;0,000;12,400;2,000;85,000;8,000;17,200;1,000;2,000;

15841;2017.06.22 00:00:00;0,000;12,300;2,000;86,000;8,000;17,183;1,000;2,000;

15842;2017.06.22 01:00:00;0,000;12,300;2,000;88,000;8,000;17,183;1,000;2,000;

15843;2017.06.22 02:00:00;0,000;12,400;2,000;88,000;8,000;17,183;1,000;2,000;

15844;2017.06.22 03:00:00;0,000;12,700;2,000;87,000;7,000;17,183;1,000;2,000;

15845;2017.06.22 04:00:00;0,000;13,100;2,000;85,000;7,000;17,183;1,000;2,000;

15846;2017.06.22 05:00:00;0,000;13,200;2,000;86,000;8,000;17,183;1,000;2,000;

15847;2017.06.22 06:00:00;0,000;14,200;2,000;81,000;7,000;17,183;1,000;2,000;

15848;2017.06.22 07:00:00;0,000;16,500;3,000;73,000;6,000;17,183;1,000;2,000;

15849;2017.06.22 08:00:00;0,000;17,600;4,000;66,000;6,000;17,183;1,000;2,000;

15850;2017.06.22 09:00:00;0,000;18,500;4,000;63,000;6,000;17,183;1,000;2,000;

15851;2017.06.22 10:00:00;0,000;19,400;3,000;60,000;6,000;17,183;1,000;2,000;

15852;2017.06.22 11:00:00;0,000;20,000;3,000;60,000;7,000;17,183;1,000;2,000;

15853;2017.06.22 12:00:00;0,000;18,500;3,000;70,000;8,000;17,183;1,000;2,000;

15854;2017.06.22 13:00:00;0,000;18,300;1,000;73,000;8,000;17,183;1,000;2,000;

15855;2017.06.22 14:00:00;0,000;19,000;1,000;72,000;8,000;17,183;1,000;2,000;

15856;2017.06.22 15:00:00;0,000;20,600;4,000;57,000;7,000;17,183;1,000;2,000;

15857;2017.06.22 16:00:00;0,000;20,700;3,000;57,000;3,000;17,183;1,000;2,000;

15858;2017.06.22 17:00:00;0,000;21,000;2,000;57,000;3,000;17,183;1,000;2,000;

15859;2017.06.22 18:00:00;0,000;20,700;1,000;55,000;5,000;17,183;1,000;2,000;

15860;2017.06.22 19:00:00;0,000;19,900;1,000;58,000;7,000;17,183;1,000;2,000;

15861;2017.06.22 20:00:00;0,000;18,300;1,000;67,000;8,000;17,183;1,000;2,000;

15862;2017.06.22 21:00:00;0,000;18,000;2,000;68,000;8,000;17,183;1,000;2,000;

15863;2017.06.22 22:00:00;0,000;17,900;1,000;69,000;8,000;17,183;1,000;2,000;

15864;2017.06.22 23:00:00;0,000;15,900;2,000;87,000;8,000;17,183;1,000;2,000;

15865;2017.06.23 00:00:00;0,000;15,200;3,000;94,000;8,000;17,183;2,000;2,000;

15866;2017.06.23 01:00:00;0,000;15,200;2,000;95,000;8,000;17,183;2,000;2,000;

15867;2017.06.23 02:00:00;0,000;15,300;2,000;95,000;8,000;17,183;2,000;2,000;

15868;2017.06.23 03:00:00;0,000;15,500;2,000;97,000;8,000;17,183;2,000;2,000;

15869;2017.06.23 04:00:00;0,000;16,200;2,000;98,000;8,000;17,183;2,000;2,000;

15870;2017.06.23 05:00:00;0,000;16,400;2,000;98,000;8,000;17,183;2,000;2,000;

15871;2017.06.23 06:00:00;0,000;17,100;2,000;96,000;8,000;17,183;2,000;2,000;

15872;2017.06.23 07:00:00;0,000;16,700;2,000;96,000;8,000;17,183;2,000;2,000;

15873;2017.06.23 08:00:00;0,000;17,300;4,000;97,000;8,000;17,183;2,000;2,000;

15874;2017.06.23 09:00:00;0,000;16,800;6,000;97,000;8,000;17,183;2,000;2,000;

15875;2017.06.23 10:00:00;0,000;16,700;5,000;98,000;8,000;17,183;2,000;2,000;

15876;2017.06.23 11:00:00;0,000;17,400;4,000;96,000;8,000;17,183;2,000;2,000;

15877;2017.06.23 12:00:00;0,000;18,600;4,000;90,000;7,000;17,183;2,000;2,000;

15878;2017.06.23 13:00:00;0,000;18,800;5,000;86,000;6,000;17,183;2,000;2,000;

15879;2017.06.23 14:00:00;0,000;18,000;5,000;90,000;7,000;17,183;2,000;2,000;

15880;2017.06.23 15:00:00;0,000;16,800;5,000;95,000;8,000;17,183;2,000;2,000;

15881;2017.06.23 16:00:00;0,000;16,900;5,000;97,000;8,000;17,183;2,000;2,000;

15882;2017.06.23 17:00:00;0,000;16,900;4,000;97,000;8,000;17,183;2,000;2,000;

15883;2017.06.23 18:00:00;0,000;16,500;6,000;96,000;8,000;17,183;2,000;2,000;

15884;2017.06.23 19:00:00;0,000;16,100;6,000;96,000;8,000;17,183;2,000;2,000;

15885;2017.06.23 20:00:00;0,000;15,900;6,000;94,000;8,000;17,183;2,000;2,000;

15886;2017.06.23 21:00:00;0,000;16,300;6,000;89,000;8,000;17,183;2,000;2,000;

15887;2017.06.23 22:00:00;0,000;16,300;5,000;88,000;8,000;17,183;2,000;2,000;

15888;2017.06.23 23:00:00;0,000;15,700;5,000;86,000;8,000;17,183;2,000;2,000;

15889;2017.06.24 00:00:00;0,000;15,300;5,000;84,000;8,000;17,183;3,000;2,000;

15890;2017.06.24 01:00:00;0,000;15,100;4,000;86,000;8,000;17,183;3,000;2,000;

15891;2017.06.24 02:00:00;0,000;15,100;4,000;87,000;8,000;17,183;3,000;2,000;

15892;2017.06.24 03:00:00;0,000;14,300;3,000;92,000;8,000;17,183;3,000;2,000;

15893;2017.06.24 04:00:00;0,000;14,400;4,000;91,000;8,000;17,183;3,000;2,000;

15894;2017.06.24 05:00:00;0,000;14,800;4,000;91,000;8,000;17,183;3,000;2,000;

15895;2017.06.24 06:00:00;0,000;14,500;3,000;95,000;8,000;17,183;3,000;2,000;

15896;2017.06.24 07:00:00;0,000;15,000;4,000;93,000;8,000;17,183;3,000;2,000;

15897;2017.06.24 08:00:00;0,000;15,700;3,000;90,000;8,000;17,183;3,000;2,000;

15898;2017.06.24 09:00:00;0,000;16,300;4,000;89,000;8,000;17,183;3,000;2,000;

15899;2017.06.24 10:00:00;0,000;16,900;4,000;86,000;8,000;17,183;3,000;2,000;

15900;2017.06.24 11:00:00;0,000;18,000;5,000;82,000;8,000;17,183;3,000;2,000;

15901;2017.06.24 12:00:00;0,000;18,200;5,000;83,000;8,000;17,183;3,000;2,000;

15902;2017.06.24 13:00:00;0,000;18,300;4,000;83,000;8,000;17,183;3,000;2,000;

15903;2017.06.24 14:00:00;0,000;17,500;5,000;90,000;8,000;17,183;3,000;2,000;

15904;2017.06.24 15:00:00;0,000;18,100;4,000;85,000;8,000;17,183;3,000;2,000;

15905;2017.06.24 16:00:00;0,000;18,000;4,000;86,000;8,000;17,183;3,000;2,000;

15906;2017.06.24 17:00:00;0,000;17,300;4,000;92,000;8,000;17,183;3,000;2,000;

15907;2017.06.24 18:00:00;0,000;17,100;4,000;91,000;8,000;17,183;3,000;2,000;

15908;2017.06.24 19:00:00;0,000;16,700;6,000;87,000;7,000;17,183;3,000;2,000;

15909;2017.06.24 20:00:00;0,000;16,700;5,000;86,000;3,000;17,183;3,000;2,000;

15910;2017.06.24 21:00:00;0,000;15,900;5,000;80,000;6,000;17,183;3,000;2,000;

15911;2017.06.24 22:00:00;0,000;15,100;4,000;80,000;1,000;17,183;3,000;2,000;

15912;2017.06.24 23:00:00;0,000;14,300;2,000;89,000;6,000;17,183;3,000;2,000;

15913;2017.06.25 00:00:00;0,000;14,800;4,000;86,000;7,000;17,167;4,000;2,000;

15914;2017.06.25 01:00:00;0,000;14,300;3,000;81,000;2,000;17,167;4,000;2,000;

15915;2017.06.25 02:00:00;0,000;13,800;2,000;83,000;7,000;17,167;4,000;2,000;

15916;2017.06.25 03:00:00;0,000;13,400;2,000;90,000;7,000;17,167;4,000;2,000;

15917;2017.06.25 04:00:00;0,000;14,200;3,000;87,000;7,000;17,167;4,000;2,000;

15918;2017.06.25 05:00:00;0,000;14,500;4,000;88,000;7,000;17,167;4,000;2,000;

15919;2017.06.25 06:00:00;0,000;14,700;3,000;90,000;7,000;17,167;4,000;2,000;

15920;2017.06.25 07:00:00;0,000;15,100;3,000;93,000;8,000;17,167;4,000;2,000;

15921;2017.06.25 08:00:00;0,000;16,800;4,000;87,000;7,000;17,167;4,000;2,000;

15922;2017.06.25 09:00:00;0,000;18,900;4,000;83,000;5,000;17,167;4,000;2,000;

15923;2017.06.25 10:00:00;0,000;19,600;4,000;77,000;8,000;17,167;4,000;2,000;

15924;2017.06.25 11:00:00;0,000;20,200;5,000;73,000;7,000;17,167;4,000;2,000;

15925;2017.06.25 12:00:00;0,000;17,000;7,000;91,000;8,000;17,167;4,000;2,000;

15926;2017.06.25 13:00:00;0,000;15,400;4,000;86,000;7,000;17,167;4,000;2,000;

15927;2017.06.25 14:00:00;0,000;17,300;4,000;79,000;7,000;17,167;4,000;2,000;

15928;2017.06.25 15:00:00;0,000;17,400;3,000;76,000;7,000;17,167;4,000;2,000;

15929;2017.06.25 16:00:00;0,000;16,500;5,000;78,000;7,000;17,167;4,000;2,000;

15930;2017.06.25 17:00:00;0,000;16,200;4,000;84,000;8,000;17,167;4,000;2,000;

15931;2017.06.25 18:00:00;0,000;15,400;3,000;91,000;7,000;17,167;4,000;2,000;

15932;2017.06.25 19:00:00;0,000;15,400;3,000;87,000;3,000;17,167;4,000;2,000;

15933;2017.06.25 20:00:00;0,000;15,300;3,000;86,000;6,000;17,167;4,000;2,000;

15934;2017.06.25 21:00:00;0,000;15,100;2,000;89,000;7,000;17,167;4,000;2,000;

15935;2017.06.25 22:00:00;0,000;14,800;2,000;92,000;8,000;17,167;4,000;2,000;

15936;2017.06.25 23:00:00;0,000;14,700;3,000;91,000;7,000;17,167;4,000;2,000;

15937;2017.06.26 00:00:00;0,000;14,400;2,000;90,000;7,000;17,167;1,000;2,000;

15938;2017.06.26 01:00:00;0,000;13,700;4,000;93,000;6,000;17,167;1,000;2,000;

15939;2017.06.26 02:00:00;0,000;12,900;3,000;92,000;6,000;17,167;1,000;2,000;

15940;2017.06.26 03:00:00;0,000;12,700;3,000;93,000;7,000;17,167;1,000;2,000;

15941;2017.06.26 04:00:00;0,000;13,100;3,000;88,000;7,000;17,167;1,000;2,000;

15942;2017.06.26 05:00:00;0,000;13,800;4,000;84,000;7,000;17,167;1,000;2,000;

15943;2017.06.26 06:00:00;0,000;14,400;5,000;84,000;7,000;17,167;1,000;2,000;

15944;2017.06.26 07:00:00;0,000;15,400;5,000;77,000;6,000;17,167;1,000;2,000;

15945;2017.06.26 08:00:00;0,000;16,200;6,000;65,000;5,000;17,167;1,000;2,000;

15946;2017.06.26 09:00:00;0,000;16,300;7,000;61,000;4,000;17,167;1,000;2,000;

15947;2017.06.26 10:00:00;0,000;17,200;9,000;56,000;5,000;17,167;1,000;2,000;

15948;2017.06.26 11:00:00;0,000;17,000;7,000;57,000;5,000;17,167;1,000;2,000;

15949;2017.06.26 12:00:00;0,000;17,000;8,000;61,000;6,000;17,167;1,000;2,000;

15950;2017.06.26 13:00:00;0,000;17,800;6,000;62,000;3,000;17,167;1,000;2,000;

15951;2017.06.26 14:00:00;0,000;17,200;8,000;57,000;2,000;17,167;1,000;2,000;

15952;2017.06.26 15:00:00;0,000;17,100;7,000;58,000;2,000;17,167;1,000;2,000;

15953;2017.06.26 16:00:00;0,000;17,100;7,000;61,000;2,000;17,167;1,000;2,000;

15954;2017.06.26 17:00:00;0,000;16,900;7,000;59,000;2,000;17,167;1,000;2,000;

15955;2017.06.26 18:00:00;0,000;15,900;4,000;62,000;2,000;17,167;1,000;2,000;

15956;2017.06.26 19:00:00;0,000;15,300;3,000;66,000;1,000;17,167;1,000;2,000;

15957;2017.06.26 20:00:00;0,000;13,900;2,000;73,000;1,000;17,167;1,000;2,000;

15958;2017.06.26 21:00:00;0,000;13,000;2,000;77,000;1,000;17,167;1,000;2,000;

15959;2017.06.26 22:00:00;0,000;12,200;2,000;81,000;0,000;17,167;1,000;2,000;

15960;2017.06.26 23:00:00;0,000;11,600;2,000;83,000;1,000;17,167;1,000;2,000;

15961;2017.06.27 00:00:00;0,000;10,900;1,000;85,000;1,000;17,167;1,000;2,000;

15962;2017.06.27 01:00:00;0,000;10,600;1,000;86,000;1,000;17,167;1,000;2,000;

15963;2017.06.27 02:00:00;0,000;10,400;2,000;89,000;1,000;17,167;1,000;2,000;

15964;2017.06.27 03:00:00;0,000;10,300;2,000;89,000;1,000;17,167;1,000;2,000;

15965;2017.06.27 04:00:00;0,000;11,600;2,000;85,000;2,000;17,167;1,000;2,000;

15966;2017.06.27 05:00:00;0,000;11,800;2,000;85,000;4,000;17,167;1,000;2,000;

15967;2017.06.27 06:00:00;0,000;13,900;2,000;81,000;2,000;17,167;1,000;2,000;

15968;2017.06.27 07:00:00;0,000;14,600;5,000;67,000;7,000;17,167;1,000;2,000;

15969;2017.06.27 08:00:00;0,000;15,000;4,000;70,000;7,000;17,167;1,000;2,000;

15970;2017.06.27 09:00:00;0,000;15,900;5,000;62,000;6,000;17,167;1,000;2,000;

15971;2017.06.27 10:00:00;0,000;16,200;4,000;66,000;6,000;17,167;1,000;2,000;

15972;2017.06.27 11:00:00;0,000;16,100;6,000;63,000;7,000;17,167;1,000;2,000;

15973;2017.06.27 12:00:00;0,000;16,000;4,000;63,000;7,000;17,167;1,000;2,000;

15974;2017.06.27 13:00:00;0,000;15,700;4,000;67,000;7,000;17,167;1,000;2,000;

15975;2017.06.27 14:00:00;0,000;15,400;3,000;66,000;7,000;17,167;1,000;2,000;

15976;2017.06.27 15:00:00;0,000;15,200;3,000;66,000;7,000;17,167;1,000;2,000;

15977;2017.06.27 16:00:00;0,000;15,200;3,000;62,000;7,000;17,167;1,000;2,000;

15978;2017.06.27 17:00:00;0,000;15,000;3,000;64,000;7,000;17,167;1,000;2,000;

15979;2017.06.27 18:00:00;0,000;14,300;2,000;67,000;7,000;17,167;1,000;2,000;

15980;2017.06.27 19:00:00;0,000;13,700;1,000;73,000;6,000;17,167;1,000;2,000;

15981;2017.06.27 20:00:00;0,000;12,000;1,000;84,000;4,000;17,167;1,000;2,000;

15982;2017.06.27 21:00:00;0,000;11,000;1,000;87,000;3,000;17,167;1,000;2,000;

15983;2017.06.27 22:00:00;0,000;9,800;0,000;92,000;3,000;17,167;1,000;2,000;

15984;2017.06.27 23:00:00;0,000;9,300;0,000;94,000;3,000;17,167;1,000;2,000;

15985;2017.06.28 00:00:00;0,000;11,600;2,000;79,000;3,000;17,150;1,000;2,000;

15986;2017.06.28 01:00:00;0,000;11,900;1,000;83,000;4,000;17,150;1,000;2,000;

15987;2017.06.28 02:00:00;0,000;11,600;2,000;85,000;4,000;17,150;1,000;2,000;

15988;2017.06.28 03:00:00;0,000;11,200;1,000;87,000;4,000;17,150;1,000;2,000;

15989;2017.06.28 04:00:00;0,000;12,000;2,000;83,000;4,000;17,150;1,000;2,000;

15990;2017.06.28 05:00:00;0,000;13,900;1,000;78,000;6,000;17,150;1,000;2,000;

15991;2017.06.28 06:00:00;0,000;16,100;2,000;69,000;6,000;17,150;1,000;2,000;

15992;2017.06.28 07:00:00;0,000;18,600;2,000;64,000;6,000;17,150;1,000;2,000;

15993;2017.06.28 08:00:00;0,000;20,100;2,000;61,000;6,000;17,150;1,000;2,000;

15994;2017.06.28 09:00:00;0,000;21,900;2,000;57,000;6,000;17,150;1,000;2,000;

15995;2017.06.28 10:00:00;0,000;23,300;3,000;54,000;4,000;17,150;1,000;2,000;

15996;2017.06.28 11:00:00;0,000;24,300;4,000;51,000;3,000;17,150;1,000;2,000;

15997;2017.06.28 12:00:00;0,000;25,400;3,000;48,000;3,000;17,150;1,000;2,000;

15998;2017.06.28 13:00:00;0,000;25,500;5,000;48,000;5,000;17,150;1,000;2,000;

15999;2017.06.28 14:00:00;0,000;25,000;4,000;53,000;7,000;17,150;1,000;2,000;

16000;2017.06.28 15:00:00;0,000;24,500;4,000;57,000;7,000;17,150;1,000;2,000;

16001;2017.06.28 16:00:00;0,000;24,100;3,000;61,000;7,000;17,150;1,000;2,000;

16002;2017.06.28 17:00:00;0,000;23,700;3,000;62,000;7,000;17,150;1,000;2,000;

16003;2017.06.28 18:00:00;0,000;23,200;3,000;63,000;7,000;17,150;1,000;2,000;

16004;2017.06.28 19:00:00;0,000;22,100;2,000;68,000;7,000;17,150;1,000;2,000;

16005;2017.06.28 20:00:00;0,000;21,400;2,000;71,000;7,000;17,150;1,000;2,000;

16006;2017.06.28 21:00:00;0,000;21,100;2,000;73,000;7,000;17,150;1,000;2,000;

16007;2017.06.28 22:00:00;0,000;20,900;3,000;75,000;8,000;17,150;1,000;2,000;

16008;2017.06.28 23:00:00;0,000;20,100;3,000;83,000;7,000;17,150;1,000;2,000;

16009;2017.06.29 00:00:00;0,000;19,800;1,000;87,000;8,000;17,117;1,000;2,000;

16010;2017.06.29 01:00:00;0,000;18,700;1,000;91,000;8,000;17,117;1,000;2,000;

16011;2017.06.29 02:00:00;0,000;18,300;1,000;94,000;8,000;17,117;1,000;2,000;

16012;2017.06.29 03:00:00;0,000;18,000;0,000;93,000;7,000;17,117;1,000;2,000;

16013;2017.06.29 04:00:00;0,000;18,000;2,000;94,000;7,000;17,117;1,000;2,000;

16014;2017.06.29 05:00:00;0,000;19,100;1,000;90,000;7,000;17,117;1,000;2,000;

16015;2017.06.29 06:00:00;0,000;21,400;1,000;80,000;7,000;17,117;1,000;2,000;

16016;2017.06.29 07:00:00;0,000;22,200;2,000;73,000;8,000;17,117;1,000;2,000;

16017;2017.06.29 08:00:00;0,000;24,000;2,000;66,000;7,000;17,117;1,000;2,000;

16018;2017.06.29 09:00:00;0,000;24,600;3,000;66,000;7,000;17,117;1,000;2,000;

16019;2017.06.29 10:00:00;0,000;24,600;3,000;66,000;8,000;17,117;1,000;2,000;

16020;2017.06.29 11:00:00;0,000;26,000;3,000;63,000;8,000;17,117;1,000;2,000;

16021;2017.06.29 12:00:00;0,000;27,200;3,000;60,000;6,000;17,117;1,000;2,000;

16022;2017.06.29 13:00:00;0,000;27,200;3,000;57,000;7,000;17,117;1,000;2,000;

16023;2017.06.29 14:00:00;0,000;26,300;2,000;63,000;7,000;17,117;1,000;2,000;

16024;2017.06.29 15:00:00;0,000;22,400;2,000;86,000;7,000;17,117;1,000;2,000;

16025;2017.06.29 16:00:00;0,000;20,900;2,000;80,000;8,000;17,117;1,000;2,000;

16026;2017.06.29 17:00:00;0,000;20,200;2,000;85,000;7,000;17,117;1,000;2,000;

16027;2017.06.29 18:00:00;0,000;20,500;2,000;88,000;8,000;17,117;1,000;2,000;

16028;2017.06.29 19:00:00;0,000;19,600;2,000;95,000;8,000;17,117;1,000;2,000;

16029;2017.06.29 20:00:00;0,000;19,300;2,000;95,000;8,000;17,117;1,000;2,000;

16030;2017.06.29 21:00:00;0,000;19,000;1,000;94,000;8,000;17,117;1,000;2,000;

16031;2017.06.29 22:00:00;0,000;18,600;2,000;95,000;8,000;17,117;1,000;2,000;

16032;2017.06.29 23:00:00;0,000;18,300;1,000;94,000;8,000;17,117;1,000;2,000;

16033;2017.06.30 00:00:00;0,000;17,700;1,000;97,000;7,000;17,117;2,000;2,000;

16034;2017.06.30 01:00:00;0,000;17,500;1,000;98,000;8,000;17,117;2,000;2,000;

16035;2017.06.30 02:00:00;0,000;17,400;1,000;98,000;8,000;17,117;2,000;2,000;

16036;2017.06.30 03:00:00;0,000;17,600;1,000;97,000;8,000;17,117;2,000;2,000;

16037;2017.06.30 04:00:00;0,000;17,800;0,000;96,000;8,000;17,117;2,000;2,000;

16038;2017.06.30 05:00:00;0,000;18,100;2,000;96,000;8,000;17,117;2,000;2,000;

16039;2017.06.30 06:00:00;0,000;17,600;2,000;97,000;8,000;17,117;2,000;2,000;

16040;2017.06.30 07:00:00;0,000;17,800;2,000;95,000;8,000;17,117;2,000;2,000;

16041;2017.06.30 08:00:00;0,000;18,100;2,000;94,000;8,000;17,117;2,000;2,000;

16042;2017.06.30 09:00:00;0,000;18,600;3,000;93,000;8,000;17,117;2,000;2,000;

16043;2017.06.30 10:00:00;0,000;18,500;3,000;92,000;8,000;17,117;2,000;2,000;

16044;2017.06.30 11:00:00;0,000;17,300;3,000;96,000;8,000;17,117;2,000;2,000;

16045;2017.06.30 12:00:00;0,000;16,500;5,000;94,000;8,000;17,117;2,000;2,000;

16046;2017.06.30 13:00:00;0,000;15,800;7,000;93,000;8,000;17,117;2,000;2,000;

16047;2017.06.30 14:00:00;0,000;15,500;5,000;95,000;8,000;17,117;2,000;2,000;

16048;2017.06.30 15:00:00;0,000;15,400;6,000;95,000;8,000;17,117;2,000;2,000;

16049;2017.06.30 16:00:00;0,000;15,600;6,000;94,000;8,000;17,117;2,000;2,000;

16050;2017.06.30 17:00:00;0,000;15,300;7,000;93,000;8,000;17,117;2,000;2,000;

16051;2017.06.30 18:00:00;0,000;15,300;5,000;94,000;8,000;17,117;2,000;2,000;

16052;2017.06.30 19:00:00;0,000;15,200;6,000;93,000;8,000;17,117;2,000;2,000;

16053;2017.06.30 20:00:00;0,000;15,100;4,000;94,000;8,000;17,117;2,000;2,000;

16054;2017.06.30 21:00:00;0,000;14,800;5,000;94,000;8,000;17,117;2,000;2,000;

16055;2017.06.30 22:00:00;0,000;14,800;6,000;93,000;8,000;17,117;2,000;2,000;

16056;2017.06.30 23:00:00;0,000;14,800;5,000;91,000;8,000;17,117;2,000;2,000;

16057;2017.07.01 00:00:00;0,000;14,700;5,000;91,000;8,000;17,100;3,000;2,000;

16058;2017.07.01 01:00:00;0,000;14,600;5,000;91,000;8,000;17,100;3,000;2,000;

16059;2017.07.01 02:00:00;0,000;14,400;5,000;90,000;8,000;17,100;3,000;2,000;

16060;2017.07.01 03:00:00;0,000;14,100;5,000;92,000;8,000;17,100;3,000;2,000;

16061;2017.07.01 04:00:00;0,000;14,200;3,000;91,000;8,000;17,100;3,000;2,000;

16062;2017.07.01 05:00:00;0,000;14,100;4,000;92,000;8,000;17,100;3,000;2,000;

16063;2017.07.01 06:00:00;0,000;14,300;4,000;91,000;8,000;17,100;3,000;2,000;

16064;2017.07.01 07:00:00;0,000;14,400;4,000;92,000;8,000;17,100;3,000;2,000;

16065;2017.07.01 08:00:00;0,000;14,500;5,000;93,000;8,000;17,100;3,000;2,000;

16066;2017.07.01 09:00:00;0,000;15,000;4,000;93,000;8,000;17,100;3,000;2,000;

16067;2017.07.01 10:00:00;0,000;15,100;5,000;92,000;8,000;17,100;3,000;2,000;

16068;2017.07.01 11:00:00;0,000;15,500;5,000;93,000;8,000;17,100;3,000;2,000;

16069;2017.07.01 12:00:00;0,000;15,700;5,000;93,000;8,000;17,100;3,000;2,000;

16070;2017.07.01 13:00:00;0,000;15,500;5,000;93,000;8,000;17,100;3,000;2,000;

16071;2017.07.01 14:00:00;0,000;15,600;5,000;95,000;8,000;17,100;3,000;2,000;

16072;2017.07.01 15:00:00;0,000;14,800;4,000;95,000;8,000;17,100;3,000;2,000;

16073;2017.07.01 16:00:00;0,000;14,300;4,000;96,000;8,000;17,100;3,000;2,000;

16074;2017.07.01 17:00:00;0,000;14,200;3,000;94,000;8,000;17,100;3,000;2,000;

16075;2017.07.01 18:00:00;0,000;13,900;3,000;95,000;8,000;17,100;3,000;2,000;

16076;2017.07.01 19:00:00;0,000;13,700;3,000;95,000;8,000;17,100;3,000;2,000;

16077;2017.07.01 20:00:00;0,000;13,600;3,000;94,000;8,000;17,100;3,000;2,000;

16078;2017.07.01 21:00:00;0,000;13,300;3,000;98,000;8,000;17,100;3,000;2,000;

16079;2017.07.01 22:00:00;0,000;13,500;4,000;94,000;8,000;17,100;3,000;2,000;

16080;2017.07.01 23:00:00;0,000;13,200;4,000;97,000;8,000;17,100;3,000;2,000;

16081;2017.07.02 00:00:00;0,000;13,400;5,000;95,000;8,000;17,067;4,000;2,000;

16082;2017.07.02 01:00:00;0,000;13,900;4,000;93,000;8,000;17,067;4,000;2,000;

16083;2017.07.02 02:00:00;0,000;14,500;5,000;94,000;7,000;17,067;4,000;2,000;

16084;2017.07.02 03:00:00;0,000;14,700;5,000;94,000;7,000;17,067;4,000;2,000;

16085;2017.07.02 04:00:00;0,000;15,100;4,000;95,000;8,000;17,067;4,000;2,000;

16086;2017.07.02 05:00:00;0,000;15,600;3,000;92,000;6,000;17,067;4,000;2,000;

16087;2017.07.02 06:00:00;0,000;16,800;5,000;87,000;6,000;17,067;4,000;2,000;

16088;2017.07.02 07:00:00;0,000;15,900;7,000;87,000;7,000;17,067;4,000;2,000;

16089;2017.07.02 08:00:00;0,000;14,700;6,000;90,000;8,000;17,067;4,000;2,000;

16090;2017.07.02 09:00:00;0,000;14,600;5,000;85,000;8,000;17,067;4,000;2,000;

16091;2017.07.02 10:00:00;0,000;15,400;7,000;80,000;7,000;17,067;4,000;2,000;

16092;2017.07.02 11:00:00;0,000;15,900;7,000;76,000;7,000;17,067;4,000;2,000;

16093;2017.07.02 12:00:00;0,000;15,700;7,000;78,000;6,000;17,067;4,000;2,000;

16094;2017.07.02 13:00:00;0,000;16,700;7,000;73,000;7,000;17,067;4,000;2,000;

16095;2017.07.02 14:00:00;0,000;16,400;5,000;78,000;8,000;17,067;4,000;2,000;

16096;2017.07.02 15:00:00;0,000;16,300;5,000;82,000;7,000;17,067;4,000;2,000;

16097;2017.07.02 16:00:00;0,000;15,400;5,000;90,000;8,000;17,067;4,000;2,000;

16098;2017.07.02 17:00:00;0,000;15,700;4,000;88,000;7,000;17,067;4,000;2,000;

16099;2017.07.02 18:00:00;0,000;16,300;5,000;82,000;6,000;17,067;4,000;2,000;

16100;2017.07.02 19:00:00;0,000;16,000;4,000;83,000;8,000;17,067;4,000;2,000;

16101;2017.07.02 20:00:00;0,000;16,000;6,000;78,000;8,000;17,067;4,000;2,000;

16102;2017.07.02 21:00:00;0,000;15,600;4,000;73,000;7,000;17,067;4,000;2,000;

16103;2017.07.02 22:00:00;0,000;15,000;6,000;71,000;7,000;17,067;4,000;2,000;

16104;2017.07.02 23:00:00;0,000;14,900;6,000;71,000;7,000;17,067;4,000;2,000;

16105;2017.07.03 00:00:00;0,000;14,600;6,000;75,000;7,000;17,050;1,000;2,000;

16106;2017.07.03 01:00:00;0,000;14,100;5,000;72,000;7,000;17,050;1,000;2,000;

16107;2017.07.03 02:00:00;0,000;13,600;5,000;70,000;6,000;17,050;1,000;2,000;

16108;2017.07.03 03:00:00;0,000;13,600;5,000;73,000;6,000;17,050;1,000;2,000;

16109;2017.07.03 04:00:00;0,000;13,500;5,000;75,000;6,000;17,050;1,000;2,000;

16110;2017.07.03 05:00:00;0,000;13,900;5,000;73,000;6,000;17,050;1,000;2,000;

16111;2017.07.03 06:00:00;0,000;14,700;7,000;67,000;5,000;17,050;1,000;2,000;

16112;2017.07.03 07:00:00;0,000;14,800;6,000;69,000;5,000;17,050;1,000;2,000;

16113;2017.07.03 08:00:00;0,000;15,300;10,000;65,000;4,000;17,050;1,000;2,000;

16114;2017.07.03 09:00:00;0,000;15,700;6,000;72,000;6,000;17,050;1,000;2,000;

16115;2017.07.03 10:00:00;0,000;16,600;6,000;67,000;4,000;17,050;1,000;2,000;

16116;2017.07.03 11:00:00;0,000;17,100;8,000;63,000;6,000;17,050;1,000;2,000;

16117;2017.07.03 12:00:00;0,000;17,900;8,000;61,000;5,000;17,050;1,000;2,000;

16118;2017.07.03 13:00:00;0,000;17,800;7,000;62,000;7,000;17,050;1,000;2,000;

16119;2017.07.03 14:00:00;0,000;18,300;7,000;63,000;5,000;17,050;1,000;2,000;

16120;2017.07.03 15:00:00;0,000;18,100;5,000;62,000;4,000;17,050;1,000;2,000;

16121;2017.07.03 16:00:00;0,000;18,400;6,000;58,000;3,000;17,050;1,000;2,000;

16122;2017.07.03 17:00:00;0,000;18,200;3,000;63,000;6,000;17,050;1,000;2,000;

16123;2017.07.03 18:00:00;0,000;17,400;3,000;71,000;3,000;17,050;1,000;2,000;

16124;2017.07.03 19:00:00;0,000;16,100;3,000;78,000;7,000;17,050;1,000;2,000;

16125;2017.07.03 20:00:00;0,000;14,300;4,000;87,000;7,000;17,050;1,000;2,000;

16126;2017.07.03 21:00:00;0,000;13,200;2,000;94,000;8,000;17,050;1,000;2,000;

16127;2017.07.03 22:00:00;0,000;13,200;3,000;95,000;8,000;17,050;1,000;2,000;

16128;2017.07.03 23:00:00;0,000;13,300;4,000;93,000;8,000;17,050;1,000;2,000;

16129;2017.07.04 00:00:00;0,000;13,200;4,000;94,000;6,000;17,033;1,000;2,000;

16130;2017.07.04 01:00:00;0,000;13,200;3,000;95,000;8,000;17,033;1,000;2,000;

16131;2017.07.04 02:00:00;0,000;13,400;3,000;96,000;8,000;17,033;1,000;2,000;

16132;2017.07.04 03:00:00;0,000;11,600;4,000;91,000;7,000;17,033;1,000;2,000;

16133;2017.07.04 04:00:00;0,000;12,500;3,000;91,000;3,000;17,033;1,000;2,000;

16134;2017.07.04 05:00:00;0,000;12,900;5,000;79,000;3,000;17,033;1,000;2,000;

16135;2017.07.04 06:00:00;0,000;13,800;5,000;70,000;4,000;17,033;1,000;2,000;

16136;2017.07.04 07:00:00;0,000;14,100;6,000;70,000;6,000;17,033;1,000;2,000;

16137;2017.07.04 08:00:00;0,000;13,500;6,000;76,000;7,000;17,033;1,000;2,000;

16138;2017.07.04 09:00:00;0,000;15,200;8,000;65,000;6,000;17,033;1,000;2,000;

16139;2017.07.04 10:00:00;0,000;15,700;8,000;68,000;6,000;17,033;1,000;2,000;

16140;2017.07.04 11:00:00;0,000;16,000;8,000;69,000;7,000;17,033;1,000;2,000;

16141;2017.07.04 12:00:00;0,000;15,900;10,000;69,000;7,000;17,033;1,000;2,000;

16142;2017.07.04 13:00:00;0,000;15,800;8,000;67,000;6,000;17,033;1,000;2,000;

16143;2017.07.04 14:00:00;0,000;16,400;9,000;64,000;4,000;17,033;1,000;2,000;

16144;2017.07.04 15:00:00;0,000;15,900;8,000;67,000;5,000;17,033;1,000;2,000;

16145;2017.07.04 16:00:00;0,000;16,300;7,000;68,000;3,000;17,033;1,000;2,000;

16146;2017.07.04 17:00:00;0,000;16,200;5,000;70,000;3,000;17,033;1,000;2,000;

16147;2017.07.04 18:00:00;0,000;15,900;5,000;72,000;2,000;17,033;1,000;2,000;

16148;2017.07.04 19:00:00;0,000;15,200;3,000;78,000;2,000;17,033;1,000;2,000;

16149;2017.07.04 20:00:00;0,000;14,200;3,000;81,000;2,000;17,033;1,000;2,000;

16150;2017.07.04 21:00:00;0,000;13,300;2,000;85,000;4,000;17,033;1,000;2,000;

16151;2017.07.04 22:00:00;0,000;13,400;2,000;86,000;5,000;17,033;1,000;2,000;

16152;2017.07.04 23:00:00;0,000;12,800;2,000;88,000;7,000;17,033;1,000;2,000;

16153;2017.07.05 00:00:00;0,000;12,500;2,000;88,000;8,000;17,017;1,000;2,000;

16154;2017.07.05 01:00:00;0,000;12,300;2,000;89,000;8,000;17,017;1,000;2,000;

16155;2017.07.05 02:00:00;0,000;12,200;2,000;90,000;8,000;17,017;1,000;2,000;

16156;2017.07.05 03:00:00;0,000;12,100;2,000;91,000;8,000;17,017;1,000;2,000;

16157;2017.07.05 04:00:00;0,000;12,300;2,000;92,000;8,000;17,017;1,000;2,000;

16158;2017.07.05 05:00:00;0,000;13,100;2,000;91,000;8,000;17,017;1,000;2,000;

16159;2017.07.05 06:00:00;0,000;13,800;3,000;89,000;8,000;17,017;1,000;2,000;

16160;2017.07.05 07:00:00;0,000;14,900;3,000;81,000;8,000;17,017;1,000;2,000;

16161;2017.07.05 08:00:00;0,000;14,700;5,000;78,000;8,000;17,017;1,000;2,000;

16162;2017.07.05 09:00:00;0,000;14,500;4,000;83,000;8,000;17,017;1,000;2,000;

16163;2017.07.05 10:00:00;0,000;14,500;5,000;82,000;7,000;17,017;1,000;2,000;

16164;2017.07.05 11:00:00;0,000;15,600;4,000;69,000;7,000;17,017;1,000;2,000;

16165;2017.07.05 12:00:00;0,000;15,900;6,000;68,000;7,000;17,017;1,000;2,000;

16166;2017.07.05 13:00:00;0,000;16,300;6,000;66,000;6,000;17,017;1,000;2,000;

16167;2017.07.05 14:00:00;0,000;16,200;5,000;62,000;5,000;17,017;1,000;2,000;

16168;2017.07.05 15:00:00;0,000;16,100;5,000;64,000;5,000;17,017;1,000;2,000;

16169;2017.07.05 16:00:00;0,000;15,800;5,000;64,000;3,000;17,017;1,000;2,000;

16170;2017.07.05 17:00:00;0,000;15,500;4,000;64,000;6,000;17,017;1,000;2,000;

16171;2017.07.05 18:00:00;0,000;14,600;3,000;70,000;6,000;17,017;1,000;2,000;

16172;2017.07.05 19:00:00;0,000;13,800;2,000;76,000;6,000;17,017;1,000;2,000;

16173;2017.07.05 20:00:00;0,000;13,300;1,000;79,000;7,000;17,017;1,000;2,000;

16174;2017.07.05 21:00:00;0,000;12,600;2,000;84,000;5,000;17,017;1,000;2,000;

16175;2017.07.05 22:00:00;0,000;12,000;2,000;86,000;3,000;17,017;1,000;2,000;

16176;2017.07.05 23:00:00;0,000;11,200;2,000;88,000;2,000;17,017;1,000;2,000;

16177;2017.07.06 00:00:00;0,000;10,900;1,000;90,000;2,000;16,983;1,000;2,000;

16178;2017.07.06 01:00:00;0,000;10,100;2,000;93,000;1,000;16,983;1,000;2,000;

16179;2017.07.06 02:00:00;0,000;9,700;2,000;94,000;1,000;16,983;1,000;2,000;

16180;2017.07.06 03:00:00;0,000;9,300;2,000;95,000;4,000;16,983;1,000;2,000;

16181;2017.07.06 04:00:00;0,000;10,400;2,000;92,000;3,000;16,983;1,000;2,000;

16182;2017.07.06 05:00:00;0,000;12,600;1,000;87,000;1,000;16,983;1,000;2,000;

16183;2017.07.06 06:00:00;0,000;15,000;2,000;85,000;1,000;16,983;1,000;2,000;

16184;2017.07.06 07:00:00;0,000;16,800;3,000;78,000;1,000;16,983;1,000;2,000;

16185;2017.07.06 08:00:00;0,000;17,100;3,000;76,000;4,000;16,983;1,000;2,000;

16186;2017.07.06 09:00:00;0,000;18,400;3,000;63,000;5,000;16,983;1,000;2,000;

16187;2017.07.06 10:00:00;0,000;18,800;3,000;61,000;5,000;16,983;1,000;2,000;

16188;2017.07.06 11:00:00;0,000;19,300;4,000;55,000;6,000;16,983;1,000;2,000;

16189;2017.07.06 12:00:00;0,000;19,300;3,000;46,000;7,000;16,983;1,000;2,000;

16190;2017.07.06 13:00:00;0,000;19,400;4,000;40,000;7,000;16,983;1,000;2,000;

16191;2017.07.06 14:00:00;0,000;19,300;4,000;46,000;7,000;16,983;1,000;2,000;

16192;2017.07.06 15:00:00;0,000;18,900;3,000;47,000;7,000;16,983;1,000;2,000;

16193;2017.07.06 16:00:00;0,000;18,700;2,000;50,000;7,000;16,983;1,000;2,000;

16194;2017.07.06 17:00:00;0,000;18,600;2,000;53,000;7,000;16,983;1,000;2,000;

16195;2017.07.06 18:00:00;0,000;18,600;2,000;53,000;4,000;16,983;1,000;2,000;

16196;2017.07.06 19:00:00;0,000;17,600;1,000;60,000;0,000;16,983;1,000;2,000;

16197;2017.07.06 20:00:00;0,000;15,700;0,000;73,000;1,000;16,983;1,000;2,000;

16198;2017.07.06 21:00:00;0,000;13,100;1,000;84,000;1,000;16,983;1,000;2,000;

16199;2017.07.06 22:00:00;0,000;12,300;1,000;81,000;1,000;16,983;1,000;2,000;

16200;2017.07.06 23:00:00;0,000;13,200;2,000;73,000;1,000;16,983;1,000;2,000;

16201;2017.07.07 00:00:00;0,000;13,700;2,000;70,000;1,000;16,967;2,000;2,000;

16202;2017.07.07 01:00:00;0,000;13,300;3,000;73,000;1,000;16,967;2,000;2,000;

16203;2017.07.07 02:00:00;0,000;12,600;3,000;76,000;7,000;16,967;2,000;2,000;

16204;2017.07.07 03:00:00;0,000;12,500;3,000;75,000;7,000;16,967;2,000;2,000;

16205;2017.07.07 04:00:00;0,000;13,200;3,000;74,000;7,000;16,967;2,000;2,000;

16206;2017.07.07 05:00:00;0,000;14,100;3,000;73,000;7,000;16,967;2,000;2,000;

16207;2017.07.07 06:00:00;0,000;16,200;3,000;68,000;7,000;16,967;2,000;2,000;

16208;2017.07.07 07:00:00;0,000;19,800;2,000;59,000;8,000;16,967;2,000;2,000;

16209;2017.07.07 08:00:00;0,000;20,800;3,000;53,000;7,000;16,967;2,000;2,000;

16210;2017.07.07 09:00:00;0,000;20,400;3,000;56,000;8,000;16,967;2,000;2,000;

16211;2017.07.07 10:00:00;0,000;20,700;3,000;58,000;8,000;16,967;2,000;2,000;

16212;2017.07.07 11:00:00;0,000;20,500;1,000;63,000;8,000;16,967;2,000;2,000;

16213;2017.07.07 12:00:00;0,000;20,500;1,000;63,000;8,000;16,967;2,000;2,000;

16214;2017.07.07 13:00:00;0,000;19,400;1,000;72,000;8,000;16,967;2,000;2,000;

16215;2017.07.07 14:00:00;0,000;18,400;2,000;82,000;8,000;16,967;2,000;2,000;

16216;2017.07.07 15:00:00;0,000;17,900;2,000;84,000;7,000;16,967;2,000;2,000;

16217;2017.07.07 16:00:00;0,000;18,000;2,000;85,000;8,000;16,967;2,000;2,000;

16218;2017.07.07 17:00:00;0,000;17,900;2,000;86,000;7,000;16,967;2,000;2,000;

16219;2017.07.07 18:00:00;0,000;17,600;3,000;83,000;7,000;16,967;2,000;2,000;

16220;2017.07.07 19:00:00;0,000;17,100;2,000;84,000;3,000;16,967;2,000;2,000;

16221;2017.07.07 20:00:00;0,000;16,000;1,000;89,000;3,000;16,967;2,000;2,000;

16222;2017.07.07 21:00:00;0,000;15,600;1,000;92,000;7,000;16,967;2,000;2,000;

16223;2017.07.07 22:00:00;0,000;15,500;2,000;91,000;7,000;16,967;2,000;2,000;

16224;2017.07.07 23:00:00;0,000;15,300;2,000;92,000;7,000;16,967;2,000;2,000;

16225;2017.07.08 00:00:00;0,000;15,000;2,000;93,000;8,000;16,933;3,000;2,000;

16226;2017.07.08 01:00:00;0,000;14,900;2,000;94,000;8,000;16,933;3,000;2,000;

16227;2017.07.08 02:00:00;0,000;14,800;2,000;95,000;8,000;16,933;3,000;2,000;

16228;2017.07.08 03:00:00;0,000;14,400;2,000;95,000;7,000;16,933;3,000;2,000;

16229;2017.07.08 04:00:00;0,000;14,300;3,000;93,000;7,000;16,933;3,000;2,000;

16230;2017.07.08 05:00:00;0,000;14,500;3,000;92,000;8,000;16,933;3,000;2,000;

16231;2017.07.08 06:00:00;0,000;15,200;3,000;90,000;8,000;16,933;3,000;2,000;

16232;2017.07.08 07:00:00;0,000;15,700;2,000;92,000;8,000;16,933;3,000;2,000;

16233;2017.07.08 08:00:00;0,000;16,000;3,000;93,000;8,000;16,933;3,000;2,000;

16234;2017.07.08 09:00:00;0,000;16,300;2,000;96,000;8,000;16,933;3,000;2,000;

16235;2017.07.08 10:00:00;0,000;18,000;3,000;89,000;8,000;16,933;3,000;2,000;

16236;2017.07.08 11:00:00;0,000;18,600;4,000;85,000;7,000;16,933;3,000;2,000;

16237;2017.07.08 12:00:00;0,000;18,900;6,000;82,000;7,000;16,933;3,000;2,000;

16238;2017.07.08 13:00:00;0,000;19,000;6,000;77,000;6,000;16,933;3,000;2,000;

16239;2017.07.08 14:00:00;0,000;18,600;5,000;77,000;7,000;16,933;3,000;2,000;

16240;2017.07.08 15:00:00;0,000;19,600;6,000;73,000;2,000;16,933;3,000;2,000;

16241;2017.07.08 16:00:00;0,000;18,900;6,000;74,000;1,000;16,933;3,000;2,000;

16242;2017.07.08 17:00:00;0,000;19,100;4,000;76,000;1,000;16,933;3,000;2,000;

16243;2017.07.08 18:00:00;0,000;19,000;3,000;76,000;2,000;16,933;3,000;2,000;

16244;2017.07.08 19:00:00;0,000;18,100;3,000;78,000;2,000;16,933;3,000;2,000;

16245;2017.07.08 20:00:00;0,000;16,900;3,000;82,000;1,000;16,933;3,000;2,000;

16246;2017.07.08 21:00:00;0,000;16,100;3,000;85,000;2,000;16,933;3,000;2,000;

16247;2017.07.08 22:00:00;0,000;15,800;3,000;84,000;1,000;16,933;3,000;2,000;

16248;2017.07.08 23:00:00;0,000;15,400;2,000;84,000;1,000;16,933;3,000;2,000;

16249;2017.07.09 00:00:00;0,000;14,200;2,000;90,000;1,000;16,900;4,000;2,000;

16250;2017.07.09 01:00:00;0,000;14,600;4,000;89,000;1,000;16,900;4,000;2,000;

16251;2017.07.09 02:00:00;0,000;14,800;3,000;92,000;6,000;16,900;4,000;2,000;

16252;2017.07.09 03:00:00;0,000;14,400;3,000;92,000;6,000;16,900;4,000;2,000;

16253;2017.07.09 04:00:00;0,000;14,600;3,000;84,000;4,000;16,900;4,000;2,000;

16254;2017.07.09 05:00:00;0,000;15,100;3,000;78,000;3,000;16,900;4,000;2,000;

16255;2017.07.09 06:00:00;0,000;15,900;3,000;77,000;5,000;16,900;4,000;2,000;

16256;2017.07.09 07:00:00;0,000;15,600;5,000;79,000;5,000;16,900;4,000;2,000;

16257;2017.07.09 08:00:00;0,000;16,500;5,000;72,000;5,000;16,900;4,000;2,000;

16258;2017.07.09 09:00:00;0,000;16,200;4,000;68,000;5,000;16,900;4,000;2,000;

16259;2017.07.09 10:00:00;0,000;16,400;5,000;68,000;6,000;16,900;4,000;2,000;

16260;2017.07.09 11:00:00;0,000;16,400;6,000;66,000;7,000;16,900;4,000;2,000;

16261;2017.07.09 12:00:00;0,000;16,400;5,000;69,000;7,000;16,900;4,000;2,000;

16262;2017.07.09 13:00:00;0,000;16,700;4,000;65,000;7,000;16,900;4,000;2,000;

16263;2017.07.09 14:00:00;0,000;16,200;4,000;66,000;1,000;16,900;4,000;2,000;

16264;2017.07.09 15:00:00;0,000;16,600;4,000;65,000;0,000;16,900;4,000;2,000;

16265;2017.07.09 16:00:00;0,000;16,100;3,000;64,000;0,000;16,900;4,000;2,000;

16266;2017.07.09 17:00:00;0,000;16,000;3,000;65,000;0,000;16,900;4,000;2,000;

16267;2017.07.09 18:00:00;0,000;15,600;2,000;67,000;1,000;16,900;4,000;2,000;

16268;2017.07.09 19:00:00;0,000;14,600;2,000;73,000;1,000;16,900;4,000;2,000;

16269;2017.07.09 20:00:00;0,000;12,300;0,000;85,000;1,000;16,900;4,000;2,000;

16270;2017.07.09 21:00:00;0,000;10,600;1,000;92,000;1,000;16,900;4,000;2,000;

16271;2017.07.09 22:00:00;0,000;10,200;1,000;95,000;1,000;16,900;4,000;2,000;

16272;2017.07.09 23:00:00;0,000;10,800;1,000;94,000;1,000;16,900;4,000;2,000;

16273;2017.07.10 00:00:00;0,000;8,900;1,000;93,000;1,000;16,850;1,000;2,000;

16274;2017.07.10 01:00:00;0,000;9,800;1,000;95,000;1,000;16,850;1,000;2,000;

16275;2017.07.10 02:00:00;0,000;8,200;0,000;94,000;1,000;16,850;1,000;2,000;

16276;2017.07.10 03:00:00;0,000;8,000;1,000;98,000;3,000;16,850;1,000;2,000;

16277;2017.07.10 04:00:00;0,000;10,500;1,000;93,000;6,000;16,850;1,000;2,000;

16278;2017.07.10 05:00:00;0,000;13,000;2,000;88,000;6,000;16,850;1,000;2,000;

16279;2017.07.10 06:00:00;0,000;15,600;3,000;81,000;7,000;16,850;1,000;2,000;

16280;2017.07.10 07:00:00;0,000;17,000;2,000;81,000;7,000;16,850;1,000;2,000;

16281;2017.07.10 08:00:00;0,000;19,400;1,000;71,000;7,000;16,850;1,000;2,000;

16282;2017.07.10 09:00:00;0,000;21,800;2,000;61,000;7,000;16,850;1,000;2,000;

16283;2017.07.10 10:00:00;0,000;23,600;2,000;57,000;7,000;16,850;1,000;2,000;

16284;2017.07.10 11:00:00;0,000;24,400;2,000;53,000;8,000;16,850;1,000;2,000;

16285;2017.07.10 12:00:00;0,000;24,300;2,000;58,000;8,000;16,850;1,000;2,000;

16286;2017.07.10 13:00:00;0,000;24,100;2,000;59,000;8,000;16,850;1,000;2,000;

16287;2017.07.10 14:00:00;0,000;23,100;1,000;67,000;8,000;16,850;1,000;2,000;

16288;2017.07.10 15:00:00;0,000;18,600;3,000;90,000;7,000;16,850;1,000;2,000;

16289;2017.07.10 16:00:00;0,000;18,600;3,000;94,000;7,000;16,850;1,000;2,000;

16290;2017.07.10 17:00:00;0,000;18,800;2,000;93,000;7,000;16,850;1,000;2,000;

16291;2017.07.10 18:00:00;0,000;18,600;2,000;95,000;7,000;16,850;1,000;2,000;

16292;2017.07.10 19:00:00;0,000;18,700;3,000;95,000;7,000;16,850;1,000;2,000;

16293;2017.07.10 20:00:00;0,000;18,600;1,000;96,000;8,000;16,850;1,000;2,000;

16294;2017.07.10 21:00:00;0,000;18,400;4,000;96,000;8,000;16,850;1,000;2,000;

16295;2017.07.10 22:00:00;0,000;17,200;3,000;96,000;8,000;16,850;1,000;2,000;

16296;2017.07.10 23:00:00;0,000;16,400;3,000;98,000;8,000;16,850;1,000;2,000;

16297;2017.07.11 00:00:00;0,000;16,100;3,000;99,000;9,000;16,817;1,000;2,000;

16298;2017.07.11 01:00:00;0,000;15,900;2,000;99,000;9,000;16,817;1,000;2,000;

16299;2017.07.11 02:00:00;0,000;16,000;4,000;99,000;9,000;16,817;1,000;2,000;

16300;2017.07.11 03:00:00;0,000;16,200;4,000;99,000;9,000;16,817;1,000;2,000;

16301;2017.07.11 04:00:00;0,000;15,800;4,000;99,000;8,000;16,817;1,000;2,000;

16302;2017.07.11 05:00:00;0,000;15,500;3,000;99,000;9,000;16,817;1,000;2,000;

16303;2017.07.11 06:00:00;0,000;15,200;3,000;98,000;8,000;16,817;1,000;2,000;

16304;2017.07.11 07:00:00;0,000;15,700;3,000;96,000;8,000;16,817;1,000;2,000;

16305;2017.07.11 08:00:00;0,000;16,600;4,000;87,000;8,000;16,817;1,000;2,000;

16306;2017.07.11 09:00:00;0,000;17,800;4,000;79,000;8,000;16,817;1,000;2,000;

16307;2017.07.11 10:00:00;0,000;17,300;5,000;70,000;7,000;16,817;1,000;2,000;

16308;2017.07.11 11:00:00;0,000;17,700;4,000;74,000;7,000;16,817;1,000;2,000;

16309;2017.07.11 12:00:00;0,000;18,200;4,000;68,000;7,000;16,817;1,000;2,000;

16310;2017.07.11 13:00:00;0,000;19,000;4,000;65,000;7,000;16,817;1,000;2,000;

16311;2017.07.11 14:00:00;0,000;19,300;4,000;66,000;7,000;16,817;1,000;2,000;

16312;2017.07.11 15:00:00;0,000;19,700;5,000;63,000;8,000;16,817;1,000;2,000;

16313;2017.07.11 16:00:00;0,000;20,200;4,000;66,000;8,000;16,817;1,000;2,000;

16314;2017.07.11 17:00:00;0,000;20,300;2,000;61,000;8,000;16,817;1,000;2,000;

16315;2017.07.11 18:00:00;0,000;20,400;1,000;65,000;4,000;16,817;1,000;2,000;

16316;2017.07.11 19:00:00;0,000;19,600;1,000;68,000;3,000;16,817;1,000;2,000;

16317;2017.07.11 20:00:00;0,000;18,400;1,000;76,000;3,000;16,817;1,000;2,000;

16318;2017.07.11 21:00:00;0,000;17,600;2,000;81,000;8,000;16,817;1,000;2,000;

16319;2017.07.11 22:00:00;0,000;17,000;2,000;86,000;7,000;16,817;1,000;2,000;

16320;2017.07.11 23:00:00;0,000;16,500;2,000;89,000;7,000;16,817;1,000;2,000;

16321;2017.07.12 00:00:00;0,000;16,000;2,000;90,000;7,000;16,783;1,000;2,000;

16322;2017.07.12 01:00:00;0,000;15,400;3,000;91,000;7,000;16,783;1,000;2,000;

16323;2017.07.12 02:00:00;0,000;14,700;2,000;93,000;7,000;16,783;1,000;2,000;

16324;2017.07.12 03:00:00;0,000;14,200;2,000;96,000;5,000;16,783;1,000;2,000;

16325;2017.07.12 04:00:00;0,000;14,500;1,000;96,000;4,000;16,783;1,000;2,000;

16326;2017.07.12 05:00:00;0,000;15,500;2,000;94,000;6,000;16,783;1,000;2,000;

16327;2017.07.12 06:00:00;0,000;15,900;3,000;93,000;7,000;16,783;1,000;2,000;

16328;2017.07.12 07:00:00;0,000;17,500;2,000;85,000;6,000;16,783;1,000;2,000;

16329;2017.07.12 08:00:00;0,000;18,600;3,000;74,000;6,000;16,783;1,000;2,000;

16330;2017.07.12 09:00:00;0,000;19,600;3,000;68,000;7,000;16,783;1,000;2,000;

16331;2017.07.12 10:00:00;0,000;20,200;3,000;67,000;6,000;16,783;1,000;2,000;

16332;2017.07.12 11:00:00;0,000;21,700;3,000;63,000;7,000;16,783;1,000;2,000;

16333;2017.07.12 12:00:00;0,000;18,900;2,000;80,000;8,000;16,783;1,000;2,000;

16334;2017.07.12 13:00:00;0,000;17,700;2,000;90,000;8,000;16,783;1,000;2,000;

16335;2017.07.12 14:00:00;0,000;17,400;2,000;92,000;8,000;16,783;1,000;2,000;

16336;2017.07.12 15:00:00;0,000;17,200;2,000;94,000;8,000;16,783;1,000;2,000;

16337;2017.07.12 16:00:00;0,000;17,100;1,000;94,000;8,000;16,783;1,000;2,000;

16338;2017.07.12 17:00:00;0,000;16,900;2,000;94,000;8,000;16,783;1,000;2,000;

16339;2017.07.12 18:00:00;0,000;16,600;1,000;89,000;8,000;16,783;1,000;2,000;

16340;2017.07.12 19:00:00;0,000;16,300;3,000;93,000;8,000;16,783;1,000;2,000;

16341;2017.07.12 20:00:00;0,000;15,400;3,000;95,000;8,000;16,783;1,000;2,000;

16342;2017.07.12 21:00:00;0,000;14,700;3,000;97,000;8,000;16,783;1,000;2,000;

16343;2017.07.12 22:00:00;0,000;14,400;5,000;95,000;8,000;16,783;1,000;2,000;

16344;2017.07.12 23:00:00;0,000;14,300;5,000;95,000;8,000;16,783;1,000;2,000;

16345;2017.07.13 00:00:00;0,000;14,300;6,000;93,000;8,000;16,750;1,000;2,000;

16346;2017.07.13 01:00:00;0,000;14,100;5,000;88,000;8,000;16,750;1,000;2,000;

16347;2017.07.13 02:00:00;0,000;14,000;5,000;80,000;8,000;16,750;1,000;2,000;

16348;2017.07.13 03:00:00;0,000;14,200;5,000;78,000;8,000;16,750;1,000;2,000;

16349;2017.07.13 04:00:00;0,000;14,100;4,000;82,000;7,000;16,750;1,000;2,000;

16350;2017.07.13 05:00:00;0,000;14,800;6,000;82,000;7,000;16,750;1,000;2,000;

16351;2017.07.13 06:00:00;0,000;15,300;5,000;79,000;3,000;16,750;1,000;2,000;

16352;2017.07.13 07:00:00;0,000;16,300;7,000;79,000;6,000;16,750;1,000;2,000;

16353;2017.07.13 08:00:00;0,000;16,200;6,000;83,000;7,000;16,750;1,000;2,000;

16354;2017.07.13 09:00:00;0,000;16,600;7,000;76,000;6,000;16,750;1,000;2,000;

16355;2017.07.13 10:00:00;0,000;16,300;6,000;76,000;6,000;16,750;1,000;2,000;

16356;2017.07.13 11:00:00;0,000;15,900;8,000;76,000;7,000;16,750;1,000;2,000;

16357;2017.07.13 12:00:00;0,000;16,400;7,000;73,000;7,000;16,750;1,000;2,000;

16358;2017.07.13 13:00:00;0,000;16,600;6,000;71,000;7,000;16,750;1,000;2,000;

16359;2017.07.13 14:00:00;0,000;17,600;7,000;66,000;7,000;16,750;1,000;2,000;

16360;2017.07.13 15:00:00;0,000;16,700;8,000;70,000;6,000;16,750;1,000;2,000;

16361;2017.07.13 16:00:00;0,000;16,600;7,000;70,000;6,000;16,750;1,000;2,000;

16362;2017.07.13 17:00:00;0,000;16,600;6,000;69,000;6,000;16,750;1,000;2,000;

16363;2017.07.13 18:00:00;0,000;16,300;4,000;69,000;7,000;16,750;1,000;2,000;

16364;2017.07.13 19:00:00;0,000;15,100;4,000;71,000;4,000;16,750;1,000;2,000;

16365;2017.07.13 20:00:00;0,000;14,100;3,000;74,000;2,000;16,750;1,000;2,000;

16366;2017.07.13 21:00:00;0,000;13,400;2,000;77,000;3,000;16,750;1,000;2,000;

16367;2017.07.13 22:00:00;0,000;12,300;2,000;83,000;1,000;16,750;1,000;2,000;

16368;2017.07.13 23:00:00;0,000;11,500;2,000;86,000;0,000;16,750;1,000;2,000;

16369;2017.07.14 00:00:00;0,000;11,100;2,000;89,000;7,000;16,717;2,000;2,000;

16370;2017.07.14 01:00:00;0,000;11,800;1,000;88,000;7,000;16,717;2,000;2,000;

16371;2017.07.14 02:00:00;0,000;11,900;2,000;88,000;7,000;16,717;2,000;2,000;

16372;2017.07.14 03:00:00;0,000;11,100;1,000;91,000;7,000;16,717;2,000;2,000;

16373;2017.07.14 04:00:00;0,000;11,600;1,000;92,000;7,000;16,717;2,000;2,000;

16374;2017.07.14 05:00:00;0,000;12,400;2,000;91,000;7,000;16,717;2,000;2,000;

16375;2017.07.14 06:00:00;0,000;14,000;2,000;85,000;7,000;16,717;2,000;2,000;

16376;2017.07.14 07:00:00;0,000;15,900;3,000;69,000;8,000;16,717;2,000;2,000;

16377;2017.07.14 08:00:00;0,000;15,800;3,000;66,000;8,000;16,717;2,000;2,000;

16378;2017.07.14 09:00:00;0,000;15,500;3,000;70,000;7,000;16,717;2,000;2,000;

16379;2017.07.14 10:00:00;0,000;16,800;4,000;62,000;7,000;16,717;2,000;2,000;

16380;2017.07.14 11:00:00;0,000;15,900;4,000;68,000;7,000;16,717;2,000;2,000;

16381;2017.07.14 12:00:00;0,000;16,400;4,000;66,000;7,000;16,717;2,000;2,000;

16382;2017.07.14 13:00:00;0,000;16,500;4,000;64,000;7,000;16,717;2,000;2,000;

16383;2017.07.14 14:00:00;0,000;16,400;3,000;67,000;7,000;16,717;2,000;2,000;

16384;2017.07.14 15:00:00;0,000;16,600;3,000;61,000;7,000;16,717;2,000;2,000;

16385;2017.07.14 16:00:00;0,000;16,900;3,000;61,000;7,000;16,717;2,000;2,000;

16386;2017.07.14 17:00:00;0,000;16,200;2,000;63,000;6,000;16,717;2,000;2,000;

16387;2017.07.14 18:00:00;0,000;16,000;2,000;65,000;6,000;16,717;2,000;2,000;

16388;2017.07.14 19:00:00;0,000;15,000;1,000;74,000;4,000;16,717;2,000;2,000;

16389;2017.07.14 20:00:00;0,000;11,800;1,000;88,000;3,000;16,717;2,000;2,000;

16390;2017.07.14 21:00:00;0,000;10,500;0,000;92,000;2,000;16,717;2,000;2,000;

16391;2017.07.14 22:00:00;0,000;9,300;0,000;94,000;3,000;16,717;2,000;2,000;

16392;2017.07.14 23:00:00;0,000;9,500;1,000;96,000;3,000;16,717;2,000;2,000;

16393;2017.07.15 00:00:00;0,000;8,600;1,000;95,000;3,000;16,667;3,000;2,000;

16394;2017.07.15 01:00:00;0,000;9,700;1,000;96,000;3,000;16,667;3,000;2,000;

16395;2017.07.15 02:00:00;0,000;9,300;2,000;95,000;1,000;16,667;3,000;2,000;

16396;2017.07.15 03:00:00;0,000;8,900;1,000;94,000;2,000;16,667;3,000;2,000;

16397;2017.07.15 04:00:00;0,000;9,700;1,000;94,000;2,000;16,667;3,000;2,000;

16398;2017.07.15 05:00:00;0,000;11,400;1,000;89,000;3,000;16,667;3,000;2,000;

16399;2017.07.15 06:00:00;0,000;13,500;1,000;82,000;5,000;16,667;3,000;2,000;

16400;2017.07.15 07:00:00;0,000;16,100;3,000;75,000;5,000;16,667;3,000;2,000;

16401;2017.07.15 08:00:00;0,000;17,300;3,000;72,000;4,000;16,667;3,000;2,000;

16402;2017.07.15 09:00:00;0,000;17,400;4,000;74,000;4,000;16,667;3,000;2,000;

16403;2017.07.15 10:00:00;0,000;17,600;4,000;67,000;3,000;16,667;3,000;2,000;

16404;2017.07.15 11:00:00;0,000;18,500;5,000;58,000;3,000;16,667;3,000;2,000;

16405;2017.07.15 12:00:00;0,000;18,600;5,000;59,000;1,000;16,667;3,000;2,000;

16406;2017.07.15 13:00:00;0,000;18,600;4,000;57,000;1,000;16,667;3,000;2,000;

16407;2017.07.15 14:00:00;0,000;18,400;5,000;60,000;1,000;16,667;3,000;2,000;

16408;2017.07.15 15:00:00;0,000;18,200;5,000;61,000;0,000;16,667;3,000;2,000;

16409;2017.07.15 16:00:00;0,000;18,100;3,000;69,000;0,000;16,667;3,000;2,000;

16410;2017.07.15 17:00:00;0,000;17,900;3,000;65,000;0,000;16,667;3,000;2,000;

16411;2017.07.15 18:00:00;0,000;17,200;3,000;73,000;1,000;16,667;3,000;2,000;

16412;2017.07.15 19:00:00;0,000;16,500;1,000;77,000;0,000;16,667;3,000;2,000;

16413;2017.07.15 20:00:00;0,000;14,200;1,000;84,000;0,000;16,667;3,000;2,000;

16414;2017.07.15 21:00:00;0,000;12,800;1,000;92,000;0,000;16,667;3,000;2,000;

16415;2017.07.15 22:00:00;0,000;12,400;1,000;92,000;0,000;16,667;3,000;2,000;

16416;2017.07.15 23:00:00;0,000;12,600;1,000;90,000;0,000;16,667;3,000;2,000;

16417;2017.07.16 00:00:00;0,000;12,000;2,000;92,000;0,000;16,633;4,000;2,000;

16418;2017.07.16 01:00:00;0,000;11,500;2,000;93,000;5,000;16,633;4,000;2,000;

16419;2017.07.16 02:00:00;0,000;11,100;2,000;92,000;1,000;16,633;4,000;2,000;

16420;2017.07.16 03:00:00;0,000;10,500;1,000;93,000;1,000;16,633;4,000;2,000;

16421;2017.07.16 04:00:00;0,000;10,700;2,000;91,000;0,000;16,633;4,000;2,000;

16422;2017.07.16 05:00:00;0,000;12,500;2,000;83,000;1,000;16,633;4,000;2,000;

16423;2017.07.16 06:00:00;0,000;14,500;2,000;78,000;2,000;16,633;4,000;2,000;

16424;2017.07.16 07:00:00;0,000;17,300;2,000;64,000;3,000;16,633;4,000;2,000;

16425;2017.07.16 08:00:00;0,000;19,500;3,000;52,000;6,000;16,633;4,000;2,000;

16426;2017.07.16 09:00:00;0,000;20,000;3,000;50,000;7,000;16,633;4,000;2,000;

16427;2017.07.16 10:00:00;0,000;20,700;4,000;48,000;7,000;16,633;4,000;2,000;

16428;2017.07.16 11:00:00;0,000;20,400;4,000;56,000;8,000;16,633;4,000;2,000;

16429;2017.07.16 12:00:00;0,000;20,100;4,000;59,000;8,000;16,633;4,000;2,000;

16430;2017.07.16 13:00:00;0,000;20,500;4,000;61,000;8,000;16,633;4,000;2,000;

16431;2017.07.16 14:00:00;0,000;20,200;3,000;61,000;8,000;16,633;4,000;2,000;

16432;2017.07.16 15:00:00;0,000;20,500;4,000;61,000;8,000;16,633;4,000;2,000;

16433;2017.07.16 16:00:00;0,000;18,300;4,000;79,000;8,000;16,633;4,000;2,000;

16434;2017.07.16 17:00:00;0,000;17,800;3,000;77,000;8,000;16,633;4,000;2,000;

16435;2017.07.16 18:00:00;0,000;17,300;4,000;76,000;8,000;16,633;4,000;2,000;

16436;2017.07.16 19:00:00;0,000;15,000;3,000;89,000;8,000;16,633;4,000;2,000;

16437;2017.07.16 20:00:00;0,000;14,500;4,000;96,000;8,000;16,633;4,000;2,000;

16438;2017.07.16 21:00:00;0,000;15,000;4,000;96,000;8,000;16,633;4,000;2,000;

16439;2017.07.16 22:00:00;0,000;15,300;4,000;97,000;8,000;16,633;4,000;2,000;

16440;2017.07.16 23:00:00;0,000;15,700;4,000;96,000;8,000;16,633;4,000;2,000;

16441;2017.07.17 00:00:00;0,000;16,100;3,000;96,000;8,000;16,583;1,000;2,000;

16442;2017.07.17 01:00:00;0,000;16,400;4,000;93,000;8,000;16,583;1,000;2,000;

16443;2017.07.17 02:00:00;0,000;15,700;4,000;91,000;7,000;16,583;1,000;2,000;

16444;2017.07.17 03:00:00;0,000;13,900;3,000;90,000;6,000;16,583;1,000;2,000;

16445;2017.07.17 04:00:00;0,000;14,300;3,000;86,000;7,000;16,583;1,000;2,000;

16446;2017.07.17 05:00:00;0,000;14,800;3,000;82,000;2,000;16,583;1,000;2,000;

16447;2017.07.17 06:00:00;0,000;15,700;4,000;75,000;4,000;16,583;1,000;2,000;

16448;2017.07.17 07:00:00;0,000;16,300;5,000;71,000;2,000;16,583;1,000;2,000;

16449;2017.07.17 08:00:00;0,000;16,900;6,000;66,000;2,000;16,583;1,000;2,000;

16450;2017.07.17 09:00:00;0,000;17,300;5,000;62,000;3,000;16,583;1,000;2,000;

16451;2017.07.17 10:00:00;0,000;17,700;6,000;66,000;6,000;16,583;1,000;2,000;

16452;2017.07.17 11:00:00;0,000;17,400;6,000;67,000;6,000;16,583;1,000;2,000;

16453;2017.07.17 12:00:00;0,000;17,700;6,000;68,000;6,000;16,583;1,000;2,000;

16454;2017.07.17 13:00:00;0,000;17,800;6,000;64,000;4,000;16,583;1,000;2,000;

16455;2017.07.17 14:00:00;0,000;18,100;6,000;50,000;1,000;16,583;1,000;2,000;

16456;2017.07.17 15:00:00;0,000;17,800;6,000;54,000;0,000;16,583;1,000;2,000;

16457;2017.07.17 16:00:00;0,000;17,800;5,000;53,000;0,000;16,583;1,000;2,000;

16458;2017.07.17 17:00:00;0,000;17,600;4,000;53,000;0,000;16,583;1,000;2,000;

16459;2017.07.17 18:00:00;0,000;17,200;2,000;59,000;0,000;16,583;1,000;2,000;

16460;2017.07.17 19:00:00;0,000;16,200;1,000;63,000;1,000;16,583;1,000;2,000;

16461;2017.07.17 20:00:00;0,000;15,200;2,000;67,000;1,000;16,583;1,000;2,000;

16462;2017.07.17 21:00:00;0,000;14,000;1,000;72,000;0,000;16,583;1,000;2,000;

16463;2017.07.17 22:00:00;0,000;13,200;2,000;77,000;0,000;16,583;1,000;2,000;

16464;2017.07.17 23:00:00;0,000;12,500;2,000;81,000;0,000;16,583;1,000;2,000;

16465;2017.07.18 00:00:00;0,000;11,800;1,000;85,000;0,000;16,533;1,000;2,000;

16466;2017.07.18 01:00:00;0,000;11,700;1,000;88,000;1,000;16,533;1,000;2,000;

16467;2017.07.18 02:00:00;0,000;11,800;1,000;90,000;7,000;16,533;1,000;2,000;

16468;2017.07.18 03:00:00;0,000;12,800;2,000;90,000;7,000;16,533;1,000;2,000;

16469;2017.07.18 04:00:00;0,000;13,100;2,000;91,000;4,000;16,533;1,000;2,000;

16470;2017.07.18 05:00:00;0,000;14,500;2,000;89,000;2,000;16,533;1,000;2,000;

16471;2017.07.18 06:00:00;0,000;16,100;3,000;83,000;6,000;16,533;1,000;2,000;

16472;2017.07.18 07:00:00;0,000;16,800;5,000;72,000;5,000;16,533;1,000;2,000;

16473;2017.07.18 08:00:00;0,000;17,000;5,000;69,000;6,000;16,533;1,000;2,000;

16474;2017.07.18 09:00:00;0,000;17,600;5,000;69,000;6,000;16,533;1,000;2,000;

16475;2017.07.18 10:00:00;0,000;16,900;5,000;73,000;5,000;16,533;1,000;2,000;

16476;2017.07.18 11:00:00;0,000;17,700;6,000;71,000;6,000;16,533;1,000;2,000;

16477;2017.07.18 12:00:00;0,000;17,700;6,000;64,000;7,000;16,533;1,000;2,000;

16478;2017.07.18 13:00:00;0,000;17,700;5,000;63,000;7,000;16,533;1,000;2,000;

16479;2017.07.18 14:00:00;0,000;16,800;5,000;70,000;7,000;16,533;1,000;2,000;

16480;2017.07.18 15:00:00;0,000;17,300;4,000;71,000;7,000;16,533;1,000;2,000;

16481;2017.07.18 16:00:00;0,000;18,000;3,000;63,000;5,000;16,533;1,000;2,000;

16482;2017.07.18 17:00:00;0,000;17,600;4,000;61,000;5,000;16,533;1,000;2,000;

16483;2017.07.18 18:00:00;0,000;16,500;3,000;74,000;6,000;16,533;1,000;2,000;

16484;2017.07.18 19:00:00;0,000;15,300;1,000;79,000;1,000;16,533;1,000;2,000;

16485;2017.07.18 20:00:00;0,000;13,100;1,000;87,000;1,000;16,533;1,000;2,000;

16486;2017.07.18 21:00:00;0,000;12,400;1,000;91,000;0,000;16,533;1,000;2,000;

16487;2017.07.18 22:00:00;0,000;12,500;1,000;91,000;0,000;16,533;1,000;2,000;

16488;2017.07.18 23:00:00;0,000;12,000;1,000;94,000;0,000;16,533;1,000;2,000;

16489;2017.07.19 00:00:00;0,000;11,600;1,000;94,000;0,000;16,500;1,000;2,000;

16490;2017.07.19 01:00:00;0,000;11,200;2,000;94,000;0,000;16,500;1,000;2,000;

16491;2017.07.19 02:00:00;0,000;11,600;2,000;93,000;2,000;16,500;1,000;2,000;

16492;2017.07.19 03:00:00;0,000;10,700;1,000;94,000;0,000;16,500;1,000;2,000;

16493;2017.07.19 04:00:00;0,000;10,800;2,000;93,000;0,000;16,500;1,000;2,000;

16494;2017.07.19 05:00:00;0,000;12,500;2,000;88,000;0,000;16,500;1,000;2,000;

16495;2017.07.19 06:00:00;0,000;14,700;2,000;83,000;0,000;16,500;1,000;2,000;

16496;2017.07.19 07:00:00;0,000;17,000;2,000;72,000;1,000;16,500;1,000;2,000;

16497;2017.07.19 08:00:00;0,000;18,000;2,000;61,000;3,000;16,500;1,000;2,000;

16498;2017.07.19 09:00:00;0,000;18,300;1,000;61,000;5,000;16,500;1,000;2,000;

16499;2017.07.19 10:00:00;0,000;19,700;2,000;57,000;2,000;16,500;1,000;2,000;

16500;2017.07.19 11:00:00;0,000;19,500;3,000;63,000;1,000;16,500;1,000;2,000;

16501;2017.07.19 12:00:00;0,000;19,600;4,000;63,000;1,000;16,500;1,000;2,000;

16502;2017.07.19 13:00:00;0,000;19,800;4,000;65,000;1,000;16,500;1,000;2,000;

16503;2017.07.19 14:00:00;0,000;19,900;4,000;62,000;1,000;16,500;1,000;2,000;

16504;2017.07.19 15:00:00;0,000;19,500;4,000;64,000;0,000;16,500;1,000;2,000;

16505;2017.07.19 16:00:00;0,000;19,700;4,000;68,000;1,000;16,500;1,000;2,000;

16506;2017.07.19 17:00:00;0,000;20,100;3,000;66,000;1,000;16,500;1,000;2,000;

16507;2017.07.19 18:00:00;0,000;19,600;2,000;67,000;1,000;16,500;1,000;2,000;

16508;2017.07.19 19:00:00;0,000;17,700;2,000;72,000;2,000;16,500;1,000;2,000;

16509;2017.07.19 20:00:00;0,000;16,100;2,000;80,000;1,000;16,500;1,000;2,000;

16510;2017.07.19 21:00:00;0,000;15,800;1,000;80,000;1,000;16,500;1,000;2,000;

16511;2017.07.19 22:00:00;0,000;16,300;2,000;80,000;0,000;16,500;1,000;2,000;

16512;2017.07.19 23:00:00;0,000;15,800;2,000;82,000;1,000;16,500;1,000;2,000;

16513;2017.07.20 00:00:00;0,000;15,400;2,000;82,000;4,000;16,450;1,000;2,000;

16514;2017.07.20 01:00:00;0,000;15,000;2,000;81,000;7,000;16,450;1,000;2,000;

16515;2017.07.20 02:00:00;0,000;14,600;2,000;82,000;6,000;16,450;1,000;2,000;

16516;2017.07.20 03:00:00;0,000;14,500;3,000;81,000;6,000;16,450;1,000;2,000;

16517;2017.07.20 04:00:00;0,000;13,800;2,000;85,000;6,000;16,450;1,000;2,000;

16518;2017.07.20 05:00:00;0,000;15,700;3,000;76,000;7,000;16,450;1,000;2,000;

16519;2017.07.20 06:00:00;0,000;17,500;2,000;72,000;5,000;16,450;1,000;2,000;

16520;2017.07.20 07:00:00;0,000;18,500;3,000;71,000;7,000;16,450;1,000;2,000;

16521;2017.07.20 08:00:00;0,000;20,100;2,000;68,000;7,000;16,450;1,000;2,000;

16522;2017.07.20 09:00:00;0,000;22,100;2,000;64,000;7,000;16,450;1,000;2,000;

16523;2017.07.20 10:00:00;0,000;23,300;3,000;60,000;7,000;16,450;1,000;2,000;

16524;2017.07.20 11:00:00;0,000;22,800;2,000;61,000;7,000;16,450;1,000;2,000;

16525;2017.07.20 12:00:00;0,000;23,100;2,000;61,000;7,000;16,450;1,000;2,000;

16526;2017.07.20 13:00:00;0,000;23,400;2,000;61,000;7,000;16,450;1,000;2,000;

16527;2017.07.20 14:00:00;0,000;23,500;2,000;61,000;8,000;16,450;1,000;2,000;

16528;2017.07.20 15:00:00;0,000;23,600;2,000;61,000;7,000;16,450;1,000;2,000;

16529;2017.07.20 16:00:00;0,000;23,100;3,000;61,000;8,000;16,450;1,000;2,000;

16530;2017.07.20 17:00:00;0,000;22,600;1,000;65,000;7,000;16,450;1,000;2,000;

16531;2017.07.20 18:00:00;0,000;22,100;1,000;68,000;8,000;16,450;1,000;2,000;

16532;2017.07.20 19:00:00;0,000;22,000;2,000;63,000;8,000;16,450;1,000;2,000;

16533;2017.07.20 20:00:00;0,000;21,700;2,000;66,000;8,000;16,450;1,000;2,000;

16534;2017.07.20 21:00:00;0,000;20,300;3,000;76,000;8,000;16,450;1,000;2,000;

16535;2017.07.20 22:00:00;0,000;17,300;2,000;94,000;8,000;16,450;1,000;2,000;

16536;2017.07.20 23:00:00;0,000;18,100;3,000;93,000;8,000;16,450;1,000;2,000;

16537;2017.07.21 00:00:00;0,000;17,800;2,000;95,000;8,000;16,400;2,000;2,000;

16538;2017.07.21 01:00:00;0,000;17,400;3,000;95,000;8,000;16,400;2,000;2,000;

16539;2017.07.21 02:00:00;0,000;17,500;3,000;93,000;8,000;16,400;2,000;2,000;

16540;2017.07.21 03:00:00;0,000;17,400;3,000;94,000;8,000;16,400;2,000;2,000;

16541;2017.07.21 04:00:00;0,000;17,400;3,000;95,000;8,000;16,400;2,000;2,000;

16542;2017.07.21 05:00:00;0,000;17,800;2,000;95,000;8,000;16,400;2,000;2,000;

16543;2017.07.21 06:00:00;0,000;18,400;2,000;95,000;8,000;16,400;2,000;2,000;

16544;2017.07.21 07:00:00;0,000;19,300;2,000;94,000;8,000;16,400;2,000;2,000;

16545;2017.07.21 08:00:00;0,000;19,300;3,000;95,000;8,000;16,400;2,000;2,000;

16546;2017.07.21 09:00:00;0,000;20,300;4,000;88,000;8,000;16,400;2,000;2,000;

16547;2017.07.21 10:00:00;0,000;20,200;4,000;87,000;8,000;16,400;2,000;2,000;

16548;2017.07.21 11:00:00;0,000;19,500;3,000;90,000;8,000;16,400;2,000;2,000;

16549;2017.07.21 12:00:00;0,000;19,400;3,000;90,000;8,000;16,400;2,000;2,000;

16550;2017.07.21 13:00:00;0,000;18,900;4,000;91,000;8,000;16,400;2,000;2,000;

16551;2017.07.21 14:00:00;0,000;19,100;4,000;87,000;8,000;16,400;2,000;2,000;

16552;2017.07.21 15:00:00;0,000;18,700;3,000;89,000;8,000;16,400;2,000;2,000;

16553;2017.07.21 16:00:00;0,000;17,700;3,000;92,000;8,000;16,400;2,000;2,000;

16554;2017.07.21 17:00:00;0,000;18,200;2,000;90,000;8,000;16,400;2,000;2,000;

16555;2017.07.21 18:00:00;0,000;17,500;2,000;92,000;8,000;16,400;2,000;2,000;

16556;2017.07.21 19:00:00;0,000;17,100;2,000;93,000;8,000;16,400;2,000;2,000;

16557;2017.07.21 20:00:00;0,000;16,300;1,000;95,000;8,000;16,400;2,000;2,000;

16558;2017.07.21 21:00:00;0,000;15,500;2,000;96,000;8,000;16,400;2,000;2,000;

16559;2017.07.21 22:00:00;0,000;15,100;2,000;96,000;8,000;16,400;2,000;2,000;

16560;2017.07.21 23:00:00;0,000;15,100;2,000;94,000;8,000;16,400;2,000;2,000;

16561;2017.07.22 00:00:00;0,000;15,100;2,000;92,000;8,000;16,350;3,000;2,000;

16562;2017.07.22 01:00:00;0,000;14,900;2,000;91,000;8,000;16,350;3,000;2,000;

16563;2017.07.22 02:00:00;0,000;15,000;1,000;89,000;8,000;16,350;3,000;2,000;

16564;2017.07.22 03:00:00;0,000;15,000;1,000;88,000;8,000;16,350;3,000;2,000;

16565;2017.07.22 04:00:00;0,000;15,000;1,000;89,000;7,000;16,350;3,000;2,000;

16566;2017.07.22 05:00:00;0,000;15,500;1,000;86,000;6,000;16,350;3,000;2,000;

16567;2017.07.22 06:00:00;0,000;17,200;2,000;77,000;2,000;16,350;3,000;2,000;

16568;2017.07.22 07:00:00;0,000;18,800;2,000;71,000;5,000;16,350;3,000;2,000;

16569;2017.07.22 08:00:00;0,000;19,600;2,000;71,000;3,000;16,350;3,000;2,000;

16570;2017.07.22 09:00:00;0,000;20,300;2,000;66,000;6,000;16,350;3,000;2,000;

16571;2017.07.22 10:00:00;0,000;20,500;2,000;66,000;7,000;16,350;3,000;2,000;

16572;2017.07.22 11:00:00;0,000;21,100;2,000;63,000;7,000;16,350;3,000;2,000;

16573;2017.07.22 12:00:00;0,000;21,200;2,000;63,000;7,000;16,350;3,000;2,000;

16574;2017.07.22 13:00:00;0,000;21,900;3,000;61,000;7,000;16,350;3,000;2,000;

16575;2017.07.22 14:00:00;0,000;21,800;2,000;62,000;7,000;16,350;3,000;2,000;

16576;2017.07.22 15:00:00;0,000;22,600;2,000;61,000;6,000;16,350;3,000;2,000;

16577;2017.07.22 16:00:00;0,000;22,100;2,000;63,000;7,000;16,350;3,000;2,000;

16578;2017.07.22 17:00:00;0,000;21,500;1,000;68,000;8,000;16,350;3,000;2,000;

16579;2017.07.22 18:00:00;0,000;20,800;2,000;69,000;8,000;16,350;3,000;2,000;

16580;2017.07.22 19:00:00;0,000;20,000;2,000;72,000;8,000;16,350;3,000;2,000;

16581;2017.07.22 20:00:00;0,000;19,300;2,000;72,000;8,000;16,350;3,000;2,000;

16582;2017.07.22 21:00:00;0,000;18,400;1,000;69,000;8,000;16,350;3,000;2,000;

16583;2017.07.22 22:00:00;0,000;17,700;2,000;71,000;8,000;16,350;3,000;2,000;

16584;2017.07.22 23:00:00;0,000;17,400;2,000;72,000;8,000;16,350;3,000;2,000;

16585;2017.07.23 00:00:00;0,000;16,900;2,000;76,000;7,000;16,300;4,000;2,000;

16586;2017.07.23 01:00:00;0,000;16,700;3,000;77,000;8,000;16,300;4,000;2,000;

16587;2017.07.23 02:00:00;0,000;16,600;1,000;80,000;8,000;16,300;4,000;2,000;

16588;2017.07.23 03:00:00;0,000;16,900;2,000;76,000;8,000;16,300;4,000;2,000;

16589;2017.07.23 04:00:00;0,000;16,700;1,000;77,000;8,000;16,300;4,000;2,000;

16590;2017.07.23 05:00:00;0,000;16,800;1,000;78,000;8,000;16,300;4,000;2,000;

16591;2017.07.23 06:00:00;0,000;16,500;1,000;83,000;8,000;16,300;4,000;2,000;

16592;2017.07.23 07:00:00;0,000;16,800;3,000;86,000;8,000;16,300;4,000;2,000;

16593;2017.07.23 08:00:00;0,000;18,300;2,000;85,000;7,000;16,300;4,000;2,000;

16594;2017.07.23 09:00:00;0,000;20,400;3,000;80,000;7,000;16,300;4,000;2,000;

16595;2017.07.23 10:00:00;0,000;21,900;3,000;74,000;7,000;16,300;4,000;2,000;

16596;2017.07.23 11:00:00;0,000;22,900;3,000;71,000;7,000;16,300;4,000;2,000;

16597;2017.07.23 12:00:00;0,000;22,100;3,000;76,000;7,000;16,300;4,000;2,000;

16598;2017.07.23 13:00:00;0,000;22,600;1,000;75,000;8,000;16,300;4,000;2,000;

16599;2017.07.23 14:00:00;0,000;22,900;2,000;70,000;7,000;16,300;4,000;2,000;

16600;2017.07.23 15:00:00;0,000;22,100;3,000;82,000;8,000;16,300;4,000;2,000;

16601;2017.07.23 16:00:00;0,000;19,800;1,000;93,000;8,000;16,300;4,000;2,000;

16602;2017.07.23 17:00:00;0,000;19,400;2,000;94,000;7,000;16,300;4,000;2,000;

16603;2017.07.23 18:00:00;0,000;19,400;1,000;94,000;8,000;16,300;4,000;2,000;

16604;2017.07.23 19:00:00;0,000;18,800;3,000;96,000;8,000;16,300;4,000;2,000;

16605;2017.07.23 20:00:00;0,000;18,300;0,000;96,000;7,000;16,300;4,000;2,000;

16606;2017.07.23 21:00:00;0,000;18,300;1,000;97,000;8,000;16,300;4,000;2,000;

16607;2017.07.23 22:00:00;0,000;17,300;2,000;91,000;7,000;16,300;4,000;2,000;

16608;2017.07.23 23:00:00;0,000;16,800;2,000;96,000;7,000;16,300;4,000;2,000;

16609;2017.07.24 00:00:00;0,000;16,600;3,000;96,000;7,000;16,250;1,000;2,000;

16610;2017.07.24 01:00:00;0,000;16,400;2,000;97,000;3,000;16,250;1,000;2,000;

16611;2017.07.24 02:00:00;0,000;15,500;2,000;96,000;3,000;16,250;1,000;2,000;

16612;2017.07.24 03:00:00;0,000;14,900;2,000;97,000;3,000;16,250;1,000;2,000;

16613;2017.07.24 04:00:00;0,000;14,600;1,000;99,000;7,000;16,250;1,000;2,000;

16614;2017.07.24 05:00:00;0,000;15,300;2,000;96,000;5,000;16,250;1,000;2,000;

16615;2017.07.24 06:00:00;0,000;17,100;2,000;91,000;6,000;16,250;1,000;2,000;

16616;2017.07.24 07:00:00;0,000;17,900;3,000;87,000;7,000;16,250;1,000;2,000;

16617;2017.07.24 08:00:00;0,000;18,800;3,000;77,000;7,000;16,250;1,000;2,000;

16618;2017.07.24 09:00:00;0,000;19,500;3,000;70,000;6,000;16,250;1,000;2,000;

16619;2017.07.24 10:00:00;0,000;20,500;4,000;67,000;6,000;16,250;1,000;2,000;

16620;2017.07.24 11:00:00;0,000;20,300;4,000;66,000;8,000;16,250;1,000;2,000;

16621;2017.07.24 12:00:00;0,000;20,100;3,000;69,000;6,000;16,250;1,000;2,000;

16622;2017.07.24 13:00:00;0,000;19,600;3,000;73,000;8,000;16,250;1,000;2,000;

16623;2017.07.24 14:00:00;0,000;18,900;3,000;74,000;8,000;16,250;1,000;2,000;

16624;2017.07.24 15:00:00;0,000;18,200;3,000;76,000;8,000;16,250;1,000;2,000;

16625;2017.07.24 16:00:00;0,000;18,000;2,000;75,000;8,000;16,250;1,000;2,000;

16626;2017.07.24 17:00:00;0,000;17,900;1,000;79,000;8,000;16,250;1,000;2,000;

16627;2017.07.24 18:00:00;0,000;17,300;2,000;86,000;8,000;16,250;1,000;2,000;

16628;2017.07.24 19:00:00;0,000;16,200;2,000;92,000;8,000;16,250;1,000;2,000;

16629;2017.07.24 20:00:00;0,000;15,800;1,000;93,000;8,000;16,250;1,000;2,000;

16630;2017.07.24 21:00:00;0,000;15,500;1,000;95,000;8,000;16,250;1,000;2,000;

16631;2017.07.24 22:00:00;0,000;15,100;1,000;96,000;8,000;16,250;1,000;2,000;

16632;2017.07.24 23:00:00;0,000;14,600;1,000;96,000;8,000;16,250;1,000;2,000;

16633;2017.07.25 00:00:00;0,000;14,500;2,000;97,000;8,000;16,183;1,000;2,000;

16634;2017.07.25 01:00:00;0,000;14,500;2,000;98,000;8,000;16,183;1,000;2,000;

16635;2017.07.25 02:00:00;0,000;14,500;2,000;98,000;8,000;16,183;1,000;2,000;

16636;2017.07.25 03:00:00;0,000;14,900;1,000;98,000;8,000;16,183;1,000;2,000;

16637;2017.07.25 04:00:00;0,000;15,300;1,000;96,000;8,000;16,183;1,000;2,000;

16638;2017.07.25 05:00:00;0,000;15,800;2,000;96,000;8,000;16,183;1,000;2,000;

16639;2017.07.25 06:00:00;0,000;16,400;2,000;96,000;8,000;16,183;1,000;2,000;

16640;2017.07.25 07:00:00;0,000;17,100;2,000;94,000;8,000;16,183;1,000;2,000;

16641;2017.07.25 08:00:00;0,000;17,600;2,000;92,000;8,000;16,183;1,000;2,000;

16642;2017.07.25 09:00:00;0,000;17,700;2,000;92,000;8,000;16,183;1,000;2,000;

16643;2017.07.25 10:00:00;0,000;18,400;2,000;90,000;8,000;16,183;1,000;2,000;

16644;2017.07.25 11:00:00;0,000;19,500;3,000;83,000;8,000;16,183;1,000;2,000;

16645;2017.07.25 12:00:00;0,000;20,700;3,000;78,000;8,000;16,183;1,000;2,000;

16646;2017.07.25 13:00:00;0,000;20,500;4,000;78,000;8,000;16,183;1,000;2,000;

16647;2017.07.25 14:00:00;0,000;20,100;3,000;80,000;8,000;16,183;1,000;2,000;

16648;2017.07.25 15:00:00;0,000;19,600;3,000;84,000;8,000;16,183;1,000;2,000;

16649;2017.07.25 16:00:00;0,000;19,000;2,000;84,000;8,000;16,183;1,000;2,000;

16650;2017.07.25 17:00:00;0,000;19,000;3,000;84,000;8,000;16,183;1,000;2,000;

16651;2017.07.25 18:00:00;0,000;18,500;3,000;87,000;8,000;16,183;1,000;2,000;

16652;2017.07.25 19:00:00;0,000;18,100;3,000;89,000;8,000;16,183;1,000;2,000;

16653;2017.07.25 20:00:00;0,000;17,700;2,000;93,000;8,000;16,183;1,000;2,000;

16654;2017.07.25 21:00:00;0,000;17,000;2,000;94,000;8,000;16,183;1,000;2,000;

16655;2017.07.25 22:00:00;0,000;16,700;2,000;96,000;8,000;16,183;1,000;2,000;

16656;2017.07.25 23:00:00;0,000;16,600;3,000;95,000;8,000;16,183;1,000;2,000;

16657;2017.07.26 00:00:00;0,000;16,600;3,000;97,000;8,000;16,150;1,000;2,000;

16658;2017.07.26 01:00:00;0,000;16,700;3,000;97,000;8,000;16,150;1,000;2,000;

16659;2017.07.26 02:00:00;0,000;16,700;3,000;97,000;8,000;16,150;1,000;2,000;

16660;2017.07.26 03:00:00;0,000;16,500;4,000;97,000;8,000;16,150;1,000;2,000;

16661;2017.07.26 04:00:00;0,000;16,400;3,000;97,000;8,000;16,150;1,000;2,000;

16662;2017.07.26 05:00:00;0,000;16,500;3,000;96,000;8,000;16,150;1,000;2,000;

16663;2017.07.26 06:00:00;0,000;16,500;3,000;97,000;8,000;16,150;1,000;2,000;

16664;2017.07.26 07:00:00;0,000;16,800;4,000;96,000;8,000;16,150;1,000;2,000;

16665;2017.07.26 08:00:00;0,000;16,800;3,000;97,000;8,000;16,150;1,000;2,000;

16666;2017.07.26 09:00:00;0,000;17,000;3,000;96,000;8,000;16,150;1,000;2,000;

16667;2017.07.26 10:00:00;0,000;17,200;3,000;96,000;8,000;16,150;1,000;2,000;

16668;2017.07.26 11:00:00;0,000;17,200;3,000;97,000;8,000;16,150;1,000;2,000;

16669;2017.07.26 12:00:00;0,000;17,200;4,000;95,000;8,000;16,150;1,000;2,000;

16670;2017.07.26 13:00:00;0,000;16,600;4,000;96,000;8,000;16,150;1,000;2,000;

16671;2017.07.26 14:00:00;0,000;16,700;4,000;96,000;8,000;16,150;1,000;2,000;

16672;2017.07.26 15:00:00;0,000;16,600;2,000;97,000;8,000;16,150;1,000;2,000;

16673;2017.07.26 16:00:00;0,000;16,500;3,000;97,000;8,000;16,150;1,000;2,000;

16674;2017.07.26 17:00:00;0,000;16,200;4,000;96,000;8,000;16,150;1,000;2,000;

16675;2017.07.26 18:00:00;0,000;16,300;3,000;96,000;8,000;16,150;1,000;2,000;

16676;2017.07.26 19:00:00;0,000;16,100;3,000;96,000;8,000;16,150;1,000;2,000;

16677;2017.07.26 20:00:00;0,000;16,000;4,000;95,000;8,000;16,150;1,000;2,000;

16678;2017.07.26 21:00:00;0,000;16,100;3,000;94,000;8,000;16,150;1,000;2,000;

16679;2017.07.26 22:00:00;0,000;16,200;3,000;94,000;8,000;16,150;1,000;2,000;

16680;2017.07.26 23:00:00;0,000;16,100;3,000;95,000;8,000;16,150;1,000;2,000;

16681;2017.07.27 00:00:00;0,000;16,000;3,000;96,000;8,000;16,083;1,000;2,000;

16682;2017.07.27 01:00:00;0,000;16,000;3,000;96,000;8,000;16,083;1,000;2,000;

16683;2017.07.27 02:00:00;0,000;15,900;4,000;95,000;8,000;16,083;1,000;2,000;

16684;2017.07.27 03:00:00;0,000;15,700;4,000;96,000;7,000;16,083;1,000;2,000;

16685;2017.07.27 04:00:00;0,000;15,600;3,000;97,000;8,000;16,083;1,000;2,000;

16686;2017.07.27 05:00:00;0,000;16,200;3,000;96,000;8,000;16,083;1,000;2,000;

16687;2017.07.27 06:00:00;0,000;16,900;3,000;92,000;7,000;16,083;1,000;2,000;

16688;2017.07.27 07:00:00;0,000;16,800;3,000;90,000;7,000;16,083;1,000;2,000;

16689;2017.07.27 08:00:00;0,000;17,200;4,000;87,000;7,000;16,083;1,000;2,000;

16690;2017.07.27 09:00:00;0,000;18,500;2,000;76,000;7,000;16,083;1,000;2,000;

16691;2017.07.27 10:00:00;0,000;18,700;4,000;81,000;7,000;16,083;1,000;2,000;

16692;2017.07.27 11:00:00;0,000;19,000;5,000;82,000;7,000;16,083;1,000;2,000;

16693;2017.07.27 12:00:00;0,000;19,800;5,000;74,000;7,000;16,083;1,000;2,000;

16694;2017.07.27 13:00:00;0,000;18,500;4,000;77,000;8,000;16,083;1,000;2,000;

16695;2017.07.27 14:00:00;0,000;18,400;3,000;80,000;8,000;16,083;1,000;2,000;

16696;2017.07.27 15:00:00;0,000;17,800;1,000;89,000;8,000;16,083;1,000;2,000;

16697;2017.07.27 16:00:00;0,000;18,600;1,000;81,000;8,000;16,083;1,000;2,000;

16698;2017.07.27 17:00:00;0,000;18,700;1,000;81,000;7,000;16,083;1,000;2,000;

16699;2017.07.27 18:00:00;0,000;18,500;1,000;83,000;8,000;16,083;1,000;2,000;

16700;2017.07.27 19:00:00;0,000;18,200;1,000;86,000;8,000;16,083;1,000;2,000;

16701;2017.07.27 20:00:00;0,000;18,200;1,000;87,000;8,000;16,083;1,000;2,000;

16702;2017.07.27 21:00:00;0,000;17,400;0,000;93,000;8,000;16,083;1,000;2,000;

16703;2017.07.27 22:00:00;0,000;16,300;2,000;96,000;8,000;16,083;1,000;2,000;

16704;2017.07.27 23:00:00;0,000;16,400;3,000;94,000;8,000;16,083;1,000;2,000;

16705;2017.07.28 00:00:00;0,000;16,100;2,000;96,000;8,000;16,033;2,000;2,000;

16706;2017.07.28 01:00:00;0,000;16,000;3,000;97,000;8,000;16,033;2,000;2,000;

16707;2017.07.28 02:00:00;0,000;16,100;1,000;96,000;8,000;16,033;2,000;2,000;

16708;2017.07.28 03:00:00;0,000;15,800;2,000;96,000;7,000;16,033;2,000;2,000;

16709;2017.07.28 04:00:00;0,000;15,100;2,000;96,000;7,000;16,033;2,000;2,000;

16710;2017.07.28 05:00:00;0,000;15,700;2,000;90,000;5,000;16,033;2,000;2,000;

16711;2017.07.28 06:00:00;0,000;17,000;2,000;86,000;3,000;16,033;2,000;2,000;

16712;2017.07.28 07:00:00;0,000;17,600;2,000;83,000;7,000;16,033;2,000;2,000;

16713;2017.07.28 08:00:00;0,000;17,800;2,000;85,000;7,000;16,033;2,000;2,000;

16714;2017.07.28 09:00:00;0,000;18,000;2,000;85,000;8,000;16,033;2,000;2,000;

16715;2017.07.28 10:00:00;0,000;17,200;2,000;86,000;6,000;16,033;2,000;2,000;

16716;2017.07.28 11:00:00;0,000;18,600;2,000;77,000;6,000;16,033;2,000;2,000;

16717;2017.07.28 12:00:00;0,000;18,600;3,000;73,000;7,000;16,033;2,000;2,000;

16718;2017.07.28 13:00:00;0,000;18,800;3,000;67,000;6,000;16,033;2,000;2,000;

16719;2017.07.28 14:00:00;0,000;19,100;4,000;69,000;5,000;16,033;2,000;2,000;

16720;2017.07.28 15:00:00;0,000;19,200;4,000;68,000;3,000;16,033;2,000;2,000;

16721;2017.07.28 16:00:00;0,000;19,300;3,000;72,000;2,000;16,033;2,000;2,000;

16722;2017.07.28 17:00:00;0,000;18,800;2,000;74,000;2,000;16,033;2,000;2,000;

16723;2017.07.28 18:00:00;0,000;18,000;1,000;76,000;3,000;16,033;2,000;2,000;

16724;2017.07.28 19:00:00;0,000;17,200;0,000;84,000;3,000;16,033;2,000;2,000;

16725;2017.07.28 20:00:00;0,000;16,400;2,000;82,000;5,000;16,033;2,000;2,000;

16726;2017.07.28 21:00:00;0,000;14,600;2,000;90,000;2,000;16,033;2,000;2,000;

16727;2017.07.28 22:00:00;0,000;13,800;2,000;92,000;0,000;16,033;2,000;2,000;

16728;2017.07.28 23:00:00;0,000;13,500;2,000;93,000;0,000;16,033;2,000;2,000;

16729;2017.07.29 00:00:00;0,000;13,100;2,000;94,000;0,000;15,983;3,000;2,000;

16730;2017.07.29 01:00:00;0,000;13,000;2,000;93,000;0,000;15,983;3,000;2,000;

16731;2017.07.29 02:00:00;0,000;12,400;2,000;95,000;3,000;15,983;3,000;2,000;

16732;2017.07.29 03:00:00;0,000;12,700;3,000;94,000;7,000;15,983;3,000;2,000;

16733;2017.07.29 04:00:00;0,000;13,000;2,000;93,000;8,000;15,983;3,000;2,000;

16734;2017.07.29 05:00:00;0,000;13,700;2,000;91,000;8,000;15,983;3,000;2,000;

16735;2017.07.29 06:00:00;0,000;14,700;3,000;86,000;7,000;15,983;3,000;2,000;

16736;2017.07.29 07:00:00;0,000;16,200;2,000;85,000;7,000;15,983;3,000;2,000;

16737;2017.07.29 08:00:00;0,000;17,200;4,000;78,000;7,000;15,983;3,000;2,000;

16738;2017.07.29 09:00:00;0,000;19,100;5,000;68,000;7,000;15,983;3,000;2,000;

16739;2017.07.29 10:00:00;0,000;19,700;4,000;68,000;8,000;15,983;3,000;2,000;

16740;2017.07.29 11:00:00;0,000;19,700;4,000;65,000;8,000;15,983;3,000;2,000;

16741;2017.07.29 12:00:00;0,000;21,200;3,000;63,000;6,000;15,983;3,000;2,000;

16742;2017.07.29 13:00:00;0,000;22,300;5,000;58,000;7,000;15,983;3,000;2,000;

16743;2017.07.29 14:00:00;0,000;21,200;3,000;61,000;8,000;15,983;3,000;2,000;

16744;2017.07.29 15:00:00;0,000;21,500;3,000;63,000;7,000;15,983;3,000;2,000;

16745;2017.07.29 16:00:00;0,000;21,300;5,000;65,000;8,000;15,983;3,000;2,000;

16746;2017.07.29 17:00:00;0,000;18,900;4,000;84,000;8,000;15,983;3,000;2,000;

16747;2017.07.29 18:00:00;0,000;18,000;1,000;90,000;7,000;15,983;3,000;2,000;

16748;2017.07.29 19:00:00;0,000;17,700;1,000;92,000;7,000;15,983;3,000;2,000;

16749;2017.07.29 20:00:00;0,000;16,900;1,000;95,000;7,000;15,983;3,000;2,000;

16750;2017.07.29 21:00:00;0,000;17,400;2,000;94,000;7,000;15,983;3,000;2,000;

16751;2017.07.29 22:00:00;0,000;17,300;1,000;94,000;7,000;15,983;3,000;2,000;

16752;2017.07.29 23:00:00;0,000;16,700;1,000;96,000;2,000;15,983;3,000;2,000;

16753;2017.07.30 00:00:00;0,000;16,500;1,000;97,000;0,000;15,917;4,000;2,000;

16754;2017.07.30 01:00:00;0,000;15,800;2,000;96,000;0,000;15,917;4,000;2,000;

16755;2017.07.30 02:00:00;0,000;15,300;2,000;96,000;0,000;15,917;4,000;2,000;

16756;2017.07.30 03:00:00;0,000;14,900;2,000;96,000;2,000;15,917;4,000;2,000;

16757;2017.07.30 04:00:00;0,000;15,300;3,000;95,000;7,000;15,917;4,000;2,000;

16758;2017.07.30 05:00:00;0,000;16,600;2,000;93,000;7,000;15,917;4,000;2,000;

16759;2017.07.30 06:00:00;0,000;18,600;2,000;87,000;4,000;15,917;4,000;2,000;

16760;2017.07.30 07:00:00;0,000;21,700;3,000;72,000;3,000;15,917;4,000;2,000;

16761;2017.07.30 08:00:00;0,000;24,200;4,000;63,000;3,000;15,917;4,000;2,000;

16762;2017.07.30 09:00:00;0,000;25,600;5,000;60,000;6,000;15,917;4,000;2,000;

16763;2017.07.30 10:00:00;0,000;25,600;5,000;56,000;7,000;15,917;4,000;2,000;

16764;2017.07.30 11:00:00;0,000;26,000;4,000;57,000;6,000;15,917;4,000;2,000;

16765;2017.07.30 12:00:00;0,000;27,000;4,000;55,000;6,000;15,917;4,000;2,000;

16766;2017.07.30 13:00:00;0,000;28,100;4,000;53,000;6,000;15,917;4,000;2,000;

16767;2017.07.30 14:00:00;0,000;29,000;5,000;49,000;6,000;15,917;4,000;2,000;

16768;2017.07.30 15:00:00;0,000;29,600;4,000;47,000;5,000;15,917;4,000;2,000;

16769;2017.07.30 16:00:00;0,000;29,500;4,000;47,000;5,000;15,917;4,000;2,000;

16770;2017.07.30 17:00:00;0,000;28,500;3,000;50,000;5,000;15,917;4,000;2,000;

16771;2017.07.30 18:00:00;0,000;26,900;2,000;57,000;6,000;15,917;4,000;2,000;

16772;2017.07.30 19:00:00;0,000;18,900;3,000;95,000;7,000;15,917;4,000;2,000;

16773;2017.07.30 20:00:00;0,000;19,100;1,000;94,000;7,000;15,917;4,000;2,000;

16774;2017.07.30 21:00:00;0,000;18,800;1,000;96,000;5,000;15,917;4,000;2,000;

16775;2017.07.30 22:00:00;0,000;18,800;2,000;95,000;6,000;15,917;4,000;2,000;

16776;2017.07.30 23:00:00;0,000;18,600;1,000;97,000;3,000;15,917;4,000;2,000;

16777;2017.07.31 00:00:00;0,000;18,400;2,000;97,000;3,000;15,867;1,000;2,000;

16778;2017.07.31 01:00:00;0,000;18,000;1,000;97,000;7,000;15,867;1,000;2,000;

16779;2017.07.31 02:00:00;0,000;18,000;1,000;94,000;7,000;15,867;1,000;2,000;

16780;2017.07.31 03:00:00;0,000;17,700;2,000;94,000;8,000;15,867;1,000;2,000;

16781;2017.07.31 04:00:00;0,000;17,300;1,000;95,000;8,000;15,867;1,000;2,000;

16782;2017.07.31 05:00:00;0,000;17,700;2,000;94,000;8,000;15,867;1,000;2,000;

16783;2017.07.31 06:00:00;0,000;17,800;1,000;93,000;7,000;15,867;1,000;2,000;

16784;2017.07.31 07:00:00;0,000;18,200;2,000;93,000;7,000;15,867;1,000;2,000;

16785;2017.07.31 08:00:00;0,000;18,400;4,000;92,000;8,000;15,867;1,000;2,000;

16786;2017.07.31 09:00:00;0,000;18,200;4,000;84,000;6,000;15,867;1,000;2,000;

16787;2017.07.31 10:00:00;0,000;17,500;2,000;91,000;7,000;15,867;1,000;2,000;

16788;2017.07.31 11:00:00;0,000;18,700;1,000;79,000;6,000;15,867;1,000;2,000;

16789;2017.07.31 12:00:00;0,000;20,200;2,000;72,000;4,000;15,867;1,000;2,000;

16790;2017.07.31 13:00:00;0,000;21,900;2,000;64,000;3,000;15,867;1,000;2,000;

16791;2017.07.31 14:00:00;0,000;23,200;2,000;61,000;1,000;15,867;1,000;2,000;

16792;2017.07.31 15:00:00;0,000;21,900;3,000;62,000;2,000;15,867;1,000;2,000;

16793;2017.07.31 16:00:00;0,000;21,400;2,000;61,000;2,000;15,867;1,000;2,000;

16794;2017.07.31 17:00:00;0,000;21,400;1,000;61,000;1,000;15,867;1,000;2,000;

16795;2017.07.31 18:00:00;0,000;21,300;1,000;65,000;1,000;15,867;1,000;2,000;

16796;2017.07.31 19:00:00;0,000;20,000;1,000;75,000;3,000;15,867;1,000;2,000;

16797;2017.07.31 20:00:00;0,000;19,900;2,000;76,000;4,000;15,867;1,000;2,000;

16798;2017.07.31 21:00:00;0,000;20,100;3,000;73,000;3,000;15,867;1,000;2,000;

16799;2017.07.31 22:00:00;0,000;19,800;2,000;75,000;6,000;15,867;1,000;2,000;

16800;2017.07.31 23:00:00;0,000;19,900;3,000;74,000;7,000;15,867;1,000;2,000;

16801;2017.08.01 00:00:00;0,000;19,000;3,000;86,000;8,000;15,800;1,000;2,000;

16802;2017.08.01 01:00:00;0,000;18,700;2,000;88,000;7,000;15,800;1,000;2,000;

16803;2017.08.01 02:00:00;0,000;18,700;3,000;89,000;7,000;15,800;1,000;2,000;

16804;2017.08.01 03:00:00;0,000;18,700;3,000;90,000;6,000;15,800;1,000;2,000;

16805;2017.08.01 04:00:00;0,000;19,300;3,000;87,000;7,000;15,800;1,000;2,000;

16806;2017.08.01 05:00:00;0,000;20,100;4,000;84,000;7,000;15,800;1,000;2,000;

16807;2017.08.01 06:00:00;0,000;19,400;3,000;89,000;8,000;15,800;1,000;2,000;

16808;2017.08.01 07:00:00;0,000;19,900;2,000;88,000;8,000;15,800;1,000;2,000;

16809;2017.08.01 08:00:00;0,000;21,000;2,000;83,000;8,000;15,800;1,000;2,000;

16810;2017.08.01 09:00:00;0,000;22,000;3,000;78,000;8,000;15,800;1,000;2,000;

16811;2017.08.01 10:00:00;0,000;24,300;2,000;70,000;5,000;15,800;1,000;2,000;

16812;2017.08.01 11:00:00;0,000;25,300;2,000;65,000;5,000;15,800;1,000;2,000;

16813;2017.08.01 12:00:00;0,000;25,800;1,000;64,000;3,000;15,800;1,000;2,000;

16814;2017.08.01 13:00:00;0,000;25,600;2,000;67,000;4,000;15,800;1,000;2,000;

16815;2017.08.01 14:00:00;0,000;26,000;3,000;65,000;3,000;15,800;1,000;2,000;

16816;2017.08.01 15:00:00;0,000;23,900;3,000;69,000;6,000;15,800;1,000;2,000;

16817;2017.08.01 16:00:00;0,000;23,500;3,000;69,000;6,000;15,800;1,000;2,000;

16818;2017.08.01 17:00:00;0,000;24,000;2,000;74,000;5,000;15,800;1,000;2,000;

16819;2017.08.01 18:00:00;0,000;22,300;1,000;77,000;6,000;15,800;1,000;2,000;

16820;2017.08.01 19:00:00;0,000;21,500;1,000;82,000;8,000;15,800;1,000;2,000;

16821;2017.08.01 20:00:00;0,000;20,400;1,000;88,000;8,000;15,800;1,000;2,000;

16822;2017.08.01 21:00:00;0,000;21,300;1,000;85,000;8,000;15,800;1,000;2,000;

16823;2017.08.01 22:00:00;0,000;22,900;2,000;68,000;6,000;15,800;1,000;2,000;

16824;2017.08.01 23:00:00;0,000;21,700;2,000;80,000;3,000;15,800;1,000;2,000;

16825;2017.08.02 00:00:00;0,000;19,500;2,000;90,000;8,000;15,733;1,000;2,000;

16826;2017.08.02 01:00:00;0,000;18,800;1,000;93,000;8,000;15,733;1,000;2,000;

16827;2017.08.02 02:00:00;0,000;18,500;1,000;95,000;8,000;15,733;1,000;2,000;

16828;2017.08.02 03:00:00;0,000;18,600;2,000;96,000;8,000;15,733;1,000;2,000;

16829;2017.08.02 04:00:00;0,000;18,700;2,000;95,000;8,000;15,733;1,000;2,000;

16830;2017.08.02 05:00:00;0,000;19,200;3,000;95,000;7,000;15,733;1,000;2,000;

16831;2017.08.02 06:00:00;0,000;19,500;3,000;92,000;7,000;15,733;1,000;2,000;

16832;2017.08.02 07:00:00;0,000;19,300;5,000;89,000;7,000;15,733;1,000;2,000;

16833;2017.08.02 08:00:00;0,000;19,300;5,000;84,000;7,000;15,733;1,000;2,000;

16834;2017.08.02 09:00:00;0,000;20,000;4,000;76,000;7,000;15,733;1,000;2,000;

16835;2017.08.02 10:00:00;0,000;20,400;4,000;74,000;7,000;15,733;1,000;2,000;

16836;2017.08.02 11:00:00;0,000;21,100;4,000;63,000;7,000;15,733;1,000;2,000;

16837;2017.08.02 12:00:00;0,000;21,600;4,000;56,000;6,000;15,733;1,000;2,000;

16838;2017.08.02 13:00:00;0,000;21,000;4,000;62,000;7,000;15,733;1,000;2,000;

16839;2017.08.02 14:00:00;0,000;20,400;3,000;64,000;7,000;15,733;1,000;2,000;

16840;2017.08.02 15:00:00;0,000;21,800;2,000;55,000;6,000;15,733;1,000;2,000;

16841;2017.08.02 16:00:00;0,000;21,800;2,000;55,000;6,000;15,733;1,000;2,000;

16842;2017.08.02 17:00:00;0,000;20,900;1,000;54,000;6,000;15,733;1,000;2,000;

16843;2017.08.02 18:00:00;0,000;20,300;1,000;56,000;3,000;15,733;1,000;2,000;

16844;2017.08.02 19:00:00;0,000;18,800;1,000;63,000;3,000;15,733;1,000;2,000;

16845;2017.08.02 20:00:00;0,000;18,100;2,000;69,000;3,000;15,733;1,000;2,000;

16846;2017.08.02 21:00:00;0,000;18,200;2,000;70,000;7,000;15,733;1,000;2,000;

16847;2017.08.02 22:00:00;0,000;17,900;3,000;73,000;6,000;15,733;1,000;2,000;

16848;2017.08.02 23:00:00;0,000;18,000;3,000;73,000;8,000;15,733;1,000;2,000;

16849;2017.08.03 00:00:00;0,000;18,100;2,000;74,000;8,000;15,700;1,000;2,000;

16850;2017.08.03 01:00:00;0,000;18,300;2,000;74,000;8,000;15,700;1,000;2,000;

16851;2017.08.03 02:00:00;0,000;18,600;2,000;75,000;8,000;15,700;1,000;2,000;

16852;2017.08.03 03:00:00;0,000;18,800;2,000;78,000;8,000;15,700;1,000;2,000;

16853;2017.08.03 04:00:00;0,000;18,800;2,000;80,000;8,000;15,700;1,000;2,000;

16854;2017.08.03 05:00:00;0,000;18,800;2,000;81,000;8,000;15,700;1,000;2,000;

16855;2017.08.03 06:00:00;0,000;19,100;1,000;82,000;8,000;15,700;1,000;2,000;

16856;2017.08.03 07:00:00;0,000;18,900;2,000;87,000;8,000;15,700;1,000;2,000;

16857;2017.08.03 08:00:00;0,000;19,000;1,000;90,000;8,000;15,700;1,000;2,000;

16858;2017.08.03 09:00:00;0,000;19,900;3,000;88,000;8,000;15,700;1,000;2,000;

16859;2017.08.03 10:00:00;0,000;21,300;4,000;82,000;8,000;15,700;1,000;2,000;

16860;2017.08.03 11:00:00;0,000;20,500;4,000;75,000;8,000;15,700;1,000;2,000;

16861;2017.08.03 12:00:00;0,000;21,800;2,000;69,000;8,000;15,700;1,000;2,000;

16862;2017.08.03 13:00:00;0,000;22,400;3,000;67,000;7,000;15,700;1,000;2,000;

16863;2017.08.03 14:00:00;0,000;24,200;3,000;63,000;3,000;15,700;1,000;2,000;

16864;2017.08.03 15:00:00;0,000;24,700;4,000;66,000;4,000;15,700;1,000;2,000;

16865;2017.08.03 16:00:00;0,000;24,800;3,000;69,000;7,000;15,700;1,000;2,000;

16866;2017.08.03 17:00:00;0,000;24,400;3,000;73,000;7,000;15,700;1,000;2,000;

16867;2017.08.03 18:00:00;0,000;24,000;3,000;75,000;6,000;15,700;1,000;2,000;

16868;2017.08.03 19:00:00;0,000;19,900;5,000;81,000;7,000;15,700;1,000;2,000;

16869;2017.08.03 20:00:00;0,000;18,500;6,000;91,000;2,000;15,700;1,000;2,000;

16870;2017.08.03 21:00:00;0,000;18,200;3,000;86,000;1,000;15,700;1,000;2,000;

16871;2017.08.03 22:00:00;0,000;17,900;3,000;83,000;1,000;15,700;1,000;2,000;

16872;2017.08.03 23:00:00;0,000;17,200;2,000;80,000;1,000;15,700;1,000;2,000;

16873;2017.08.04 00:00:00;0,000;16,600;2,000;84,000;0,000;15,633;2,000;2,000;

16874;2017.08.04 01:00:00;0,000;16,000;3,000;89,000;0,000;15,633;2,000;2,000;

16875;2017.08.04 02:00:00;0,000;15,800;2,000;89,000;0,000;15,633;2,000;2,000;

16876;2017.08.04 03:00:00;0,000;15,400;3,000;89,000;0,000;15,633;2,000;2,000;

16877;2017.08.04 04:00:00;0,000;15,500;3,000;87,000;0,000;15,633;2,000;2,000;

16878;2017.08.04 05:00:00;0,000;16,400;3,000;84,000;6,000;15,633;2,000;2,000;

16879;2017.08.04 06:00:00;0,000;18,400;4,000;75,000;7,000;15,633;2,000;2,000;

16880;2017.08.04 07:00:00;0,000;19,600;5,000;64,000;4,000;15,633;2,000;2,000;

16881;2017.08.04 08:00:00;0,000;20,200;7,000;58,000;7,000;15,633;2,000;2,000;

16882;2017.08.04 09:00:00;0,000;20,900;6,000;56,000;7,000;15,633;2,000;2,000;

16883;2017.08.04 10:00:00;0,000;21,200;7,000;55,000;7,000;15,633;2,000;2,000;

16884;2017.08.04 11:00:00;0,000;21,300;7,000;56,000;7,000;15,633;2,000;2,000;

16885;2017.08.04 12:00:00;0,000;21,700;6,000;56,000;6,000;15,633;2,000;2,000;

16886;2017.08.04 13:00:00;0,000;22,200;4,000;55,000;5,000;15,633;2,000;2,000;

16887;2017.08.04 14:00:00;0,000;21,700;5,000;63,000;4,000;15,633;2,000;2,000;

16888;2017.08.04 15:00:00;0,000;22,500;5,000;51,000;4,000;15,633;2,000;2,000;

16889;2017.08.04 16:00:00;0,000;22,400;5,000;53,000;7,000;15,633;2,000;2,000;

16890;2017.08.04 17:00:00;0,000;22,200;5,000;54,000;2,000;15,633;2,000;2,000;

16891;2017.08.04 18:00:00;0,000;21,100;4,000;54,000;2,000;15,633;2,000;2,000;

16892;2017.08.04 19:00:00;0,000;19,900;3,000;60,000;4,000;15,633;2,000;2,000;

16893;2017.08.04 20:00:00;0,000;18,900;2,000;65,000;7,000;15,633;2,000;2,000;

16894;2017.08.04 21:00:00;0,000;18,400;2,000;68,000;6,000;15,633;2,000;2,000;

16895;2017.08.04 22:00:00;0,000;18,100;3,000;69,000;5,000;15,633;2,000;2,000;

16896;2017.08.04 23:00:00;0,000;17,300;3,000;72,000;2,000;15,633;2,000;2,000;

16897;2017.08.05 00:00:00;0,000;16,800;3,000;75,000;0,000;15,567;3,000;2,000;

16898;2017.08.05 01:00:00;0,000;16,000;3,000;77,000;0,000;15,567;3,000;2,000;

16899;2017.08.05 02:00:00;0,000;15,800;3,000;79,000;1,000;15,567;3,000;2,000;

16900;2017.08.05 03:00:00;0,000;15,500;3,000;79,000;1,000;15,567;3,000;2,000;

16901;2017.08.05 04:00:00;0,000;15,200;3,000;82,000;1,000;15,567;3,000;2,000;

16902;2017.08.05 05:00:00;0,000;16,300;4,000;77,000;1,000;15,567;3,000;2,000;

16903;2017.08.05 06:00:00;0,000;17,500;5,000;72,000;0,000;15,567;3,000;2,000;

16904;2017.08.05 07:00:00;0,000;18,600;6,000;64,000;1,000;15,567;3,000;2,000;

16905;2017.08.05 08:00:00;0,000;19,300;6,000;62,000;4,000;15,567;3,000;2,000;

16906;2017.08.05 09:00:00;0,000;20,300;6,000;56,000;4,000;15,567;3,000;2,000;

16907;2017.08.05 10:00:00;0,000;20,800;5,000;56,000;3,000;15,567;3,000;2,000;

16908;2017.08.05 11:00:00;0,000;20,900;5,000;59,000;4,000;15,567;3,000;2,000;

16909;2017.08.05 12:00:00;0,000;21,300;5,000;60,000;5,000;15,567;3,000;2,000;

16910;2017.08.05 13:00:00;0,000;21,200;4,000;59,000;6,000;15,567;3,000;2,000;

16911;2017.08.05 14:00:00;0,000;20,500;4,000;62,000;7,000;15,567;3,000;2,000;

16912;2017.08.05 15:00:00;0,000;20,000;4,000;64,000;8,000;15,567;3,000;2,000;

16913;2017.08.05 16:00:00;0,000;20,300;2,000;63,000;7,000;15,567;3,000;2,000;

16914;2017.08.05 17:00:00;0,000;19,600;3,000;65,000;8,000;15,567;3,000;2,000;

16915;2017.08.05 18:00:00;0,000;18,300;2,000;78,000;7,000;15,567;3,000;2,000;

16916;2017.08.05 19:00:00;0,000;17,400;1,000;84,000;8,000;15,567;3,000;2,000;

16917;2017.08.05 20:00:00;0,000;16,900;2,000;88,000;7,000;15,567;3,000;2,000;

16918;2017.08.05 21:00:00;0,000;15,900;2,000;93,000;7,000;15,567;3,000;2,000;

16919;2017.08.05 22:00:00;0,000;15,200;2,000;94,000;6,000;15,567;3,000;2,000;

16920;2017.08.05 23:00:00;0,000;14,700;2,000;96,000;8,000;15,567;3,000;2,000;

16921;2017.08.06 00:00:00;0,000;14,500;2,000;98,000;8,000;15,500;4,000;2,000;

16922;2017.08.06 01:00:00;0,000;15,100;2,000;98,000;8,000;15,500;4,000;2,000;

16923;2017.08.06 02:00:00;0,000;15,400;2,000;96,000;8,000;15,500;4,000;2,000;

16924;2017.08.06 03:00:00;0,000;15,500;3,000;96,000;8,000;15,500;4,000;2,000;

16925;2017.08.06 04:00:00;0,000;15,400;2,000;92,000;7,000;15,500;4,000;2,000;

16926;2017.08.06 05:00:00;0,000;15,300;2,000;90,000;3,000;15,500;4,000;2,000;

16927;2017.08.06 06:00:00;0,000;16,100;4,000;83,000;1,000;15,500;4,000;2,000;

16928;2017.08.06 07:00:00;0,000;16,900;4,000;77,000;7,000;15,500;4,000;2,000;

16929;2017.08.06 08:00:00;0,000;17,800;5,000;68,000;7,000;15,500;4,000;2,000;

16930;2017.08.06 09:00:00;0,000;17,900;7,000;70,000;6,000;15,500;4,000;2,000;

16931;2017.08.06 10:00:00;0,000;17,300;7,000;70,000;7,000;15,500;4,000;2,000;

16932;2017.08.06 11:00:00;0,000;15,100;5,000;88,000;7,000;15,500;4,000;2,000;

16933;2017.08.06 12:00:00;0,000;18,000;7,000;67,000;6,000;15,500;4,000;2,000;

16934;2017.08.06 13:00:00;0,000;18,400;7,000;65,000;6,000;15,500;4,000;2,000;

16935;2017.08.06 14:00:00;0,000;19,300;8,000;55,000;4,000;15,500;4,000;2,000;

16936;2017.08.06 15:00:00;0,000;19,500;6,000;59,000;3,000;15,500;4,000;2,000;

16937;2017.08.06 16:00:00;0,000;19,000;5,000;60,000;2,000;15,500;4,000;2,000;

16938;2017.08.06 17:00:00;0,000;18,400;4,000;61,000;2,000;15,500;4,000;2,000;

16939;2017.08.06 18:00:00;0,000;17,500;4,000;67,000;1,000;15,500;4,000;2,000;

16940;2017.08.06 19:00:00;0,000;16,000;2,000;74,000;1,000;15,500;4,000;2,000;

16941;2017.08.06 20:00:00;0,000;15,300;2,000;78,000;1,000;15,500;4,000;2,000;

16942;2017.08.06 21:00:00;0,000;14,900;2,000;80,000;1,000;15,500;4,000;2,000;

16943;2017.08.06 22:00:00;0,000;13,700;2,000;84,000;0,000;15,500;4,000;2,000;

16944;2017.08.06 23:00:00;0,000;13,100;1,000;82,000;0,000;15,500;4,000;2,000;

16945;2017.08.07 00:00:00;0,000;12,500;2,000;84,000;0,000;15,450;1,000;2,000;

16946;2017.08.07 01:00:00;0,000;11,800;2,000;87,000;0,000;15,450;1,000;2,000;

16947;2017.08.07 02:00:00;0,000;11,400;2,000;88,000;1,000;15,450;1,000;2,000;

16948;2017.08.07 03:00:00;0,000;11,400;1,000;88,000;3,000;15,450;1,000;2,000;

16949;2017.08.07 04:00:00;0,000;11,300;2,000;89,000;2,000;15,450;1,000;2,000;

16950;2017.08.07 05:00:00;0,000;12,500;2,000;86,000;1,000;15,450;1,000;2,000;

16951;2017.08.07 06:00:00;0,000;14,800;2,000;82,000;1,000;15,450;1,000;2,000;

16952;2017.08.07 07:00:00;0,000;17,200;3,000;75,000;1,000;15,450;1,000;2,000;

16953;2017.08.07 08:00:00;0,000;18,300;4,000;61,000;1,000;15,450;1,000;2,000;

16954;2017.08.07 09:00:00;0,000;19,400;2,000;57,000;2,000;15,450;1,000;2,000;

16955;2017.08.07 10:00:00;0,000;19,600;3,000;61,000;3,000;15,450;1,000;2,000;

16956;2017.08.07 11:00:00;0,000;20,100;4,000;55,000;4,000;15,450;1,000;2,000;

16957;2017.08.07 12:00:00;0,000;20,300;3,000;52,000;4,000;15,450;1,000;2,000;

16958;2017.08.07 13:00:00;0,000;20,500;3,000;48,000;3,000;15,450;1,000;2,000;

16959;2017.08.07 14:00:00;0,000;20,200;3,000;50,000;3,000;15,450;1,000;2,000;

16960;2017.08.07 15:00:00;0,000;20,600;2,000;50,000;2,000;15,450;1,000;2,000;

16961;2017.08.07 16:00:00;0,000;20,900;2,000;53,000;2,000;15,450;1,000;2,000;

16962;2017.08.07 17:00:00;0,000;21,000;2,000;53,000;4,000;15,450;1,000;2,000;

16963;2017.08.07 18:00:00;0,000;20,000;1,000;59,000;2,000;15,450;1,000;2,000;

16964;2017.08.07 19:00:00;0,000;18,800;1,000;60,000;1,000;15,450;1,000;2,000;

16965;2017.08.07 20:00:00;0,000;17,800;1,000;61,000;1,000;15,450;1,000;2,000;

16966;2017.08.07 21:00:00;0,000;16,800;2,000;65,000;0,000;15,450;1,000;2,000;

16967;2017.08.07 22:00:00;0,000;16,400;3,000;67,000;0,000;15,450;1,000;2,000;

16968;2017.08.07 23:00:00;0,000;15,600;3,000;73,000;0,000;15,450;1,000;2,000;

16969;2017.08.08 00:00:00;0,000;15,100;3,000;73,000;1,000;15,383;1,000;2,000;

16970;2017.08.08 01:00:00;0,000;14,600;3,000;75,000;6,000;15,383;1,000;2,000;

16971;2017.08.08 02:00:00;0,000;14,100;3,000;76,000;7,000;15,383;1,000;2,000;

16972;2017.08.08 03:00:00;0,000;13,800;3,000;77,000;7,000;15,383;1,000;2,000;

16973;2017.08.08 04:00:00;0,000;14,000;3,000;75,000;7,000;15,383;1,000;2,000;

16974;2017.08.08 05:00:00;0,000;14,800;3,000;71,000;4,000;15,383;1,000;2,000;

16975;2017.08.08 06:00:00;0,000;16,700;2,000;68,000;4,000;15,383;1,000;2,000;

16976;2017.08.08 07:00:00;0,000;19,100;3,000;60,000;6,000;15,383;1,000;2,000;

16977;2017.08.08 08:00:00;0,000;21,100;4,000;49,000;5,000;15,383;1,000;2,000;

16978;2017.08.08 09:00:00;0,000;22,200;5,000;46,000;7,000;15,383;1,000;2,000;

16979;2017.08.08 10:00:00;0,000;22,800;5,000;42,000;8,000;15,383;1,000;2,000;

16980;2017.08.08 11:00:00;0,000;23,100;6,000;43,000;7,000;15,383;1,000;2,000;

16981;2017.08.08 12:00:00;0,000;23,400;6,000;40,000;7,000;15,383;1,000;2,000;

16982;2017.08.08 13:00:00;0,000;24,000;6,000;40,000;8,000;15,383;1,000;2,000;

16983;2017.08.08 14:00:00;0,000;24,200;5,000;39,000;7,000;15,383;1,000;2,000;

16984;2017.08.08 15:00:00;0,000;24,300;5,000;36,000;7,000;15,383;1,000;2,000;

16985;2017.08.08 16:00:00;0,000;24,100;3,000;39,000;7,000;15,383;1,000;2,000;

16986;2017.08.08 17:00:00;0,000;23,900;4,000;39,000;7,000;15,383;1,000;2,000;

16987;2017.08.08 18:00:00;0,000;22,800;3,000;46,000;6,000;15,383;1,000;2,000;

16988;2017.08.08 19:00:00;0,000;21,400;2,000;51,000;6,000;15,383;1,000;2,000;

16989;2017.08.08 20:00:00;0,000;20,500;3,000;54,000;2,000;15,383;1,000;2,000;

16990;2017.08.08 21:00:00;0,000;19,900;3,000;56,000;1,000;15,383;1,000;2,000;

16991;2017.08.08 22:00:00;0,000;19,100;3,000;59,000;1,000;15,383;1,000;2,000;

16992;2017.08.08 23:00:00;0,000;18,600;3,000;61,000;1,000;15,383;1,000;2,000;

16993;2017.08.09 00:00:00;0,000;18,400;4,000;61,000;1,000;15,317;1,000;2,000;

16994;2017.08.09 01:00:00;0,000;18,200;4,000;62,000;4,000;15,317;1,000;2,000;

16995;2017.08.09 02:00:00;0,000;18,100;4,000;64,000;3,000;15,317;1,000;2,000;

16996;2017.08.09 03:00:00;0,000;17,500;4,000;69,000;7,000;15,317;1,000;2,000;

16997;2017.08.09 04:00:00;0,000;17,300;4,000;71,000;6,000;15,317;1,000;2,000;

16998;2017.08.09 05:00:00;0,000;17,900;3,000;72,000;6,000;15,317;1,000;2,000;

16999;2017.08.09 06:00:00;0,000;18,500;4,000;72,000;7,000;15,317;1,000;2,000;

17000;2017.08.09 07:00:00;0,000;18,600;3,000;74,000;8,000;15,317;1,000;2,000;

17001;2017.08.09 08:00:00;0,000;18,800;3,000;78,000;7,000;15,317;1,000;2,000;

17002;2017.08.09 09:00:00;0,000;20,400;3,000;73,000;7,000;15,317;1,000;2,000;

17003;2017.08.09 10:00:00;0,000;22,700;2,000;67,000;5,000;15,317;1,000;2,000;

17004;2017.08.09 11:00:00;0,000;23,400;3,000;64,000;7,000;15,317;1,000;2,000;

17005;2017.08.09 12:00:00;0,000;22,600;2,000;72,000;6,000;15,317;1,000;2,000;

17006;2017.08.09 13:00:00;0,000;22,400;3,000;69,000;3,000;15,317;1,000;2,000;

17007;2017.08.09 14:00:00;0,000;22,800;3,000;67,000;2,000;15,317;1,000;2,000;

17008;2017.08.09 15:00:00;0,000;21,800;4,000;68,000;2,000;15,317;1,000;2,000;

17009;2017.08.09 16:00:00;0,000;21,700;2,000;64,000;2,000;15,317;1,000;2,000;

17010;2017.08.09 17:00:00;0,000;20,600;3,000;69,000;4,000;15,317;1,000;2,000;

17011;2017.08.09 18:00:00;0,000;19,900;1,000;74,000;5,000;15,317;1,000;2,000;

17012;2017.08.09 19:00:00;0,000;19,000;1,000;73,000;5,000;15,317;1,000;2,000;

17013;2017.08.09 20:00:00;0,000;18,500;1,000;67,000;8,000;15,317;1,000;2,000;

17014;2017.08.09 21:00:00;0,000;18,300;1,000;68,000;1,000;15,317;1,000;2,000;

17015;2017.08.09 22:00:00;0,000;17,700;1,000;71,000;0,000;15,317;1,000;2,000;

17016;2017.08.09 23:00:00;0,000;17,500;2,000;72,000;0,000;15,317;1,000;2,000;

17017;2017.08.10 00:00:00;0,000;17,000;2,000;77,000;3,000;15,250;1,000;2,000;

17018;2017.08.10 01:00:00;0,000;17,200;2,000;77,000;8,000;15,250;1,000;2,000;

17019;2017.08.10 02:00:00;0,000;16,700;1,000;80,000;8,000;15,250;1,000;2,000;

17020;2017.08.10 03:00:00;0,000;16,100;1,000;84,000;8,000;15,250;1,000;2,000;

17021;2017.08.10 04:00:00;0,000;15,300;2,000;88,000;8,000;15,250;1,000;2,000;

17022;2017.08.10 05:00:00;0,000;15,900;1,000;88,000;8,000;15,250;1,000;2,000;

17023;2017.08.10 06:00:00;0,000;16,600;1,000;87,000;8,000;15,250;1,000;2,000;

17024;2017.08.10 07:00:00;0,000;18,400;2,000;83,000;8,000;15,250;1,000;2,000;

17025;2017.08.10 08:00:00;0,000;19,600;3,000;77,000;7,000;15,250;1,000;2,000;

17026;2017.08.10 09:00:00;0,000;20,900;3,000;71,000;7,000;15,250;1,000;2,000;

17027;2017.08.10 10:00:00;0,000;20,400;5,000;67,000;7,000;15,250;1,000;2,000;

17028;2017.08.10 11:00:00;0,000;20,400;4,000;68,000;4,000;15,250;1,000;2,000;

17029;2017.08.10 12:00:00;0,000;20,200;4,000;69,000;1,000;15,250;1,000;2,000;

17030;2017.08.10 13:00:00;0,000;20,700;4,000;62,000;0,000;15,250;1,000;2,000;

17031;2017.08.10 14:00:00;0,000;20,500;4,000;61,000;1,000;15,250;1,000;2,000;

17032;2017.08.10 15:00:00;0,000;19,900;3,000;71,000;7,000;15,250;1,000;2,000;

17033;2017.08.10 16:00:00;0,000;19,600;3,000;70,000;6,000;15,250;1,000;2,000;

17034;2017.08.10 17:00:00;0,000;19,300;3,000;72,000;6,000;15,250;1,000;2,000;

17035;2017.08.10 18:00:00;0,000;18,400;2,000;78,000;6,000;15,250;1,000;2,000;

17036;2017.08.10 19:00:00;0,000;17,000;1,000;86,000;3,000;15,250;1,000;2,000;

17037;2017.08.10 20:00:00;0,000;15,500;0,000;93,000;2,000;15,250;1,000;2,000;

17038;2017.08.10 21:00:00;0,000;14,500;1,000;94,000;0,000;15,250;1,000;2,000;

17039;2017.08.10 22:00:00;0,000;14,000;0,000;96,000;0,000;15,250;1,000;2,000;

17040;2017.08.10 23:00:00;0,000;14,800;1,000;97,000;3,000;15,250;1,000;2,000;

17041;2017.08.11 00:00:00;0,000;13,700;0,000;97,000;5,000;15,183;2,000;2,000;

17042;2017.08.11 01:00:00;0,000;14,000;1,000;97,000;5,000;15,183;2,000;2,000;

17043;2017.08.11 02:00:00;0,000;13,900;1,000;98,000;7,000;15,183;2,000;2,000;

17044;2017.08.11 03:00:00;0,000;13,900;2,000;97,000;8,000;15,183;2,000;2,000;

17045;2017.08.11 04:00:00;0,000;15,800;3,000;84,000;8,000;15,183;2,000;2,000;

17046;2017.08.11 05:00:00;0,000;15,100;2,000;90,000;8,000;15,183;2,000;2,000;

17047;2017.08.11 06:00:00;0,000;15,200;2,000;90,000;7,000;15,183;2,000;2,000;

17048;2017.08.11 07:00:00;0,000;17,000;1,000;79,000;7,000;15,183;2,000;2,000;

17049;2017.08.11 08:00:00;0,000;18,100;4,000;76,000;7,000;15,183;2,000;2,000;

17050;2017.08.11 09:00:00;0,000;20,300;4,000;77,000;7,000;15,183;2,000;2,000;

17051;2017.08.11 10:00:00;0,000;22,200;5,000;75,000;6,000;15,183;2,000;2,000;

17052;2017.08.11 11:00:00;0,000;23,900;3,000;72,000;5,000;15,183;2,000;2,000;

17053;2017.08.11 12:00:00;0,000;24,400;4,000;69,000;7,000;15,183;2,000;2,000;

17054;2017.08.11 13:00:00;0,000;24,700;2,000;72,000;8,000;15,183;2,000;2,000;

17055;2017.08.11 14:00:00;0,000;25,200;3,000;69,000;7,000;15,183;2,000;2,000;

17056;2017.08.11 15:00:00;0,000;25,600;1,000;65,000;7,000;15,183;2,000;2,000;

17057;2017.08.11 16:00:00;0,000;25,700;2,000;67,000;7,000;15,183;2,000;2,000;

17058;2017.08.11 17:00:00;0,000;25,200;2,000;67,000;2,000;15,183;2,000;2,000;

17059;2017.08.11 18:00:00;0,000;23,900;1,000;75,000;5,000;15,183;2,000;2,000;

17060;2017.08.11 19:00:00;0,000;22,600;1,000;82,000;8,000;15,183;2,000;2,000;

17061;2017.08.11 20:00:00;0,000;22,500;5,000;77,000;7,000;15,183;2,000;2,000;

17062;2017.08.11 21:00:00;0,000;20,300;4,000;80,000;8,000;15,183;2,000;2,000;

17063;2017.08.11 22:00:00;0,000;18,600;4,000;93,000;8,000;15,183;2,000;2,000;

17064;2017.08.11 23:00:00;0,000;18,400;3,000;92,000;8,000;15,183;2,000;2,000;

17065;2017.08.12 00:00:00;0,000;18,100;3,000;91,000;8,000;15,117;3,000;2,000;

17066;2017.08.12 01:00:00;0,000;17,400;2,000;94,000;8,000;15,117;3,000;2,000;

17067;2017.08.12 02:00:00;0,000;17,000;2,000;94,000;7,000;15,117;3,000;2,000;

17068;2017.08.12 03:00:00;0,000;17,200;3,000;94,000;8,000;15,117;3,000;2,000;

17069;2017.08.12 04:00:00;0,000;17,000;3,000;93,000;7,000;15,117;3,000;2,000;

17070;2017.08.12 05:00:00;0,000;17,000;2,000;93,000;7,000;15,117;3,000;2,000;

17071;2017.08.12 06:00:00;0,000;17,800;3,000;87,000;7,000;15,117;3,000;2,000;

17072;2017.08.12 07:00:00;0,000;17,600;3,000;86,000;7,000;15,117;3,000;2,000;

17073;2017.08.12 08:00:00;0,000;18,000;4,000;80,000;7,000;15,117;3,000;2,000;

17074;2017.08.12 09:00:00;0,000;16,800;5,000;83,000;8,000;15,117;3,000;2,000;

17075;2017.08.12 10:00:00;0,000;17,000;5,000;76,000;8,000;15,117;3,000;2,000;

17076;2017.08.12 11:00:00;0,000;17,400;4,000;74,000;8,000;15,117;3,000;2,000;

17077;2017.08.12 12:00:00;0,000;16,800;5,000;80,000;8,000;15,117;3,000;2,000;

17078;2017.08.12 13:00:00;0,000;17,100;4,000;82,000;8,000;15,117;3,000;2,000;

17079;2017.08.12 14:00:00;0,000;16,900;3,000;91,000;8,000;15,117;3,000;2,000;

17080;2017.08.12 15:00:00;0,000;15,100;4,000;92,000;8,000;15,117;3,000;2,000;

17081;2017.08.12 16:00:00;0,000;15,800;4,000;88,000;8,000;15,117;3,000;2,000;

17082;2017.08.12 17:00:00;0,000;15,000;4,000;93,000;8,000;15,117;3,000;2,000;

17083;2017.08.12 18:00:00;0,000;14,600;3,000;90,000;8,000;15,117;3,000;2,000;

17084;2017.08.12 19:00:00;0,000;14,800;3,000;93,000;7,000;15,117;3,000;2,000;

17085;2017.08.12 20:00:00;0,000;14,800;3,000;92,000;7,000;15,117;3,000;2,000;

17086;2017.08.12 21:00:00;0,000;14,500;3,000;92,000;3,000;15,117;3,000;2,000;

17087;2017.08.12 22:00:00;0,000;14,600;3,000;90,000;8,000;15,117;3,000;2,000;

17088;2017.08.12 23:00:00;0,000;14,800;4,000;88,000;8,000;15,117;3,000;2,000;

17089;2017.08.13 00:00:00;0,000;14,500;3,000;93,000;8,000;15,050;4,000;2,000;

17090;2017.08.13 01:00:00;0,000;15,000;4,000;92,000;8,000;15,050;4,000;2,000;

17091;2017.08.13 02:00:00;0,000;15,200;4,000;91,000;3,000;15,050;4,000;2,000;

17092;2017.08.13 03:00:00;0,000;14,600;3,000;93,000;3,000;15,050;4,000;2,000;

17093;2017.08.13 04:00:00;0,000;14,000;2,000;95,000;1,000;15,050;4,000;2,000;

17094;2017.08.13 05:00:00;0,000;14,900;4,000;90,000;2,000;15,050;4,000;2,000;

17095;2017.08.13 06:00:00;0,000;15,600;4,000;88,000;5,000;15,050;4,000;2,000;

17096;2017.08.13 07:00:00;0,000;17,200;6,000;79,000;7,000;15,050;4,000;2,000;

17097;2017.08.13 08:00:00;0,000;16,900;5,000;82,000;7,000;15,050;4,000;2,000;

17098;2017.08.13 09:00:00;0,000;17,600;5,000;80,000;7,000;15,050;4,000;2,000;

17099;2017.08.13 10:00:00;0,000;18,700;5,000;72,000;7,000;15,050;4,000;2,000;

17100;2017.08.13 11:00:00;0,000;19,300;6,000;68,000;6,000;15,050;4,000;2,000;

17101;2017.08.13 12:00:00;0,000;18,100;6,000;70,000;6,000;15,050;4,000;2,000;

17102;2017.08.13 13:00:00;0,000;18,400;6,000;64,000;7,000;15,050;4,000;2,000;

17103;2017.08.13 14:00:00;0,000;18,400;7,000;58,000;3,000;15,050;4,000;2,000;

17104;2017.08.13 15:00:00;0,000;18,300;6,000;58,000;1,000;15,050;4,000;2,000;

17105;2017.08.13 16:00:00;0,000;18,100;4,000;61,000;3,000;15,050;4,000;2,000;

17106;2017.08.13 17:00:00;0,000;17,400;4,000;61,000;0,000;15,050;4,000;2,000;

17107;2017.08.13 18:00:00;0,000;16,200;2,000;66,000;0,000;15,050;4,000;2,000;

17108;2017.08.13 19:00:00;0,000;15,100;2,000;71,000;0,000;15,050;4,000;2,000;

17109;2017.08.13 20:00:00;0,000;14,300;2,000;75,000;0,000;15,050;4,000;2,000;

17110;2017.08.13 21:00:00;0,000;13,000;1,000;82,000;0,000;15,050;4,000;2,000;

17111;2017.08.13 22:00:00;0,000;12,700;2,000;83,000;0,000;15,050;4,000;2,000;

17112;2017.08.13 23:00:00;0,000;11,500;1,000;89,000;0,000;15,050;4,000;2,000;

17113;2017.08.14 00:00:00;0,000;11,200;2,000;90,000;0,000;14,983;1,000;2,000;

17114;2017.08.14 01:00:00;0,000;10,500;2,000;92,000;0,000;14,983;1,000;2,000;

17115;2017.08.14 02:00:00;0,000;10,300;2,000;92,000;0,000;14,983;1,000;2,000;

17116;2017.08.14 03:00:00;0,000;10,100;2,000;92,000;1,000;14,983;1,000;2,000;

17117;2017.08.14 04:00:00;0,000;10,300;2,000;91,000;1,000;14,983;1,000;2,000;

17118;2017.08.14 05:00:00;0,000;11,200;2,000;88,000;1,000;14,983;1,000;2,000;

17119;2017.08.14 06:00:00;0,000;12,800;2,000;86,000;1,000;14,983;1,000;2,000;

17120;2017.08.14 07:00:00;0,000;16,200;2,000;78,000;1,000;14,983;1,000;2,000;

17121;2017.08.14 08:00:00;0,000;17,700;2,000;65,000;7,000;14,983;1,000;2,000;

17122;2017.08.14 09:00:00;0,000;17,500;2,000;74,000;6,000;14,983;1,000;2,000;

17123;2017.08.14 10:00:00;0,000;17,800;2,000;69,000;6,000;14,983;1,000;2,000;

17124;2017.08.14 11:00:00;0,000;18,700;2,000;58,000;6,000;14,983;1,000;2,000;

17125;2017.08.14 12:00:00;0,000;18,600;3,000;58,000;4,000;14,983;1,000;2,000;

17126;2017.08.14 13:00:00;0,000;19,300;3,000;59,000;2,000;14,983;1,000;2,000;

17127;2017.08.14 14:00:00;0,000;19,300;3,000;52,000;1,000;14,983;1,000;2,000;

17128;2017.08.14 15:00:00;0,000;19,000;3,000;50,000;1,000;14,983;1,000;2,000;

17129;2017.08.14 16:00:00;0,000;18,600;3,000;54,000;0,000;14,983;1,000;2,000;

17130;2017.08.14 17:00:00;0,000;18,100;3,000;57,000;0,000;14,983;1,000;2,000;

17131;2017.08.14 18:00:00;0,000;17,200;2,000;65,000;0,000;14,983;1,000;2,000;

17132;2017.08.14 19:00:00;0,000;15,300;1,000;73,000;1,000;14,983;1,000;2,000;

17133;2017.08.14 20:00:00;0,000;14,600;1,000;74,000;1,000;14,983;1,000;2,000;

17134;2017.08.14 21:00:00;0,000;13,400;1,000;80,000;0,000;14,983;1,000;2,000;

17135;2017.08.14 22:00:00;0,000;14,600;3,000;77,000;0,000;14,983;1,000;2,000;

17136;2017.08.14 23:00:00;0,000;14,100;3,000;80,000;0,000;14,983;1,000;2,000;

17137;2017.08.15 00:00:00;0,000;13,700;3,000;82,000;1,000;14,917;5,000;2,000;

17138;2017.08.15 01:00:00;0,000;13,800;3,000;81,000;6,000;14,917;5,000;2,000;

17139;2017.08.15 02:00:00;0,000;13,600;3,000;81,000;2,000;14,917;5,000;2,000;

17140;2017.08.15 03:00:00;0,000;13,400;3,000;82,000;4,000;14,917;5,000;2,000;

17141;2017.08.15 04:00:00;0,000;13,600;4,000;79,000;6,000;14,917;5,000;2,000;

17142;2017.08.15 05:00:00;0,000;14,000;3,000;77,000;6,000;14,917;5,000;2,000;

17143;2017.08.15 06:00:00;0,000;14,600;3,000;75,000;7,000;14,917;5,000;2,000;

17144;2017.08.15 07:00:00;0,000;16,400;3,000;70,000;7,000;14,917;5,000;2,000;

17145;2017.08.15 08:00:00;0,000;18,200;4,000;61,000;7,000;14,917;5,000;2,000;

17146;2017.08.15 09:00:00;0,000;20,900;4,000;52,000;3,000;14,917;5,000;2,000;

17147;2017.08.15 10:00:00;0,000;21,900;5,000;47,000;2,000;14,917;5,000;2,000;

17148;2017.08.15 11:00:00;0,000;22,000;4,000;47,000;4,000;14,917;5,000;2,000;

17149;2017.08.15 12:00:00;0,000;22,900;4,000;43,000;4,000;14,917;5,000;2,000;

17150;2017.08.15 13:00:00;0,000;23,100;3,000;42,000;3,000;14,917;5,000;2,000;

17151;2017.08.15 14:00:00;0,000;23,600;4,000;42,000;2,000;14,917;5,000;2,000;

17152;2017.08.15 15:00:00;0,000;23,700;3,000;44,000;1,000;14,917;5,000;2,000;

17153;2017.08.15 16:00:00;0,000;23,500;4,000;43,000;1,000;14,917;5,000;2,000;

17154;2017.08.15 17:00:00;0,000;23,100;3,000;46,000;1,000;14,917;5,000;2,000;

17155;2017.08.15 18:00:00;0,000;21,600;3,000;52,000;2,000;14,917;5,000;2,000;

17156;2017.08.15 19:00:00;0,000;19,800;2,000;59,000;2,000;14,917;5,000;2,000;

17157;2017.08.15 20:00:00;0,000;19,400;3,000;61,000;2,000;14,917;5,000;2,000;

17158;2017.08.15 21:00:00;0,000;18,500;3,000;63,000;0,000;14,917;5,000;2,000;

17159;2017.08.15 22:00:00;0,000;17,900;4,000;67,000;0,000;14,917;5,000;2,000;

17160;2017.08.15 23:00:00;0,000;17,300;3,000;69,000;0,000;14,917;5,000;2,000;

17161;2017.08.16 00:00:00;0,000;17,600;3,000;67,000;0,000;14,867;1,000;2,000;

17162;2017.08.16 01:00:00;0,000;18,200;4,000;64,000;6,000;14,867;1,000;2,000;

17163;2017.08.16 02:00:00;0,000;18,000;4,000;65,000;8,000;14,867;1,000;2,000;

17164;2017.08.16 03:00:00;0,000;17,700;4,000;68,000;8,000;14,867;1,000;2,000;

17165;2017.08.16 04:00:00;0,000;17,300;5,000;71,000;7,000;14,867;1,000;2,000;

17166;2017.08.16 05:00:00;0,000;17,700;3,000;69,000;7,000;14,867;1,000;2,000;

17167;2017.08.16 06:00:00;0,000;16,800;3,000;81,000;7,000;14,867;1,000;2,000;

17168;2017.08.16 07:00:00;0,000;17,100;3,000;84,000;7,000;14,867;1,000;2,000;

17169;2017.08.16 08:00:00;0,000;17,700;2,000;85,000;7,000;14,867;1,000;2,000;

17170;2017.08.16 09:00:00;0,000;18,500;2,000;85,000;7,000;14,867;1,000;2,000;

17171;2017.08.16 10:00:00;0,000;19,300;4,000;88,000;8,000;14,867;1,000;2,000;

17172;2017.08.16 11:00:00;0,000;18,900;5,000;88,000;8,000;14,867;1,000;2,000;

17173;2017.08.16 12:00:00;0,000;18,500;4,000;93,000;8,000;14,867;1,000;2,000;

17174;2017.08.16 13:00:00;0,000;18,000;3,000;95,000;8,000;14,867;1,000;2,000;

17175;2017.08.16 14:00:00;0,000;18,000;2,000;95,000;8,000;14,867;1,000;2,000;

17176;2017.08.16 15:00:00;0,000;17,900;3,000;95,000;8,000;14,867;1,000;2,000;

17177;2017.08.16 16:00:00;0,000;17,800;2,000;95,000;8,000;14,867;1,000;2,000;

17178;2017.08.16 17:00:00;0,000;17,500;4,000;95,000;8,000;14,867;1,000;2,000;

17179;2017.08.16 18:00:00;0,000;17,300;3,000;94,000;7,000;14,867;1,000;2,000;

17180;2017.08.16 19:00:00;0,000;16,600;2,000;96,000;6,000;14,867;1,000;2,000;

17181;2017.08.16 20:00:00;0,000;16,300;1,000;96,000;7,000;14,867;1,000;2,000;

17182;2017.08.16 21:00:00;0,000;15,500;1,000;97,000;1,000;14,867;1,000;2,000;

17183;2017.08.16 22:00:00;0,000;15,000;1,000;98,000;9,000;14,867;1,000;2,000;

17184;2017.08.16 23:00:00;0,000;15,400;2,000;98,000;7,000;14,867;1,000;2,000;

17185;2017.08.17 00:00:00;0,000;14,800;2,000;97,000;2,000;14,800;1,000;2,000;

17186;2017.08.17 01:00:00;0,000;14,100;2,000;99,000;9,000;14,800;1,000;2,000;

17187;2017.08.17 02:00:00;0,000;13,400;2,000;99,000;9,000;14,800;1,000;2,000;

17188;2017.08.17 03:00:00;0,000;13,000;1,000;99,000;9,000;14,800;1,000;2,000;

17189;2017.08.17 04:00:00;0,000;13,400;0,000;99,000;7,000;14,800;1,000;2,000;

17190;2017.08.17 05:00:00;0,000;13,500;2,000;99,000;4,000;14,800;1,000;2,000;

17191;2017.08.17 06:00:00;0,000;15,200;1,000;95,000;2,000;14,800;1,000;2,000;

17192;2017.08.17 07:00:00;0,000;17,000;1,000;90,000;7,000;14,800;1,000;2,000;

17193;2017.08.17 08:00:00;0,000;18,200;2,000;86,000;6,000;14,800;1,000;2,000;

17194;2017.08.17 09:00:00;0,000;19,300;2,000;81,000;6,000;14,800;1,000;2,000;

17195;2017.08.17 10:00:00;0,000;20,100;3,000;75,000;6,000;14,800;1,000;2,000;

17196;2017.08.17 11:00:00;0,000;21,000;4,000;65,000;4,000;14,800;1,000;2,000;

17197;2017.08.17 12:00:00;0,000;21,800;3,000;63,000;4,000;14,800;1,000;2,000;

17198;2017.08.17 13:00:00;0,000;22,400;3,000;60,000;8,000;14,800;1,000;2,000;

17199;2017.08.17 14:00:00;0,000;22,500;3,000;62,000;8,000;14,800;1,000;2,000;

17200;2017.08.17 15:00:00;0,000;22,400;3,000;65,000;8,000;14,800;1,000;2,000;

17201;2017.08.17 16:00:00;0,000;21,700;3,000;69,000;8,000;14,800;1,000;2,000;

17202;2017.08.17 17:00:00;0,000;20,900;3,000;72,000;8,000;14,800;1,000;2,000;

17203;2017.08.17 18:00:00;0,000;20,100;3,000;76,000;7,000;14,800;1,000;2,000;

17204;2017.08.17 19:00:00;0,000;19,200;3,000;79,000;7,000;14,800;1,000;2,000;

17205;2017.08.17 20:00:00;0,000;18,600;3,000;82,000;6,000;14,800;1,000;2,000;

17206;2017.08.17 21:00:00;0,000;18,500;3,000;83,000;8,000;14,800;1,000;2,000;

17207;2017.08.17 22:00:00;0,000;19,000;3,000;80,000;8,000;14,800;1,000;2,000;

17208;2017.08.17 23:00:00;0,000;19,100;4,000;80,000;8,000;14,800;1,000;2,000;

17209;2017.08.18 00:00:00;0,000;17,800;3,000;91,000;8,000;14,717;2,000;2,000;

17210;2017.08.18 01:00:00;0,000;17,400;3,000;94,000;7,000;14,717;2,000;2,000;

17211;2017.08.18 02:00:00;0,000;17,300;3,000;93,000;6,000;14,717;2,000;2,000;

17212;2017.08.18 03:00:00;0,000;16,800;3,000;93,000;4,000;14,717;2,000;2,000;

17213;2017.08.18 04:00:00;0,000;16,700;2,000;94,000;6,000;14,717;2,000;2,000;

17214;2017.08.18 05:00:00;0,000;17,100;2,000;94,000;7,000;14,717;2,000;2,000;

17215;2017.08.18 06:00:00;0,000;18,300;3,000;92,000;7,000;14,717;2,000;2,000;

17216;2017.08.18 07:00:00;0,000;19,300;3,000;88,000;7,000;14,717;2,000;2,000;

17217;2017.08.18 08:00:00;0,000;19,900;4,000;83,000;7,000;14,717;2,000;2,000;

17218;2017.08.18 09:00:00;0,000;20,900;4,000;77,000;7,000;14,717;2,000;2,000;

17219;2017.08.18 10:00:00;0,000;21,000;3,000;76,000;7,000;14,717;2,000;2,000;

17220;2017.08.18 11:00:00;0,000;22,100;3,000;71,000;7,000;14,717;2,000;2,000;

17221;2017.08.18 12:00:00;0,000;22,700;3,000;66,000;7,000;14,717;2,000;2,000;

17222;2017.08.18 13:00:00;0,000;23,700;2,000;64,000;7,000;14,717;2,000;2,000;

17223;2017.08.18 14:00:00;0,000;23,800;2,000;65,000;8,000;14,717;2,000;2,000;

17224;2017.08.18 15:00:00;0,000;23,600;3,000;67,000;8,000;14,717;2,000;2,000;

17225;2017.08.18 16:00:00;0,000;23,300;2,000;69,000;8,000;14,717;2,000;2,000;

17226;2017.08.18 17:00:00;0,000;22,800;2,000;74,000;8,000;14,717;2,000;2,000;

17227;2017.08.18 18:00:00;0,000;22,400;3,000;77,000;8,000;14,717;2,000;2,000;

17228;2017.08.18 19:00:00;0,000;21,100;3,000;87,000;8,000;14,717;2,000;2,000;

17229;2017.08.18 20:00:00;0,000;20,500;4,000;89,000;8,000;14,717;2,000;2,000;

17230;2017.08.18 21:00:00;0,000;19,400;3,000;92,000;8,000;14,717;2,000;2,000;

17231;2017.08.18 22:00:00;0,000;18,700;3,000;91,000;8,000;14,717;2,000;2,000;

17232;2017.08.18 23:00:00;0,000;18,700;3,000;93,000;8,000;14,717;2,000;2,000;

17233;2017.08.19 00:00:00;0,000;18,900;3,000;94,000;8,000;14,650;3,000;2,000;

17234;2017.08.19 01:00:00;0,000;19,300;5,000;95,000;8,000;14,650;3,000;2,000;

17235;2017.08.19 02:00:00;0,000;17,700;5,000;92,000;8,000;14,650;3,000;2,000;

17236;2017.08.19 03:00:00;0,000;17,300;2,000;95,000;8,000;14,650;3,000;2,000;

17237;2017.08.19 04:00:00;0,000;17,000;3,000;94,000;7,000;14,650;3,000;2,000;

17238;2017.08.19 05:00:00;0,000;16,700;4,000;93,000;8,000;14,650;3,000;2,000;

17239;2017.08.19 06:00:00;0,000;16,600;4,000;90,000;6,000;14,650;3,000;2,000;

17240;2017.08.19 07:00:00;0,000;17,700;5,000;86,000;6,000;14,650;3,000;2,000;

17241;2017.08.19 08:00:00;0,000;18,400;4,000;78,000;7,000;14,650;3,000;2,000;

17242;2017.08.19 09:00:00;0,000;18,900;5,000;71,000;7,000;14,650;3,000;2,000;

17243;2017.08.19 10:00:00;0,000;18,700;4,000;71,000;7,000;14,650;3,000;2,000;

17244;2017.08.19 11:00:00;0,000;19,300;5,000;62,000;8,000;14,650;3,000;2,000;

17245;2017.08.19 12:00:00;0,000;19,400;4,000;62,000;7,000;14,650;3,000;2,000;

17246;2017.08.19 13:00:00;0,000;20,000;5,000;60,000;6,000;14,650;3,000;2,000;

17247;2017.08.19 14:00:00;0,000;20,400;5,000;53,000;6,000;14,650;3,000;2,000;

17248;2017.08.19 15:00:00;0,000;19,600;5,000;59,000;5,000;14,650;3,000;2,000;

17249;2017.08.19 16:00:00;0,000;19,400;4,000;52,000;1,000;14,650;3,000;2,000;

17250;2017.08.19 17:00:00;0,000;18,900;4,000;58,000;1,000;14,650;3,000;2,000;

17251;2017.08.19 18:00:00;0,000;17,600;2,000;63,000;0,000;14,650;3,000;2,000;

17252;2017.08.19 19:00:00;0,000;16,200;3,000;69,000;0,000;14,650;3,000;2,000;

17253;2017.08.19 20:00:00;0,000;15,000;3,000;74,000;0,000;14,650;3,000;2,000;

17254;2017.08.19 21:00:00;0,000;13,900;2,000;80,000;0,000;14,650;3,000;2,000;

17255;2017.08.19 22:00:00;0,000;13,900;2,000;79,000;0,000;14,650;3,000;2,000;

17256;2017.08.19 23:00:00;0,000;13,800;2,000;80,000;0,000;14,650;3,000;2,000;

17257;2017.08.20 00:00:00;0,000;12,800;2,000;85,000;0,000;14,583;4,000;2,000;

17258;2017.08.20 01:00:00;0,000;12,700;2,000;85,000;0,000;14,583;4,000;2,000;

17259;2017.08.20 02:00:00;0,000;12,200;2,000;87,000;0,000;14,583;4,000;2,000;

17260;2017.08.20 03:00:00;0,000;11,700;2,000;89,000;5,000;14,583;4,000;2,000;

17261;2017.08.20 04:00:00;0,000;11,400;2,000;91,000;5,000;14,583;4,000;2,000;

17262;2017.08.20 05:00:00;0,000;11,900;2,000;89,000;7,000;14,583;4,000;2,000;

17263;2017.08.20 06:00:00;0,000;13,700;2,000;85,000;7,000;14,583;4,000;2,000;

17264;2017.08.20 07:00:00;0,000;15,500;3,000;80,000;7,000;14,583;4,000;2,000;

17265;2017.08.20 08:00:00;0,000;16,700;4,000;64,000;7,000;14,583;4,000;2,000;

17266;2017.08.20 09:00:00;0,000;17,900;4,000;60,000;6,000;14,583;4,000;2,000;

17267;2017.08.20 10:00:00;0,000;18,500;4,000;57,000;6,000;14,583;4,000;2,000;

17268;2017.08.20 11:00:00;0,000;19,700;5,000;53,000;6,000;14,583;4,000;2,000;

17269;2017.08.20 12:00:00;0,000;19,300;4,000;58,000;5,000;14,583;4,000;2,000;

17270;2017.08.20 13:00:00;0,000;19,700;4,000;55,000;5,000;14,583;4,000;2,000;

17271;2017.08.20 14:00:00;0,000;19,000;3,000;62,000;5,000;14,583;4,000;2,000;

17272;2017.08.20 15:00:00;0,000;19,400;3,000;55,000;3,000;14,583;4,000;2,000;

17273;2017.08.20 16:00:00;0,000;18,600;4,000;61,000;3,000;14,583;4,000;2,000;

17274;2017.08.20 17:00:00;0,000;18,200;2,000;66,000;3,000;14,583;4,000;2,000;

17275;2017.08.20 18:00:00;0,000;16,800;0,000;83,000;2,000;14,583;4,000;2,000;

17276;2017.08.20 19:00:00;0,000;15,300;3,000;81,000;3,000;14,583;4,000;2,000;

17277;2017.08.20 20:00:00;0,000;15,200;2,000;82,000;6,000;14,583;4,000;2,000;

17278;2017.08.20 21:00:00;0,000;15,000;3,000;81,000;5,000;14,583;4,000;2,000;

17279;2017.08.20 22:00:00;0,000;14,500;3,000;82,000;7,000;14,583;4,000;2,000;

17280;2017.08.20 23:00:00;0,000;14,100;2,000;88,000;7,000;14,583;4,000;2,000;

17281;2017.08.21 00:00:00;0,000;13,400;2,000;89,000;6,000;14,517;1,000;2,000;

17282;2017.08.21 01:00:00;0,000;13,300;3,000;92,000;7,000;14,517;1,000;2,000;

17283;2017.08.21 02:00:00;0,000;13,100;3,000;94,000;6,000;14,517;1,000;2,000;

17284;2017.08.21 03:00:00;0,000;13,000;4,000;94,000;7,000;14,517;1,000;2,000;

17285;2017.08.21 04:00:00;0,000;13,000;4,000;94,000;6,000;14,517;1,000;2,000;

17286;2017.08.21 05:00:00;0,000;13,100;3,000;94,000;5,000;14,517;1,000;2,000;

17287;2017.08.21 06:00:00;0,000;13,700;5,000;92,000;8,000;14,517;1,000;2,000;

17288;2017.08.21 07:00:00;0,000;13,700;4,000;91,000;7,000;14,517;1,000;2,000;

17289;2017.08.21 08:00:00;0,000;14,400;4,000;86,000;6,000;14,517;1,000;2,000;

17290;2017.08.21 09:00:00;0,000;15,000;3,000;88,000;8,000;14,517;1,000;2,000;

17291;2017.08.21 10:00:00;0,000;14,700;2,000;89,000;8,000;14,517;1,000;2,000;

17292;2017.08.21 11:00:00;0,000;14,600;2,000;89,000;8,000;14,517;1,000;2,000;

17293;2017.08.21 12:00:00;0,000;13,300;2,000;91,000;8,000;14,517;1,000;2,000;

17294;2017.08.21 13:00:00;0,000;16,000;2,000;87,000;7,000;14,517;1,000;2,000;

17295;2017.08.21 14:00:00;0,000;16,300;2,000;89,000;5,000;14,517;1,000;2,000;

17296;2017.08.21 15:00:00;0,000;17,200;4,000;82,000;6,000;14,517;1,000;2,000;

17297;2017.08.21 16:00:00;0,000;17,300;6,000;78,000;6,000;14,517;1,000;2,000;

17298;2017.08.21 17:00:00;0,000;17,400;5,000;79,000;6,000;14,517;1,000;2,000;

17299;2017.08.21 18:00:00;0,000;16,600;5,000;82,000;3,000;14,517;1,000;2,000;

17300;2017.08.21 19:00:00;0,000;16,600;6,000;86,000;3,000;14,517;1,000;2,000;

17301;2017.08.21 20:00:00;0,000;16,700;5,000;82,000;5,000;14,517;1,000;2,000;

17302;2017.08.21 21:00:00;0,000;16,000;4,000;85,000;4,000;14,517;1,000;2,000;

17303;2017.08.21 22:00:00;0,000;16,400;5,000;86,000;6,000;14,517;1,000;2,000;

17304;2017.08.21 23:00:00;0,000;16,500;5,000;88,000;6,000;14,517;1,000;2,000;

17305;2017.08.22 00:00:00;0,000;16,400;4,000;87,000;6,000;14,450;1,000;2,000;

17306;2017.08.22 01:00:00;0,000;16,000;3,000;87,000;5,000;14,450;1,000;2,000;

17307;2017.08.22 02:00:00;0,000;15,700;3,000;89,000;6,000;14,450;1,000;2,000;

17308;2017.08.22 03:00:00;0,000;14,300;4,000;90,000;7,000;14,450;1,000;2,000;

17309;2017.08.22 04:00:00;0,000;14,100;4,000;91,000;8,000;14,450;1,000;2,000;

17310;2017.08.22 05:00:00;0,000;13,600;5,000;92,000;8,000;14,450;1,000;2,000;

17311;2017.08.22 06:00:00;0,000;13,600;3,000;90,000;8,000;14,450;1,000;2,000;

17312;2017.08.22 07:00:00;0,000;14,500;3,000;93,000;8,000;14,450;1,000;2,000;

17313;2017.08.22 08:00:00;0,000;15,200;3,000;93,000;8,000;14,450;1,000;2,000;

17314;2017.08.22 09:00:00;0,000;14,900;3,000;93,000;8,000;14,450;1,000;2,000;

17315;2017.08.22 10:00:00;0,000;14,200;4,000;87,000;8,000;14,450;1,000;2,000;

17316;2017.08.22 11:00:00;0,000;14,100;5,000;87,000;7,000;14,450;1,000;2,000;

17317;2017.08.22 12:00:00;0,000;14,200;3,000;90,000;7,000;14,450;1,000;2,000;

17318;2017.08.22 13:00:00;0,000;14,500;2,000;86,000;7,000;14,450;1,000;2,000;

17319;2017.08.22 14:00:00;0,000;13,500;2,000;86,000;8,000;14,450;1,000;2,000;

17320;2017.08.22 15:00:00;0,000;14,500;2,000;87,000;7,000;14,450;1,000;2,000;

17321;2017.08.22 16:00:00;0,000;16,200;5,000;87,000;7,000;14,450;1,000;2,000;

17322;2017.08.22 17:00:00;0,000;16,200;4,000;85,000;5,000;14,450;1,000;2,000;

17323;2017.08.22 18:00:00;0,000;15,600;4,000;87,000;5,000;14,450;1,000;2,000;

17324;2017.08.22 19:00:00;0,000;14,600;2,000;90,000;3,000;14,450;1,000;2,000;

17325;2017.08.22 20:00:00;0,000;14,300;1,000;93,000;7,000;14,450;1,000;2,000;

17326;2017.08.22 21:00:00;0,000;14,300;2,000;95,000;6,000;14,450;1,000;2,000;

17327;2017.08.22 22:00:00;0,000;13,800;2,000;96,000;4,000;14,450;1,000;2,000;

17328;2017.08.22 23:00:00;0,000;13,100;1,000;97,000;0,000;14,450;1,000;2,000;

17329;2017.08.23 00:00:00;0,000;12,400;1,000;98,000;7,000;14,383;1,000;2,000;

17330;2017.08.23 01:00:00;0,000;11,800;1,000;99,000;9,000;14,383;1,000;2,000;

17331;2017.08.23 02:00:00;0,000;12,000;1,000;99,000;7,000;14,383;1,000;2,000;

17332;2017.08.23 03:00:00;0,000;11,900;1,000;99,000;4,000;14,383;1,000;2,000;

17333;2017.08.23 04:00:00;0,000;11,700;0,000;99,000;3,000;14,383;1,000;2,000;

17334;2017.08.23 05:00:00;0,000;11,800;1,000;99,000;3,000;14,383;1,000;2,000;

17335;2017.08.23 06:00:00;0,000;13,400;1,000;98,000;4,000;14,383;1,000;2,000;

17336;2017.08.23 07:00:00;0,000;16,200;1,000;84,000;2,000;14,383;1,000;2,000;

17337;2017.08.23 08:00:00;0,000;17,000;2,000;72,000;4,000;14,383;1,000;2,000;

17338;2017.08.23 09:00:00;0,000;17,800;3,000;71,000;4,000;14,383;1,000;2,000;

17339;2017.08.23 10:00:00;0,000;18,300;2,000;67,000;3,000;14,383;1,000;2,000;

17340;2017.08.23 11:00:00;0,000;18,700;3,000;65,000;2,000;14,383;1,000;2,000;

17341;2017.08.23 12:00:00;0,000;18,700;4,000;65,000;3,000;14,383;1,000;2,000;

17342;2017.08.23 13:00:00;0,000;18,600;4,000;68,000;4,000;14,383;1,000;2,000;

17343;2017.08.23 14:00:00;0,000;18,500;4,000;71,000;5,000;14,383;1,000;2,000;

17344;2017.08.23 15:00:00;0,000;17,900;3,000;71,000;5,000;14,383;1,000;2,000;

17345;2017.08.23 16:00:00;0,000;17,300;2,000;73,000;5,000;14,383;1,000;2,000;

17346;2017.08.23 17:00:00;0,000;16,700;2,000;76,000;3,000;14,383;1,000;2,000;

17347;2017.08.23 18:00:00;0,000;15,100;1,000;88,000;3,000;14,383;1,000;2,000;

17348;2017.08.23 19:00:00;0,000;13,100;0,000;92,000;2,000;14,383;1,000;2,000;

17349;2017.08.23 20:00:00;0,000;12,300;2,000;95,000;0,000;14,383;1,000;2,000;

17350;2017.08.23 21:00:00;0,000;12,200;1,000;97,000;1,000;14,383;1,000;2,000;

17351;2017.08.23 22:00:00;0,000;12,300;1,000;97,000;1,000;14,383;1,000;2,000;

17352;2017.08.23 23:00:00;0,000;12,100;1,000;97,000;6,000;14,383;1,000;2,000;

17353;2017.08.24 00:00:00;0,000;11,700;2,000;97,000;1,000;14,317;1,000;2,000;

17354;2017.08.24 01:00:00;0,000;11,200;1,000;97,000;0,000;14,317;1,000;2,000;

17355;2017.08.24 02:00:00;0,000;10,700;1,000;97,000;0,000;14,317;1,000;2,000;

17356;2017.08.24 03:00:00;0,000;10,100;2,000;97,000;0,000;14,317;1,000;2,000;

17357;2017.08.24 04:00:00;0,000;9,500;1,000;98,000;9,000;14,317;1,000;2,000;

17358;2017.08.24 05:00:00;0,000;9,600;2,000;99,000;9,000;14,317;1,000;2,000;

17359;2017.08.24 06:00:00;0,000;10,900;2,000;99,000;0,000;14,317;1,000;2,000;

17360;2017.08.24 07:00:00;0,000;13,000;2,000;90,000;2,000;14,317;1,000;2,000;

17361;2017.08.24 08:00:00;0,000;15,800;2,000;83,000;3,000;14,317;1,000;2,000;

17362;2017.08.24 09:00:00;0,000;17,200;2,000;71,000;5,000;14,317;1,000;2,000;

17363;2017.08.24 10:00:00;0,000;17,800;2,000;62,000;5,000;14,317;1,000;2,000;

17364;2017.08.24 11:00:00;0,000;18,900;2,000;61,000;5,000;14,317;1,000;2,000;

17365;2017.08.24 12:00:00;0,000;20,000;2,000;55,000;4,000;14,317;1,000;2,000;

17366;2017.08.24 13:00:00;0,000;20,600;2,000;54,000;4,000;14,317;1,000;2,000;

17367;2017.08.24 14:00:00;0,000;20,900;3,000;46,000;3,000;14,317;1,000;2,000;

17368;2017.08.24 15:00:00;0,000;20,800;2,000;49,000;6,000;14,317;1,000;2,000;

17369;2017.08.24 16:00:00;0,000;20,900;2,000;52,000;6,000;14,317;1,000;2,000;

17370;2017.08.24 17:00:00;0,000;20,200;2,000;59,000;6,000;14,317;1,000;2,000;

17371;2017.08.24 18:00:00;0,000;19,700;2,000;63,000;6,000;14,317;1,000;2,000;

17372;2017.08.24 19:00:00;0,000;19,100;2,000;66,000;6,000;14,317;1,000;2,000;

17373;2017.08.24 20:00:00;0,000;18,600;3,000;70,000;8,000;14,317;1,000;2,000;

17374;2017.08.24 21:00:00;0,000;18,200;3,000;80,000;8,000;14,317;1,000;2,000;

17375;2017.08.24 22:00:00;0,000;17,100;2,000;85,000;7,000;14,317;1,000;2,000;

17376;2017.08.24 23:00:00;0,000;16,400;2,000;85,000;3,000;14,317;1,000;2,000;

17377;2017.08.25 00:00:00;0,000;16,200;3,000;87,000;4,000;14,233;2,000;2,000;

17378;2017.08.25 01:00:00;0,000;15,700;2,000;86,000;6,000;14,233;2,000;2,000;

17379;2017.08.25 02:00:00;0,000;15,300;2,000;88,000;6,000;14,233;2,000;2,000;

17380;2017.08.25 03:00:00;0,000;14,800;3,000;91,000;6,000;14,233;2,000;2,000;

17381;2017.08.25 04:00:00;0,000;14,300;3,000;92,000;5,000;14,233;2,000;2,000;

17382;2017.08.25 05:00:00;0,000;14,200;3,000;91,000;5,000;14,233;2,000;2,000;

17383;2017.08.25 06:00:00;0,000;15,300;3,000;87,000;5,000;14,233;2,000;2,000;

17384;2017.08.25 07:00:00;0,000;17,100;5,000;80,000;5,000;14,233;2,000;2,000;

17385;2017.08.25 08:00:00;0,000;17,600;5,000;76,000;7,000;14,233;2,000;2,000;

17386;2017.08.25 09:00:00;0,000;18,800;5,000;71,000;7,000;14,233;2,000;2,000;

17387;2017.08.25 10:00:00;0,000;19,200;6,000;63,000;7,000;14,233;2,000;2,000;

17388;2017.08.25 11:00:00;0,000;18,700;6,000;70,000;7,000;14,233;2,000;2,000;

17389;2017.08.25 12:00:00;0,000;19,300;6,000;63,000;7,000;14,233;2,000;2,000;

17390;2017.08.25 13:00:00;0,000;18,800;5,000;70,000;7,000;14,233;2,000;2,000;

17391;2017.08.25 14:00:00;0,000;19,400;7,000;67,000;5,000;14,233;2,000;2,000;

17392;2017.08.25 15:00:00;0,000;19,200;6,000;67,000;4,000;14,233;2,000;2,000;

17393;2017.08.25 16:00:00;0,000;19,200;5,000;67,000;1,000;14,233;2,000;2,000;

17394;2017.08.25 17:00:00;0,000;18,200;4,000;72,000;1,000;14,233;2,000;2,000;

17395;2017.08.25 18:00:00;0,000;17,100;2,000;78,000;3,000;14,233;2,000;2,000;

17396;2017.08.25 19:00:00;0,000;16,200;1,000;81,000;3,000;14,233;2,000;2,000;

17397;2017.08.25 20:00:00;0,000;15,600;1,000;84,000;0,000;14,233;2,000;2,000;

17398;2017.08.25 21:00:00;0,000;14,600;2,000;87,000;0,000;14,233;2,000;2,000;

17399;2017.08.25 22:00:00;0,000;14,500;2,000;86,000;0,000;14,233;2,000;2,000;

17400;2017.08.25 23:00:00;0,000;14,100;2,000;87,000;0,000;14,233;2,000;2,000;

17401;2017.08.26 00:00:00;0,000;13,700;2,000;89,000;0,000;14,183;3,000;2,000;

17402;2017.08.26 01:00:00;0,000;13,100;2,000;91,000;0,000;14,183;3,000;2,000;

17403;2017.08.26 02:00:00;0,000;12,800;1,000;93,000;0,000;14,183;3,000;2,000;

17404;2017.08.26 03:00:00;0,000;11,900;2,000;94,000;1,000;14,183;3,000;2,000;

17405;2017.08.26 04:00:00;0,000;11,500;2,000;95,000;2,000;14,183;3,000;2,000;

17406;2017.08.26 05:00:00;0,000;11,900;2,000;95,000;6,000;14,183;3,000;2,000;

17407;2017.08.26 06:00:00;0,000;13,800;2,000;92,000;6,000;14,183;3,000;2,000;

17408;2017.08.26 07:00:00;0,000;16,400;1,000;86,000;7,000;14,183;3,000;2,000;

17409;2017.08.26 08:00:00;0,000;18,300;1,000;78,000;7,000;14,183;3,000;2,000;

17410;2017.08.26 09:00:00;0,000;19,200;2,000;70,000;8,000;14,183;3,000;2,000;

17411;2017.08.26 10:00:00;0,000;19,600;3,000;64,000;8,000;14,183;3,000;2,000;

17412;2017.08.26 11:00:00;0,000;19,600;2,000;74,000;7,000;14,183;3,000;2,000;

17413;2017.08.26 12:00:00;0,000;19,700;2,000;71,000;8,000;14,183;3,000;2,000;

17414;2017.08.26 13:00:00;0,000;19,700;3,000;70,000;8,000;14,183;3,000;2,000;

17415;2017.08.26 14:00:00;0,000;19,600;2,000;68,000;8,000;14,183;3,000;2,000;

17416;2017.08.26 15:00:00;0,000;19,000;3,000;73,000;8,000;14,183;3,000;2,000;

17417;2017.08.26 16:00:00;0,000;18,700;2,000;73,000;7,000;14,183;3,000;2,000;

17418;2017.08.26 17:00:00;0,000;18,000;2,000;79,000;7,000;14,183;3,000;2,000;

17419;2017.08.26 18:00:00;0,000;17,000;1,000;85,000;7,000;14,183;3,000;2,000;

17420;2017.08.26 19:00:00;0,000;16,100;1,000;88,000;8,000;14,183;3,000;2,000;

17421;2017.08.26 20:00:00;0,000;15,400;1,000;90,000;7,000;14,183;3,000;2,000;

17422;2017.08.26 21:00:00;0,000;16,000;1,000;87,000;7,000;14,183;3,000;2,000;

17423;2017.08.26 22:00:00;0,000;16,100;2,000;87,000;7,000;14,183;3,000;2,000;

17424;2017.08.26 23:00:00;0,000;16,000;1,000;87,000;7,000;14,183;3,000;2,000;

17425;2017.08.27 00:00:00;0,000;16,300;2,000;84,000;7,000;14,100;4,000;2,000;

17426;2017.08.27 01:00:00;0,000;16,600;2,000;82,000;7,000;14,100;4,000;2,000;

17427;2017.08.27 02:00:00;0,000;16,300;2,000;85,000;8,000;14,100;4,000;2,000;

17428;2017.08.27 03:00:00;0,000;16,300;1,000;86,000;8,000;14,100;4,000;2,000;

17429;2017.08.27 04:00:00;0,000;15,100;2,000;96,000;8,000;14,100;4,000;2,000;

17430;2017.08.27 05:00:00;0,000;14,800;1,000;97,000;8,000;14,100;4,000;2,000;

17431;2017.08.27 06:00:00;0,000;15,500;1,000;96,000;7,000;14,100;4,000;2,000;

17432;2017.08.27 07:00:00;0,000;16,100;1,000;96,000;6,000;14,100;4,000;2,000;

17433;2017.08.27 08:00:00;0,000;17,500;2,000;87,000;6,000;14,100;4,000;2,000;

17434;2017.08.27 09:00:00;0,000;18,100;3,000;86,000;6,000;14,100;4,000;2,000;

17435;2017.08.27 10:00:00;0,000;18,400;3,000;84,000;7,000;14,100;4,000;2,000;

17436;2017.08.27 11:00:00;0,000;19,000;5,000;80,000;6,000;14,100;4,000;2,000;

17437;2017.08.27 12:00:00;0,000;14,600;6,000;92,000;8,000;14,100;4,000;2,000;

17438;2017.08.27 13:00:00;0,000;17,600;5,000;82,000;2,000;14,100;4,000;2,000;

17439;2017.08.27 14:00:00;0,000;18,200;5,000;72,000;2,000;14,100;4,000;2,000;

17440;2017.08.27 15:00:00;0,000;17,800;5,000;75,000;6,000;14,100;4,000;2,000;

17441;2017.08.27 16:00:00;0,000;17,400;6,000;77,000;4,000;14,100;4,000;2,000;

17442;2017.08.27 17:00:00;0,000;16,800;4,000;76,000;5,000;14,100;4,000;2,000;

17443;2017.08.27 18:00:00;0,000;16,300;3,000;83,000;5,000;14,100;4,000;2,000;

17444;2017.08.27 19:00:00;0,000;16,100;3,000;85,000;5,000;14,100;4,000;2,000;

17445;2017.08.27 20:00:00;0,000;16,100;2,000;87,000;5,000;14,100;4,000;2,000;

17446;2017.08.27 21:00:00;0,000;15,700;2,000;90,000;2,000;14,100;4,000;2,000;

17447;2017.08.27 22:00:00;0,000;14,400;2,000;93,000;0,000;14,100;4,000;2,000;

17448;2017.08.27 23:00:00;0,000;13,700;1,000;93,000;0,000;14,100;4,000;2,000;

17449;2017.08.28 00:00:00;0,000;13,400;1,000;96,000;3,000;14,033;1,000;2,000;

17450;2017.08.28 01:00:00;0,000;13,800;1,000;97,000;5,000;14,033;1,000;2,000;

17451;2017.08.28 02:00:00;0,000;14,300;1,000;98,000;6,000;14,033;1,000;2,000;

17452;2017.08.28 03:00:00;0,000;14,100;2,000;95,000;2,000;14,033;1,000;2,000;

17453;2017.08.28 04:00:00;0,000;14,600;1,000;96,000;5,000;14,033;1,000;2,000;

17454;2017.08.28 05:00:00;0,000;14,500;1,000;94,000;5,000;14,033;1,000;2,000;

17455;2017.08.28 06:00:00;0,000;16,600;2,000;87,000;7,000;14,033;1,000;2,000;

17456;2017.08.28 07:00:00;0,000;17,100;3,000;83,000;7,000;14,033;1,000;2,000;

17457;2017.08.28 08:00:00;0,000;17,000;2,000;80,000;5,000;14,033;1,000;2,000;

17458;2017.08.28 09:00:00;0,000;17,900;2,000;74,000;5,000;14,033;1,000;2,000;

17459;2017.08.28 10:00:00;0,000;18,300;3,000;73,000;5,000;14,033;1,000;2,000;

17460;2017.08.28 11:00:00;0,000;18,800;3,000;71,000;4,000;14,033;1,000;2,000;

17461;2017.08.28 12:00:00;0,000;18,500;3,000;68,000;2,000;14,033;1,000;2,000;

17462;2017.08.28 13:00:00;0,000;18,300;4,000;65,000;2,000;14,033;1,000;2,000;

17463;2017.08.28 14:00:00;0,000;18,200;3,000;65,000;2,000;14,033;1,000;2,000;

17464;2017.08.28 15:00:00;0,000;18,000;3,000;61,000;2,000;14,033;1,000;2,000;

17465;2017.08.28 16:00:00;0,000;17,400;3,000;60,000;1,000;14,033;1,000;2,000;

17466;2017.08.28 17:00:00;0,000;16,900;2,000;64,000;1,000;14,033;1,000;2,000;

17467;2017.08.28 18:00:00;0,000;15,600;1,000;75,000;1,000;14,033;1,000;2,000;

17468;2017.08.28 19:00:00;0,000;13,800;0,000;82,000;1,000;14,033;1,000;2,000;

17469;2017.08.28 20:00:00;0,000;12,100;0,000;91,000;0,000;14,033;1,000;2,000;

17470;2017.08.28 21:00:00;0,000;11,400;1,000;93,000;0,000;14,033;1,000;2,000;

17471;2017.08.28 22:00:00;0,000;10,600;1,000;95,000;0,000;14,033;1,000;2,000;

17472;2017.08.28 23:00:00;0,000;11,700;1,000;89,000;0,000;14,033;1,000;2,000;

17473;2017.08.29 00:00:00;0,000;11,500;2,000;88,000;0,000;13,967;1,000;2,000;

17474;2017.08.29 01:00:00;0,000;11,200;2,000;88,000;0,000;13,967;1,000;2,000;

17475;2017.08.29 02:00:00;0,000;10,900;2,000;88,000;0,000;13,967;1,000;2,000;

17476;2017.08.29 03:00:00;0,000;10,700;2,000;91,000;0,000;13,967;1,000;2,000;

17477;2017.08.29 04:00:00;0,000;10,500;2,000;93,000;1,000;13,967;1,000;2,000;

17478;2017.08.29 05:00:00;0,000;11,300;2,000;92,000;1,000;13,967;1,000;2,000;

17479;2017.08.29 06:00:00;0,000;13,300;3,000;85,000;1,000;13,967;1,000;2,000;

17480;2017.08.29 07:00:00;0,000;15,800;3,000;83,000;1,000;13,967;1,000;2,000;

17481;2017.08.29 08:00:00;0,000;18,300;3,000;73,000;1,000;13,967;1,000;2,000;

17482;2017.08.29 09:00:00;0,000;20,100;3,000;65,000;1,000;13,967;1,000;2,000;

17483;2017.08.29 10:00:00;0,000;21,200;3,000;61,000;2,000;13,967;1,000;2,000;

17484;2017.08.29 11:00:00;0,000;22,200;3,000;55,000;4,000;13,967;1,000;2,000;

17485;2017.08.29 12:00:00;0,000;21,900;3,000;55,000;5,000;13,967;1,000;2,000;

17486;2017.08.29 13:00:00;0,000;22,700;3,000;53,000;4,000;13,967;1,000;2,000;

17487;2017.08.29 14:00:00;0,000;23,100;4,000;49,000;4,000;13,967;1,000;2,000;

17488;2017.08.29 15:00:00;0,000;23,100;3,000;52,000;2,000;13,967;1,000;2,000;

17489;2017.08.29 16:00:00;0,000;22,700;3,000;51,000;1,000;13,967;1,000;2,000;

17490;2017.08.29 17:00:00;0,000;21,800;3,000;58,000;1,000;13,967;1,000;2,000;

17491;2017.08.29 18:00:00;0,000;20,300;2,000;63,000;1,000;13,967;1,000;2,000;

17492;2017.08.29 19:00:00;0,000;18,800;2,000;70,000;1,000;13,967;1,000;2,000;

17493;2017.08.29 20:00:00;0,000;17,800;3,000;74,000;0,000;13,967;1,000;2,000;

17494;2017.08.29 21:00:00;0,000;16,800;2,000;76,000;0,000;13,967;1,000;2,000;

17495;2017.08.29 22:00:00;0,000;16,300;3,000;77,000;0,000;13,967;1,000;2,000;

17496;2017.08.29 23:00:00;0,000;15,900;3,000;77,000;0,000;13,967;1,000;2,000;

17497;2017.08.30 00:00:00;0,000;16,000;3,000;74,000;0,000;13,883;1,000;2,000;

17498;2017.08.30 01:00:00;0,000;15,600;3,000;75,000;0,000;13,883;1,000;2,000;

17499;2017.08.30 02:00:00;0,000;15,100;3,000;77,000;0,000;13,883;1,000;2,000;

17500;2017.08.30 03:00:00;0,000;15,000;3,000;76,000;0,000;13,883;1,000;2,000;

17501;2017.08.30 04:00:00;0,000;14,700;3,000;77,000;0,000;13,883;1,000;2,000;

17502;2017.08.30 05:00:00;0,000;15,000;3,000;77,000;0,000;13,883;1,000;2,000;

17503;2017.08.30 06:00:00;0,000;16,600;3,000;73,000;0,000;13,883;1,000;2,000;

17504;2017.08.30 07:00:00;0,000;18,700;4,000;67,000;0,000;13,883;1,000;2,000;

17505;2017.08.30 08:00:00;0,000;21,400;3,000;61,000;0,000;13,883;1,000;2,000;

17506;2017.08.30 09:00:00;0,000;23,200;4,000;54,000;0,000;13,883;1,000;2,000;

17507;2017.08.30 10:00:00;0,000;24,700;4,000;52,000;0,000;13,883;1,000;2,000;

17508;2017.08.30 11:00:00;0,000;25,700;5,000;47,000;0,000;13,883;1,000;2,000;

17509;2017.08.30 12:00:00;0,000;26,400;5,000;47,000;0,000;13,883;1,000;2,000;

17510;2017.08.30 13:00:00;0,000;27,300;4,000;48,000;1,000;13,883;1,000;2,000;

17511;2017.08.30 14:00:00;0,000;27,200;4,000;46,000;3,000;13,883;1,000;2,000;

17512;2017.08.30 15:00:00;0,000;27,000;4,000;47,000;3,000;13,883;1,000;2,000;

17513;2017.08.30 16:00:00;0,000;26,500;4,000;50,000;3,000;13,883;1,000;2,000;

17514;2017.08.30 17:00:00;0,000;25,100;3,000;55,000;6,000;13,883;1,000;2,000;

17515;2017.08.30 18:00:00;0,000;23,500;3,000;61,000;7,000;13,883;1,000;2,000;

17516;2017.08.30 19:00:00;0,000;22,400;3,000;62,000;7,000;13,883;1,000;2,000;

17517;2017.08.30 20:00:00;0,000;21,600;4,000;62,000;8,000;13,883;1,000;2,000;

17518;2017.08.30 21:00:00;0,000;21,300;4,000;61,000;7,000;13,883;1,000;2,000;

17519;2017.08.30 22:00:00;0,000;20,900;3,000;61,000;7,000;13,883;1,000;2,000;

17520;2017.08.30 23:00:00;0,000;20,300;3,000;61,000;6,000;13,883;1,000;2,000;

17521;2017.08.31 00:00:00;0,000;20,300;4,000;59,000;4,000;13,833;1,000;2,000;

17522;2017.08.31 01:00:00;0,000;19,800;4,000;59,000;6,000;13,833;1,000;2,000;

17523;2017.08.31 02:00:00;0,000;19,500;4,000;58,000;6,000;13,833;1,000;2,000;

17524;2017.08.31 03:00:00;0,000;19,200;4,000;60,000;8,000;13,833;1,000;2,000;

17525;2017.08.31 04:00:00;0,000;19,500;3,000;60,000;7,000;13,833;1,000;2,000;

17526;2017.08.31 05:00:00;0,000;19,400;3,000;62,000;8,000;13,833;1,000;2,000;

17527;2017.08.31 06:00:00;0,000;19,800;3,000;63,000;8,000;13,833;1,000;2,000;

17528;2017.08.31 07:00:00;0,000;21,100;3,000;64,000;7,000;13,833;1,000;2,000;

17529;2017.08.31 08:00:00;0,000;22,500;3,000;70,000;7,000;13,833;1,000;2,000;

17530;2017.08.31 09:00:00;0,000;24,400;4,000;69,000;7,000;13,833;1,000;2,000;

17531;2017.08.31 10:00:00;0,000;24,700;3,000;69,000;6,000;13,833;1,000;2,000;

17532;2017.08.31 11:00:00;0,000;25,700;3,000;64,000;5,000;13,833;1,000;2,000;

17533;2017.08.31 12:00:00;0,000;26,000;3,000;61,000;6,000;13,833;1,000;2,000;

17534;2017.08.31 13:00:00;0,000;23,200;3,000;76,000;6,000;13,833;1,000;2,000;

17535;2017.08.31 14:00:00;0,000;22,300;2,000;80,000;7,000;13,833;1,000;2,000;

17536;2017.08.31 15:00:00;0,000;20,600;2,000;91,000;7,000;13,833;1,000;2,000;

17537;2017.08.31 16:00:00;0,000;20,700;4,000;80,000;8,000;13,833;1,000;2,000;

17538;2017.08.31 17:00:00;0,000;19,300;5,000;85,000;8,000;13,833;1,000;2,000;

17539;2017.08.31 18:00:00;0,000;18,200;6,000;83,000;7,000;13,833;1,000;2,000;

17540;2017.08.31 19:00:00;0,000;17,600;5,000;88,000;8,000;13,833;1,000;2,000;

17541;2017.08.31 20:00:00;0,000;16,800;5,000;89,000;8,000;13,833;1,000;2,000;

17542;2017.08.31 21:00:00;0,000;16,400;5,000;83,000;8,000;13,833;1,000;2,000;

17543;2017.08.31 22:00:00;0,000;16,300;5,000;74,000;6,000;13,833;1,000;2,000;

17544;2017.08.31 23:00:00;0,000;15,700;4,000;77,000;3,000;13,833;1,000;2,000;

17545;2017.09.01 00:00:00;0,000;15,000;2,000;82,000;6,000;13,750;2,000;3,000;

17546;2017.09.01 01:00:00;0,000;16,000;4,000;79,000;8,000;13,750;2,000;3,000;

17547;2017.09.01 02:00:00;0,000;16,000;3,000;73,000;8,000;13,750;2,000;3,000;

17548;2017.09.01 03:00:00;0,000;15,400;3,000;74,000;7,000;13,750;2,000;3,000;

17549;2017.09.01 04:00:00;0,000;15,300;3,000;72,000;8,000;13,750;2,000;3,000;

17550;2017.09.01 05:00:00;0,000;15,400;3,000;73,000;7,000;13,750;2,000;3,000;

17551;2017.09.01 06:00:00;0,000;15,700;2,000;73,000;7,000;13,750;2,000;3,000;

17552;2017.09.01 07:00:00;0,000;15,900;2,000;74,000;7,000;13,750;2,000;3,000;

17553;2017.09.01 08:00:00;0,000;17,000;4,000;72,000;6,000;13,750;2,000;3,000;

17554;2017.09.01 09:00:00;0,000;16,900;4,000;71,000;6,000;13,750;2,000;3,000;

17555;2017.09.01 10:00:00;0,000;18,000;4,000;61,000;7,000;13,750;2,000;3,000;

17556;2017.09.01 11:00:00;0,000;17,500;4,000;63,000;7,000;13,750;2,000;3,000;

17557;2017.09.01 12:00:00;0,000;17,200;4,000;69,000;6,000;13,750;2,000;3,000;

17558;2017.09.01 13:00:00;0,000;17,000;4,000;66,000;7,000;13,750;2,000;3,000;

17559;2017.09.01 14:00:00;0,000;16,700;4,000;69,000;8,000;13,750;2,000;3,000;

17560;2017.09.01 15:00:00;0,000;16,200;2,000;73,000;8,000;13,750;2,000;3,000;

17561;2017.09.01 16:00:00;0,000;16,000;2,000;73,000;8,000;13,750;2,000;3,000;

17562;2017.09.01 17:00:00;0,000;15,700;1,000;76,000;8,000;13,750;2,000;3,000;

17563;2017.09.01 18:00:00;0,000;15,600;1,000;78,000;8,000;13,750;2,000;3,000;

17564;2017.09.01 19:00:00;0,000;14,700;1,000;86,000;8,000;13,750;2,000;3,000;

17565;2017.09.01 20:00:00;0,000;14,500;1,000;87,000;7,000;13,750;2,000;3,000;

17566;2017.09.01 21:00:00;0,000;13,100;2,000;87,000;8,000;13,750;2,000;3,000;

17567;2017.09.01 22:00:00;0,000;12,500;2,000;89,000;8,000;13,750;2,000;3,000;

17568;2017.09.01 23:00:00;0,000;12,200;2,000;92,000;7,000;13,750;2,000;3,000;

17569;2017.09.02 00:00:00;0,000;12,000;2,000;91,000;8,000;13,683;3,000;3,000;

17570;2017.09.02 01:00:00;0,000;11,900;2,000;91,000;8,000;13,683;3,000;3,000;

17571;2017.09.02 02:00:00;0,000;11,800;2,000;91,000;8,000;13,683;3,000;3,000;

17572;2017.09.02 03:00:00;0,000;11,800;1,000;91,000;8,000;13,683;3,000;3,000;

17573;2017.09.02 04:00:00;0,000;11,800;2,000;88,000;8,000;13,683;3,000;3,000;

17574;2017.09.02 05:00:00;0,000;11,700;2,000;88,000;8,000;13,683;3,000;3,000;

17575;2017.09.02 06:00:00;0,000;12,400;2,000;89,000;8,000;13,683;3,000;3,000;

17576;2017.09.02 07:00:00;0,000;12,600;2,000;91,000;7,000;13,683;3,000;3,000;

17577;2017.09.02 08:00:00;0,000;12,500;1,000;95,000;8,000;13,683;3,000;3,000;

17578;2017.09.02 09:00:00;0,000;13,300;2,000;93,000;8,000;13,683;3,000;3,000;

17579;2017.09.02 10:00:00;0,000;14,300;1,000;83,000;8,000;13,683;3,000;3,000;

17580;2017.09.02 11:00:00;0,000;15,400;3,000;84,000;7,000;13,683;3,000;3,000;

17581;2017.09.02 12:00:00;0,000;16,800;4,000;77,000;6,000;13,683;3,000;3,000;

17582;2017.09.02 13:00:00;0,000;17,100;4,000;70,000;5,000;13,683;3,000;3,000;

17583;2017.09.02 14:00:00;0,000;17,100;5,000;65,000;3,000;13,683;3,000;3,000;

17584;2017.09.02 15:00:00;0,000;16,300;4,000;71,000;5,000;13,683;3,000;3,000;

17585;2017.09.02 16:00:00;0,000;14,900;2,000;84,000;6,000;13,683;3,000;3,000;

17586;2017.09.02 17:00:00;0,000;15,200;2,000;86,000;5,000;13,683;3,000;3,000;

17587;2017.09.02 18:00:00;0,000;14,700;2,000;80,000;5,000;13,683;3,000;3,000;

17588;2017.09.02 19:00:00;0,000;14,700;3,000;76,000;4,000;13,683;3,000;3,000;

17589;2017.09.02 20:00:00;0,000;14,500;2,000;76,000;2,000;13,683;3,000;3,000;

17590;2017.09.02 21:00:00;0,000;14,600;2,000;76,000;4,000;13,683;3,000;3,000;

17591;2017.09.02 22:00:00;0,000;14,600;3,000;72,000;4,000;13,683;3,000;3,000;

17592;2017.09.02 23:00:00;0,000;14,600;3,000;74,000;2,000;13,683;3,000;3,000;

17593;2017.09.03 00:00:00;0,000;14,100;3,000;80,000;1,000;13,617;4,000;3,000;

17594;2017.09.03 01:00:00;0,000;15,000;5,000;78,000;3,000;13,617;4,000;3,000;

17595;2017.09.03 02:00:00;0,000;14,700;4,000;75,000;4,000;13,617;4,000;3,000;

17596;2017.09.03 03:00:00;0,000;14,800;4,000;72,000;5,000;13,617;4,000;3,000;

17597;2017.09.03 04:00:00;0,000;14,900;4,000;72,000;4,000;13,617;4,000;3,000;

17598;2017.09.03 05:00:00;0,000;14,700;4,000;71,000;4,000;13,617;4,000;3,000;

17599;2017.09.03 06:00:00;0,000;15,400;4,000;73,000;5,000;13,617;4,000;3,000;

17600;2017.09.03 07:00:00;0,000;15,600;5,000;68,000;6,000;13,617;4,000;3,000;

17601;2017.09.03 08:00:00;0,000;15,500;4,000;75,000;7,000;13,617;4,000;3,000;

17602;2017.09.03 09:00:00;0,000;15,700;4,000;74,000;7,000;13,617;4,000;3,000;

17603;2017.09.03 10:00:00;0,000;15,900;5,000;74,000;7,000;13,617;4,000;3,000;

17604;2017.09.03 11:00:00;0,000;15,900;6,000;71,000;7,000;13,617;4,000;3,000;

17605;2017.09.03 12:00:00;0,000;15,900;5,000;75,000;7,000;13,617;4,000;3,000;

17606;2017.09.03 13:00:00;0,000;15,700;6,000;74,000;7,000;13,617;4,000;3,000;

17607;2017.09.03 14:00:00;0,000;15,600;6,000;75,000;7,000;13,617;4,000;3,000;

17608;2017.09.03 15:00:00;0,000;13,700;6,000;89,000;8,000;13,617;4,000;3,000;

17609;2017.09.03 16:00:00;0,000;14,100;5,000;87,000;8,000;13,617;4,000;3,000;

17610;2017.09.03 17:00:00;0,000;13,800;4,000;90,000;8,000;13,617;4,000;3,000;

17611;2017.09.03 18:00:00;0,000;14,700;4,000;80,000;7,000;13,617;4,000;3,000;

17612;2017.09.03 19:00:00;0,000;15,100;4,000;79,000;7,000;13,617;4,000;3,000;

17613;2017.09.03 20:00:00;0,000;15,300;4,000;77,000;7,000;13,617;4,000;3,000;

17614;2017.09.03 21:00:00;0,000;15,500;5,000;77,000;8,000;13,617;4,000;3,000;

17615;2017.09.03 22:00:00;0,000;15,000;4,000;82,000;8,000;13,617;4,000;3,000;

17616;2017.09.03 23:00:00;0,000;14,900;5,000;77,000;7,000;13,617;4,000;3,000;

17617;2017.09.04 00:00:00;0,000;15,100;4,000;78,000;7,000;13,533;1,000;3,000;

17618;2017.09.04 01:00:00;0,000;15,000;4,000;81,000;6,000;13,533;1,000;3,000;

17619;2017.09.04 02:00:00;0,000;14,900;5,000;79,000;6,000;13,533;1,000;3,000;

17620;2017.09.04 03:00:00;0,000;14,500;5,000;82,000;6,000;13,533;1,000;3,000;

17621;2017.09.04 04:00:00;0,000;14,800;6,000;80,000;8,000;13,533;1,000;3,000;

17622;2017.09.04 05:00:00;0,000;14,900;6,000;80,000;8,000;13,533;1,000;3,000;

17623;2017.09.04 06:00:00;0,000;14,700;6,000;80,000;8,000;13,533;1,000;3,000;

17624;2017.09.04 07:00:00;0,000;14,500;6,000;84,000;8,000;13,533;1,000;3,000;

17625;2017.09.04 08:00:00;0,000;14,400;5,000;90,000;8,000;13,533;1,000;3,000;

17626;2017.09.04 09:00:00;0,000;14,800;4,000;92,000;8,000;13,533;1,000;3,000;

17627;2017.09.04 10:00:00;0,000;15,100;5,000;89,000;7,000;13,533;1,000;3,000;

17628;2017.09.04 11:00:00;0,000;15,300;6,000;92,000;8,000;13,533;1,000;3,000;

17629;2017.09.04 12:00:00;0,000;15,300;5,000;95,000;8,000;13,533;1,000;3,000;

17630;2017.09.04 13:00:00;0,000;15,900;6,000;93,000;8,000;13,533;1,000;3,000;

17631;2017.09.04 14:00:00;0,000;15,600;6,000;95,000;8,000;13,533;1,000;3,000;

17632;2017.09.04 15:00:00;0,000;15,600;5,000;94,000;8,000;13,533;1,000;3,000;

17633;2017.09.04 16:00:00;0,000;15,900;6,000;91,000;7,000;13,533;1,000;3,000;

17634;2017.09.04 17:00:00;0,000;15,900;4,000;90,000;7,000;13,533;1,000;3,000;

17635;2017.09.04 18:00:00;0,000;16,200;6,000;89,000;8,000;13,533;1,000;3,000;

17636;2017.09.04 19:00:00;0,000;16,300;6,000;89,000;8,000;13,533;1,000;3,000;

17637;2017.09.04 20:00:00;0,000;16,300;6,000;87,000;8,000;13,533;1,000;3,000;

17638;2017.09.04 21:00:00;0,000;16,200;6,000;84,000;8,000;13,533;1,000;3,000;

17639;2017.09.04 22:00:00;0,000;15,300;6,000;90,000;8,000;13,533;1,000;3,000;

17640;2017.09.04 23:00:00;0,000;14,800;6,000;96,000;8,000;13,533;1,000;3,000;

17641;2017.09.05 00:00:00;0,000;15,200;6,000;97,000;8,000;13,483;1,000;3,000;

17642;2017.09.05 01:00:00;0,000;15,800;6,000;97,000;8,000;13,483;1,000;3,000;

17643;2017.09.05 02:00:00;0,000;16,500;4,000;98,000;8,000;13,483;1,000;3,000;

17644;2017.09.05 03:00:00;0,000;16,800;3,000;98,000;8,000;13,483;1,000;3,000;

17645;2017.09.05 04:00:00;0,000;16,800;2,000;96,000;8,000;13,483;1,000;3,000;

17646;2017.09.05 05:00:00;0,000;17,000;3,000;95,000;8,000;13,483;1,000;3,000;

17647;2017.09.05 06:00:00;0,000;17,100;4,000;96,000;8,000;13,483;1,000;3,000;

17648;2017.09.05 07:00:00;0,000;17,300;3,000;96,000;7,000;13,483;1,000;3,000;

17649;2017.09.05 08:00:00;0,000;17,600;3,000;95,000;8,000;13,483;1,000;3,000;

17650;2017.09.05 09:00:00;0,000;17,700;3,000;95,000;8,000;13,483;1,000;3,000;

17651;2017.09.05 10:00:00;0,000;17,500;3,000;96,000;8,000;13,483;1,000;3,000;

17652;2017.09.05 11:00:00;0,000;18,500;3,000;90,000;7,000;13,483;1,000;3,000;

17653;2017.09.05 12:00:00;0,000;19,000;4,000;81,000;4,000;13,483;1,000;3,000;

17654;2017.09.05 13:00:00;0,000;19,400;3,000;81,000;5,000;13,483;1,000;3,000;

17655;2017.09.05 14:00:00;0,000;19,400;4,000;82,000;4,000;13,483;1,000;3,000;

17656;2017.09.05 15:00:00;0,000;18,500;4,000;85,000;5,000;13,483;1,000;3,000;

17657;2017.09.05 16:00:00;0,000;17,800;3,000;86,000;6,000;13,483;1,000;3,000;

17658;2017.09.05 17:00:00;0,000;17,500;3,000;88,000;7,000;13,483;1,000;3,000;

17659;2017.09.05 18:00:00;0,000;16,700;1,000;91,000;8,000;13,483;1,000;3,000;

17660;2017.09.05 19:00:00;0,000;16,300;1,000;92,000;7,000;13,483;1,000;3,000;

17661;2017.09.05 20:00:00;0,000;16,200;1,000;93,000;7,000;13,483;1,000;3,000;

17662;2017.09.05 21:00:00;0,000;16,300;1,000;92,000;8,000;13,483;1,000;3,000;

17663;2017.09.05 22:00:00;0,000;16,100;1,000;93,000;8,000;13,483;1,000;3,000;

17664;2017.09.05 23:00:00;0,000;15,900;0,000;95,000;7,000;13,483;1,000;3,000;

17665;2017.09.06 00:00:00;0,000;15,700;1,000;96,000;8,000;13,400;1,000;3,000;

17666;2017.09.06 01:00:00;0,000;15,700;1,000;96,000;8,000;13,400;1,000;3,000;

17667;2017.09.06 02:00:00;0,000;15,600;1,000;95,000;8,000;13,400;1,000;3,000;

17668;2017.09.06 03:00:00;0,000;15,500;0,000;95,000;8,000;13,400;1,000;3,000;

17669;2017.09.06 04:00:00;0,000;15,500;2,000;96,000;8,000;13,400;1,000;3,000;

17670;2017.09.06 05:00:00;0,000;15,300;2,000;96,000;7,000;13,400;1,000;3,000;

17671;2017.09.06 06:00:00;0,000;15,400;2,000;96,000;8,000;13,400;1,000;3,000;

17672;2017.09.06 07:00:00;0,000;15,700;2,000;97,000;8,000;13,400;1,000;3,000;

17673;2017.09.06 08:00:00;0,000;16,500;1,000;92,000;8,000;13,400;1,000;3,000;

17674;2017.09.06 09:00:00;0,000;17,200;1,000;87,000;8,000;13,400;1,000;3,000;

17675;2017.09.06 10:00:00;0,000;17,500;2,000;88,000;8,000;13,400;1,000;3,000;

17676;2017.09.06 11:00:00;0,000;17,800;2,000;84,000;7,000;13,400;1,000;3,000;

17677;2017.09.06 12:00:00;0,000;18,400;2,000;80,000;7,000;13,400;1,000;3,000;

17678;2017.09.06 13:00:00;0,000;18,700;2,000;80,000;7,000;13,400;1,000;3,000;

17679;2017.09.06 14:00:00;0,000;19,300;2,000;76,000;7,000;13,400;1,000;3,000;

17680;2017.09.06 15:00:00;0,000;19,000;2,000;79,000;8,000;13,400;1,000;3,000;

17681;2017.09.06 16:00:00;0,000;17,600;2,000;91,000;8,000;13,400;1,000;3,000;

17682;2017.09.06 17:00:00;0,000;15,300;2,000;92,000;8,000;13,400;1,000;3,000;

17683;2017.09.06 18:00:00;0,000;14,800;3,000;96,000;8,000;13,400;1,000;3,000;

17684;2017.09.06 19:00:00;0,000;14,400;2,000;96,000;8,000;13,400;1,000;3,000;

17685;2017.09.06 20:00:00;0,000;14,900;3,000;97,000;8,000;13,400;1,000;3,000;

17686;2017.09.06 21:00:00;0,000;15,300;3,000;97,000;8,000;13,400;1,000;3,000;

17687;2017.09.06 22:00:00;0,000;15,600;2,000;96,000;8,000;13,400;1,000;3,000;

17688;2017.09.06 23:00:00;0,000;15,900;3,000;96,000;8,000;13,400;1,000;3,000;

17689;2017.09.07 00:00:00;0,000;15,900;6,000;96,000;8,000;13,333;1,000;3,000;

17690;2017.09.07 01:00:00;0,000;15,800;5,000;93,000;8,000;13,333;1,000;3,000;

17691;2017.09.07 02:00:00;0,000;15,700;7,000;91,000;8,000;13,333;1,000;3,000;

17692;2017.09.07 03:00:00;0,000;15,000;8,000;95,000;8,000;13,333;1,000;3,000;

17693;2017.09.07 04:00:00;0,000;14,900;8,000;93,000;8,000;13,333;1,000;3,000;

17694;2017.09.07 05:00:00;0,000;14,500;7,000;94,000;8,000;13,333;1,000;3,000;

17695;2017.09.07 06:00:00;0,000;14,200;6,000;94,000;8,000;13,333;1,000;3,000;

17696;2017.09.07 07:00:00;0,000;13,800;6,000;94,000;8,000;13,333;1,000;3,000;

17697;2017.09.07 08:00:00;0,000;14,700;4,000;96,000;7,000;13,333;1,000;3,000;

17698;2017.09.07 09:00:00;0,000;13,600;4,000;94,000;8,000;13,333;1,000;3,000;

17699;2017.09.07 10:00:00;0,000;13,600;2,000;92,000;8,000;13,333;1,000;3,000;

17700;2017.09.07 11:00:00;0,000;13,600;2,000;88,000;8,000;13,333;1,000;3,000;

17701;2017.09.07 12:00:00;0,000;13,700;2,000;89,000;8,000;13,333;1,000;3,000;

17702;2017.09.07 13:00:00;0,000;14,300;2,000;80,000;8,000;13,333;1,000;3,000;

17703;2017.09.07 14:00:00;0,000;14,300;2,000;83,000;8,000;13,333;1,000;3,000;

17704;2017.09.07 15:00:00;0,000;14,300;2,000;85,000;8,000;13,333;1,000;3,000;

17705;2017.09.07 16:00:00;0,000;14,000;2,000;85,000;8,000;13,333;1,000;3,000;

17706;2017.09.07 17:00:00;0,000;13,000;2,000;91,000;8,000;13,333;1,000;3,000;

17707;2017.09.07 18:00:00;0,000;12,200;2,000;94,000;8,000;13,333;1,000;3,000;

17708;2017.09.07 19:00:00;0,000;11,800;3,000;96,000;8,000;13,333;1,000;3,000;

17709;2017.09.07 20:00:00;0,000;11,800;2,000;97,000;8,000;13,333;1,000;3,000;

17710;2017.09.07 21:00:00;0,000;13,200;4,000;98,000;8,000;13,333;1,000;3,000;

17711;2017.09.07 22:00:00;0,000;13,600;5,000;96,000;8,000;13,333;1,000;3,000;

17712;2017.09.07 23:00:00;0,000;13,500;7,000;95,000;8,000;13,333;1,000;3,000;

17713;2017.09.08 00:00:00;0,000;14,000;4,000;92,000;8,000;13,250;2,000;3,000;

17714;2017.09.08 01:00:00;0,000;13,800;4,000;87,000;8,000;13,250;2,000;3,000;

17715;2017.09.08 02:00:00;0,000;13,500;2,000;95,000;8,000;13,250;2,000;3,000;

17716;2017.09.08 03:00:00;0,000;13,300;4,000;95,000;7,000;13,250;2,000;3,000;

17717;2017.09.08 04:00:00;0,000;12,500;2,000;94,000;5,000;13,250;2,000;3,000;

17718;2017.09.08 05:00:00;0,000;11,500;2,000;96,000;7,000;13,250;2,000;3,000;

17719;2017.09.08 06:00:00;0,000;11,800;3,000;95,000;7,000;13,250;2,000;3,000;

17720;2017.09.08 07:00:00;0,000;12,700;3,000;91,000;7,000;13,250;2,000;3,000;

17721;2017.09.08 08:00:00;0,000;13,800;3,000;87,000;7,000;13,250;2,000;3,000;

17722;2017.09.08 09:00:00;0,000;15,200;3,000;82,000;8,000;13,250;2,000;3,000;

17723;2017.09.08 10:00:00;0,000;15,700;4,000;79,000;8,000;13,250;2,000;3,000;

17724;2017.09.08 11:00:00;0,000;16,000;4,000;75,000;8,000;13,250;2,000;3,000;

17725;2017.09.08 12:00:00;0,000;15,600;4,000;77,000;8,000;13,250;2,000;3,000;

17726;2017.09.08 13:00:00;0,000;15,200;4,000;83,000;8,000;13,250;2,000;3,000;

17727;2017.09.08 14:00:00;0,000;15,400;5,000;80,000;8,000;13,250;2,000;3,000;

17728;2017.09.08 15:00:00;0,000;15,700;4,000;79,000;8,000;13,250;2,000;3,000;

17729;2017.09.08 16:00:00;0,000;15,400;4,000;81,000;8,000;13,250;2,000;3,000;

17730;2017.09.08 17:00:00;0,000;14,700;4,000;84,000;8,000;13,250;2,000;3,000;

17731;2017.09.08 18:00:00;0,000;14,100;4,000;91,000;8,000;13,250;2,000;3,000;

17732;2017.09.08 19:00:00;0,000;13,900;4,000;92,000;8,000;13,250;2,000;3,000;

17733;2017.09.08 20:00:00;0,000;13,900;4,000;91,000;8,000;13,250;2,000;3,000;

17734;2017.09.08 21:00:00;0,000;13,700;3,000;92,000;8,000;13,250;2,000;3,000;

17735;2017.09.08 22:00:00;0,000;13,700;4,000;93,000;8,000;13,250;2,000;3,000;

17736;2017.09.08 23:00:00;0,000;13,600;3,000;91,000;8,000;13,250;2,000;3,000;

17737;2017.09.09 00:00:00;0,000;13,700;3,000;88,000;8,000;13,183;3,000;3,000;

17738;2017.09.09 01:00:00;0,000;13,900;4,000;85,000;8,000;13,183;3,000;3,000;

17739;2017.09.09 02:00:00;0,000;13,900;3,000;84,000;8,000;13,183;3,000;3,000;

17740;2017.09.09 03:00:00;0,000;13,600;3,000;85,000;7,000;13,183;3,000;3,000;

17741;2017.09.09 04:00:00;0,000;13,300;3,000;86,000;6,000;13,183;3,000;3,000;

17742;2017.09.09 05:00:00;0,000;13,300;3,000;85,000;8,000;13,183;3,000;3,000;

17743;2017.09.09 06:00:00;0,000;13,900;3,000;83,000;8,000;13,183;3,000;3,000;

17744;2017.09.09 07:00:00;0,000;14,300;4,000;82,000;8,000;13,183;3,000;3,000;

17745;2017.09.09 08:00:00;0,000;14,800;3,000;81,000;8,000;13,183;3,000;3,000;

17746;2017.09.09 09:00:00;0,000;15,600;4,000;77,000;8,000;13,183;3,000;3,000;

17747;2017.09.09 10:00:00;0,000;17,100;4,000;74,000;7,000;13,183;3,000;3,000;

17748;2017.09.09 11:00:00;0,000;17,500;5,000;71,000;8,000;13,183;3,000;3,000;

17749;2017.09.09 12:00:00;0,000;18,200;4,000;71,000;8,000;13,183;3,000;3,000;

17750;2017.09.09 13:00:00;0,000;18,700;4,000;69,000;8,000;13,183;3,000;3,000;

17751;2017.09.09 14:00:00;0,000;19,300;3,000;69,000;8,000;13,183;3,000;3,000;

17752;2017.09.09 15:00:00;0,000;19,600;5,000;68,000;7,000;13,183;3,000;3,000;

17753;2017.09.09 16:00:00;0,000;18,800;4,000;70,000;7,000;13,183;3,000;3,000;

17754;2017.09.09 17:00:00;0,000;18,300;3,000;75,000;7,000;13,183;3,000;3,000;

17755;2017.09.09 18:00:00;0,000;17,800;3,000;70,000;7,000;13,183;3,000;3,000;

17756;2017.09.09 19:00:00;0,000;16,900;3,000;73,000;7,000;13,183;3,000;3,000;

17757;2017.09.09 20:00:00;0,000;16,000;2,000;76,000;7,000;13,183;3,000;3,000;

17758;2017.09.09 21:00:00;0,000;15,500;2,000;79,000;7,000;13,183;3,000;3,000;

17759;2017.09.09 22:00:00;0,000;15,000;3,000;81,000;4,000;13,183;3,000;3,000;

17760;2017.09.09 23:00:00;0,000;14,700;2,000;83,000;8,000;13,183;3,000;3,000;

17761;2017.09.10 00:00:00;0,000;14,400;2,000;85,000;8,000;13,117;4,000;3,000;

17762;2017.09.10 01:00:00;0,000;14,300;2,000;86,000;8,000;13,117;4,000;3,000;

17763;2017.09.10 02:00:00;0,000;14,300;2,000;86,000;8,000;13,117;4,000;3,000;

17764;2017.09.10 03:00:00;0,000;14,000;2,000;88,000;7,000;13,117;4,000;3,000;

17765;2017.09.10 04:00:00;0,000;13,300;1,000;91,000;6,000;13,117;4,000;3,000;

17766;2017.09.10 05:00:00;0,000;12,900;2,000;93,000;7,000;13,117;4,000;3,000;

17767;2017.09.10 06:00:00;0,000;13,500;1,000;91,000;7,000;13,117;4,000;3,000;

17768;2017.09.10 07:00:00;0,000;14,300;2,000;88,000;7,000;13,117;4,000;3,000;

17769;2017.09.10 08:00:00;0,000;15,000;2,000;85,000;8,000;13,117;4,000;3,000;

17770;2017.09.10 09:00:00;0,000;15,800;3,000;79,000;8,000;13,117;4,000;3,000;

17771;2017.09.10 10:00:00;0,000;16,600;3,000;74,000;8,000;13,117;4,000;3,000;

17772;2017.09.10 11:00:00;0,000;17,300;3,000;73,000;8,000;13,117;4,000;3,000;

17773;2017.09.10 12:00:00;0,000;17,500;3,000;76,000;7,000;13,117;4,000;3,000;

17774;2017.09.10 13:00:00;0,000;17,600;4,000;74,000;7,000;13,117;4,000;3,000;

17775;2017.09.10 14:00:00;0,000;17,700;4,000;68,000;7,000;13,117;4,000;3,000;

17776;2017.09.10 15:00:00;0,000;17,300;3,000;74,000;7,000;13,117;4,000;3,000;

17777;2017.09.10 16:00:00;0,000;17,600;3,000;74,000;6,000;13,117;4,000;3,000;

17778;2017.09.10 17:00:00;0,000;17,200;3,000;75,000;5,000;13,117;4,000;3,000;

17779;2017.09.10 18:00:00;0,000;15,700;2,000;84,000;2,000;13,117;4,000;3,000;

17780;2017.09.10 19:00:00;0,000;14,700;3,000;89,000;0,000;13,117;4,000;3,000;

17781;2017.09.10 20:00:00;0,000;13,900;2,000;91,000;0,000;13,117;4,000;3,000;

17782;2017.09.10 21:00:00;0,000;13,500;3,000;93,000;0,000;13,117;4,000;3,000;

17783;2017.09.10 22:00:00;0,000;13,200;3,000;94,000;0,000;13,117;4,000;3,000;

17784;2017.09.10 23:00:00;0,000;13,000;3,000;94,000;0,000;13,117;4,000;3,000;

17785;2017.09.11 00:00:00;0,000;12,500;3,000;94,000;0,000;13,050;1,000;3,000;

17786;2017.09.11 01:00:00;0,000;12,400;3,000;94,000;1,000;13,050;1,000;3,000;

17787;2017.09.11 02:00:00;0,000;12,400;3,000;94,000;0,000;13,050;1,000;3,000;

17788;2017.09.11 03:00:00;0,000;12,000;3,000;95,000;1,000;13,050;1,000;3,000;

17789;2017.09.11 04:00:00;0,000;11,800;3,000;96,000;3,000;13,050;1,000;3,000;

17790;2017.09.11 05:00:00;0,000;12,100;3,000;95,000;7,000;13,050;1,000;3,000;

17791;2017.09.11 06:00:00;0,000;12,600;4,000;93,000;7,000;13,050;1,000;3,000;

17792;2017.09.11 07:00:00;0,000;13,900;4,000;87,000;4,000;13,050;1,000;3,000;

17793;2017.09.11 08:00:00;0,000;15,400;4,000;77,000;1,000;13,050;1,000;3,000;

17794;2017.09.11 09:00:00;0,000;17,200;4,000;71,000;2,000;13,050;1,000;3,000;

17795;2017.09.11 10:00:00;0,000;18,800;4,000;61,000;2,000;13,050;1,000;3,000;

17796;2017.09.11 11:00:00;0,000;19,700;5,000;58,000;4,000;13,050;1,000;3,000;

17797;2017.09.11 12:00:00;0,000;20,200;5,000;57,000;5,000;13,050;1,000;3,000;

17798;2017.09.11 13:00:00;0,000;20,700;4,000;54,000;5,000;13,050;1,000;3,000;

17799;2017.09.11 14:00:00;0,000;21,000;5,000;51,000;5,000;13,050;1,000;3,000;

17800;2017.09.11 15:00:00;0,000;20,200;4,000;50,000;7,000;13,050;1,000;3,000;

17801;2017.09.11 16:00:00;0,000;19,500;3,000;56,000;7,000;13,050;1,000;3,000;

17802;2017.09.11 17:00:00;0,000;18,600;2,000;63,000;7,000;13,050;1,000;3,000;

17803;2017.09.11 18:00:00;0,000;17,900;3,000;70,000;7,000;13,050;1,000;3,000;

17804;2017.09.11 19:00:00;0,000;17,500;3,000;72,000;7,000;13,050;1,000;3,000;

17805;2017.09.11 20:00:00;0,000;16,700;2,000;75,000;8,000;13,050;1,000;3,000;

17806;2017.09.11 21:00:00;0,000;16,000;3,000;79,000;7,000;13,050;1,000;3,000;

17807;2017.09.11 22:00:00;0,000;15,100;2,000;81,000;7,000;13,050;1,000;3,000;

17808;2017.09.11 23:00:00;0,000;14,500;2,000;78,000;7,000;13,050;1,000;3,000;

17809;2017.09.12 00:00:00;0,000;13,800;2,000;80,000;6,000;12,967;1,000;3,000;

17810;2017.09.12 01:00:00;0,000;13,100;3,000;82,000;6,000;12,967;1,000;3,000;

17811;2017.09.12 02:00:00;0,000;12,100;2,000;86,000;7,000;12,967;1,000;3,000;

17812;2017.09.12 03:00:00;0,000;11,600;2,000;89,000;7,000;12,967;1,000;3,000;

17813;2017.09.12 04:00:00;0,000;11,200;2,000;90,000;0,000;12,967;1,000;3,000;

17814;2017.09.12 05:00:00;0,000;11,200;2,000;89,000;0,000;12,967;1,000;3,000;

17815;2017.09.12 06:00:00;0,000;12,400;3,000;85,000;1,000;12,967;1,000;3,000;

17816;2017.09.12 07:00:00;0,000;13,600;4,000;78,000;1,000;12,967;1,000;3,000;

17817;2017.09.12 08:00:00;0,000;15,000;3,000;74,000;1,000;12,967;1,000;3,000;

17818;2017.09.12 09:00:00;0,000;16,400;3,000;68,000;2,000;12,967;1,000;3,000;

17819;2017.09.12 10:00:00;0,000;17,000;4,000;66,000;5,000;12,967;1,000;3,000;

17820;2017.09.12 11:00:00;0,000;17,400;4,000;62,000;7,000;12,967;1,000;3,000;

17821;2017.09.12 12:00:00;0,000;18,000;3,000;61,000;7,000;12,967;1,000;3,000;

17822;2017.09.12 13:00:00;0,000;17,800;4,000;59,000;6,000;12,967;1,000;3,000;

17823;2017.09.12 14:00:00;0,000;18,300;4,000;56,000;7,000;12,967;1,000;3,000;

17824;2017.09.12 15:00:00;0,000;17,200;3,000;62,000;7,000;12,967;1,000;3,000;

17825;2017.09.12 16:00:00;0,000;17,400;4,000;63,000;6,000;12,967;1,000;3,000;

17826;2017.09.12 17:00:00;0,000;16,300;3,000;69,000;5,000;12,967;1,000;3,000;

17827;2017.09.12 18:00:00;0,000;15,200;3,000;72,000;6,000;12,967;1,000;3,000;

17828;2017.09.12 19:00:00;0,000;14,200;1,000;78,000;3,000;12,967;1,000;3,000;

17829;2017.09.12 20:00:00;0,000;13,100;3,000;82,000;3,000;12,967;1,000;3,000;

17830;2017.09.12 21:00:00;0,000;12,300;3,000;86,000;0,000;12,967;1,000;3,000;

17831;2017.09.12 22:00:00;0,000;11,900;3,000;88,000;0,000;12,967;1,000;3,000;

17832;2017.09.12 23:00:00;0,000;11,200;2,000;90,000;0,000;12,967;1,000;3,000;

17833;2017.09.13 00:00:00;0,000;10,600;2,000;92,000;0,000;12,900;1,000;3,000;

17834;2017.09.13 01:00:00;0,000;10,500;3,000;90,000;0,000;12,900;1,000;3,000;

17835;2017.09.13 02:00:00;0,000;10,100;2,000;92,000;0,000;12,900;1,000;3,000;

17836;2017.09.13 03:00:00;0,000;9,900;3,000;92,000;0,000;12,900;1,000;3,000;

17837;2017.09.13 04:00:00;0,000;9,500;3,000;93,000;0,000;12,900;1,000;3,000;

17838;2017.09.13 05:00:00;0,000;9,200;3,000;93,000;1,000;12,900;1,000;3,000;

17839;2017.09.13 06:00:00;0,000;10,300;3,000;90,000;2,000;12,900;1,000;3,000;

17840;2017.09.13 07:00:00;0,000;11,900;4,000;84,000;5,000;12,900;1,000;3,000;

17841;2017.09.13 08:00:00;0,000;13,400;4,000;76,000;7,000;12,900;1,000;3,000;

17842;2017.09.13 09:00:00;0,000;13,400;5,000;75,000;8,000;12,900;1,000;3,000;

17843;2017.09.13 10:00:00;0,000;13,500;5,000;76,000;8,000;12,900;1,000;3,000;

17844;2017.09.13 11:00:00;0,000;14,800;6,000;70,000;7,000;12,900;1,000;3,000;

17845;2017.09.13 12:00:00;0,000;13,700;6,000;78,000;8,000;12,900;1,000;3,000;

17846;2017.09.13 13:00:00;0,000;12,600;6,000;91,000;8,000;12,900;1,000;3,000;

17847;2017.09.13 14:00:00;0,000;13,800;6,000;87,000;8,000;12,900;1,000;3,000;

17848;2017.09.13 15:00:00;0,000;14,600;6,000;81,000;8,000;12,900;1,000;3,000;

17849;2017.09.13 16:00:00;0,000;14,700;7,000;67,000;5,000;12,900;1,000;3,000;

17850;2017.09.13 17:00:00;0,000;12,900;4,000;77,000;5,000;12,900;1,000;3,000;

17851;2017.09.13 18:00:00;0,000;13,200;3,000;80,000;2,000;12,900;1,000;3,000;

17852;2017.09.13 19:00:00;0,000;13,700;5,000;75,000;8,000;12,900;1,000;3,000;

17853;2017.09.13 20:00:00;0,000;14,600;6,000;64,000;8,000;12,900;1,000;3,000;

17854;2017.09.13 21:00:00;0,000;14,600;8,000;58,000;3,000;12,900;1,000;3,000;

17855;2017.09.13 22:00:00;0,000;13,700;7,000;60,000;0,000;12,900;1,000;3,000;

17856;2017.09.13 23:00:00;0,000;13,300;6,000;60,000;0,000;12,900;1,000;3,000;

17857;2017.09.14 00:00:00;0,000;12,900;6,000;61,000;0,000;12,817;1,000;3,000;

17858;2017.09.14 01:00:00;0,000;12,600;6,000;63,000;0,000;12,817;1,000;3,000;

17859;2017.09.14 02:00:00;0,000;12,500;6,000;68,000;0,000;12,817;1,000;3,000;

17860;2017.09.14 03:00:00;0,000;11,800;6,000;74,000;0,000;12,817;1,000;3,000;

17861;2017.09.14 04:00:00;0,000;11,700;6,000;74,000;0,000;12,817;1,000;3,000;

17862;2017.09.14 05:00:00;0,000;11,400;5,000;77,000;0,000;12,817;1,000;3,000;

17863;2017.09.14 06:00:00;0,000;12,100;5,000;76,000;2,000;12,817;1,000;3,000;

17864;2017.09.14 07:00:00;0,000;13,300;6,000;71,000;2,000;12,817;1,000;3,000;

17865;2017.09.14 08:00:00;0,000;14,300;6,000;66,000;4,000;12,817;1,000;3,000;

17866;2017.09.14 09:00:00;0,000;13,800;6,000;69,000;7,000;12,817;1,000;3,000;

17867;2017.09.14 10:00:00;0,000;14,300;6,000;67,000;7,000;12,817;1,000;3,000;

17868;2017.09.14 11:00:00;0,000;14,400;7,000;65,000;8,000;12,817;1,000;3,000;

17869;2017.09.14 12:00:00;0,000;15,100;7,000;60,000;7,000;12,817;1,000;3,000;

17870;2017.09.14 13:00:00;0,000;15,100;7,000;59,000;7,000;12,817;1,000;3,000;

17871;2017.09.14 14:00:00;0,000;15,800;8,000;56,000;5,000;12,817;1,000;3,000;

17872;2017.09.14 15:00:00;0,000;15,400;6,000;58,000;3,000;12,817;1,000;3,000;

17873;2017.09.14 16:00:00;0,000;14,600;5,000;60,000;4,000;12,817;1,000;3,000;

17874;2017.09.14 17:00:00;0,000;13,400;3,000;63,000;7,000;12,817;1,000;3,000;

17875;2017.09.14 18:00:00;0,000;12,500;3,000;73,000;6,000;12,817;1,000;3,000;

17876;2017.09.14 19:00:00;0,000;12,000;4,000;76,000;7,000;12,817;1,000;3,000;

17877;2017.09.14 20:00:00;0,000;11,900;4,000;72,000;5,000;12,817;1,000;3,000;

17878;2017.09.14 21:00:00;0,000;11,300;5,000;80,000;6,000;12,817;1,000;3,000;

17879;2017.09.14 22:00:00;0,000;10,600;3,000;89,000;8,000;12,817;1,000;3,000;

17880;2017.09.14 23:00:00;0,000;10,500;4,000;87,000;8,000;12,817;1,000;3,000;

17881;2017.09.15 00:00:00;0,000;10,600;4,000;87,000;8,000;12,767;2,000;3,000;

17882;2017.09.15 01:00:00;0,000;10,400;5,000;89,000;8,000;12,767;2,000;3,000;

17883;2017.09.15 02:00:00;0,000;10,300;4,000;88,000;8,000;12,767;2,000;3,000;

17884;2017.09.15 03:00:00;0,000;10,400;5,000;88,000;8,000;12,767;2,000;3,000;

17885;2017.09.15 04:00:00;0,000;10,500;5,000;90,000;8,000;12,767;2,000;3,000;

17886;2017.09.15 05:00:00;0,000;10,700;4,000;90,000;7,000;12,767;2,000;3,000;

17887;2017.09.15 06:00:00;0,000;11,400;5,000;89,000;8,000;12,767;2,000;3,000;

17888;2017.09.15 07:00:00;0,000;12,400;5,000;92,000;8,000;12,767;2,000;3,000;

17889;2017.09.15 08:00:00;0,000;14,100;5,000;86,000;7,000;12,767;2,000;3,000;

17890;2017.09.15 09:00:00;0,000;15,200;6,000;76,000;7,000;12,767;2,000;3,000;

17891;2017.09.15 10:00:00;0,000;15,100;7,000;68,000;7,000;12,767;2,000;3,000;

17892;2017.09.15 11:00:00;0,000;15,400;6,000;69,000;6,000;12,767;2,000;3,000;

17893;2017.09.15 12:00:00;0,000;16,500;7,000;60,000;5,000;12,767;2,000;3,000;

17894;2017.09.15 13:00:00;0,000;16,200;6,000;60,000;6,000;12,767;2,000;3,000;

17895;2017.09.15 14:00:00;0,000;16,300;4,000;60,000;6,000;12,767;2,000;3,000;

17896;2017.09.15 15:00:00;0,000;16,500;5,000;56,000;4,000;12,767;2,000;3,000;

17897;2017.09.15 16:00:00;0,000;15,600;4,000;59,000;4,000;12,767;2,000;3,000;

17898;2017.09.15 17:00:00;0,000;14,800;2,000;60,000;4,000;12,767;2,000;3,000;

17899;2017.09.15 18:00:00;0,000;13,200;2,000;71,000;4,000;12,767;2,000;3,000;

17900;2017.09.15 19:00:00;0,000;12,400;2,000;72,000;4,000;12,767;2,000;3,000;

17901;2017.09.15 20:00:00;0,000;11,800;2,000;76,000;0,000;12,767;2,000;3,000;

17902;2017.09.15 21:00:00;0,000;11,100;2,000;79,000;0,000;12,767;2,000;3,000;

17903;2017.09.15 22:00:00;0,000;10,700;2,000;82,000;0,000;12,767;2,000;3,000;

17904;2017.09.15 23:00:00;0,000;10,300;2,000;84,000;0,000;12,767;2,000;3,000;

17905;2017.09.16 00:00:00;0,000;10,200;2,000;86,000;0,000;12,683;3,000;3,000;

17906;2017.09.16 01:00:00;0,000;9,900;2,000;88,000;0,000;12,683;3,000;3,000;

17907;2017.09.16 02:00:00;0,000;9,400;2,000;89,000;0,000;12,683;3,000;3,000;

17908;2017.09.16 03:00:00;0,000;9,400;2,000;89,000;0,000;12,683;3,000;3,000;

17909;2017.09.16 04:00:00;0,000;8,300;2,000;92,000;0,000;12,683;3,000;3,000;

17910;2017.09.16 05:00:00;0,000;8,200;2,000;93,000;0,000;12,683;3,000;3,000;

17911;2017.09.16 06:00:00;0,000;9,300;2,000;91,000;1,000;12,683;3,000;3,000;

17912;2017.09.16 07:00:00;0,000;11,300;3,000;83,000;1,000;12,683;3,000;3,000;

17913;2017.09.16 08:00:00;0,000;13,100;3,000;77,000;0,000;12,683;3,000;3,000;

17914;2017.09.16 09:00:00;0,000;14,900;3,000;67,000;0,000;12,683;3,000;3,000;

17915;2017.09.16 10:00:00;0,000;16,400;4,000;60,000;2,000;12,683;3,000;3,000;

17916;2017.09.16 11:00:00;0,000;16,900;3,000;60,000;3,000;12,683;3,000;3,000;

17917;2017.09.16 12:00:00;0,000;17,200;3,000;53,000;4,000;12,683;3,000;3,000;

17918;2017.09.16 13:00:00;0,000;17,200;3,000;53,000;6,000;12,683;3,000;3,000;

17919;2017.09.16 14:00:00;0,000;16,900;3,000;55,000;8,000;12,683;3,000;3,000;

17920;2017.09.16 15:00:00;0,000;16,600;2,000;59,000;7,000;12,683;3,000;3,000;

17921;2017.09.16 16:00:00;0,000;17,100;2,000;55,000;6,000;12,683;3,000;3,000;

17922;2017.09.16 17:00:00;0,000;15,000;1,000;75,000;4,000;12,683;3,000;3,000;

17923;2017.09.16 18:00:00;0,000;12,500;0,000;85,000;5,000;12,683;3,000;3,000;

17924;2017.09.16 19:00:00;0,000;11,900;0,000;87,000;7,000;12,683;3,000;3,000;

17925;2017.09.16 20:00:00;0,000;12,800;2,000;86,000;8,000;12,683;3,000;3,000;

17926;2017.09.16 21:00:00;0,000;12,700;1,000;82,000;8,000;12,683;3,000;3,000;

17927;2017.09.16 22:00:00;0,000;12,200;1,000;85,000;7,000;12,683;3,000;3,000;

17928;2017.09.16 23:00:00;0,000;11,600;1,000;88,000;7,000;12,683;3,000;3,000;

17929;2017.09.17 00:00:00;0,000;11,400;2,000;90,000;7,000;12,617;4,000;3,000;

17930;2017.09.17 01:00:00;0,000;10,900;1,000;91,000;6,000;12,617;4,000;3,000;

17931;2017.09.17 02:00:00;0,000;10,000;2,000;92,000;0,000;12,617;4,000;3,000;

17932;2017.09.17 03:00:00;0,000;9,400;2,000;94,000;0,000;12,617;4,000;3,000;

17933;2017.09.17 04:00:00;0,000;8,900;2,000;95,000;1,000;12,617;4,000;3,000;

17934;2017.09.17 05:00:00;0,000;8,500;1,000;95,000;1,000;12,617;4,000;3,000;

17935;2017.09.17 06:00:00;0,000;9,300;1,000;95,000;1,000;12,617;4,000;3,000;

17936;2017.09.17 07:00:00;0,000;11,100;1,000;87,000;1,000;12,617;4,000;3,000;

17937;2017.09.17 08:00:00;0,000;13,600;2,000;82,000;2,000;12,617;4,000;3,000;

17938;2017.09.17 09:00:00;0,000;15,700;0,000;74,000;7,000;12,617;4,000;3,000;

17939;2017.09.17 10:00:00;0,000;15,700;1,000;72,000;7,000;12,617;4,000;3,000;

17940;2017.09.17 11:00:00;0,000;15,700;2,000;67,000;7,000;12,617;4,000;3,000;

17941;2017.09.17 12:00:00;0,000;16,000;2,000;66,000;6,000;12,617;4,000;3,000;

17942;2017.09.17 13:00:00;0,000;15,900;4,000;69,000;4,000;12,617;4,000;3,000;

17943;2017.09.17 14:00:00;0,000;15,600;4,000;69,000;5,000;12,617;4,000;3,000;

17944;2017.09.17 15:00:00;0,000;15,300;4,000;73,000;8,000;12,617;4,000;3,000;

17945;2017.09.17 16:00:00;0,000;14,400;3,000;75,000;8,000;12,617;4,000;3,000;

17946;2017.09.17 17:00:00;0,000;13,600;2,000;77,000;8,000;12,617;4,000;3,000;

17947;2017.09.17 18:00:00;0,000;12,400;1,000;84,000;8,000;12,617;4,000;3,000;

17948;2017.09.17 19:00:00;0,000;10,600;1,000;90,000;8,000;12,617;4,000;3,000;

17949;2017.09.17 20:00:00;0,000;10,300;1,000;93,000;6,000;12,617;4,000;3,000;

17950;2017.09.17 21:00:00;0,000;11,900;2,000;85,000;7,000;12,617;4,000;3,000;

17951;2017.09.17 22:00:00;0,000;13,200;4,000;81,000;6,000;12,617;4,000;3,000;

17952;2017.09.17 23:00:00;0,000;12,900;5,000;79,000;7,000;12,617;4,000;3,000;

17953;2017.09.18 00:00:00;0,000;13,100;6,000;79,000;6,000;12,533;1,000;3,000;

17954;2017.09.18 01:00:00;0,000;13,000;5,000;78,000;7,000;12,533;1,000;3,000;

17955;2017.09.18 02:00:00;0,000;13,200;5,000;82,000;7,000;12,533;1,000;3,000;

17956;2017.09.18 03:00:00;0,000;13,200;6,000;81,000;7,000;12,533;1,000;3,000;

17957;2017.09.18 04:00:00;0,000;13,200;5,000;79,000;6,000;12,533;1,000;3,000;

17958;2017.09.18 05:00:00;0,000;13,200;6,000;75,000;6,000;12,533;1,000;3,000;

17959;2017.09.18 06:00:00;0,000;13,300;5,000;76,000;7,000;12,533;1,000;3,000;

17960;2017.09.18 07:00:00;0,000;13,500;5,000;80,000;7,000;12,533;1,000;3,000;

17961;2017.09.18 08:00:00;0,000;13,600;6,000;80,000;7,000;12,533;1,000;3,000;

17962;2017.09.18 09:00:00;0,000;13,900;6,000;75,000;7,000;12,533;1,000;3,000;

17963;2017.09.18 10:00:00;0,000;14,100;7,000;75,000;7,000;12,533;1,000;3,000;

17964;2017.09.18 11:00:00;0,000;14,500;5,000;75,000;7,000;12,533;1,000;3,000;

17965;2017.09.18 12:00:00;0,000;14,600;5,000;73,000;7,000;12,533;1,000;3,000;

17966;2017.09.18 13:00:00;0,000;15,100;5,000;68,000;7,000;12,533;1,000;3,000;

17967;2017.09.18 14:00:00;0,000;14,800;5,000;70,000;8,000;12,533;1,000;3,000;

17968;2017.09.18 15:00:00;0,000;14,000;4,000;78,000;8,000;12,533;1,000;3,000;

17969;2017.09.18 16:00:00;0,000;13,500;3,000;79,000;8,000;12,533;1,000;3,000;

17970;2017.09.18 17:00:00;0,000;12,800;2,000;82,000;8,000;12,533;1,000;3,000;

17971;2017.09.18 18:00:00;0,000;12,100;2,000;85,000;7,000;12,533;1,000;3,000;

17972;2017.09.18 19:00:00;0,000;11,400;2,000;86,000;8,000;12,533;1,000;3,000;

17973;2017.09.18 20:00:00;0,000;11,000;1,000;86,000;8,000;12,533;1,000;3,000;

17974;2017.09.18 21:00:00;0,000;11,000;2,000;88,000;8,000;12,533;1,000;3,000;

17975;2017.09.18 22:00:00;0,000;10,600;2,000;89,000;8,000;12,533;1,000;3,000;

17976;2017.09.18 23:00:00;0,000;10,300;1,000;88,000;8,000;12,533;1,000;3,000;

17977;2017.09.19 00:00:00;0,000;9,800;1,000;88,000;8,000;12,467;1,000;3,000;

17978;2017.09.19 01:00:00;0,000;9,100;1,000;91,000;8,000;12,467;1,000;3,000;

17979;2017.09.19 02:00:00;0,000;8,700;2,000;92,000;8,000;12,467;1,000;3,000;

17980;2017.09.19 03:00:00;0,000;8,400;2,000;92,000;8,000;12,467;1,000;3,000;

17981;2017.09.19 04:00:00;0,000;8,100;2,000;92,000;8,000;12,467;1,000;3,000;

17982;2017.09.19 05:00:00;0,000;8,100;2,000;93,000;8,000;12,467;1,000;3,000;

17983;2017.09.19 06:00:00;0,000;8,700;2,000;92,000;7,000;12,467;1,000;3,000;

17984;2017.09.19 07:00:00;0,000;10,400;2,000;88,000;6,000;12,467;1,000;3,000;

17985;2017.09.19 08:00:00;0,000;12,900;3,000;83,000;6,000;12,467;1,000;3,000;

17986;2017.09.19 09:00:00;0,000;15,000;3,000;76,000;6,000;12,467;1,000;3,000;

17987;2017.09.19 10:00:00;0,000;15,200;4,000;66,000;7,000;12,467;1,000;3,000;

17988;2017.09.19 11:00:00;0,000;16,300;4,000;63,000;6,000;12,467;1,000;3,000;

17989;2017.09.19 12:00:00;0,000;15,000;3,000;70,000;6,000;12,467;1,000;3,000;

17990;2017.09.19 13:00:00;0,000;15,600;4,000;63,000;7,000;12,467;1,000;3,000;

17991;2017.09.19 14:00:00;0,000;15,000;3,000;73,000;7,000;12,467;1,000;3,000;

17992;2017.09.19 15:00:00;0,000;14,900;4,000;71,000;6,000;12,467;1,000;3,000;

17993;2017.09.19 16:00:00;0,000;14,300;2,000;70,000;4,000;12,467;1,000;3,000;

17994;2017.09.19 17:00:00;0,000;13,100;1,000;75,000;3,000;12,467;1,000;3,000;

17995;2017.09.19 18:00:00;0,000;10,500;0,000;85,000;2,000;12,467;1,000;3,000;

17996;2017.09.19 19:00:00;0,000;9,500;1,000;88,000;3,000;12,467;1,000;3,000;

17997;2017.09.19 20:00:00;0,000;10,300;2,000;91,000;4,000;12,467;1,000;3,000;

17998;2017.09.19 21:00:00;0,000;9,700;2,000;93,000;0,000;12,467;1,000;3,000;

17999;2017.09.19 22:00:00;0,000;9,100;2,000;93,000;0,000;12,467;1,000;3,000;

18000;2017.09.19 23:00:00;0,000;8,800;2,000;93,000;0,000;12,467;1,000;3,000;

18001;2017.09.20 00:00:00;0,000;8,400;1,000;93,000;0,000;12,400;1,000;3,000;

18002;2017.09.20 01:00:00;0,000;8,000;2,000;93,000;0,000;12,400;1,000;3,000;

18003;2017.09.20 02:00:00;0,000;7,700;2,000;94,000;0,000;12,400;1,000;3,000;

18004;2017.09.20 03:00:00;0,000;7,300;2,000;94,000;0,000;12,400;1,000;3,000;

18005;2017.09.20 04:00:00;0,000;7,300;2,000;94,000;1,000;12,400;1,000;3,000;

18006;2017.09.20 05:00:00;0,000;7,100;2,000;94,000;5,000;12,400;1,000;3,000;

18007;2017.09.20 06:00:00;0,000;7,800;2,000;94,000;2,000;12,400;1,000;3,000;

18008;2017.09.20 07:00:00;0,000;10,000;2,000;90,000;2,000;12,400;1,000;3,000;

18009;2017.09.20 08:00:00;0,000;12,400;3,000;86,000;7,000;12,400;1,000;3,000;

18010;2017.09.20 09:00:00;0,000;15,000;4,000;72,000;6,000;12,400;1,000;3,000;

18011;2017.09.20 10:00:00;0,000;16,000;3,000;65,000;5,000;12,400;1,000;3,000;

18012;2017.09.20 11:00:00;0,000;15,600;2,000;68,000;6,000;12,400;1,000;3,000;

18013;2017.09.20 12:00:00;0,000;15,800;3,000;66,000;6,000;12,400;1,000;3,000;

18014;2017.09.20 13:00:00;0,000;15,900;1,000;68,000;7,000;12,400;1,000;3,000;

18015;2017.09.20 14:00:00;0,000;15,500;1,000;75,000;7,000;12,400;1,000;3,000;

18016;2017.09.20 15:00:00;0,000;15,200;1,000;72,000;7,000;12,400;1,000;3,000;

18017;2017.09.20 16:00:00;0,000;14,900;1,000;77,000;6,000;12,400;1,000;3,000;

18018;2017.09.20 17:00:00;0,000;13,500;1,000;85,000;6,000;12,400;1,000;3,000;

18019;2017.09.20 18:00:00;0,000;12,800;1,000;92,000;7,000;12,400;1,000;3,000;

18020;2017.09.20 19:00:00;0,000;12,100;1,000;93,000;0,000;12,400;1,000;3,000;

18021;2017.09.20 20:00:00;0,000;11,500;2,000;95,000;3,000;12,400;1,000;3,000;

18022;2017.09.20 21:00:00;0,000;10,300;2,000;96,000;0,000;12,400;1,000;3,000;

18023;2017.09.20 22:00:00;0,000;9,900;1,000;95,000;7,000;12,400;1,000;3,000;

18024;2017.09.20 23:00:00;0,000;10,000;2,000;95,000;7,000;12,400;1,000;3,000;

18025;2017.09.21 00:00:00;0,000;10,500;1,000;94,000;7,000;12,333;1,000;3,000;

18026;2017.09.21 01:00:00;0,000;10,600;2,000;95,000;7,000;12,333;1,000;3,000;

18027;2017.09.21 02:00:00;0,000;10,700;2,000;95,000;7,000;12,333;1,000;3,000;

18028;2017.09.21 03:00:00;0,000;10,200;1,000;95,000;7,000;12,333;1,000;3,000;

18029;2017.09.21 04:00:00;0,000;10,000;2,000;96,000;8,000;12,333;1,000;3,000;

18030;2017.09.21 05:00:00;0,000;10,400;1,000;97,000;7,000;12,333;1,000;3,000;

18031;2017.09.21 06:00:00;0,000;10,700;2,000;97,000;8,000;12,333;1,000;3,000;

18032;2017.09.21 07:00:00;0,000;11,500;2,000;97,000;8,000;12,333;1,000;3,000;

18033;2017.09.21 08:00:00;0,000;13,100;2,000;96,000;5,000;12,333;1,000;3,000;

18034;2017.09.21 09:00:00;0,000;14,900;3,000;87,000;5,000;12,333;1,000;3,000;

18035;2017.09.21 10:00:00;0,000;15,500;3,000;80,000;7,000;12,333;1,000;3,000;

18036;2017.09.21 11:00:00;0,000;15,600;3,000;77,000;7,000;12,333;1,000;3,000;

18037;2017.09.21 12:00:00;0,000;15,400;4,000;82,000;7,000;12,333;1,000;3,000;

18038;2017.09.21 13:00:00;0,000;15,500;4,000;80,000;5,000;12,333;1,000;3,000;

18039;2017.09.21 14:00:00;0,000;15,300;4,000;81,000;3,000;12,333;1,000;3,000;

18040;2017.09.21 15:00:00;0,000;14,400;3,000;79,000;2,000;12,333;1,000;3,000;

18041;2017.09.21 16:00:00;0,000;13,600;3,000;81,000;1,000;12,333;1,000;3,000;

18042;2017.09.21 17:00:00;0,000;13,400;3,000;83,000;5,000;12,333;1,000;3,000;

18043;2017.09.21 18:00:00;0,000;12,800;2,000;82,000;6,000;12,333;1,000;3,000;

18044;2017.09.21 19:00:00;0,000;12,400;3,000;85,000;7,000;12,333;1,000;3,000;

18045;2017.09.21 20:00:00;0,000;12,600;2,000;81,000;7,000;12,333;1,000;3,000;

18046;2017.09.21 21:00:00;0,000;12,500;1,000;78,000;7,000;12,333;1,000;3,000;

18047;2017.09.21 22:00:00;0,000;10,900;1,000;86,000;3,000;12,333;1,000;3,000;

18048;2017.09.21 23:00:00;0,000;11,200;2,000;89,000;3,000;12,333;1,000;3,000;

18049;2017.09.22 00:00:00;0,000;11,200;2,000;92,000;5,000;12,250;2,000;3,000;

18050;2017.09.22 01:00:00;0,000;12,600;3,000;90,000;7,000;12,250;2,000;3,000;

18051;2017.09.22 02:00:00;0,000;11,700;2,000;89,000;1,000;12,250;2,000;3,000;

18052;2017.09.22 03:00:00;0,000;13,000;3,000;89,000;2,000;12,250;2,000;3,000;

18053;2017.09.22 04:00:00;0,000;13,400;4,000;89,000;5,000;12,250;2,000;3,000;

18054;2017.09.22 05:00:00;0,000;13,700;4,000;89,000;8,000;12,250;2,000;3,000;

18055;2017.09.22 06:00:00;0,000;13,700;4,000;90,000;8,000;12,250;2,000;3,000;

18056;2017.09.22 07:00:00;0,000;13,600;3,000;95,000;8,000;12,250;2,000;3,000;

18057;2017.09.22 08:00:00;0,000;13,700;3,000;96,000;8,000;12,250;2,000;3,000;

18058;2017.09.22 09:00:00;0,000;13,800;2,000;96,000;8,000;12,250;2,000;3,000;

18059;2017.09.22 10:00:00;0,000;13,900;2,000;96,000;8,000;12,250;2,000;3,000;

18060;2017.09.22 11:00:00;0,000;13,800;2,000;95,000;8,000;12,250;2,000;3,000;

18061;2017.09.22 12:00:00;0,000;14,000;2,000;95,000;8,000;12,250;2,000;3,000;

18062;2017.09.22 13:00:00;0,000;14,100;2,000;94,000;8,000;12,250;2,000;3,000;

18063;2017.09.22 14:00:00;0,000;14,300;3,000;94,000;7,000;12,250;2,000;3,000;

18064;2017.09.22 15:00:00;0,000;14,400;3,000;92,000;8,000;12,250;2,000;3,000;

18065;2017.09.22 16:00:00;0,000;14,000;2,000;94,000;7,000;12,250;2,000;3,000;

18066;2017.09.22 17:00:00;0,000;13,800;2,000;94,000;8,000;12,250;2,000;3,000;

18067;2017.09.22 18:00:00;0,000;13,500;2,000;96,000;7,000;12,250;2,000;3,000;

18068;2017.09.22 19:00:00;0,000;13,600;1,000;96,000;8,000;12,250;2,000;3,000;

18069;2017.09.22 20:00:00;0,000;13,500;1,000;96,000;8,000;12,250;2,000;3,000;

18070;2017.09.22 21:00:00;0,000;13,400;2,000;96,000;8,000;12,250;2,000;3,000;

18071;2017.09.22 22:00:00;0,000;13,400;2,000;96,000;8,000;12,250;2,000;3,000;

18072;2017.09.22 23:00:00;0,000;13,500;2,000;96,000;8,000;12,250;2,000;3,000;

18073;2017.09.23 00:00:00;0,000;13,400;1,000;96,000;8,000;12,183;3,000;3,000;

18074;2017.09.23 01:00:00;0,000;13,200;2,000;97,000;8,000;12,183;3,000;3,000;

18075;2017.09.23 02:00:00;0,000;13,400;2,000;97,000;8,000;12,183;3,000;3,000;

18076;2017.09.23 03:00:00;0,000;13,300;2,000;97,000;8,000;12,183;3,000;3,000;

18077;2017.09.23 04:00:00;0,000;13,400;1,000;97,000;8,000;12,183;3,000;3,000;

18078;2017.09.23 05:00:00;0,000;13,400;0,000;97,000;8,000;12,183;3,000;3,000;

18079;2017.09.23 06:00:00;0,000;14,100;2,000;97,000;8,000;12,183;3,000;3,000;

18080;2017.09.23 07:00:00;0,000;14,300;1,000;97,000;8,000;12,183;3,000;3,000;

18081;2017.09.23 08:00:00;0,000;15,100;3,000;96,000;8,000;12,183;3,000;3,000;

18082;2017.09.23 09:00:00;0,000;15,500;3,000;93,000;7,000;12,183;3,000;3,000;

18083;2017.09.23 10:00:00;0,000;16,100;3,000;85,000;8,000;12,183;3,000;3,000;

18084;2017.09.23 11:00:00;0,000;15,900;3,000;88,000;8,000;12,183;3,000;3,000;

18085;2017.09.23 12:00:00;0,000;15,300;3,000;91,000;8,000;12,183;3,000;3,000;

18086;2017.09.23 13:00:00;0,000;15,500;3,000;91,000;8,000;12,183;3,000;3,000;

18087;2017.09.23 14:00:00;0,000;15,500;3,000;92,000;8,000;12,183;3,000;3,000;

18088;2017.09.23 15:00:00;0,000;15,000;3,000;94,000;8,000;12,183;3,000;3,000;

18089;2017.09.23 16:00:00;0,000;15,100;2,000;96,000;8,000;12,183;3,000;3,000;

18090;2017.09.23 17:00:00;0,000;15,100;2,000;96,000;8,000;12,183;3,000;3,000;

18091;2017.09.23 18:00:00;0,000;15,000;2,000;96,000;8,000;12,183;3,000;3,000;

18092;2017.09.23 19:00:00;0,000;14,900;1,000;96,000;8,000;12,183;3,000;3,000;

18093;2017.09.23 20:00:00;0,000;14,600;1,000;96,000;8,000;12,183;3,000;3,000;

18094;2017.09.23 21:00:00;0,000;14,500;1,000;96,000;8,000;12,183;3,000;3,000;

18095;2017.09.23 22:00:00;0,000;14,000;1,000;96,000;8,000;12,183;3,000;3,000;

18096;2017.09.23 23:00:00;0,000;13,300;1,000;97,000;0,000;12,183;3,000;3,000;

18097;2017.09.24 00:00:00;0,000;13,200;1,000;96,000;0,000;12,100;4,000;3,000;

18098;2017.09.24 01:00:00;0,000;11,600;1,000;96,000;0,000;12,100;4,000;3,000;

18099;2017.09.24 02:00:00;0,000;11,500;1,000;97,000;9,000;12,100;4,000;3,000;

18100;2017.09.24 03:00:00;0,000;11,100;1,000;97,000;9,000;12,100;4,000;3,000;

18101;2017.09.24 04:00:00;0,000;10,400;1,000;97,000;3,000;12,100;4,000;3,000;

18102;2017.09.24 05:00:00;0,000;10,900;1,000;98,000;6,000;12,100;4,000;3,000;

18103;2017.09.24 06:00:00;0,000;11,400;1,000;98,000;7,000;12,100;4,000;3,000;

18104;2017.09.24 07:00:00;0,000;12,800;2,000;98,000;7,000;12,100;4,000;3,000;

18105;2017.09.24 08:00:00;0,000;14,400;1,000;97,000;7,000;12,100;4,000;3,000;

18106;2017.09.24 09:00:00;0,000;15,900;2,000;89,000;7,000;12,100;4,000;3,000;

18107;2017.09.24 10:00:00;0,000;17,700;4,000;80,000;6,000;12,100;4,000;3,000;

18108;2017.09.24 11:00:00;0,000;18,100;2,000;76,000;6,000;12,100;4,000;3,000;

18109;2017.09.24 12:00:00;0,000;19,200;2,000;73,000;6,000;12,100;4,000;3,000;

18110;2017.09.24 13:00:00;0,000;20,400;2,000;67,000;6,000;12,100;4,000;3,000;

18111;2017.09.24 14:00:00;0,000;19,900;2,000;68,000;5,000;12,100;4,000;3,000;

18112;2017.09.24 15:00:00;0,000;20,100;1,000;70,000;5,000;12,100;4,000;3,000;

18113;2017.09.24 16:00:00;0,000;17,900;2,000;86,000;7,000;12,100;4,000;3,000;

18114;2017.09.24 17:00:00;0,000;17,700;1,000;87,000;8,000;12,100;4,000;3,000;

18115;2017.09.24 18:00:00;0,000;17,000;1,000;90,000;7,000;12,100;4,000;3,000;

18116;2017.09.24 19:00:00;0,000;16,800;1,000;83,000;0,000;12,100;4,000;3,000;

18117;2017.09.24 20:00:00;0,000;15,600;1,000;87,000;7,000;12,100;4,000;3,000;

18118;2017.09.24 21:00:00;0,000;14,700;1,000;87,000;0,000;12,100;4,000;3,000;

18119;2017.09.24 22:00:00;0,000;13,700;1,000;90,000;0,000;12,100;4,000;3,000;

18120;2017.09.24 23:00:00;0,000;13,600;1,000;91,000;0,000;12,100;4,000;3,000;

18121;2017.09.25 00:00:00;0,000;13,600;1,000;87,000;0,000;12,050;1,000;3,000;

18122;2017.09.25 01:00:00;0,000;13,600;1,000;86,000;3,000;12,050;1,000;3,000;

18123;2017.09.25 02:00:00;0,000;12,700;1,000;88,000;0,000;12,050;1,000;3,000;

18124;2017.09.25 03:00:00;0,000;13,000;2,000;86,000;5,000;12,050;1,000;3,000;

18125;2017.09.25 04:00:00;0,000;12,000;1,000;90,000;6,000;12,050;1,000;3,000;

18126;2017.09.25 05:00:00;0,000;11,700;1,000;90,000;6,000;12,050;1,000;3,000;

18127;2017.09.25 06:00:00;0,000;12,400;2,000;88,000;7,000;12,050;1,000;3,000;

18128;2017.09.25 07:00:00;0,000;12,800;2,000;85,000;7,000;12,050;1,000;3,000;

18129;2017.09.25 08:00:00;0,000;13,800;3,000;82,000;7,000;12,050;1,000;3,000;

18130;2017.09.25 09:00:00;0,000;14,000;4,000;79,000;8,000;12,050;1,000;3,000;

18131;2017.09.25 10:00:00;0,000;14,200;3,000;78,000;8,000;12,050;1,000;3,000;

18132;2017.09.25 11:00:00;5,584;14,700;3,000;77,000;8,000;12,050;1,000;3,000;

18133;2017.09.25 12:00:00;8,528;15,500;4,000;75,000;7,000;12,050;1,000;3,000;

18134;2017.09.25 13:00:00;8,286;15,300;2,000;76,000;7,000;12,050;1,000;3,000;

18135;2017.09.25 14:00:00;8,132;15,200;3,000;77,000;8,000;12,050;1,000;3,000;

18136;2017.09.25 15:00:00;7,703;15,100;3,000;78,000;8,000;12,050;1,000;3,000;

18137;2017.09.25 16:00:00;9,104;15,000;2,000;79,000;8,000;12,050;1,000;3,000;

18138;2017.09.25 17:00:00;8,917;14,900;2,000;80,000;8,000;12,050;1,000;3,000;

18139;2017.09.25 18:00:00;8,973;14,900;2,000;79,000;8,000;12,050;1,000;3,000;

18140;2017.09.25 19:00:00;8,778;14,700;2,000;80,000;8,000;12,050;1,000;3,000;

18141;2017.09.25 20:00:00;9,001;14,700;3,000;80,000;8,000;12,050;1,000;3,000;

18142;2017.09.25 21:00:00;8,695;14,400;3,000;81,000;8,000;12,050;1,000;3,000;

18143;2017.09.25 22:00:00;9,279;14,300;2,000;83,000;8,000;12,050;1,000;3,000;

18144;2017.09.25 23:00:00;8,501;14,200;3,000;83,000;8,000;12,050;1,000;3,000;

18145;2017.09.26 00:00:00;7,112;14,000;3,000;84,000;8,000;11,967;1,000;3,000;

18146;2017.09.26 01:00:00;10,501;13,900;3,000;85,000;7,000;11,967;1,000;3,000;

18147;2017.09.26 02:00:00;8,973;13,500;3,000;85,000;0,000;11,967;1,000;3,000;

18148;2017.09.26 03:00:00;9,640;12,700;1,000;89,000;0,000;11,967;1,000;3,000;

18149;2017.09.26 04:00:00;9,056;12,100;2,000;91,000;4,000;11,967;1,000;3,000;

18150;2017.09.26 05:00:00;10,362;12,200;2,000;92,000;4,000;11,967;1,000;3,000;

18151;2017.09.26 06:00:00;11,168;12,900;2,000;90,000;3,000;11,967;1,000;3,000;

18152;2017.09.26 07:00:00;11,779;13,900;2,000;86,000;2,000;11,967;1,000;3,000;

18153;2017.09.26 08:00:00;10,445;14,000;2,000;87,000;6,000;11,967;1,000;3,000;

18154;2017.09.26 09:00:00;10,501;15,600;4,000;79,000;5,000;11,967;1,000;3,000;

18155;2017.09.26 10:00:00;9,820;16,500;3,000;77,000;4,000;11,967;1,000;3,000;

18156;2017.09.26 11:00:00;8,164;18,400;3,000;71,000;6,000;11,967;1,000;3,000;

18157;2017.09.26 12:00:00;7,259;17,900;3,000;70,000;6,000;11,967;1,000;3,000;

18158;2017.09.26 13:00:00;6,526;19,100;2,000;69,000;6,000;11,967;1,000;3,000;

18159;2017.09.26 14:00:00;6,526;19,400;2,000;67,000;6,000;11,967;1,000;3,000;

18160;2017.09.26 15:00:00;6,348;19,000;2,000;68,000;5,000;11,967;1,000;3,000;

18161;2017.09.26 16:00:00;5,443;18,300;1,000;72,000;4,000;11,967;1,000;3,000;

18162;2017.09.26 17:00:00;5,725;17,200;1,000;79,000;7,000;11,967;1,000;3,000;

18163;2017.09.26 18:00:00;5,658;16,300;1,000;81,000;8,000;11,967;1,000;3,000;

18164;2017.09.26 19:00:00;6,593;15,400;2,000;85,000;8,000;11,967;1,000;3,000;

18165;2017.09.26 20:00:00;6,877;14,900;2,000;87,000;8,000;11,967;1,000;3,000;

18166;2017.09.26 21:00:00;7,785;14,400;2,000;89,000;8,000;11,967;1,000;3,000;

18167;2017.09.26 22:00:00;7,766;13,300;0,000;91,000;8,000;11,967;1,000;3,000;

18168;2017.09.26 23:00:00;8,464;12,000;1,000;94,000;8,000;11,967;1,000;3,000;

18169;2017.09.27 00:00:00;7,704;11,600;1,000;95,000;6,000;11,900;1,000;3,000;

18170;2017.09.27 01:00:00;10,251;14,400;3,000;83,000;8,000;11,900;1,000;3,000;

18171;2017.09.27 02:00:00;9,988;14,400;3,000;80,000;8,000;11,900;1,000;3,000;

18172;2017.09.27 03:00:00;9,143;14,300;3,000;79,000;8,000;11,900;1,000;3,000;

18173;2017.09.27 04:00:00;9,806;13,800;2,000;81,000;8,000;11,900;1,000;3,000;

18174;2017.09.27 05:00:00;9,834;13,500;2,000;81,000;8,000;11,900;1,000;3,000;

18175;2017.09.27 06:00:00;9,973;13,600;2,000;80,000;8,000;11,900;1,000;3,000;

18176;2017.09.27 07:00:00;9,723;14,600;3,000;76,000;8,000;11,900;1,000;3,000;

18177;2017.09.27 08:00:00;9,612;16,400;3,000;68,000;7,000;11,900;1,000;3,000;

18178;2017.09.27 09:00:00;9,584;17,200;3,000;65,000;7,000;11,900;1,000;3,000;

18179;2017.09.27 10:00:00;8,251;19,200;3,000;56,000;7,000;11,900;1,000;3,000;

18180;2017.09.27 11:00:00;7,695;19,300;4,000;51,000;7,000;11,900;1,000;3,000;

18181;2017.09.27 12:00:00;6,695;19,900;5,000;44,000;7,000;11,900;1,000;3,000;

18182;2017.09.27 13:00:00;6,028;19,900;5,000;41,000;7,000;11,900;1,000;3,000;

18183;2017.09.27 14:00:00;5,473;19,900;3,000;42,000;7,000;11,900;1,000;3,000;

18184;2017.09.27 15:00:00;5,278;19,500;3,000;44,000;7,000;11,900;1,000;3,000;

18185;2017.09.27 16:00:00;5,445;18,200;3,000;49,000;7,000;11,900;1,000;3,000;

18186;2017.09.27 17:00:00;5,542;16,400;2,000;58,000;5,000;11,900;1,000;3,000;

18187;2017.09.27 18:00:00;6,681;15,100;2,000;64,000;1,000;11,900;1,000;3,000;

18188;2017.09.27 19:00:00;7,306;14,500;2,000;66,000;1,000;11,900;1,000;3,000;

18189;2017.09.27 20:00:00;7,751;14,300;3,000;67,000;1,000;11,900;1,000;3,000;

18190;2017.09.27 21:00:00;8,806;13,900;3,000;69,000;0,000;11,900;1,000;3,000;

18191;2017.09.27 22:00:00;8,417;13,400;3,000;71,000;0,000;11,900;1,000;3,000;

18192;2017.09.27 23:00:00;8,445;13,100;3,000;72,000;0,000;11,900;1,000;3,000;

18193;2017.09.28 00:00:00;8,084;12,400;3,000;75,000;0,000;11,817;1,000;3,000;

18194;2017.09.28 01:00:00;10,167;12,000;4,000;75,000;0,000;11,817;1,000;3,000;

18195;2017.09.28 02:00:00;10,455;11,500;3,000;75,000;0,000;11,817;1,000;3,000;

18196;2017.09.28 03:00:00;10,760;11,000;3,000;77,000;0,000;11,817;1,000;3,000;

18197;2017.09.28 04:00:00;10,760;10,800;3,000;76,000;2,000;11,817;1,000;3,000;

18198;2017.09.28 05:00:00;10,630;10,400;2,000;77,000;2,000;11,817;1,000;3,000;

18199;2017.09.28 06:00:00;12,529;10,600;3,000;76,000;1,000;11,817;1,000;3,000;

18200;2017.09.28 07:00:00;12,793;11,900;3,000;72,000;2,000;11,817;1,000;3,000;

18201;2017.09.28 08:00:00;12,765;14,000;4,000;64,000;2,000;11,817;1,000;3,000;

18202;2017.09.28 09:00:00;12,323;15,800;4,000;56,000;2,000;11,817;1,000;3,000;

18203;2017.09.28 10:00:00;11,272;16,900;6,000;52,000;2,000;11,817;1,000;3,000;

18204;2017.09.28 11:00:00;10,001;17,900;5,000;51,000;3,000;11,817;1,000;3,000;

18205;2017.09.28 12:00:00;8,927;18,500;6,000;51,000;3,000;11,817;1,000;3,000;

18206;2017.09.28 13:00:00;7,778;18,700;5,000;52,000;6,000;11,817;1,000;3,000;

18207;2017.09.28 14:00:00;7,778;18,200;4,000;53,000;7,000;11,817;1,000;3,000;

18208;2017.09.28 15:00:00;6,766;17,500;3,000;57,000;7,000;11,817;1,000;3,000;

18209;2017.09.28 16:00:00;6,128;16,900;4,000;59,000;7,000;11,817;1,000;3,000;

18210;2017.09.28 17:00:00;6,168;15,700;3,000;61,000;6,000;11,817;1,000;3,000;

18211;2017.09.28 18:00:00;7,066;14,900;3,000;64,000;5,000;11,817;1,000;3,000;

18212;2017.09.28 19:00:00;7,345;14,600;4,000;64,000;8,000;11,817;1,000;3,000;

18213;2017.09.28 20:00:00;7,539;14,100;4,000;67,000;8,000;11,817;1,000;3,000;

18214;2017.09.28 21:00:00;8,439;13,900;4,000;68,000;8,000;11,817;1,000;3,000;

18215;2017.09.28 22:00:00;8,887;13,300;3,000;70,000;7,000;11,817;1,000;3,000;

18216;2017.09.28 23:00:00;9,575;12,600;3,000;73,000;2,000;11,817;1,000;3,000;

18217;2017.09.29 00:00:00;8,158;11,900;3,000;75,000;6,000;11,750;2,000;3,000;

18218;2017.09.29 01:00:00;11,010;11,200;3,000;77,000;6,000;11,750;2,000;3,000;

18219;2017.09.29 02:00:00;10,482;10,700;3,000;79,000;0,000;11,750;2,000;3,000;

18220;2017.09.29 03:00:00;10,834;10,100;4,000;81,000;0,000;11,750;2,000;3,000;

18221;2017.09.29 04:00:00;11,140;9,500;3,000;84,000;0,000;11,750;2,000;3,000;

18222;2017.09.29 05:00:00;12,297;9,000;4,000;85,000;5,000;11,750;2,000;3,000;

18223;2017.09.29 06:00:00;13,362;9,300;3,000;84,000;5,000;11,750;2,000;3,000;

18224;2017.09.29 07:00:00;13,260;10,300;3,000;78,000;5,000;11,750;2,000;3,000;

18225;2017.09.29 08:00:00;13,686;12,100;4,000;69,000;3,000;11,750;2,000;3,000;

18226;2017.09.29 09:00:00;13,890;14,300;4,000;60,000;3,000;11,750;2,000;3,000;

18227;2017.09.29 10:00:00;12,297;15,700;4,000;55,000;4,000;11,750;2,000;3,000;

18228;2017.09.29 11:00:00;11,260;16,000;5,000;51,000;2,000;11,750;2,000;3,000;

18229;2017.09.29 12:00:00;10,556;16,600;4,000;48,000;1,000;11,750;2,000;3,000;

18230;2017.09.29 13:00:00;9,608;16,800;4,000;46,000;1,000;11,750;2,000;3,000;

18231;2017.09.29 14:00:00;8,976;16,700;4,000;46,000;0,000;11,750;2,000;3,000;

18232;2017.09.29 15:00:00;8,056;16,000;3,000;50,000;2,000;11,750;2,000;3,000;

18233;2017.09.29 16:00:00;8,371;14,700;4,000;51,000;2,000;11,750;2,000;3,000;

18234;2017.09.29 17:00:00;8,399;13,000;2,000;60,000;2,000;11,750;2,000;3,000;

18235;2017.09.29 18:00:00;8,436;11,700;2,000;64,000;1,000;11,750;2,000;3,000;

18236;2017.09.29 19:00:00;9,858;10,800;1,000;65,000;1,000;11,750;2,000;3,000;

18237;2017.09.29 20:00:00;10,376;10,000;1,000;70,000;0,000;11,750;2,000;3,000;

18238;2017.09.29 21:00:00;11,842;8,400;1,000;76,000;0,000;11,750;2,000;3,000;

18239;2017.09.29 22:00:00;12,325;6,600;1,000;86,000;1,000;11,750;2,000;3,000;

18240;2017.09.29 23:00:00;12,639;7,100;1,000;84,000;0,000;11,750;2,000;3,000;

18241;2017.09.30 00:00:00;11,308;8,300;2,000;79,000;0,000;11,667;3,000;3,000;

18242;2017.09.30 01:00:00;14,594;7,900;2,000;80,000;0,000;11,667;3,000;3,000;

18243;2017.09.30 02:00:00;15,001;7,700;2,000;81,000;0,000;11,667;3,000;3,000;

18244;2017.09.30 03:00:00;14,842;7,600;3,000;81,000;0,000;11,667;3,000;3,000;

18245;2017.09.30 04:00:00;15,114;7,200;3,000;82,000;0,000;11,667;3,000;3,000;

18246;2017.09.30 05:00:00;16,288;6,800;3,000;84,000;2,000;11,667;3,000;3,000;

18247;2017.09.30 06:00:00;15,856;7,100;3,000;84,000;2,000;11,667;3,000;3,000;

18248;2017.09.30 07:00:00;16,767;8,500;4,000;80,000;2,000;11,667;3,000;3,000;

18249;2017.09.30 08:00:00;17,103;10,100;3,000;78,000;0,000;11,667;3,000;3,000;

18250;2017.09.30 09:00:00;15,705;12,400;3,000;72,000;0,000;11,667;3,000;3,000;

18251;2017.09.30 10:00:00;13,955;14,400;4,000;64,000;0,000;11,667;3,000;3,000;

18252;2017.09.30 11:00:00;13,519;16,400;4,000;61,000;0,000;11,667;3,000;3,000;

18253;2017.09.30 12:00:00;11,691;17,500;4,000;58,000;0,000;11,667;3,000;3,000;

18254;2017.09.30 13:00:00;10,486;17,900;4,000;57,000;0,000;11,667;3,000;3,000;

18255;2017.09.30 14:00:00;9,538;17,600;5,000;60,000;0,000;11,667;3,000;3,000;

18256;2017.09.30 15:00:00;8,232;16,900;4,000;62,000;0,000;11,667;3,000;3,000;

18257;2017.09.30 16:00:00;8,130;15,800;3,000;65,000;0,000;11,667;3,000;3,000;

18258;2017.09.30 17:00:00;7,778;14,300;4,000;65,000;1,000;11,667;3,000;3,000;

18259;2017.09.30 18:00:00;8,078;13,300;5,000;64,000;0,000;11,667;3,000;3,000;

18260;2017.09.30 19:00:00;8,692;12,700;5,000;63,000;0,000;11,667;3,000;3,000;

18261;2017.09.30 20:00:00;9,297;11,800;4,000;66,000;0,000;11,667;3,000;3,000;

18262;2017.09.30 21:00:00;9,825;11,000;4,000;68,000;0,000;11,667;3,000;3,000;

18263;2017.09.30 22:00:00;10,964;10,500;4,000;69,000;1,000;11,667;3,000;3,000;

18264;2017.09.30 23:00:00;11,260;10,200;4,000;71,000;1,000;11,667;3,000;3,000;

18265;2017.10.01 00:00:00;9,575;9,700;3,000;74,000;0,000;11,617;4,000;3,000;

18266;2017.10.01 01:00:00;12,399;9,400;3,000;78,000;1,000;11,617;4,000;3,000;

18267;2017.10.01 02:00:00;12,019;8,900;4,000;80,000;0,000;11,617;4,000;3,000;

18268;2017.10.01 03:00:00;12,427;8,500;4,000;82,000;0,000;11,617;4,000;3,000;

18269;2017.10.01 04:00:00;11,945;8,200;4,000;84,000;0,000;11,617;4,000;3,000;

18270;2017.10.01 05:00:00;13,158;7,800;4,000;85,000;1,000;11,617;4,000;3,000;

18271;2017.10.01 06:00:00;12,779;8,000;4,000;84,000;1,000;11,617;4,000;3,000;

18272;2017.10.01 07:00:00;14,094;9,000;4,000;79,000;1,000;11,617;4,000;3,000;

18273;2017.10.01 08:00:00;13,334;10,900;4,000;73,000;1,000;11,617;4,000;3,000;

18274;2017.10.01 09:00:00;12,853;13,200;3,000;64,000;1,000;11,617;4,000;3,000;

18275;2017.10.01 10:00:00;12,425;14,900;3,000;60,000;1,000;11,617;4,000;3,000;

18276;2017.10.01 11:00:00;10,780;16,100;4,000;52,000;1,000;11,617;4,000;3,000;

18277;2017.10.01 12:00:00;10,529;16,800;4,000;50,000;1,000;11,617;4,000;3,000;

18278;2017.10.01 13:00:00;9,343;17,500;4,000;50,000;1,000;11,617;4,000;3,000;

18279;2017.10.01 14:00:00;8,890;17,100;5,000;51,000;1,000;11,617;4,000;3,000;

18280;2017.10.01 15:00:00;7,677;16,900;4,000;54,000;2,000;11,617;4,000;3,000;

18281;2017.10.01 16:00:00;7,399;15,900;2,000;60,000;2,000;11,617;4,000;3,000;

18282;2017.10.01 17:00:00;7,427;14,400;2,000;64,000;3,000;11,617;4,000;3,000;

18283;2017.10.01 18:00:00;8,260;13,000;2,000;70,000;1,000;11,617;4,000;3,000;

18284;2017.10.01 19:00:00;9,167;12,000;2,000;73,000;1,000;11,617;4,000;3,000;

18285;2017.10.01 20:00:00;9,445;10,900;3,000;77,000;0,000;11,617;4,000;3,000;

18286;2017.10.01 21:00:00;10,279;10,600;3,000;78,000;2,000;11,617;4,000;3,000;

18287;2017.10.01 22:00:00;10,177;10,400;3,000;80,000;2,000;11,617;4,000;3,000;

18288;2017.10.01 23:00:00;10,686;10,000;3,000;82,000;0,000;11,617;4,000;3,000;

18289;2017.10.02 00:00:00;9,195;9,400;3,000;84,000;0,000;11,533;1,000;3,000;

18290;2017.10.02 01:00:00;12,649;9,100;3,000;84,000;0,000;11,533;1,000;3,000;

18291;2017.10.02 02:00:00;11,316;8,600;3,000;86,000;0,000;11,533;1,000;3,000;

18292;2017.10.02 03:00:00;12,047;8,400;3,000;87,000;0,000;11,533;1,000;3,000;

18293;2017.10.02 04:00:00;12,881;8,400;3,000;87,000;0,000;11,533;1,000;3,000;

18294;2017.10.02 05:00:00;12,677;8,400;3,000;86,000;1,000;11,533;1,000;3,000;

18295;2017.10.02 06:00:00;12,251;8,700;4,000;86,000;4,000;11,533;1,000;3,000;

18296;2017.10.02 07:00:00;13,334;10,900;4,000;80,000;6,000;11,533;1,000;3,000;

18297;2017.10.02 08:00:00;13,714;12,300;4,000;74,000;6,000;11,533;1,000;3,000;

18298;2017.10.02 09:00:00;11,954;14,300;6,000;70,000;7,000;11,533;1,000;3,000;

18299;2017.10.02 10:00:00;11,122;15,400;6,000;66,000;8,000;11,533;1,000;3,000;

18300;2017.10.02 11:00:00;9,899;15,900;6,000;62,000;8,000;11,533;1,000;3,000;

18301;2017.10.02 12:00:00;8,964;16,300;6,000;60,000;8,000;11,533;1,000;3,000;

18302;2017.10.02 13:00:00;8,130;16,300;6,000;57,000;8,000;11,533;1,000;3,000;

18303;2017.10.02 14:00:00;6,843;14,100;5,000;77,000;8,000;11,533;1,000;3,000;

18304;2017.10.02 15:00:00;7,917;12,900;4,000;90,000;8,000;11,533;1,000;3,000;

18305;2017.10.02 16:00:00;7,973;12,900;4,000;93,000;8,000;11,533;1,000;3,000;

18306;2017.10.02 17:00:00;9,241;13,000;4,000;93,000;8,000;11,533;1,000;3,000;

18307;2017.10.02 18:00:00;9,167;13,000;3,000;93,000;8,000;11,533;1,000;3,000;

18308;2017.10.02 19:00:00;8,788;13,100;3,000;94,000;8,000;11,533;1,000;3,000;

18309;2017.10.02 20:00:00;8,985;13,300;4,000;93,000;8,000;11,533;1,000;3,000;

18310;2017.10.02 21:00:00;8,896;13,200;3,000;92,000;7,000;11,533;1,000;3,000;

18311;2017.10.02 22:00:00;8,816;13,200;3,000;93,000;8,000;11,533;1,000;3,000;

18312;2017.10.02 23:00:00;9,417;13,300;3,000;92,000;8,000;11,533;1,000;3,000;

18313;2017.10.03 00:00:00;7,630;13,100;3,000;94,000;8,000;11,467;1,000;3,000;

18314;2017.10.03 01:00:00;9,973;13,100;2,000;94,000;8,000;11,467;1,000;3,000;

18315;2017.10.03 02:00:00;8,788;12,800;3,000;94,000;7,000;11,467;1,000;3,000;

18316;2017.10.03 03:00:00;9,371;12,700;3,000;92,000;7,000;11,467;1,000;3,000;

18317;2017.10.03 04:00:00;8,964;12,500;3,000;91,000;7,000;11,467;1,000;3,000;

18318;2017.10.03 05:00:00;8,538;12,100;3,000;90,000;7,000;11,467;1,000;3,000;

18319;2017.10.03 06:00:00;11,038;12,200;3,000;90,000;7,000;11,467;1,000;3,000;

18320;2017.10.03 07:00:00;10,353;12,600;4,000;88,000;7,000;11,467;1,000;3,000;

18321;2017.10.03 08:00:00;10,179;13,000;5,000;86,000;8,000;11,467;1,000;3,000;

18322;2017.10.03 09:00:00;10,036;13,300;5,000;83,000;7,000;11,467;1,000;3,000;

18323;2017.10.03 10:00:00;9,834;13,800;5,000;79,000;7,000;11,467;1,000;3,000;

18324;2017.10.03 11:00:00;9,556;14,000;5,000;76,000;5,000;11,467;1,000;3,000;

18325;2017.10.03 12:00:00;9,279;14,900;5,000;73,000;4,000;11,467;1,000;3,000;

18326;2017.10.03 13:00:00;7,917;14,500;5,000;74,000;6,000;11,467;1,000;3,000;

18327;2017.10.03 14:00:00;3,472;14,700;5,000;71,000;2,000;11,467;1,000;3,000;

18328;2017.10.03 15:00:00;1,861;14,900;4,000;66,000;1,000;11,467;1,000;3,000;

18329;2017.10.03 16:00:00;1,306;14,000;3,000;71,000;2,000;11,467;1,000;3,000;

18330;2017.10.03 17:00:00;0,833;12,900;3,000;79,000;1,000;11,467;1,000;3,000;

18331;2017.10.03 18:00:00;0,750;12,200;4,000;81,000;0,000;11,467;1,000;3,000;

18332;2017.10.03 19:00:00;0,889;11,800;4,000;82,000;1,000;11,467;1,000;3,000;

18333;2017.10.03 20:00:00;18,001;11,900;4,000;81,000;3,000;11,467;1,000;3,000;

18334;2017.10.03 21:00:00;11,584;11,600;3,000;85,000;6,000;11,467;1,000;3,000;

18335;2017.10.03 22:00:00;11,668;11,600;4,000;85,000;6,000;11,467;1,000;3,000;

18336;2017.10.03 23:00:00;11,390;11,400;5,000;86,000;7,000;11,467;1,000;3,000;

18337;2017.10.04 00:00:00;9,751;11,100;4,000;86,000;7,000;11,383;1,000;3,000;

18338;2017.10.04 01:00:00;12,668;10,800;4,000;87,000;7,000;11,383;1,000;3,000;

18339;2017.10.04 02:00:00;12,195;10,900;5,000;86,000;7,000;11,383;1,000;3,000;

18340;2017.10.04 03:00:00;12,251;10,900;5,000;87,000;7,000;11,383;1,000;3,000;

18341;2017.10.04 04:00:00;11,640;10,900;5,000;86,000;7,000;11,383;1,000;3,000;

18342;2017.10.04 05:00:00;12,223;10,900;5,000;85,000;7,000;11,383;1,000;3,000;

18343;2017.10.04 06:00:00;12,223;11,000;5,000;85,000;7,000;11,383;1,000;3,000;

18344;2017.10.04 07:00:00;12,140;11,200;5,000;85,000;8,000;11,383;1,000;3,000;

18345;2017.10.04 08:00:00;12,112;11,300;6,000;85,000;8,000;11,383;1,000;3,000;

18346;2017.10.04 09:00:00;12,057;11,300;6,000;84,000;8,000;11,383;1,000;3,000;

18347;2017.10.04 10:00:00;12,112;11,600;6,000;83,000;8,000;11,383;1,000;3,000;

18348;2017.10.04 11:00:00;11,779;11,900;5,000;82,000;8,000;11,383;1,000;3,000;

18349;2017.10.04 12:00:00;11,306;12,100;6,000;80,000;8,000;11,383;1,000;3,000;

18350;2017.10.04 13:00:00;10,556;11,600;7,000;83,000;8,000;11,383;1,000;3,000;

18351;2017.10.04 14:00:00;10,779;11,400;6,000;85,000;8,000;11,383;1,000;3,000;

18352;2017.10.04 15:00:00;10,223;11,200;5,000;87,000;8,000;11,383;1,000;3,000;

18353;2017.10.04 16:00:00;11,501;11,000;6,000;86,000;8,000;11,383;1,000;3,000;

18354;2017.10.04 17:00:00;11,473;10,800;6,000;86,000;8,000;11,383;1,000;3,000;

18355;2017.10.04 18:00:00;10,640;10,500;6,000;86,000;8,000;11,383;1,000;3,000;

18356;2017.10.04 19:00:00;12,140;10,000;7,000;88,000;8,000;11,383;1,000;3,000;

18357;2017.10.04 20:00:00;11,501;7,400;6,000;93,000;8,000;11,383;1,000;3,000;

18358;2017.10.04 21:00:00;11,251;8,000;5,000;91,000;8,000;11,383;1,000;3,000;

18359;2017.10.04 22:00:00;12,612;8,700;6,000;82,000;8,000;11,383;1,000;3,000;

18360;2017.10.04 23:00:00;12,668;8,600;5,000;86,000;8,000;11,383;1,000;3,000;

18361;2017.10.05 00:00:00;10,251;8,700;6,000;87,000;7,000;11,317;1,000;3,000;

18362;2017.10.05 01:00:00;15,029;9,000;5,000;90,000;1,000;11,317;1,000;3,000;

18363;2017.10.05 02:00:00;12,862;9,100;5,000;90,000;3,000;11,317;1,000;3,000;

18364;2017.10.05 03:00:00;13,334;9,300;5,000;91,000;4,000;11,317;1,000;3,000;

18365;2017.10.05 04:00:00;13,251;9,800;5,000;90,000;8,000;11,317;1,000;3,000;

18366;2017.10.05 05:00:00;12,862;9,800;5,000;89,000;8,000;11,317;1,000;3,000;

18367;2017.10.05 06:00:00;13,529;9,900;5,000;88,000;8,000;11,317;1,000;3,000;

18368;2017.10.05 07:00:00;12,612;9,900;5,000;86,000;8,000;11,317;1,000;3,000;

18369;2017.10.05 08:00:00;12,668;10,500;5,000;81,000;8,000;11,317;1,000;3,000;

18370;2017.10.05 09:00:00;12,973;10,500;5,000;78,000;8,000;11,317;1,000;3,000;

18371;2017.10.05 10:00:00;12,057;9,500;5,000;84,000;8,000;11,317;1,000;3,000;

18372;2017.10.05 11:00:00;11,834;9,300;3,000;89,000;8,000;11,317;1,000;3,000;

18373;2017.10.05 12:00:00;11,779;9,400;3,000;89,000;8,000;11,317;1,000;3,000;

18374;2017.10.05 13:00:00;11,195;9,100;2,000;90,000;8,000;11,317;1,000;3,000;

18375;2017.10.05 14:00:00;12,057;8,700;1,000;92,000;8,000;11,317;1,000;3,000;

18376;2017.10.05 15:00:00;11,668;8,300;3,000;93,000;8,000;11,317;1,000;3,000;

18377;2017.10.05 16:00:00;12,751;8,200;2,000;95,000;8,000;11,317;1,000;3,000;

18378;2017.10.05 17:00:00;12,695;8,300;2,000;95,000;8,000;11,317;1,000;3,000;

18379;2017.10.05 18:00:00;13,418;10,100;5,000;94,000;8,000;11,317;1,000;3,000;

18380;2017.10.05 19:00:00;13,223;10,600;5,000;86,000;8,000;11,317;1,000;3,000;

18381;2017.10.05 20:00:00;14,084;10,600;5,000;85,000;8,000;11,317;1,000;3,000;

18382;2017.10.05 21:00:00;12,529;10,900;6,000;83,000;7,000;11,317;1,000;3,000;

18383;2017.10.05 22:00:00;12,070;10,700;5,000;79,000;8,000;11,317;1,000;3,000;

18384;2017.10.05 23:00:00;12,348;10,400;4,000;79,000;8,000;11,317;1,000;3,000;

18385;2017.10.06 00:00:00;10,334;10,500;5,000;78,000;7,000;11,233;2,000;3,000;

18386;2017.10.06 01:00:00;13,390;10,400;4,000;78,000;7,000;11,233;2,000;3,000;

18387;2017.10.06 02:00:00;12,779;9,900;2,000;81,000;6,000;11,233;2,000;3,000;

18388;2017.10.06 03:00:00;12,779;8,800;3,000;90,000;6,000;11,233;2,000;3,000;

18389;2017.10.06 04:00:00;12,862;8,900;3,000;91,000;8,000;11,233;2,000;3,000;

18390;2017.10.06 05:00:00;13,612;8,700;2,000;93,000;7,000;11,233;2,000;3,000;

18391;2017.10.06 06:00:00;12,779;8,700;3,000;94,000;7,000;11,233;2,000;3,000;

18392;2017.10.06 07:00:00;13,571;8,900;2,000;94,000;8,000;11,233;2,000;3,000;

18393;2017.10.06 08:00:00;13,784;10,000;4,000;94,000;7,000;11,233;2,000;3,000;

18394;2017.10.06 09:00:00;13,510;11,600;4,000;88,000;7,000;11,233;2,000;3,000;

18395;2017.10.06 10:00:00;12,834;11,500;5,000;84,000;7,000;11,233;2,000;3,000;

18396;2017.10.06 11:00:00;12,168;12,300;5,000;80,000;6,000;11,233;2,000;3,000;

18397;2017.10.06 12:00:00;11,306;10,900;2,000;86,000;7,000;11,233;2,000;3,000;

18398;2017.10.06 13:00:00;11,556;12,300;4,000;79,000;6,000;11,233;2,000;3,000;

18399;2017.10.06 14:00:00;11,584;12,100;4,000;81,000;5,000;11,233;2,000;3,000;

18400;2017.10.06 15:00:00;10,945;12,300;4,000;81,000;1,000;11,233;2,000;3,000;

18401;2017.10.06 16:00:00;10,640;11,500;4,000;84,000;0,000;11,233;2,000;3,000;

18402;2017.10.06 17:00:00;10,918;10,600;3,000;89,000;1,000;11,233;2,000;3,000;

18403;2017.10.06 18:00:00;11,306;10,200;2,000;92,000;3,000;11,233;2,000;3,000;

18404;2017.10.06 19:00:00;11,556;10,300;3,000;94,000;5,000;11,233;2,000;3,000;

18405;2017.10.06 20:00:00;12,029;11,300;3,000;87,000;7,000;11,233;2,000;3,000;

18406;2017.10.06 21:00:00;13,418;10,400;2,000;88,000;1,000;11,233;2,000;3,000;

18407;2017.10.06 22:00:00;12,668;9,400;2,000;91,000;0,000;11,233;2,000;3,000;

18408;2017.10.06 23:00:00;13,529;8,900;3,000;91,000;0,000;11,233;2,000;3,000;

18409;2017.10.07 00:00:00;10,890;9,500;3,000;92,000;6,000;11,167;3,000;3,000;

18410;2017.10.07 01:00:00;15,501;8,900;2,000;90,000;1,000;11,167;3,000;3,000;

18411;2017.10.07 02:00:00;14,084;9,100;3,000;93,000;6,000;11,167;3,000;3,000;

18412;2017.10.07 03:00:00;13,501;8,900;4,000;94,000;0,000;11,167;3,000;3,000;

18413;2017.10.07 04:00:00;14,140;8,900;4,000;95,000;5,000;11,167;3,000;3,000;

18414;2017.10.07 05:00:00;15,196;8,400;3,000;94,000;7,000;11,167;3,000;3,000;

18415;2017.10.07 06:00:00;14,362;9,200;4,000;95,000;7,000;11,167;3,000;3,000;

18416;2017.10.07 07:00:00;14,168;10,100;4,000;93,000;5,000;11,167;3,000;3,000;

18417;2017.10.07 08:00:00;14,084;10,900;4,000;90,000;8,000;11,167;3,000;3,000;

18418;2017.10.07 09:00:00;13,362;11,300;5,000;89,000;8,000;11,167;3,000;3,000;

18419;2017.10.07 10:00:00;12,307;9,400;5,000;91,000;8,000;11,167;3,000;3,000;

18420;2017.10.07 11:00:00;12,140;11,700;5,000;81,000;8,000;11,167;3,000;3,000;

18421;2017.10.07 12:00:00;11,306;11,500;6,000;80,000;8,000;11,167;3,000;3,000;

18422;2017.10.07 13:00:00;11,390;10,900;6,000;86,000;8,000;11,167;3,000;3,000;

18423;2017.10.07 14:00:00;11,112;10,700;5,000;89,000;8,000;11,167;3,000;3,000;

18424;2017.10.07 15:00:00;11,390;10,600;4,000;88,000;8,000;11,167;3,000;3,000;

18425;2017.10.07 16:00:00;11,195;9,200;5,000;87,000;8,000;11,167;3,000;3,000;

18426;2017.10.07 17:00:00;12,029;9,100;3,000;88,000;8,000;11,167;3,000;3,000;

18427;2017.10.07 18:00:00;13,140;9,400;4,000;89,000;8,000;11,167;3,000;3,000;

18428;2017.10.07 19:00:00;13,334;9,300;4,000;91,000;8,000;11,167;3,000;3,000;

18429;2017.10.07 20:00:00;12,501;9,300;4,000;92,000;8,000;11,167;3,000;3,000;

18430;2017.10.07 21:00:00;12,973;9,400;4,000;93,000;8,000;11,167;3,000;3,000;

18431;2017.10.07 22:00:00;12,945;9,600;5,000;94,000;8,000;11,167;3,000;3,000;

18432;2017.10.07 23:00:00;13,168;10,000;5,000;94,000;8,000;11,167;3,000;3,000;

18433;2017.10.08 00:00:00;10,695;10,300;4,000;95,000;8,000;11,100;4,000;3,000;

18434;2017.10.08 01:00:00;14,390;10,700;5,000;95,000;8,000;11,100;4,000;3,000;

18435;2017.10.08 02:00:00;13,057;10,800;4,000;91,000;7,000;11,100;4,000;3,000;

18436;2017.10.08 03:00:00;13,251;10,100;4,000;90,000;7,000;11,100;4,000;3,000;

18437;2017.10.08 04:00:00;13,140;9,900;4,000;89,000;7,000;11,100;4,000;3,000;

18438;2017.10.08 05:00:00;13,612;9,100;4,000;84,000;4,000;11,100;4,000;3,000;

18439;2017.10.08 06:00:00;13,334;9,000;4,000;85,000;6,000;11,100;4,000;3,000;

18440;2017.10.08 07:00:00;13,862;9,600;4,000;78,000;2,000;11,100;4,000;3,000;

18441;2017.10.08 08:00:00;13,834;10,700;4,000;68,000;4,000;11,100;4,000;3,000;

18442;2017.10.08 09:00:00;13,223;10,800;5,000;67,000;4,000;11,100;4,000;3,000;

18443;2017.10.08 10:00:00;13,334;10,800;6,000;69,000;3,000;11,100;4,000;3,000;

18444;2017.10.08 11:00:00;12,640;10,200;7,000;64,000;5,000;11,100;4,000;3,000;

18445;2017.10.08 12:00:00;12,473;9,600;7,000;63,000;4,000;11,100;4,000;3,000;

18446;2017.10.08 13:00:00;12,501;9,800;7,000;65,000;4,000;11,100;4,000;3,000;

18447;2017.10.08 14:00:00;12,511;9,400;6,000;70,000;6,000;11,100;4,000;3,000;

18448;2017.10.08 15:00:00;12,491;9,300;4,000;72,000;5,000;11,100;4,000;3,000;

18449;2017.10.08 16:00:00;13,057;8,600;4,000;74,000;4,000;11,100;4,000;3,000;

18450;2017.10.08 17:00:00;12,862;8,400;4,000;69,000;5,000;11,100;4,000;3,000;

18451;2017.10.08 18:00:00;13,418;8,700;5,000;72,000;6,000;11,100;4,000;3,000;

18452;2017.10.08 19:00:00;14,807;9,000;6,000;63,000;4,000;11,100;4,000;3,000;

18453;2017.10.08 20:00:00;14,807;9,200;6,000;63,000;4,000;11,100;4,000;3,000;

18454;2017.10.08 21:00:00;15,085;9,100;6,000;70,000;6,000;11,100;4,000;3,000;

18455;2017.10.08 22:00:00;14,362;9,000;6,000;73,000;7,000;11,100;4,000;3,000;

18456;2017.10.08 23:00:00;15,001;9,300;6,000;71,000;4,000;11,100;4,000;3,000;

18457;2017.10.09 00:00:00;13,279;9,700;7,000;67,000;3,000;11,033;1,000;3,000;

18458;2017.10.09 01:00:00;16,557;9,900;7,000;67,000;1,000;11,033;1,000;3,000;

18459;2017.10.09 02:00:00;14,334;9,800;7,000;66,000;2,000;11,033;1,000;3,000;

18460;2017.10.09 03:00:00;15,112;9,700;6,000;62,000;2,000;11,033;1,000;3,000;

18461;2017.10.09 04:00:00;14,807;9,800;8,000;63,000;1,000;11,033;1,000;3,000;

18462;2017.10.09 05:00:00;14,973;9,900;8,000;64,000;6,000;11,033;1,000;3,000;

18463;2017.10.09 06:00:00;16,224;10,200;8,000;64,000;2,000;11,033;1,000;3,000;

18464;2017.10.09 07:00:00;15,557;10,500;9,000;64,000;2,000;11,033;1,000;3,000;

18465;2017.10.09 08:00:00;14,557;10,900;9,000;61,000;2,000;11,033;1,000;3,000;

18466;2017.10.09 09:00:00;13,890;11,100;9,000;62,000;2,000;11,033;1,000;3,000;

18467;2017.10.09 10:00:00;13,973;11,100;10,000;60,000;2,000;11,033;1,000;3,000;

18468;2017.10.09 11:00:00;13,739;11,200;9,000;63,000;3,000;11,033;1,000;3,000;

18469;2017.10.09 12:00:00;9,884;11,300;10,000;63,000;6,000;11,033;1,000;3,000;

18470;2017.10.09 13:00:00;16,491;11,300;9,000;66,000;7,000;11,033;1,000;3,000;

18471;2017.10.09 14:00:00;13,084;11,000;8,000;67,000;7,000;11,033;1,000;3,000;

18472;2017.10.09 15:00:00;12,779;10,800;8,000;68,000;7,000;11,033;1,000;3,000;

18473;2017.10.09 16:00:00;12,390;10,700;7,000;71,000;7,000;11,033;1,000;3,000;

18474;2017.10.09 17:00:00;13,334;10,600;7,000;71,000;8,000;11,033;1,000;3,000;

18475;2017.10.09 18:00:00;12,695;9,200;4,000;88,000;8,000;11,033;1,000;3,000;

18476;2017.10.09 19:00:00;12,862;9,500;5,000;82,000;8,000;11,033;1,000;3,000;

18477;2017.10.09 20:00:00;13,140;9,600;5,000;82,000;8,000;11,033;1,000;3,000;

18478;2017.10.09 21:00:00;13,529;9,700;5,000;79,000;8,000;11,033;1,000;3,000;

18479;2017.10.09 22:00:00;13,029;9,800;5,000;77,000;7,000;11,033;1,000;3,000;

18480;2017.10.09 23:00:00;14,084;9,500;6,000;76,000;7,000;11,033;1,000;3,000;

18481;2017.10.10 00:00:00;11,334;8,800;4,000;78,000;1,000;10,967;1,000;3,000;

18482;2017.10.10 01:00:00;15,418;9,100;5,000;79,000;6,000;10,967;1,000;3,000;

18483;2017.10.10 02:00:00;14,084;8,700;4,000;79,000;6,000;10,967;1,000;3,000;

18484;2017.10.10 03:00:00;15,279;9,300;6,000;74,000;7,000;10,967;1,000;3,000;

18485;2017.10.10 04:00:00;14,612;9,500;5,000;73,000;7,000;10,967;1,000;3,000;

18486;2017.10.10 05:00:00;15,640;9,400;5,000;74,000;6,000;10,967;1,000;3,000;

18487;2017.10.10 06:00:00;15,557;9,400;5,000;73,000;6,000;10,967;1,000;3,000;

18488;2017.10.10 07:00:00;15,835;9,900;5,000;72,000;7,000;10,967;1,000;3,000;

18489;2017.10.10 08:00:00;15,279;10,300;4,000;73,000;7,000;10,967;1,000;3,000;

18490;2017.10.10 09:00:00;15,543;10,000;4,000;84,000;7,000;10,967;1,000;3,000;

18491;2017.10.10 10:00:00;15,535;10,300;3,000;86,000;7,000;10,967;1,000;3,000;

18492;2017.10.10 11:00:00;14,620;11,300;6,000;71,000;5,000;10,967;1,000;3,000;

18493;2017.10.10 12:00:00;14,066;11,500;5,000;67,000;3,000;10,967;1,000;3,000;

18494;2017.10.10 13:00:00;13,862;11,100;3,000;71,000;3,000;10,967;1,000;3,000;

18495;2017.10.10 14:00:00;13,260;11,400;4,000;73,000;7,000;10,967;1,000;3,000;

18496;2017.10.10 15:00:00;12,649;11,100;3,000;77,000;8,000;10,967;1,000;3,000;

18497;2017.10.10 16:00:00;13,186;10,700;3,000;81,000;8,000;10,967;1,000;3,000;

18498;2017.10.10 17:00:00;13,131;10,400;3,000;83,000;8,000;10,967;1,000;3,000;

18499;2017.10.10 18:00:00;13,334;10,300;3,000;89,000;8,000;10,967;1,000;3,000;

18500;2017.10.10 19:00:00;13,057;10,600;3,000;93,000;8,000;10,967;1,000;3,000;

18501;2017.10.10 20:00:00;12,677;11,500;4,000;93,000;8,000;10,967;1,000;3,000;

18502;2017.10.10 21:00:00;12,529;11,900;4,000;93,000;8,000;10,967;1,000;3,000;

18503;2017.10.10 22:00:00;12,853;11,800;4,000;95,000;8,000;10,967;1,000;3,000;

18504;2017.10.10 23:00:00;12,575;12,300;5,000;95,000;8,000;10,967;1,000;3,000;

18505;2017.10.11 00:00:00;10,056;12,900;8,000;93,000;8,000;10,883;1,000;3,000;

18506;2017.10.11 01:00:00;13,103;12,800;6,000;90,000;8,000;10,883;1,000;3,000;

18507;2017.10.11 02:00:00;12,149;12,700;6,000;89,000;7,000;10,883;1,000;3,000;

18508;2017.10.11 03:00:00;11,010;12,300;5,000;89,000;8,000;10,883;1,000;3,000;

18509;2017.10.11 04:00:00;12,019;12,800;6,000;88,000;7,000;10,883;1,000;3,000;

18510;2017.10.11 05:00:00;11,464;12,300;4,000;90,000;8,000;10,883;1,000;3,000;

18511;2017.10.11 06:00:00;11,214;12,300;4,000;93,000;8,000;10,883;1,000;3,000;

18512;2017.10.11 07:00:00;10,658;12,500;4,000;93,000;8,000;10,883;1,000;3,000;

18513;2017.10.11 08:00:00;11,010;12,400;5,000;92,000;8,000;10,883;1,000;3,000;

18514;2017.10.11 09:00:00;10,834;12,400;4,000;91,000;8,000;10,883;1,000;3,000;

18515;2017.10.11 10:00:00;11,186;12,700;3,000;93,000;8,000;10,883;1,000;3,000;

18516;2017.10.11 11:00:00;10,556;13,100;3,000;94,000;8,000;10,883;1,000;3,000;

18517;2017.10.11 12:00:00;10,001;13,000;3,000;95,000;8,000;10,883;1,000;3,000;

18518;2017.10.11 13:00:00;10,205;13,900;4,000;93,000;8,000;10,883;1,000;3,000;

18519;2017.10.11 14:00:00;9,973;14,000;4,000;90,000;8,000;10,883;1,000;3,000;

18520;2017.10.11 15:00:00;9,927;14,100;3,000;90,000;8,000;10,883;1,000;3,000;

18521;2017.10.11 16:00:00;9,973;12,900;3,000;92,000;8,000;10,883;1,000;3,000;

18522;2017.10.11 17:00:00;9,731;12,800;2,000;95,000;8,000;10,883;1,000;3,000;

18523;2017.10.11 18:00:00;10,854;12,800;2,000;96,000;8,000;10,883;1,000;3,000;

18524;2017.10.11 19:00:00;10,353;13,600;6,000;96,000;8,000;10,883;1,000;3,000;

18525;2017.10.11 20:00:00;11,038;13,800;4,000;92,000;8,000;10,883;1,000;3,000;

18526;2017.10.11 21:00:00;10,408;13,800;4,000;91,000;8,000;10,883;1,000;3,000;

18527;2017.10.11 22:00:00;11,334;13,700;4,000;90,000;8,000;10,883;1,000;3,000;

18528;2017.10.11 23:00:00;10,103;13,600;4,000;88,000;8,000;10,883;1,000;3,000;

18529;2017.10.12 00:00:00;8,260;13,400;4,000;87,000;8,000;10,817;1,000;3,000;

18530;2017.10.12 01:00:00;11,010;13,200;5,000;85,000;8,000;10,817;1,000;3,000;

18531;2017.10.12 02:00:00;10,075;13,000;4,000;83,000;8,000;10,817;1,000;3,000;

18532;2017.10.12 03:00:00;9,269;12,700;3,000;82,000;8,000;10,817;1,000;3,000;

18533;2017.10.12 04:00:00;10,936;12,700;3,000;84,000;8,000;10,817;1,000;3,000;

18534;2017.10.12 05:00:00;11,112;13,100;5,000;81,000;8,000;10,817;1,000;3,000;

18535;2017.10.12 06:00:00;10,746;13,100;5,000;81,000;7,000;10,817;1,000;3,000;

18536;2017.10.12 07:00:00;11,228;12,500;6,000;88,000;8,000;10,817;1,000;3,000;

18537;2017.10.12 08:00:00;11,084;12,800;5,000;90,000;8,000;10,817;1,000;3,000;

18538;2017.10.12 09:00:00;10,834;14,000;6,000;83,000;7,000;10,817;1,000;3,000;

18539;2017.10.12 10:00:00;10,806;15,200;7,000;73,000;6,000;10,817;1,000;3,000;

18540;2017.10.12 11:00:00;9,927;14,700;9,000;66,000;7,000;10,817;1,000;3,000;

18541;2017.10.12 12:00:00;9,343;15,000;10,000;65,000;4,000;10,817;1,000;3,000;

18542;2017.10.12 13:00:00;8,686;14,100;8,000;69,000;7,000;10,817;1,000;3,000;

18543;2017.10.12 14:00:00;9,195;13,500;9,000;71,000;5,000;10,817;1,000;3,000;

18544;2017.10.12 15:00:00;10,177;12,800;8,000;73,000;2,000;10,817;1,000;3,000;

18545;2017.10.12 16:00:00;10,029;12,300;8,000;70,000;1,000;10,817;1,000;3,000;

18546;2017.10.12 17:00:00;10,834;12,400;8,000;71,000;7,000;10,817;1,000;3,000;

18547;2017.10.12 18:00:00;11,288;11,200;8,000;81,000;8,000;10,817;1,000;3,000;

18548;2017.10.12 19:00:00;11,066;11,200;8,000;83,000;8,000;10,817;1,000;3,000;

18549;2017.10.12 20:00:00;12,371;10,100;7,000;89,000;6,000;10,817;1,000;3,000;

18550;2017.10.12 21:00:00;12,075;10,600;6,000;82,000;8,000;10,817;1,000;3,000;

18551;2017.10.12 22:00:00;13,307;11,600;9,000;77,000;6,000;10,817;1,000;3,000;

18552;2017.10.12 23:00:00;12,983;11,700;8,000;77,000;6,000;10,817;1,000;3,000;

18553;2017.10.13 00:00:00;10,584;11,700;8,000;77,000;6,000;10,733;2,000;3,000;

18554;2017.10.13 01:00:00;13,686;11,600;9,000;77,000;6,000;10,733;2,000;3,000;

18555;2017.10.13 02:00:00;13,057;11,500;7,000;78,000;6,000;10,733;2,000;3,000;

18556;2017.10.13 03:00:00;12,955;11,500;7,000;78,000;6,000;10,733;2,000;3,000;

18557;2017.10.13 04:00:00;12,779;11,700;8,000;75,000;6,000;10,733;2,000;3,000;

18558;2017.10.13 05:00:00;12,779;11,400;7,000;76,000;5,000;10,733;2,000;3,000;

18559;2017.10.13 06:00:00;12,983;11,300;7,000;77,000;5,000;10,733;2,000;3,000;

18560;2017.10.13 07:00:00;12,927;11,600;6,000;75,000;3,000;10,733;2,000;3,000;

18561;2017.10.13 08:00:00;12,603;12,300;7,000;76,000;4,000;10,733;2,000;3,000;

18562;2017.10.13 09:00:00;12,881;12,500;7,000;73,000;4,000;10,733;2,000;3,000;

18563;2017.10.13 10:00:00;12,297;13,000;7,000;76,000;7,000;10,733;2,000;3,000;

18564;2017.10.13 11:00:00;11,492;12,700;8,000;77,000;7,000;10,733;2,000;3,000;

18565;2017.10.13 12:00:00;11,640;13,200;7,000;75,000;6,000;10,733;2,000;3,000;

18566;2017.10.13 13:00:00;10,658;12,800;7,000;79,000;6,000;10,733;2,000;3,000;

18567;2017.10.13 14:00:00;10,529;12,500;6,000;82,000;7,000;10,733;2,000;3,000;

18568;2017.10.13 15:00:00;9,927;12,400;5,000;85,000;7,000;10,733;2,000;3,000;

18569;2017.10.13 16:00:00;10,455;11,600;2,000;89,000;7,000;10,733;2,000;3,000;

18570;2017.10.13 17:00:00;10,177;11,100;2,000;90,000;7,000;10,733;2,000;3,000;

18571;2017.10.13 18:00:00;11,418;10,300;2,000;92,000;3,000;10,733;2,000;3,000;

18572;2017.10.13 19:00:00;11,594;10,000;1,000;92,000;0,000;10,733;2,000;3,000;

18573;2017.10.13 20:00:00;12,019;9,600;2,000;93,000;0,000;10,733;2,000;3,000;

18574;2017.10.13 21:00:00;11,695;10,200;1,000;92,000;6,000;10,733;2,000;3,000;

18575;2017.10.13 22:00:00;13,057;10,400;2,000;91,000;7,000;10,733;2,000;3,000;

18576;2017.10.13 23:00:00;12,677;10,600;2,000;92,000;7,000;10,733;2,000;3,000;

18577;2017.10.14 00:00:00;11,911;11,500;2,000;91,000;8,000;10,667;3,000;3,000;

18578;2017.10.14 01:00:00;11,766;11,900;2,000;90,000;8,000;10,667;3,000;3,000;

18579;2017.10.14 02:00:00;11,766;12,000;2,000;90,000;8,000;10,667;3,000;3,000;

18580;2017.10.14 03:00:00;11,766;12,500;3,000;89,000;8,000;10,667;3,000;3,000;

18581;2017.10.14 04:00:00;11,635;13,100;4,000;87,000;8,000;10,667;3,000;3,000;

18582;2017.10.14 05:00:00;10,894;12,900;3,000;92,000;8,000;10,667;3,000;3,000;

18583;2017.10.14 06:00:00;10,894;13,300;4,000;94,000;8,000;10,667;3,000;3,000;

18584;2017.10.14 07:00:00;10,624;13,600;4,000;94,000;8,000;10,667;3,000;3,000;

18585;2017.10.14 08:00:00;10,927;14,300;4,000;92,000;8,000;10,667;3,000;3,000;

18586;2017.10.14 09:00:00;10,076;14,900;5,000;91,000;8,000;10,667;3,000;3,000;

18587;2017.10.14 10:00:00;8,773;15,500;4,000;90,000;8,000;10,667;3,000;3,000;

18588;2017.10.14 11:00:00;8,447;16,100;4,000;89,000;8,000;10,667;3,000;3,000;

18589;2017.10.14 12:00:00;7,784;16,300;4,000;88,000;8,000;10,667;3,000;3,000;

18590;2017.10.14 13:00:00;7,784;16,500;5,000;88,000;8,000;10,667;3,000;3,000;

18591;2017.10.14 14:00:00;7,616;16,400;5,000;89,000;8,000;10,667;3,000;3,000;

18592;2017.10.14 15:00:00;6,848;16,600;5,000;88,000;8,000;10,667;3,000;3,000;

18593;2017.10.14 16:00:00;6,945;16,400;5,000;89,000;8,000;10,667;3,000;3,000;

18594;2017.10.14 17:00:00;7,126;15,800;4,000;94,000;8,000;10,667;3,000;3,000;

18595;2017.10.14 18:00:00;7,501;15,700;4,000;96,000;8,000;10,667;3,000;3,000;

18596;2017.10.14 19:00:00;6,806;15,900;4,000;95,000;8,000;10,667;3,000;3,000;

18597;2017.10.14 20:00:00;7,251;16,100;7,000;92,000;8,000;10,667;3,000;3,000;

18598;2017.10.14 21:00:00;7,019;15,900;6,000;91,000;8,000;10,667;3,000;3,000;

18599;2017.10.14 22:00:00;7,399;15,900;6,000;89,000;8,000;10,667;3,000;3,000;

18600;2017.10.14 23:00:00;6,769;15,700;4,000;88,000;8,000;10,667;3,000;3,000;

18601;2017.10.15 00:00:00;6,241;15,700;4,000;87,000;8,000;10,600;4,000;3,000;

18602;2017.10.15 01:00:00;7,019;15,300;5,000;91,000;8,000;10,600;4,000;3,000;

18603;2017.10.15 02:00:00;7,751;15,100;4,000;94,000;8,000;10,600;4,000;3,000;

18604;2017.10.15 03:00:00;7,806;15,200;4,000;94,000;8,000;10,600;4,000;3,000;

18605;2017.10.15 04:00:00;7,602;15,400;6,000;90,000;8,000;10,600;4,000;3,000;

18606;2017.10.15 05:00:00;7,927;14,700;6,000;93,000;8,000;10,600;4,000;3,000;

18607;2017.10.15 06:00:00;7,880;14,300;5,000;96,000;8,000;10,600;4,000;3,000;

18608;2017.10.15 07:00:00;6,973;14,300;5,000;96,000;8,000;10,600;4,000;3,000;

18609;2017.10.15 08:00:00;8,482;14,600;4,000;96,000;8,000;10,600;4,000;3,000;

18610;2017.10.15 09:00:00;7,325;14,500;4,000;95,000;8,000;10,600;4,000;3,000;

18611;2017.10.15 10:00:00;7,704;14,500;4,000;95,000;8,000;10,600;4,000;3,000;

18612;2017.10.15 11:00:00;7,371;14,800;3,000;94,000;8,000;10,600;4,000;3,000;

18613;2017.10.15 12:00:00;6,415;14,900;3,000;93,000;8,000;10,600;4,000;3,000;

18614;2017.10.15 13:00:00;6,290;16,100;3,000;89,000;7,000;10,600;4,000;3,000;

18615;2017.10.15 14:00:00;6,147;16,700;2,000;85,000;7,000;10,600;4,000;3,000;

18616;2017.10.15 15:00:00;5,771;16,800;2,000;82,000;7,000;10,600;4,000;3,000;

18617;2017.10.15 16:00:00;5,278;16,400;3,000;80,000;7,000;10,600;4,000;3,000;

18618;2017.10.15 17:00:00;5,306;15,000;2,000;86,000;4,000;10,600;4,000;3,000;

18619;2017.10.15 18:00:00;6,945;14,200;2,000;90,000;5,000;10,600;4,000;3,000;

18620;2017.10.15 19:00:00;7,399;14,200;3,000;91,000;0,000;10,600;4,000;3,000;

18621;2017.10.15 20:00:00;7,251;13,500;3,000;93,000;0,000;10,600;4,000;3,000;

18622;2017.10.15 21:00:00;7,954;13,600;3,000;93,000;0,000;10,600;4,000;3,000;

18623;2017.10.15 22:00:00;8,158;13,100;3,000;94,000;0,000;10,600;4,000;3,000;

18624;2017.10.15 23:00:00;8,538;12,900;2,000;95,000;0,000;10,600;4,000;3,000;

18625;2017.10.16 00:00:00;7,325;12,600;3,000;95,000;0,000;10,533;1,000;3,000;

18626;2017.10.16 01:00:00;10,177;12,500;2,000;96,000;0,000;10,533;1,000;3,000;

18627;2017.10.16 02:00:00;9,241;12,300;3,000;96,000;0,000;10,533;1,000;3,000;

18628;2017.10.16 03:00:00;8,362;12,200;2,000;96,000;0,000;10,533;1,000;3,000;

18629;2017.10.16 04:00:00;9,825;12,000;3,000;96,000;0,000;10,533;1,000;3,000;

18630;2017.10.16 05:00:00;9,519;12,000;3,000;96,000;0,000;10,533;1,000;3,000;

18631;2017.10.16 06:00:00;9,723;11,900;3,000;96,000;0,000;10,533;1,000;3,000;

18632;2017.10.16 07:00:00;10,380;12,700;3,000;94,000;0,000;10,533;1,000;3,000;

18633;2017.10.16 08:00:00;10,658;14,400;3,000;89,000;0,000;10,533;1,000;3,000;

18634;2017.10.16 09:00:00;9,695;16,200;3,000;83,000;0,000;10,533;1,000;3,000;

18635;2017.10.16 10:00:00;8,890;17,500;3,000;79,000;0,000;10,533;1,000;3,000;

18636;2017.10.16 11:00:00;8,204;18,400;3,000;74,000;0,000;10,533;1,000;3,000;

18637;2017.10.16 12:00:00;7,880;19,000;4,000;72,000;0,000;10,533;1,000;3,000;

18638;2017.10.16 13:00:00;6,514;19,400;4,000;71,000;1,000;10,533;1,000;3,000;

18639;2017.10.16 14:00:00;5,959;17,700;4,000;78,000;1,000;10,533;1,000;3,000;

18640;2017.10.16 15:00:00;4,899;16,000;4,000;82,000;1,000;10,533;1,000;3,000;

18641;2017.10.16 16:00:00;4,899;14,600;3,000;88,000;1,000;10,533;1,000;3,000;

18642;2017.10.16 17:00:00;5,000;13,700;2,000;91,000;1,000;10,533;1,000;3,000;

18643;2017.10.16 18:00:00;5,584;12,800;1,000;93,000;0,000;10,533;1,000;3,000;

18644;2017.10.16 19:00:00;6,389;12,200;1,000;95,000;0,000;10,533;1,000;3,000;

18645;2017.10.16 20:00:00;7,047;11,400;1,000;96,000;0,000;10,533;1,000;3,000;

18646;2017.10.16 21:00:00;7,454;11,000;1,000;96,000;0,000;10,533;1,000;3,000;

18647;2017.10.16 22:00:00;9,066;10,900;2,000;97,000;7,000;10,533;1,000;3,000;

18648;2017.10.16 23:00:00;8,816;10,800;1,000;97,000;9,000;10,533;1,000;3,000;

18649;2017.10.17 00:00:00;8,084;10,300;1,000;97,000;9,000;10,467;1,000;3,000;

18650;2017.10.17 01:00:00;10,908;10,200;2,000;98,000;0,000;10,467;1,000;3,000;

18651;2017.10.17 02:00:00;10,279;10,500;2,000;98,000;3,000;10,467;1,000;3,000;

18652;2017.10.17 03:00:00;10,732;10,500;2,000;98,000;4,000;10,467;1,000;3,000;

18653;2017.10.17 04:00:00;10,380;11,000;3,000;98,000;0,000;10,467;1,000;3,000;

18654;2017.10.17 05:00:00;10,658;11,100;3,000;98,000;1,000;10,467;1,000;3,000;

18655;2017.10.17 06:00:00;11,010;11,400;2,000;98,000;8,000;10,467;1,000;3,000;

18656;2017.10.17 07:00:00;10,380;13,000;3,000;97,000;8,000;10,467;1,000;3,000;

18657;2017.10.17 08:00:00;10,556;14,600;3,000;90,000;8,000;10,467;1,000;3,000;

18658;2017.10.17 09:00:00;10,427;15,300;3,000;86,000;8,000;10,467;1,000;3,000;

18659;2017.10.17 10:00:00;9,445;16,300;3,000;83,000;8,000;10,467;1,000;3,000;

18660;2017.10.17 11:00:00;8,510;17,600;3,000;79,000;8,000;10,467;1,000;3,000;

18661;2017.10.17 12:00:00;7,751;18,200;4,000;76,000;8,000;10,467;1,000;3,000;

18662;2017.10.17 13:00:00;6,843;18,500;3,000;77,000;8,000;10,467;1,000;3,000;

18663;2017.10.17 14:00:00;5,834;18,100;3,000;78,000;8,000;10,467;1,000;3,000;

18664;2017.10.17 15:00:00;5,732;17,500;2,000;81,000;8,000;10,467;1,000;3,000;

18665;2017.10.17 16:00:00;5,000;16,800;2,000;84,000;8,000;10,467;1,000;3,000;

18666;2017.10.17 17:00:00;5,834;15,900;2,000;88,000;8,000;10,467;1,000;3,000;

18667;2017.10.17 18:00:00;6,315;15,500;3,000;90,000;8,000;10,467;1,000;3,000;

18668;2017.10.17 19:00:00;7,704;15,200;3,000;89,000;8,000;10,467;1,000;3,000;

18669;2017.10.17 20:00:00;7,325;14,700;3,000;89,000;8,000;10,467;1,000;3,000;

18670;2017.10.17 21:00:00;7,954;15,000;3,000;84,000;8,000;10,467;1,000;3,000;

18671;2017.10.17 22:00:00;7,677;13,800;2,000;91,000;8,000;10,467;1,000;3,000;

18672;2017.10.17 23:00:00;8,158;13,200;2,000;90,000;8,000;10,467;1,000;3,000;

18673;2017.10.18 00:00:00;7,001;12,700;2,000;91,000;8,000;10,400;1,000;3,000;

18674;2017.10.18 01:00:00;9,492;12,400;2,000;85,000;8,000;10,400;1,000;3,000;

18675;2017.10.18 02:00:00;9,269;11,600;2,000;88,000;8,000;10,400;1,000;3,000;

18676;2017.10.18 03:00:00;8,991;11,100;1,000;90,000;8,000;10,400;1,000;3,000;

18677;2017.10.18 04:00:00;9,927;10,400;2,000;92,000;7,000;10,400;1,000;3,000;

18678;2017.10.18 05:00:00;10,001;9,800;1,000;93,000;8,000;10,400;1,000;3,000;

18679;2017.10.18 06:00:00;10,834;9,800;1,000;94,000;8,000;10,400;1,000;3,000;

18680;2017.10.18 07:00:00;10,834;10,300;1,000;95,000;5,000;10,400;1,000;3,000;

18681;2017.10.18 08:00:00;10,760;11,500;3,000;92,000;3,000;10,400;1,000;3,000;

18682;2017.10.18 09:00:00;11,464;13,000;3,000;88,000;2,000;10,400;1,000;3,000;

18683;2017.10.18 10:00:00;10,630;13,600;3,000;81,000;3,000;10,400;1,000;3,000;

18684;2017.10.18 11:00:00;10,103;13,500;3,000;80,000;3,000;10,400;1,000;3,000;

18685;2017.10.18 12:00:00;9,343;14,000;3,000;78,000;3,000;10,400;1,000;3,000;

18686;2017.10.18 13:00:00;8,862;13,800;2,000;77,000;6,000;10,400;1,000;3,000;

18687;2017.10.18 14:00:00;8,056;13,600;2,000;77,000;5,000;10,400;1,000;3,000;

18688;2017.10.18 15:00:00;7,982;13,000;1,000;82,000;6,000;10,400;1,000;3,000;

18689;2017.10.18 16:00:00;8,204;11,800;1,000;91,000;6,000;10,400;1,000;3,000;

18690;2017.10.18 17:00:00;7,982;11,000;1,000;94,000;7,000;10,400;1,000;3,000;

18691;2017.10.18 18:00:00;8,538;9,800;0,000;95,000;7,000;10,400;1,000;3,000;

18692;2017.10.18 19:00:00;9,445;8,900;0,000;95,000;9,000;10,400;1,000;3,000;

18693;2017.10.18 20:00:00;9,547;8,800;0,000;96,000;7,000;10,400;1,000;3,000;

18694;2017.10.18 21:00:00;9,853;8,900;0,000;96,000;3,000;10,400;1,000;3,000;

18695;2017.10.18 22:00:00;11,112;8,000;0,000;96,000;0,000;10,400;1,000;3,000;

18696;2017.10.18 23:00:00;10,782;7,400;0,000;97,000;0,000;10,400;1,000;3,000;

18697;2017.10.19 00:00:00;10,836;7,000;1,000;97,000;9,000;10,317;1,000;3,000;

18698;2017.10.19 01:00:00;12,954;7,800;1,000;97,000;7,000;10,317;1,000;3,000;

18699;2017.10.19 02:00:00;12,756;8,500;1,000;97,000;7,000;10,317;1,000;3,000;

18700;2017.10.19 03:00:00;12,646;7,700;1,000;97,000;5,000;10,317;1,000;3,000;

18701;2017.10.19 04:00:00;12,457;7,000;0,000;97,000;7,000;10,317;1,000;3,000;

18702;2017.10.19 05:00:00;12,501;7,800;0,000;97,000;7,000;10,317;1,000;3,000;

18703;2017.10.19 06:00:00;13,064;8,500;0,000;97,000;8,000;10,317;1,000;3,000;

18704;2017.10.19 07:00:00;13,355;10,300;1,000;97,000;8,000;10,317;1,000;3,000;

18705;2017.10.19 08:00:00;13,408;11,600;3,000;87,000;8,000;10,317;1,000;3,000;

18706;2017.10.19 09:00:00;12,955;12,500;3,000;85,000;7,000;10,317;1,000;3,000;

18707;2017.10.19 10:00:00;12,751;14,100;4,000;76,000;8,000;10,317;1,000;3,000;

18708;2017.10.19 11:00:00;11,532;14,900;3,000;72,000;8,000;10,317;1,000;3,000;

18709;2017.10.19 12:00:00;10,371;14,800;3,000;71,000;8,000;10,317;1,000;3,000;

18710;2017.10.19 13:00:00;9,464;15,800;2,000;69,000;8,000;10,317;1,000;3,000;

18711;2017.10.19 14:00:00;8,993;14,800;1,000;73,000;8,000;10,317;1,000;3,000;

18712;2017.10.19 15:00:00;8,579;14,000;2,000;71,000;8,000;10,317;1,000;3,000;

18713;2017.10.19 16:00:00;8,951;12,700;2,000;77,000;8,000;10,317;1,000;3,000;

18714;2017.10.19 17:00:00;9,237;11,800;2,000;81,000;8,000;10,317;1,000;3,000;

18715;2017.10.19 18:00:00;9,237;11,200;1,000;82,000;7,000;10,317;1,000;3,000;

18716;2017.10.19 19:00:00;9,237;10,900;2,000;83,000;7,000;10,317;1,000;3,000;

18717;2017.10.19 20:00:00;10,314;10,200;1,000;85,000;7,000;10,317;1,000;3,000;

18718;2017.10.19 21:00:00;11,492;9,700;1,000;89,000;7,000;10,317;1,000;3,000;

18719;2017.10.19 22:00:00;10,658;9,600;1,000;90,000;7,000;10,317;1,000;3,000;

18720;2017.10.19 23:00:00;11,668;8,900;1,000;93,000;7,000;10,317;1,000;3,000;

18721;2017.10.20 00:00:00;9,501;9,700;3,000;93,000;8,000;10,250;2,000;3,000;

18722;2017.10.20 01:00:00;12,825;10,200;2,000;91,000;8,000;10,250;2,000;3,000;

18723;2017.10.20 02:00:00;11,918;10,500;2,000;91,000;8,000;10,250;2,000;3,000;

18724;2017.10.20 03:00:00;11,140;10,700;2,000;91,000;8,000;10,250;2,000;3,000;

18725;2017.10.20 04:00:00;11,566;11,000;2,000;92,000;8,000;10,250;2,000;3,000;

18726;2017.10.20 05:00:00;11,214;11,200;2,000;91,000;8,000;10,250;2,000;3,000;

18727;2017.10.20 06:00:00;11,492;11,700;3,000;92,000;8,000;10,250;2,000;3,000;

18728;2017.10.20 07:00:00;11,640;12,000;3,000;91,000;8,000;10,250;2,000;3,000;

18729;2017.10.20 08:00:00;11,288;12,200;3,000;90,000;8,000;10,250;2,000;3,000;

18730;2017.10.20 09:00:00;10,658;12,500;3,000;89,000;8,000;10,250;2,000;3,000;

18731;2017.10.20 10:00:00;10,177;12,900;3,000;88,000;8,000;10,250;2,000;3,000;

18732;2017.10.20 11:00:00;9,899;13,300;3,000;86,000;7,000;10,250;2,000;3,000;

18733;2017.10.20 12:00:00;9,269;13,400;4,000;85,000;7,000;10,250;2,000;3,000;

18734;2017.10.20 13:00:00;8,862;13,800;4,000;84,000;5,000;10,250;2,000;3,000;

18735;2017.10.20 14:00:00;8,232;14,000;3,000;82,000;3,000;10,250;2,000;3,000;

18736;2017.10.20 15:00:00;8,158;13,900;3,000;82,000;6,000;10,250;2,000;3,000;

18737;2017.10.20 16:00:00;7,778;13,100;3,000;86,000;7,000;10,250;2,000;3,000;

18738;2017.10.20 17:00:00;8,714;12,700;2,000;89,000;8,000;10,250;2,000;3,000;

18739;2017.10.20 18:00:00;9,269;12,500;2,000;91,000;8,000;10,250;2,000;3,000;

18740;2017.10.20 19:00:00;9,241;12,800;2,000;92,000;8,000;10,250;2,000;3,000;

18741;2017.10.20 20:00:00;10,232;13,100;2,000;92,000;8,000;10,250;2,000;3,000;

18742;2017.10.20 21:00:00;10,075;12,900;2,000;94,000;8,000;10,250;2,000;3,000;

18743;2017.10.20 22:00:00;9,976;12,900;2,000;95,000;8,000;10,250;2,000;3,000;

18744;2017.10.20 23:00:00;9,917;12,900;2,000;96,000;8,000;10,250;2,000;3,000;

18745;2017.10.21 00:00:00;8,018;12,900;2,000;96,000;8,000;10,183;3,000;3,000;

18746;2017.10.21 01:00:00;10,324;12,900;2,000;96,000;8,000;10,183;3,000;3,000;

18747;2017.10.21 02:00:00;9,371;12,800;2,000;96,000;8,000;10,183;3,000;3,000;

18748;2017.10.21 03:00:00;10,001;12,600;1,000;96,000;8,000;10,183;3,000;3,000;

18749;2017.10.21 04:00:00;9,797;12,500;1,000;96,000;8,000;10,183;3,000;3,000;

18750;2017.10.21 05:00:00;9,445;12,300;2,000;95,000;8,000;10,183;3,000;3,000;

18751;2017.10.21 06:00:00;9,825;12,100;2,000;96,000;8,000;10,183;3,000;3,000;

18752;2017.10.21 07:00:00;10,001;12,200;4,000;96,000;8,000;10,183;3,000;3,000;

18753;2017.10.21 08:00:00;9,899;12,000;3,000;94,000;8,000;10,183;3,000;3,000;

18754;2017.10.21 09:00:00;10,001;12,100;3,000;92,000;8,000;10,183;3,000;3,000;

18755;2017.10.21 10:00:00;9,445;12,200;4,000;91,000;8,000;10,183;3,000;3,000;

18756;2017.10.21 11:00:00;9,723;12,100;3,000;89,000;8,000;10,183;3,000;3,000;

18757;2017.10.21 12:00:00;9,445;12,900;3,000;85,000;8,000;10,183;3,000;3,000;

18758;2017.10.21 13:00:00;9,519;13,300;2,000;84,000;7,000;10,183;3,000;3,000;

18759;2017.10.21 14:00:00;9,167;12,700;2,000;87,000;7,000;10,183;3,000;3,000;

18760;2017.10.21 15:00:00;8,612;11,600;1,000;92,000;7,000;10,183;3,000;3,000;

18761;2017.10.21 16:00:00;8,436;10,900;1,000;93,000;8,000;10,183;3,000;3,000;

18762;2017.10.21 17:00:00;8,612;10,500;1,000;94,000;7,000;10,183;3,000;3,000;

18763;2017.10.21 18:00:00;8,586;9,400;1,000;95,000;0,000;10,183;3,000;3,000;

18764;2017.10.21 19:00:00;9,674;9,600;1,000;96,000;2,000;10,183;3,000;3,000;

18765;2017.10.21 20:00:00;9,621;9,500;1,000;97,000;0,000;10,183;3,000;3,000;

18766;2017.10.21 21:00:00;10,380;9,500;2,000;97,000;7,000;10,183;3,000;3,000;

18767;2017.10.21 22:00:00;10,936;9,000;2,000;97,000;4,000;10,183;3,000;3,000;

18768;2017.10.21 23:00:00;11,390;9,000;2,000;97,000;6,000;10,183;3,000;3,000;

18769;2017.10.22 00:00:00;9,501;8,600;2,000;96,000;4,000;10,117;4,000;3,000;

18770;2017.10.22 01:00:00;12,751;8,400;2,000;95,000;3,000;10,117;4,000;3,000;

18771;2017.10.22 02:00:00;12,047;8,100;2,000;95,000;0,000;10,117;4,000;3,000;

18772;2017.10.22 03:00:00;12,677;8,400;3,000;95,000;3,000;10,117;4,000;3,000;

18773;2017.10.22 04:00:00;12,325;8,300;2,000;95,000;8,000;10,117;4,000;3,000;

18774;2017.10.22 05:00:00;12,399;8,600;2,000;94,000;8,000;10,117;4,000;3,000;

18775;2017.10.22 06:00:00;12,325;8,800;2,000;94,000;8,000;10,117;4,000;3,000;

18776;2017.10.22 07:00:00;13,510;9,800;3,000;93,000;8,000;10,117;4,000;3,000;

18777;2017.10.22 08:00:00;12,677;9,700;3,000;93,000;8,000;10,117;4,000;3,000;

18778;2017.10.22 09:00:00;12,223;9,700;3,000;94,000;8,000;10,117;4,000;3,000;

18779;2017.10.22 10:00:00;12,603;9,900;3,000;94,000;8,000;10,117;4,000;3,000;

18780;2017.10.22 11:00:00;12,297;10,000;3,000;95,000;8,000;10,117;4,000;3,000;

18781;2017.10.22 12:00:00;11,769;10,300;3,000;95,000;8,000;10,117;4,000;3,000;

18782;2017.10.22 13:00:00;11,769;10,400;2,000;96,000;8,000;10,117;4,000;3,000;

18783;2017.10.22 14:00:00;11,654;10,800;2,000;96,000;8,000;10,117;4,000;3,000;

18784;2017.10.22 15:00:00;10,801;11,100;3,000;96,000;7,000;10,117;4,000;3,000;

18785;2017.10.22 16:00:00;11,044;10,900;2,000;95,000;7,000;10,117;4,000;3,000;

18786;2017.10.22 17:00:00;10,963;10,500;1,000;96,000;7,000;10,117;4,000;3,000;

18787;2017.10.22 18:00:00;11,335;10,300;1,000;96,000;7,000;10,117;4,000;3,000;

18788;2017.10.22 19:00:00;10,877;9,500;1,000;97,000;1,000;10,117;4,000;3,000;

18789;2017.10.22 20:00:00;11,742;8,900;1,000;97,000;3,000;10,117;4,000;3,000;

18790;2017.10.22 21:00:00;11,769;8,900;1,000;97,000;5,000;10,117;4,000;3,000;

18791;2017.10.22 22:00:00;11,945;8,300;2,000;97,000;7,000;10,117;4,000;3,000;

18792;2017.10.22 23:00:00;12,427;8,000;2,000;98,000;0,000;10,117;4,000;3,000;

18793;2017.10.23 00:00:00;10,408;7,000;1,000;97,000;9,000;10,033;1,000;3,000;

18794;2017.10.23 01:00:00;14,242;6,500;1,000;98,000;9,000;10,033;1,000;3,000;

18795;2017.10.23 02:00:00;13,890;5,800;3,000;98,000;9,000;10,033;1,000;3,000;

18796;2017.10.23 03:00:00;13,992;6,000;2,000;98,000;9,000;10,033;1,000;3,000;

18797;2017.10.23 04:00:00;14,446;5,200;2,000;98,000;9,000;10,033;1,000;3,000;

18798;2017.10.23 05:00:00;14,723;5,600;2,000;98,000;7,000;10,033;1,000;3,000;

18799;2017.10.23 06:00:00;13,890;5,900;2,000;98,000;8,000;10,033;1,000;3,000;

18800;2017.10.23 07:00:00;14,344;6,700;2,000;98,000;8,000;10,033;1,000;3,000;

18801;2017.10.23 08:00:00;14,723;7,700;2,000;98,000;7,000;10,033;1,000;3,000;

18802;2017.10.23 09:00:00;13,714;8,800;1,000;98,000;8,000;10,033;1,000;3,000;

18803;2017.10.23 10:00:00;13,483;9,600;2,000;98,000;8,000;10,033;1,000;3,000;

18804;2017.10.23 11:00:00;12,223;10,400;1,000;97,000;7,000;10,033;1,000;3,000;

18805;2017.10.23 12:00:00;12,019;11,400;2,000;92,000;7,000;10,033;1,000;3,000;

18806;2017.10.23 13:00:00;11,084;11,900;2,000;85,000;4,000;10,033;1,000;3,000;

18807;2017.10.23 14:00:00;11,038;10,900;2,000;88,000;4,000;10,033;1,000;3,000;

18808;2017.10.23 15:00:00;10,103;10,600;1,000;92,000;5,000;10,033;1,000;3,000;

18809;2017.10.23 16:00:00;10,732;9,800;1,000;94,000;4,000;10,033;1,000;3,000;

18810;2017.10.23 17:00:00;10,834;9,100;1,000;95,000;3,000;10,033;1,000;3,000;

18811;2017.10.23 18:00:00;10,760;9,000;1,000;96,000;7,000;10,033;1,000;3,000;

18812;2017.10.23 19:00:00;11,945;8,900;2,000;94,000;7,000;10,033;1,000;3,000;

18813;2017.10.23 20:00:00;11,668;8,200;1,000;93,000;3,000;10,033;1,000;3,000;

18814;2017.10.23 21:00:00;11,390;7,600;1,000;93,000;0,000;10,033;1,000;3,000;

18815;2017.10.23 22:00:00;11,945;6,000;1,000;94,000;0,000;10,033;1,000;3,000;

18816;2017.10.23 23:00:00;11,390;5,100;1,000;95,000;0,000;10,033;1,000;3,000;

18817;2017.10.24 00:00:00;10,538;5,800;1,000;96,000;7,000;9,967;1,000;3,000;

18818;2017.10.24 01:00:00;14,112;5,100;1,000;96,000;0,000;9,967;1,000;3,000;

18819;2017.10.24 02:00:00;13,010;5,100;1,000;97,000;7,000;9,967;1,000;3,000;

18820;2017.10.24 03:00:00;14,112;6,000;1,000;97,000;8,000;9,967;1,000;3,000;

18821;2017.10.24 04:00:00;13,390;6,700;1,000;97,000;8,000;9,967;1,000;3,000;

18822;2017.10.24 05:00:00;14,316;7,200;1,000;97,000;8,000;9,967;1,000;3,000;

18823;2017.10.24 06:00:00;13,992;7,200;1,000;97,000;8,000;9,967;1,000;3,000;

18824;2017.10.24 07:00:00;14,168;7,400;1,000;97,000;8,000;9,967;1,000;3,000;

18825;2017.10.24 08:00:00;13,890;7,800;1,000;96,000;8,000;9,967;1,000;3,000;

18826;2017.10.24 09:00:00;14,104;8,200;1,000;92,000;8,000;9,967;1,000;3,000;

18827;2017.10.24 10:00:00;12,852;8,600;2,000;87,000;7,000;9,967;1,000;3,000;

18828;2017.10.24 11:00:00;13,251;9,100;2,000;81,000;7,000;9,967;1,000;3,000;

18829;2017.10.24 12:00:00;13,251;9,500;2,000;82,000;7,000;9,967;1,000;3,000;

18830;2017.10.24 13:00:00;12,112;9,800;1,000;83,000;8,000;9,967;1,000;3,000;

18831;2017.10.24 14:00:00;11,695;10,200;1,000;84,000;7,000;9,967;1,000;3,000;

18832;2017.10.24 15:00:00;11,306;10,200;1,000;86,000;8,000;9,967;1,000;3,000;

18833;2017.10.24 16:00:00;10,834;10,400;3,000;89,000;8,000;9,967;1,000;3,000;

18834;2017.10.24 17:00:00;11,640;10,100;3,000;89,000;8,000;9,967;1,000;3,000;

18835;2017.10.24 18:00:00;12,057;9,800;3,000;90,000;7,000;9,967;1,000;3,000;

18836;2017.10.24 19:00:00;11,945;10,000;3,000;90,000;8,000;9,967;1,000;3,000;

18837;2017.10.24 20:00:00;11,556;10,000;3,000;91,000;8,000;9,967;1,000;3,000;

18838;2017.10.24 21:00:00;12,057;9,700;3,000;93,000;8,000;9,967;1,000;3,000;

18839;2017.10.24 22:00:00;11,779;9,700;4,000;95,000;8,000;9,967;1,000;3,000;

18840;2017.10.24 23:00:00;11,279;9,700;4,000;95,000;8,000;9,967;1,000;3,000;

18841;2017.10.25 00:00:00;10,140;9,800;4,000;95,000;8,000;9,900;1,000;3,000;

18842;2017.10.25 01:00:00;13,084;10,100;3,000;95,000;8,000;9,900;1,000;3,000;

18843;2017.10.25 02:00:00;12,057;10,300;3,000;95,000;8,000;9,900;1,000;3,000;

18844;2017.10.25 03:00:00;11,668;10,500;3,000;96,000;8,000;9,900;1,000;3,000;

18845;2017.10.25 04:00:00;11,751;10,800;3,000;96,000;8,000;9,900;1,000;3,000;

18846;2017.10.25 05:00:00;11,862;11,200;3,000;97,000;8,000;9,900;1,000;3,000;

18847;2017.10.25 06:00:00;11,584;11,800;4,000;97,000;8,000;9,900;1,000;3,000;

18848;2017.10.25 07:00:00;11,473;12,300;3,000;97,000;8,000;9,900;1,000;3,000;

18849;2017.10.25 08:00:00;10,945;13,200;3,000;97,000;8,000;9,900;1,000;3,000;

18850;2017.10.25 09:00:00;11,195;13,800;4,000;97,000;8,000;9,900;1,000;3,000;

18851;2017.10.25 10:00:00;10,473;14,400;4,000;96,000;8,000;9,900;1,000;3,000;

18852;2017.10.25 11:00:00;9,640;14,600;4,000;96,000;8,000;9,900;1,000;3,000;

18853;2017.10.25 12:00:00;9,834;14,800;4,000;96,000;8,000;9,900;1,000;3,000;

18854;2017.10.25 13:00:00;9,251;15,200;4,000;94,000;7,000;9,900;1,000;3,000;

18855;2017.10.25 14:00:00;8,445;15,800;5,000;83,000;7,000;9,900;1,000;3,000;

18856;2017.10.25 15:00:00;8,612;15,500;7,000;79,000;8,000;9,900;1,000;3,000;

18857;2017.10.25 16:00:00;8,056;13,500;7,000;91,000;8,000;9,900;1,000;3,000;

18858;2017.10.25 17:00:00;8,056;13,500;8,000;85,000;7,000;9,900;1,000;3,000;

18859;2017.10.25 18:00:00;8,334;13,100;7,000;84,000;7,000;9,900;1,000;3,000;

18860;2017.10.25 19:00:00;9,445;12,500;7,000;83,000;7,000;9,900;1,000;3,000;

18861;2017.10.25 20:00:00;9,751;12,300;5,000;83,000;7,000;9,900;1,000;3,000;

18862;2017.10.25 21:00:00;10,418;12,300;6,000;83,000;7,000;9,900;1,000;3,000;

18863;2017.10.25 22:00:00;9,973;12,300;6,000;86,000;8,000;9,900;1,000;3,000;

18864;2017.10.25 23:00:00;10,112;12,300;5,000;86,000;8,000;9,900;1,000;3,000;

18865;2017.10.26 00:00:00;8,667;12,200;6,000;85,000;8,000;9,833;1,000;3,000;

18866;2017.10.26 01:00:00;11,973;12,100;6,000;84,000;8,000;9,833;1,000;3,000;

18867;2017.10.26 02:00:00;10,918;11,800;5,000;86,000;8,000;9,833;1,000;3,000;

18868;2017.10.26 03:00:00;10,473;11,500;4,000;89,000;8,000;9,833;1,000;3,000;

18869;2017.10.26 04:00:00;10,640;11,700;5,000;88,000;7,000;9,833;1,000;3,000;

18870;2017.10.26 05:00:00;10,473;11,700;6,000;87,000;7,000;9,833;1,000;3,000;

18871;2017.10.26 06:00:00;11,001;11,200;6,000;90,000;8,000;9,833;1,000;3,000;

18872;2017.10.26 07:00:00;11,501;11,300;5,000;89,000;8,000;9,833;1,000;3,000;

18873;2017.10.26 08:00:00;10,556;11,500;5,000;88,000;8,000;9,833;1,000;3,000;

18874;2017.10.26 09:00:00;11,195;12,100;5,000;85,000;7,000;9,833;1,000;3,000;

18875;2017.10.26 10:00:00;11,029;12,600;6,000;82,000;7,000;9,833;1,000;3,000;

18876;2017.10.26 11:00:00;10,362;12,500;5,000;81,000;8,000;9,833;1,000;3,000;

18877;2017.10.26 12:00:00;10,223;12,600;5,000;81,000;7,000;9,833;1,000;3,000;

18878;2017.10.26 13:00:00;9,417;12,400;5,000;81,000;7,000;9,833;1,000;3,000;

18879;2017.10.26 14:00:00;9,834;12,000;5,000;90,000;8,000;9,833;1,000;3,000;

18880;2017.10.26 15:00:00;8,890;12,300;5,000;82,000;7,000;9,833;1,000;3,000;

18881;2017.10.26 16:00:00;9,313;11,800;4,000;84,000;6,000;9,833;1,000;3,000;

18882;2017.10.26 17:00:00;10,772;11,500;5,000;85,000;6,000;9,833;1,000;3,000;

18883;2017.10.26 18:00:00;10,918;10,600;3,000;87,000;8,000;9,833;1,000;3,000;

18884;2017.10.26 19:00:00;10,362;10,100;3,000;91,000;8,000;9,833;1,000;3,000;

18885;2017.10.26 20:00:00;10,640;11,100;5,000;89,000;8,000;9,833;1,000;3,000;

18886;2017.10.26 21:00:00;11,140;11,400;4,000;87,000;7,000;9,833;1,000;3,000;

18887;2017.10.26 22:00:00;10,751;11,200;5,000;87,000;7,000;9,833;1,000;3,000;

18888;2017.10.26 23:00:00;10,834;10,800;4,000;91,000;8,000;9,833;1,000;3,000;

18889;2017.10.27 00:00:00;9,195;11,100;5,000;91,000;8,000;9,767;2,000;3,000;

18890;2017.10.27 01:00:00;11,807;10,600;4,000;89,000;7,000;9,767;2,000;3,000;

18891;2017.10.27 02:00:00;11,751;10,900;5,000;91,000;7,000;9,767;2,000;3,000;

18892;2017.10.27 03:00:00;10,918;10,700;5,000;89,000;5,000;9,767;2,000;3,000;

18893;2017.10.27 04:00:00;11,584;10,200;5,000;91,000;8,000;9,767;2,000;3,000;

18894;2017.10.27 05:00:00;11,029;9,500;6,000;91,000;8,000;9,767;2,000;3,000;

18895;2017.10.27 06:00:00;11,473;9,700;5,000;93,000;7,000;9,767;2,000;3,000;

18896;2017.10.27 07:00:00;11,834;9,800;6,000;93,000;8,000;9,767;2,000;3,000;

18897;2017.10.27 08:00:00;12,631;10,300;4,000;94,000;7,000;9,767;2,000;3,000;

18898;2017.10.27 09:00:00;12,399;10,700;4,000;94,000;7,000;9,767;2,000;3,000;

18899;2017.10.27 10:00:00;11,844;10,800;3,000;93,000;7,000;9,767;2,000;3,000;

18900;2017.10.27 11:00:00;11,769;11,300;5,000;85,000;7,000;9,767;2,000;3,000;

18901;2017.10.27 12:00:00;11,390;10,300;5,000;83,000;7,000;9,767;2,000;3,000;

18902;2017.10.27 13:00:00;12,121;9,900;5,000;82,000;7,000;9,767;2,000;3,000;

18903;2017.10.27 14:00:00;10,834;9,400;4,000;79,000;7,000;9,767;2,000;3,000;

18904;2017.10.27 15:00:00;11,390;8,900;3,000;86,000;7,000;9,767;2,000;3,000;

18905;2017.10.27 16:00:00;11,214;8,100;7,000;85,000;8,000;9,767;2,000;3,000;

18906;2017.10.27 17:00:00;11,316;8,100;4,000;82,000;7,000;9,767;2,000;3,000;

18907;2017.10.27 18:00:00;12,297;8,200;5,000;82,000;6,000;9,767;2,000;3,000;

18908;2017.10.27 19:00:00;12,881;7,900;4,000;79,000;7,000;9,767;2,000;3,000;

18909;2017.10.27 20:00:00;12,603;7,800;2,000;83,000;7,000;9,767;2,000;3,000;

18910;2017.10.27 21:00:00;14,372;8,300;3,000;82,000;7,000;9,767;2,000;3,000;

18911;2017.10.27 22:00:00;14,140;8,900;2,000;82,000;7,000;9,767;2,000;3,000;

18912;2017.10.27 23:00:00;12,779;7,700;3,000;91,000;7,000;9,767;2,000;3,000;

18913;2017.10.28 00:00:00;10,816;8,200;4,000;93,000;7,000;9,700;3,000;3,000;

18914;2017.10.28 01:00:00;14,946;9,700;5,000;87,000;7,000;9,700;3,000;3,000;

18915;2017.10.28 02:00:00;12,853;9,400;8,000;86,000;7,000;9,700;3,000;3,000;

18916;2017.10.28 03:00:00;12,807;9,300;6,000;92,000;7,000;9,700;3,000;3,000;

18917;2017.10.28 04:00:00;12,853;10,000;7,000;85,000;8,000;9,700;3,000;3,000;

18918;2017.10.28 05:00:00;12,677;10,100;6,000;87,000;8,000;9,700;3,000;3,000;

18919;2017.10.28 06:00:00;13,260;10,400;9,000;77,000;8,000;9,700;3,000;3,000;

18920;2017.10.28 07:00:00;12,955;10,000;8,000;86,000;8,000;9,700;3,000;3,000;

18921;2017.10.28 08:00:00;13,057;10,400;8,000;81,000;8,000;9,700;3,000;3,000;

18922;2017.10.28 09:00:00;12,575;9,700;8,000;85,000;8,000;9,700;3,000;3,000;

18923;2017.10.28 10:00:00;12,529;9,200;8,000;91,000;8,000;9,700;3,000;3,000;

18924;2017.10.28 11:00:00;12,677;9,100;7,000;92,000;8,000;9,700;3,000;3,000;

18925;2017.10.28 12:00:00;12,881;9,500;7,000;93,000;8,000;9,700;3,000;3,000;

18926;2017.10.28 13:00:00;13,964;10,400;9,000;89,000;8,000;9,700;3,000;3,000;

18927;2017.10.28 14:00:00;12,756;10,300;8,000;91,000;7,000;9,700;3,000;3,000;

18928;2017.10.28 15:00:00;13,459;10,500;8,000;89,000;7,000;9,700;3,000;3,000;

18929;2017.10.28 16:00:00;12,779;10,600;8,000;91,000;7,000;9,700;3,000;3,000;

18930;2017.10.28 17:00:00;13,436;9,400;8,000;91,000;8,000;9,700;3,000;3,000;

18931;2017.10.28 18:00:00;12,955;9,800;7,000;91,000;8,000;9,700;3,000;3,000;

18932;2017.10.28 19:00:00;14,649;10,400;6,000;87,000;8,000;9,700;3,000;3,000;

18933;2017.10.28 20:00:00;13,131;8,900;6,000;92,000;8,000;9,700;3,000;3,000;

18934;2017.10.28 21:00:00;12,121;9,600;6,000;89,000;8,000;9,700;3,000;3,000;

18935;2017.10.28 22:00:00;12,325;8,900;4,000;91,000;8,000;9,700;3,000;3,000;

18936;2017.10.28 23:00:00;12,501;9,700;5,000;95,000;8,000;9,700;3,000;3,000;

18937;2017.10.29 00:00:00;10,130;9,700;6,000;94,000;8,000;9,617;4,000;3,000;

18938;2017.10.29 01:00:00;13,658;10,100;6,000;91,000;8,000;9,617;4,000;3,000;

18939;2017.10.29 02:00:00;16,705;9,800;7,000;94,000;8,000;9,617;4,000;3,000;

18940;2017.10.29 03:00:00;20,242;9,200;8,000;89,000;8,000;9,617;4,000;3,000;

18941;2017.10.29 04:00:00;12,325;9,500;7,000;82,000;8,000;9,617;4,000;3,000;

18942;2017.10.29 05:00:00;12,983;9,200;9,000;77,000;8,000;9,617;4,000;3,000;

18943;2017.10.29 06:00:00;13,714;7,200;9,000;87,000;8,000;9,617;4,000;3,000;

18944;2017.10.29 07:00:00;14,622;5,700;6,000;90,000;8,000;9,617;4,000;3,000;

18945;2017.10.29 08:00:00;15,029;7,000;5,000;86,000;8,000;9,617;4,000;3,000;

18946;2017.10.29 09:00:00;15,131;8,500;9,000;63,000;8,000;9,617;4,000;3,000;

18947;2017.10.29 10:00:00;15,399;8,700;8,000;60,000;7,000;9,617;4,000;3,000;

18948;2017.10.29 11:00:00;14,839;7,900;8,000;72,000;7,000;9,617;4,000;3,000;

18949;2017.10.29 12:00:00;15,117;7,600;8,000;61,000;8,000;9,617;4,000;3,000;

18950;2017.10.29 13:00:00;15,353;7,300;8,000;62,000;7,000;9,617;4,000;3,000;

18951;2017.10.29 14:00:00;16,038;7,000;8,000;58,000;7,000;9,617;4,000;3,000;

18952;2017.10.29 15:00:00;17,400;7,400;10,000;58,000;7,000;9,617;4,000;3,000;

18953;2017.10.29 16:00:00;16,590;7,400;9,000;60,000;7,000;9,617;4,000;3,000;

18954;2017.10.29 17:00:00;16,542;5,700;8,000;74,000;7,000;9,617;4,000;3,000;

18955;2017.10.29 18:00:00;17,150;6,300;9,000;74,000;7,000;9,617;4,000;3,000;

18956;2017.10.29 19:00:00;17,224;7,400;10,000;55,000;7,000;9,617;4,000;3,000;

18957;2017.10.29 20:00:00;16,588;7,500;8,000;54,000;6,000;9,617;4,000;3,000;

18958;2017.10.29 21:00:00;16,396;7,500;8,000;57,000;6,000;9,617;4,000;3,000;

18959;2017.10.29 22:00:00;17,298;7,400;8,000;57,000;6,000;9,617;4,000;3,000;

18960;2017.10.29 23:00:00;15,543;7,200;6,000;59,000;5,000;9,617;4,000;3,000;

18961;2017.10.30 00:00:00;16,858;7,000;6,000;60,000;5,000;9,550;1,000;3,000;

18962;2017.10.30 01:00:00;16,594;6,800;7,000;59,000;5,000;9,550;1,000;3,000;

18963;2017.10.30 02:00:00;16,390;6,500;7,000;59,000;6,000;9,550;1,000;3,000;

18964;2017.10.30 03:00:00;17,075;6,200;7,000;59,000;5,000;9,550;1,000;3,000;

18965;2017.10.30 04:00:00;17,372;6,200;8,000;60,000;6,000;9,550;1,000;3,000;

18966;2017.10.30 05:00:00;17,400;6,000;6,000;59,000;6,000;9,550;1,000;3,000;

18967;2017.10.30 06:00:00;17,150;5,700;6,000;60,000;6,000;9,550;1,000;3,000;

18968;2017.10.30 07:00:00;18,789;5,800;7,000;61,000;7,000;9,550;1,000;3,000;

18969;2017.10.30 08:00:00;18,335;5,800;8,000;61,000;6,000;9,550;1,000;3,000;

18970;2017.10.30 09:00:00;17,455;5,600;7,000;65,000;6,000;9,550;1,000;3,000;

18971;2017.10.30 10:00:00;18,816;5,800;8,000;60,000;6,000;9,550;1,000;3,000;

18972;2017.10.30 11:00:00;19,344;6,100;7,000;61,000;6,000;9,550;1,000;3,000;

18973;2017.10.30 12:00:00;19,928;6,100;7,000;60,000;6,000;9,550;1,000;3,000;

18974;2017.10.30 13:00:00;18,701;5,900;7,000;60,000;6,000;9,550;1,000;3,000;

18975;2017.10.30 14:00:00;19,914;5,800;6,000;60,000;6,000;9,550;1,000;3,000;

18976;2017.10.30 15:00:00;19,798;5,800;6,000;56,000;6,000;9,550;1,000;3,000;

18977;2017.10.30 16:00:00;19,548;5,700;6,000;56,000;6,000;9,550;1,000;3,000;

18978;2017.10.30 17:00:00;19,446;5,500;6,000;57,000;3,000;9,550;1,000;3,000;

18979;2017.10.30 18:00:00;19,242;5,900;7,000;58,000;4,000;9,550;1,000;3,000;

18980;2017.10.30 19:00:00;19,039;5,900;7,000;55,000;4,000;9,550;1,000;3,000;

18981;2017.10.30 20:00:00;19,752;5,800;6,000;54,000;4,000;9,550;1,000;3,000;

18982;2017.10.30 21:00:00;19,418;5,600;5,000;56,000;5,000;9,550;1,000;3,000;

18983;2017.10.30 22:00:00;19,650;5,600;5,000;56,000;4,000;9,550;1,000;3,000;

18984;2017.10.30 23:00:00;17,205;5,600;6,000;58,000;2,000;9,550;1,000;3,000;

18985;2017.10.31 00:00:00;19,872;5,600;5,000;59,000;3,000;9,483;1,000;3,000;

18986;2017.10.31 01:00:00;18,511;5,400;6,000;56,000;0,000;9,483;1,000;3,000;

18987;2017.10.31 02:00:00;20,002;5,100;5,000;60,000;0,000;9,483;1,000;3,000;

18988;2017.10.31 03:00:00;20,205;5,100;5,000;62,000;0,000;9,483;1,000;3,000;

18989;2017.10.31 04:00:00;20,659;5,300;5,000;61,000;0,000;9,483;1,000;3,000;

18990;2017.10.31 05:00:00;21,039;5,200;4,000;62,000;0,000;9,483;1,000;3,000;

18991;2017.10.31 06:00:00;21,289;5,200;4,000;60,000;4,000;9,483;1,000;3,000;

18992;2017.10.31 07:00:00;21,289;6,000;4,000;60,000;4,000;9,483;1,000;3,000;

18993;2017.10.31 08:00:00;21,215;6,800;5,000;56,000;6,000;9,483;1,000;3,000;

18994;2017.10.31 09:00:00;20,835;7,700;4,000;59,000;2,000;9,483;1,000;3,000;

18995;2017.10.31 10:00:00;19,872;8,100;4,000;56,000;4,000;9,483;1,000;3,000;

18996;2017.10.31 11:00:00;17,906;7,700;4,000;60,000;4,000;9,483;1,000;3,000;

18997;2017.10.31 12:00:00;16,875;7,900;4,000;59,000;5,000;9,483;1,000;3,000;

18998;2017.10.31 13:00:00;16,251;8,400;4,000;64,000;7,000;9,483;1,000;3,000;

18999;2017.10.31 14:00:00;16,038;7,000;2,000;84,000;7,000;9,483;1,000;3,000;

19000;2017.10.31 15:00:00;15,936;6,800;4,000;84,000;8,000;9,483;1,000;3,000;

19001;2017.10.31 16:00:00;18,714;6,600;2,000;90,000;8,000;9,483;1,000;3,000;

19002;2017.10.31 17:00:00;16,946;6,600;3,000;92,000;8,000;9,483;1,000;3,000;

19003;2017.10.31 18:00:00;17,529;6,800;4,000;93,000;8,000;9,483;1,000;3,000;

19004;2017.10.31 19:00:00;18,307;7,000;4,000;93,000;8,000;9,483;1,000;3,000;

19005;2017.10.31 20:00:00;17,020;7,400;4,000;92,000;8,000;9,483;1,000;3,000;

19006;2017.10.31 21:00:00;16,214;7,900;4,000;93,000;8,000;9,483;1,000;3,000;

19007;2017.10.31 22:00:00;16,566;7,900;4,000;93,000;8,000;9,483;1,000;3,000;

19008;2017.10.31 23:00:00;14,779;7,800;4,000;94,000;8,000;9,483;1,000;3,000;

19009;2017.11.01 00:00:00;18,835;7,700;4,000;95,000;8,000;9,417;5,000;3,000;

19010;2017.11.01 01:00:00;17,325;7,900;4,000;94,000;8,000;9,417;5,000;3,000;

19011;2017.11.01 02:00:00;17,325;7,800;4,000;93,000;8,000;9,417;5,000;3,000;

19012;2017.11.01 03:00:00;16,492;7,700;3,000;93,000;8,000;9,417;5,000;3,000;

19013;2017.11.01 04:00:00;16,464;7,700;3,000;93,000;8,000;9,417;5,000;3,000;

19014;2017.11.01 05:00:00;16,112;7,600;4,000;95,000;8,000;9,417;5,000;3,000;

19015;2017.11.01 06:00:00;16,946;7,800;4,000;95,000;8,000;9,417;5,000;3,000;

19016;2017.11.01 07:00:00;16,492;8,000;4,000;95,000;8,000;9,417;5,000;3,000;

19017;2017.11.01 08:00:00;17,023;8,200;4,000;95,000;8,000;9,417;5,000;3,000;

19018;2017.11.01 09:00:00;17,702;8,400;4,000;95,000;8,000;9,417;5,000;3,000;

19019;2017.11.01 10:00:00;16,566;8,800;4,000;95,000;8,000;9,417;5,000;3,000;

19020;2017.11.01 11:00:00;16,468;9,200;4,000;96,000;8,000;9,417;5,000;3,000;

19021;2017.11.01 12:00:00;14,770;9,600;4,000;96,000;8,000;9,417;5,000;3,000;

19022;2017.11.01 13:00:00;15,682;9,900;5,000;96,000;8,000;9,417;5,000;3,000;

19023;2017.11.01 14:00:00;13,964;11,000;5,000;97,000;8,000;9,417;5,000;3,000;

19024;2017.11.01 15:00:00;11,992;11,500;6,000;96,000;8,000;9,417;5,000;3,000;

19025;2017.11.01 16:00:00;16,298;11,800;6,000;96,000;8,000;9,417;5,000;3,000;

19026;2017.11.01 17:00:00;15,047;12,000;7,000;95,000;8,000;9,417;5,000;3,000;

19027;2017.11.01 18:00:00;14,242;11,900;7,000;94,000;8,000;9,417;5,000;3,000;

19028;2017.11.01 19:00:00;14,134;12,300;7,000;92,000;8,000;9,417;5,000;3,000;

19029;2017.11.01 20:00:00;14,202;12,000;6,000;92,000;8,000;9,417;5,000;3,000;

19030;2017.11.01 21:00:00;13,057;12,000;7,000;90,000;8,000;9,417;5,000;3,000;

19031;2017.11.01 22:00:00;13,158;11,700;4,000;91,000;8,000;9,417;5,000;3,000;

19032;2017.11.01 23:00:00;10,408;11,600;6,000;92,000;8,000;9,417;5,000;3,000;

19033;2017.11.02 00:00:00;13,381;11,300;6,000;88,000;8,000;9,350;1,000;3,000;

19034;2017.11.02 01:00:00;13,436;10,800;6,000;86,000;8,000;9,350;1,000;3,000;

19035;2017.11.02 02:00:00;13,334;9,800;5,000;90,000;8,000;9,350;1,000;3,000;

19036;2017.11.02 03:00:00;13,334;9,300;4,000;92,000;8,000;9,350;1,000;3,000;

19037;2017.11.02 04:00:00;14,372;9,100;4,000;93,000;8,000;9,350;1,000;3,000;

19038;2017.11.02 05:00:00;14,094;9,300;5,000;94,000;8,000;9,350;1,000;3,000;

19039;2017.11.02 06:00:00;14,140;9,800;6,000;92,000;8,000;9,350;1,000;3,000;

19040;2017.11.02 07:00:00;14,094;9,900;6,000;92,000;8,000;9,350;1,000;3,000;

19041;2017.11.02 08:00:00;14,622;9,700;6,000;90,000;8,000;9,350;1,000;3,000;

19042;2017.11.02 09:00:00;14,825;9,500;6,000;90,000;8,000;9,350;1,000;3,000;

19043;2017.11.02 10:00:00;14,723;9,000;5,000;91,000;8,000;9,350;1,000;3,000;

19044;2017.11.02 11:00:00;15,001;9,000;6,000;91,000;8,000;9,350;1,000;3,000;

19045;2017.11.02 12:00:00;14,446;9,400;5,000;91,000;8,000;9,350;1,000;3,000;

19046;2017.11.02 13:00:00;14,622;9,700;4,000;92,000;8,000;9,350;1,000;3,000;

19047;2017.11.02 14:00:00;14,038;9,700;5,000;92,000;8,000;9,350;1,000;3,000;

19048;2017.11.02 15:00:00;13,918;9,300;4,000;94,000;7,000;9,350;1,000;3,000;

19049;2017.11.02 16:00:00;13,890;9,400;4,000;91,000;7,000;9,350;1,000;3,000;

19050;2017.11.02 17:00:00;14,168;9,400;4,000;93,000;8,000;9,350;1,000;3,000;

19051;2017.11.02 18:00:00;14,853;9,300;5,000;94,000;8,000;9,350;1,000;3,000;

19052;2017.11.02 19:00:00;16,112;9,400;4,000;94,000;8,000;9,350;1,000;3,000;

19053;2017.11.02 20:00:00;15,483;9,700;4,000;95,000;8,000;9,350;1,000;3,000;

19054;2017.11.02 21:00:00;15,881;10,100;5,000;94,000;8,000;9,350;1,000;3,000;

19055;2017.11.02 22:00:00;13,890;10,300;5,000;94,000;8,000;9,350;1,000;3,000;

19056;2017.11.02 23:00:00;12,177;10,200;5,000;94,000;8,000;9,350;1,000;3,000;

19057;2017.11.03 00:00:00;15,399;10,100;4,000;95,000;8,000;9,283;2,000;3,000;

19058;2017.11.03 01:00:00;13,612;10,000;4,000;94,000;8,000;9,283;2,000;3,000;

19059;2017.11.03 02:00:00;13,612;9,900;3,000;94,000;8,000;9,283;2,000;3,000;

19060;2017.11.03 03:00:00;14,372;9,700;2,000;94,000;8,000;9,283;2,000;3,000;

19061;2017.11.03 04:00:00;13,890;9,300;1,000;95,000;8,000;9,283;2,000;3,000;

19062;2017.11.03 05:00:00;14,344;9,200;1,000;96,000;8,000;9,283;2,000;3,000;

19063;2017.11.03 06:00:00;14,104;9,100;2,000;96,000;8,000;9,283;2,000;3,000;

19064;2017.11.03 07:00:00;14,056;9,200;3,000;96,000;7,000;9,283;2,000;3,000;

19065;2017.11.03 08:00:00;14,825;9,600;3,000;92,000;4,000;9,283;2,000;3,000;

19066;2017.11.03 09:00:00;14,899;10,300;5,000;86,000;6,000;9,283;2,000;3,000;

19067;2017.11.03 10:00:00;14,066;10,100;3,000;81,000;7,000;9,283;2,000;3,000;

19068;2017.11.03 11:00:00;13,131;10,900;4,000;78,000;7,000;9,283;2,000;3,000;

19069;2017.11.03 12:00:00;14,030;11,200;3,000;79,000;5,000;9,283;2,000;3,000;

19070;2017.11.03 13:00:00;13,852;10,800;3,000;79,000;7,000;9,283;2,000;3,000;

19071;2017.11.03 14:00:00;13,057;9,600;3,000;91,000;8,000;9,283;2,000;3,000;

19072;2017.11.03 15:00:00;13,612;9,500;3,000;92,000;7,000;9,283;2,000;3,000;

19073;2017.11.03 16:00:00;13,084;9,000;5,000;92,000;8,000;9,283;2,000;3,000;

19074;2017.11.03 17:00:00;14,344;8,300;3,000;93,000;7,000;9,283;2,000;3,000;

19075;2017.11.03 18:00:00;13,941;8,200;2,000;94,000;8,000;9,283;2,000;3,000;

19076;2017.11.03 19:00:00;14,571;8,000;2,000;94,000;8,000;9,283;2,000;3,000;

19077;2017.11.03 20:00:00;13,992;7,700;2,000;94,000;8,000;9,283;2,000;3,000;

19078;2017.11.03 21:00:00;14,547;7,600;2,000;95,000;7,000;9,283;2,000;3,000;

19079;2017.11.03 22:00:00;15,835;6,900;2,000;93,000;0,000;9,283;2,000;3,000;

19080;2017.11.03 23:00:00;12,834;6,500;3,000;93,000;0,000;9,283;2,000;3,000;

19081;2017.11.04 00:00:00;17,020;6,400;3,000;93,000;7,000;9,217;3,000;3,000;

19082;2017.11.04 01:00:00;16,085;6,600;4,000;92,000;8,000;9,217;3,000;3,000;

19083;2017.11.04 02:00:00;16,112;6,700;3,000;91,000;8,000;9,217;3,000;3,000;

19084;2017.11.04 03:00:00;16,038;6,900;3,000;91,000;8,000;9,217;3,000;3,000;

19085;2017.11.04 04:00:00;15,427;7,000;3,000;91,000;8,000;9,217;3,000;3,000;

19086;2017.11.04 05:00:00;15,483;7,000;3,000;92,000;8,000;9,217;3,000;3,000;

19087;2017.11.04 06:00:00;15,936;7,000;3,000;91,000;8,000;9,217;3,000;3,000;

19088;2017.11.04 07:00:00;16,288;7,100;3,000;90,000;8,000;9,217;3,000;3,000;

19089;2017.11.04 08:00:00;16,257;7,400;3,000;87,000;8,000;9,217;3,000;3,000;

19090;2017.11.04 09:00:00;15,811;7,800;4,000;84,000;7,000;9,217;3,000;3,000;

19091;2017.11.04 10:00:00;15,399;9,300;4,000;79,000;8,000;9,217;3,000;3,000;

19092;2017.11.04 11:00:00;15,594;10,200;4,000;74,000;7,000;9,217;3,000;3,000;

19093;2017.11.04 12:00:00;14,446;10,300;3,000;74,000;7,000;9,217;3,000;3,000;

19094;2017.11.04 13:00:00;14,529;10,500;3,000;75,000;7,000;9,217;3,000;3,000;

19095;2017.11.04 14:00:00;16,149;10,100;3,000;76,000;8,000;9,217;3,000;3,000;

19096;2017.11.04 15:00:00;14,409;9,500;3,000;78,000;8,000;9,217;3,000;3,000;

19097;2017.11.04 16:00:00;15,835;8,700;3,000;82,000;8,000;9,217;3,000;3,000;

19098;2017.11.04 17:00:00;15,714;8,100;3,000;86,000;8,000;9,217;3,000;3,000;

19099;2017.11.04 18:00:00;15,557;8,400;4,000;83,000;7,000;9,217;3,000;3,000;

19100;2017.11.04 19:00:00;15,677;8,200;4,000;84,000;8,000;9,217;3,000;3,000;

19101;2017.11.04 20:00:00;16,390;7,800;4,000;85,000;7,000;9,217;3,000;3,000;

19102;2017.11.04 21:00:00;15,677;7,300;3,000;88,000;7,000;9,217;3,000;3,000;

19103;2017.11.04 22:00:00;17,863;7,200;3,000;89,000;2,000;9,217;3,000;3,000;

19104;2017.11.04 23:00:00;14,094;6,600;3,000;90,000;6,000;9,217;3,000;3,000;

19105;2017.11.05 00:00:00;17,529;7,400;3,000;86,000;2,000;9,150;4,000;3,000;

19106;2017.11.05 01:00:00;16,788;6,900;3,000;89,000;0,000;9,150;4,000;3,000;

19107;2017.11.05 02:00:00;15,955;6,700;3,000;90,000;2,000;9,150;4,000;3,000;

19108;2017.11.05 03:00:00;16,112;6,600;4,000;91,000;3,000;9,150;4,000;3,000;

19109;2017.11.05 04:00:00;16,029;6,500;3,000;91,000;2,000;9,150;4,000;3,000;

19110;2017.11.05 05:00:00;16,390;6,400;3,000;91,000;2,000;9,150;4,000;3,000;

19111;2017.11.05 06:00:00;16,353;6,300;3,000;92,000;2,000;9,150;4,000;3,000;

19112;2017.11.05 07:00:00;15,955;6,400;3,000;92,000;4,000;9,150;4,000;3,000;

19113;2017.11.05 08:00:00;16,307;7,600;3,000;90,000;4,000;9,150;4,000;3,000;

19114;2017.11.05 09:00:00;15,557;9,100;3,000;85,000;4,000;9,150;4,000;3,000;

19115;2017.11.05 10:00:00;14,640;10,600;4,000;80,000;4,000;9,150;4,000;3,000;

19116;2017.11.05 11:00:00;14,047;11,600;3,000;77,000;2,000;9,150;4,000;3,000;

19117;2017.11.05 12:00:00;13,177;12,800;3,000;74,000;2,000;9,150;4,000;3,000;

19118;2017.11.05 13:00:00;13,094;12,500;3,000;76,000;7,000;9,150;4,000;3,000;

19119;2017.11.05 14:00:00;12,186;12,300;3,000;79,000;7,000;9,150;4,000;3,000;

19120;2017.11.05 15:00:00;13,020;12,200;3,000;80,000;7,000;9,150;4,000;3,000;

19121;2017.11.05 16:00:00;12,973;11,800;2,000;83,000;8,000;9,150;4,000;3,000;

19122;2017.11.05 17:00:00;13,057;11,600;2,000;83,000;8,000;9,150;4,000;3,000;

19123;2017.11.05 18:00:00;13,920;11,200;2,000;85,000;8,000;9,150;4,000;3,000;

19124;2017.11.05 19:00:00;13,027;11,100;2,000;85,000;8,000;9,150;4,000;3,000;

19125;2017.11.05 20:00:00;13,376;10,700;2,000;87,000;8,000;9,150;4,000;3,000;

19126;2017.11.05 21:00:00;12,532;10,300;2,000;90,000;8,000;9,150;4,000;3,000;

19127;2017.11.05 22:00:00;11,999;9,600;5,000;95,000;8,000;9,150;4,000;3,000;

19128;2017.11.05 23:00:00;12,578;9,300;4,000;94,000;8,000;9,150;4,000;3,000;

19129;2017.11.06 00:00:00;14,446;9,300;3,000;92,000;8,000;9,117;1,000;3,000;

19130;2017.11.06 01:00:00;13,807;9,300;3,000;92,000;8,000;9,117;1,000;3,000;

19131;2017.11.06 02:00:00;12,811;9,300;2,000;93,000;8,000;9,117;1,000;3,000;

19132;2017.11.06 03:00:00;12,512;9,600;3,000;95,000;8,000;9,117;1,000;3,000;

19133;2017.11.06 04:00:00;14,559;9,400;4,000;95,000;8,000;9,117;1,000;3,000;

19134;2017.11.06 05:00:00;13,020;9,200;2,000;94,000;8,000;9,117;1,000;3,000;

19135;2017.11.06 06:00:00;15,001;9,200;3,000;95,000;8,000;9,117;1,000;3,000;

19136;2017.11.06 07:00:00;14,251;9,000;2,000;96,000;7,000;9,117;1,000;3,000;

19137;2017.11.06 08:00:00;14,862;9,100;2,000;95,000;7,000;9,117;1,000;3,000;

19138;2017.11.06 09:00:00;15,141;9,600;3,000;93,000;7,000;9,117;1,000;3,000;

19139;2017.11.06 10:00:00;14,362;9,700;3,000;90,000;7,000;9,117;1,000;3,000;

19140;2017.11.06 11:00:00;14,118;9,700;4,000;85,000;6,000;9,117;1,000;3,000;

19141;2017.11.06 12:00:00;13,819;9,600;4,000;81,000;6,000;9,117;1,000;3,000;

19142;2017.11.06 13:00:00;13,533;9,200;4,000;81,000;6,000;9,117;1,000;3,000;

19143;2017.11.06 14:00:00;14,052;9,500;3,000;78,000;3,000;9,117;1,000;3,000;

19144;2017.11.06 15:00:00;14,686;8,500;2,000;80,000;1,000;9,117;1,000;3,000;

19145;2017.11.06 16:00:00;15,001;7,500;2,000;85,000;5,000;9,117;1,000;3,000;

19146;2017.11.06 17:00:00;15,316;6,800;2,000;86,000;1,000;9,117;1,000;3,000;

19147;2017.11.06 18:00:00;16,594;5,600;1,000;90,000;1,000;9,117;1,000;3,000;

19148;2017.11.06 19:00:00;17,224;5,300;1,000;93,000;1,000;9,117;1,000;3,000;

19149;2017.11.06 20:00:00;17,742;4,400;1,000;93,000;2,000;9,117;1,000;3,000;

19150;2017.11.06 21:00:00;18,140;3,500;1,000;94,000;0,000;9,117;1,000;3,000;

19151;2017.11.06 22:00:00;19,835;3,200;1,000;95,000;4,000;9,117;1,000;3,000;

19152;2017.11.06 23:00:00;15,964;3,600;2,000;96,000;1,000;9,117;1,000;3,000;

19153;2017.11.07 00:00:00;20,309;2,800;1,000;96,000;1,000;9,050;1,000;3,000;

19154;2017.11.07 01:00:00;19,250;2,500;2,000;96,000;2,000;9,050;1,000;3,000;

19155;2017.11.07 02:00:00;19,529;2,700;1,000;96,000;1,000;9,050;1,000;3,000;

19156;2017.11.07 03:00:00;18,974;2,000;1,000;96,000;2,000;9,050;1,000;3,000;

19157;2017.11.07 04:00:00;20,002;0,900;1,000;96,000;1,000;9,050;1,000;3,000;

19158;2017.11.07 05:00:00;21,076;1,200;2,000;96,000;6,000;9,050;1,000;3,000;

19159;2017.11.07 06:00:00;22,344;0,800;1,000;96,000;3,000;9,050;1,000;3,000;

19160;2017.11.07 07:00:00;23,946;1,200;2,000;96,000;3,000;9,050;1,000;3,000;

19161;2017.11.07 08:00:00;22,521;3,000;1,000;95,000;3,000;9,050;1,000;3,000;

19162;2017.11.07 09:00:00;22,548;5,900;1,000;88,000;1,000;9,050;1,000;3,000;

19163;2017.11.07 10:00:00;23,493;8,400;1,000;78,000;0,000;9,050;1,000;3,000;

19164;2017.11.07 11:00:00;20,511;9,600;2,000;63,000;5,000;9,050;1,000;3,000;

19165;2017.11.07 12:00:00;20,076;9,400;2,000;62,000;3,000;9,050;1,000;3,000;

19166;2017.11.07 13:00:00;18,974;9,300;2,000;62,000;5,000;9,050;1,000;3,000;

19167;2017.11.07 14:00:00;19,205;8,900;2,000;63,000;1,000;9,050;1,000;3,000;

19168;2017.11.07 15:00:00;18,372;7,800;1,000;69,000;2,000;9,050;1,000;3,000;

19169;2017.11.07 16:00:00;19,770;6,400;1,000;76,000;4,000;9,050;1,000;3,000;

19170;2017.11.07 17:00:00;22,465;7,000;1,000;78,000;8,000;9,050;1,000;3,000;

19171;2017.11.07 18:00:00;21,668;7,300;2,000;77,000;8,000;9,050;1,000;3,000;

19172;2017.11.07 19:00:00;20,992;7,000;2,000;80,000;8,000;9,050;1,000;3,000;

19173;2017.11.07 20:00:00;20,400;6,400;1,000;83,000;8,000;9,050;1,000;3,000;

19174;2017.11.07 21:00:00;21,076;6,600;1,000;84,000;8,000;9,050;1,000;3,000;

19175;2017.11.07 22:00:00;22,141;6,600;1,000;86,000;8,000;9,050;1,000;3,000;

19176;2017.11.07 23:00:00;16,872;6,700;1,000;87,000;8,000;9,050;1,000;3,000;

19177;2017.11.08 00:00:00;20,705;7,200;2,000;86,000;8,000;8,983;1,000;3,000;

19178;2017.11.08 01:00:00;18,418;7,400;4,000;87,000;8,000;8,983;1,000;3,000;

19179;2017.11.08 02:00:00;19,446;7,400;3,000;89,000;8,000;8,983;1,000;3,000;

19180;2017.11.08 03:00:00;18,844;7,400;2,000;88,000;8,000;8,983;1,000;3,000;

19181;2017.11.08 04:00:00;18,853;7,400;4,000;85,000;8,000;8,983;1,000;3,000;

19182;2017.11.08 05:00:00;18,214;7,400;2,000;81,000;8,000;8,983;1,000;3,000;

19183;2017.11.08 06:00:00;18,418;7,200;2,000;83,000;8,000;8,983;1,000;3,000;

19184;2017.11.08 07:00:00;18,094;7,300;2,000;77,000;8,000;8,983;1,000;3,000;

19185;2017.11.08 08:00:00;18,816;7,400;2,000;75,000;8,000;8,983;1,000;3,000;

19186;2017.11.08 09:00:00;19,483;7,200;1,000;78,000;8,000;8,983;1,000;3,000;

19187;2017.11.08 10:00:00;18,656;7,300;2,000;79,000;8,000;8,983;1,000;3,000;

19188;2017.11.08 11:00:00;19,190;7,500;2,000;75,000;8,000;8,983;1,000;3,000;

19189;2017.11.08 12:00:00;17,779;7,600;2,000;71,000;8,000;8,983;1,000;3,000;

19190;2017.11.08 13:00:00;17,724;7,600;2,000;69,000;8,000;8,983;1,000;3,000;

19191;2017.11.08 14:00:00;17,613;7,400;2,000;68,000;8,000;8,983;1,000;3,000;

19192;2017.11.08 15:00:00;17,668;7,100;2,000;70,000;8,000;8,983;1,000;3,000;

19193;2017.11.08 16:00:00;18,890;6,900;2,000;72,000;8,000;8,983;1,000;3,000;

19194;2017.11.08 17:00:00;21,279;6,600;2,000;74,000;8,000;8,983;1,000;3,000;

19195;2017.11.08 18:00:00;20,502;6,300;2,000;74,000;8,000;8,983;1,000;3,000;

19196;2017.11.08 19:00:00;20,002;6,000;2,000;76,000;8,000;8,983;1,000;3,000;

19197;2017.11.08 20:00:00;19,279;5,800;2,000;76,000;8,000;8,983;1,000;3,000;

19198;2017.11.08 21:00:00;20,168;5,500;2,000;76,000;8,000;8,983;1,000;3,000;

19199;2017.11.08 22:00:00;20,224;5,400;2,000;77,000;8,000;8,983;1,000;3,000;

19200;2017.11.08 23:00:00;17,557;5,300;2,000;77,000;8,000;8,983;1,000;3,000;

19201;2017.11.09 00:00:00;20,946;5,200;2,000;78,000;8,000;8,917;1,000;3,000;

19202;2017.11.09 01:00:00;19,502;5,200;2,000;79,000;8,000;8,917;1,000;3,000;

19203;2017.11.09 02:00:00;20,779;5,000;2,000;83,000;8,000;8,917;1,000;3,000;

19204;2017.11.09 03:00:00;20,279;4,700;2,000;84,000;8,000;8,917;1,000;3,000;

19205;2017.11.09 04:00:00;20,557;4,400;2,000;89,000;8,000;8,917;1,000;3,000;

19206;2017.11.09 05:00:00;20,835;4,400;1,000;90,000;8,000;8,917;1,000;3,000;

19207;2017.11.09 06:00:00;19,502;4,600;2,000;87,000;8,000;8,917;1,000;3,000;

19208;2017.11.09 07:00:00;18,557;4,600;2,000;87,000;8,000;8,917;1,000;3,000;

19209;2017.11.09 08:00:00;19,613;4,500;2,000;90,000;8,000;8,917;1,000;3,000;

19210;2017.11.09 09:00:00;19,668;4,600;2,000;87,000;8,000;8,917;1,000;3,000;

19211;2017.11.09 10:00:00;19,113;4,900;3,000;84,000;8,000;8,917;1,000;3,000;

19212;2017.11.09 11:00:00;18,557;5,200;3,000;81,000;8,000;8,917;1,000;3,000;

19213;2017.11.09 12:00:00;19,390;5,500;3,000;79,000;8,000;8,917;1,000;3,000;

19214;2017.11.09 13:00:00;19,335;5,500;3,000;81,000;8,000;8,917;1,000;3,000;

19215;2017.11.09 14:00:00;19,835;5,200;3,000;87,000;8,000;8,917;1,000;3,000;

19216;2017.11.09 15:00:00;19,224;5,300;2,000;89,000;8,000;8,917;1,000;3,000;

19217;2017.11.09 16:00:00;19,113;5,500;3,000;91,000;8,000;8,917;1,000;3,000;

19218;2017.11.09 17:00:00;19,613;5,700;3,000;92,000;8,000;8,917;1,000;3,000;

19219;2017.11.09 18:00:00;19,668;6,100;3,000;91,000;8,000;8,917;1,000;3,000;

19220;2017.11.09 19:00:00;20,224;6,400;4,000;88,000;8,000;8,917;1,000;3,000;

19221;2017.11.09 20:00:00;20,613;6,400;4,000;87,000;8,000;8,917;1,000;3,000;

19222;2017.11.09 21:00:00;19,168;6,400;5,000;86,000;8,000;8,917;1,000;3,000;

19223;2017.11.09 22:00:00;19,502;6,400;4,000;86,000;8,000;8,917;1,000;3,000;

19224;2017.11.09 23:00:00;16,501;6,500;4,000;87,000;8,000;8,917;1,000;3,000;

19225;2017.11.10 00:00:00;20,002;6,500;4,000;88,000;8,000;8,850;2,000;3,000;

19226;2017.11.10 01:00:00;18,946;6,300;4,000;93,000;8,000;8,850;2,000;3,000;

19227;2017.11.10 02:00:00;18,335;6,400;4,000;94,000;8,000;8,850;2,000;3,000;

19228;2017.11.10 03:00:00;19,002;6,500;4,000;95,000;8,000;8,850;2,000;3,000;

19229;2017.11.10 04:00:00;19,168;6,600;4,000;96,000;8,000;8,850;2,000;3,000;

19230;2017.11.10 05:00:00;18,613;6,700;3,000;96,000;8,000;8,850;2,000;3,000;

19231;2017.11.10 06:00:00;19,168;6,800;4,000;95,000;8,000;8,850;2,000;3,000;

19232;2017.11.10 07:00:00;18,946;6,600;3,000;94,000;7,000;8,850;2,000;3,000;

19233;2017.11.10 08:00:00;19,390;6,600;4,000;93,000;8,000;8,850;2,000;3,000;

19234;2017.11.10 09:00:00;18,668;7,100;3,000;91,000;8,000;8,850;2,000;3,000;

19235;2017.11.10 10:00:00;18,001;7,300;4,000;86,000;8,000;8,850;2,000;3,000;

19236;2017.11.10 11:00:00;18,390;7,300;5,000;85,000;8,000;8,850;2,000;3,000;

19237;2017.11.10 12:00:00;18,501;7,200;4,000;88,000;8,000;8,850;2,000;3,000;

19238;2017.11.10 13:00:00;17,779;7,300;4,000;90,000;8,000;8,850;2,000;3,000;

19239;2017.11.10 14:00:00;19,390;7,400;4,000;89,000;8,000;8,850;2,000;3,000;

19240;2017.11.10 15:00:00;18,946;7,300;4,000;88,000;7,000;8,850;2,000;3,000;

19241;2017.11.10 16:00:00;17,724;7,200;4,000;90,000;7,000;8,850;2,000;3,000;

19242;2017.11.10 17:00:00;18,335;7,100;5,000;89,000;8,000;8,850;2,000;3,000;

19243;2017.11.10 18:00:00;18,113;7,000;4,000;92,000;8,000;8,850;2,000;3,000;

19244;2017.11.10 19:00:00;19,390;6,000;7,000;90,000;8,000;8,850;2,000;3,000;

19245;2017.11.10 20:00:00;7,389;5,900;5,000;89,000;7,000;8,850;2,000;3,000;

19246;2017.11.10 21:00:00;9,279;5,900;5,000;89,000;6,000;8,850;2,000;3,000;

19247;2017.11.10 22:00:00;27,780;5,600;6,000;84,000;7,000;8,850;2,000;3,000;

19248;2017.11.10 23:00:00;18,835;5,200;6,000;85,000;7,000;8,850;2,000;3,000;

19249;2017.11.11 00:00:00;22,280;5,100;6,000;84,000;7,000;8,800;5,000;3,000;

19250;2017.11.11 01:00:00;21,279;5,100;7,000;85,000;7,000;8,800;5,000;3,000;

19251;2017.11.11 02:00:00;20,613;5,000;6,000;83,000;7,000;8,800;5,000;3,000;

19252;2017.11.11 03:00:00;21,446;4,200;6,000;83,000;6,000;8,800;5,000;3,000;

19253;2017.11.11 04:00:00;20,835;4,400;7,000;82,000;7,000;8,800;5,000;3,000;

19254;2017.11.11 05:00:00;21,057;4,400;7,000;83,000;8,000;8,800;5,000;3,000;

19255;2017.11.11 06:00:00;22,168;4,100;8,000;83,000;7,000;8,800;5,000;3,000;

19256;2017.11.11 07:00:00;22,224;4,200;8,000;84,000;7,000;8,800;5,000;3,000;

19257;2017.11.11 08:00:00;22,780;4,700;7,000;83,000;7,000;8,800;5,000;3,000;

19258;2017.11.11 09:00:00;23,557;5,500;8,000;80,000;7,000;8,800;5,000;3,000;

19259;2017.11.11 10:00:00;22,668;5,700;8,000;78,000;6,000;8,800;5,000;3,000;

19260;2017.11.11 11:00:00;22,002;5,500;8,000;77,000;6,000;8,800;5,000;3,000;

19261;2017.11.11 12:00:00;22,891;6,100;6,000;75,000;7,000;8,800;5,000;3,000;

19262;2017.11.11 13:00:00;21,279;6,400;8,000;72,000;7,000;8,800;5,000;3,000;

19263;2017.11.11 14:00:00;22,557;5,500;6,000;79,000;7,000;8,800;5,000;3,000;

19264;2017.11.11 15:00:00;24,946;4,300;4,000;87,000;7,000;8,800;5,000;3,000;

19265;2017.11.11 16:00:00;22,585;2,900;5,000;87,000;8,000;8,800;5,000;3,000;

19266;2017.11.11 17:00:00;23,613;4,400;5,000;86,000;8,000;8,800;5,000;3,000;

19267;2017.11.11 18:00:00;22,863;4,000;4,000;87,000;4,000;8,800;5,000;3,000;

19268;2017.11.11 19:00:00;22,391;3,600;4,000;89,000;2,000;8,800;5,000;3,000;

19269;2017.11.11 20:00:00;22,946;3,800;5,000;88,000;5,000;8,800;5,000;3,000;

19270;2017.11.11 21:00:00;22,280;3,900;4,000;88,000;8,000;8,800;5,000;3,000;

19271;2017.11.11 22:00:00;23,057;3,700;5,000;89,000;8,000;8,800;5,000;3,000;

19272;2017.11.11 23:00:00;19,390;3,700;5,000;91,000;8,000;8,800;5,000;3,000;

19273;2017.11.12 00:00:00;23,946;3,600;5,000;92,000;8,000;8,733;4,000;3,000;

19274;2017.11.12 01:00:00;22,113;3,800;5,000;91,000;7,000;8,733;4,000;3,000;

19275;2017.11.12 02:00:00;21,946;3,900;4,000;93,000;8,000;8,733;4,000;3,000;

19276;2017.11.12 03:00:00;21,946;3,500;5,000;92,000;2,000;8,733;4,000;3,000;

19277;2017.11.12 04:00:00;21,891;3,500;4,000;91,000;5,000;8,733;4,000;3,000;

19278;2017.11.12 05:00:00;22,002;3,200;4,000;90,000;2,000;8,733;4,000;3,000;

19279;2017.11.12 06:00:00;22,057;2,500;5,000;90,000;8,000;8,733;4,000;3,000;

19280;2017.11.12 07:00:00;22,946;2,800;5,000;89,000;7,000;8,733;4,000;3,000;

19281;2017.11.12 08:00:00;22,946;3,500;4,000;88,000;7,000;8,733;4,000;3,000;

19282;2017.11.12 09:00:00;22,057;4,100;5,000;86,000;5,000;8,733;4,000;3,000;

19283;2017.11.12 10:00:00;24,057;4,600;5,000;85,000;7,000;8,733;4,000;3,000;

19284;2017.11.12 11:00:00;22,502;5,800;5,000;83,000;4,000;8,733;4,000;3,000;

19285;2017.11.12 12:00:00;22,557;6,100;4,000;80,000;7,000;8,733;4,000;3,000;

19286;2017.11.12 13:00:00;21,446;5,900;5,000;81,000;8,000;8,733;4,000;3,000;

19287;2017.11.12 14:00:00;20,335;5,800;4,000;82,000;8,000;8,733;4,000;3,000;

19288;2017.11.12 15:00:00;21,835;5,200;3,000;85,000;8,000;8,733;4,000;3,000;

19289;2017.11.12 16:00:00;21,971;5,000;3,000;85,000;8,000;8,733;4,000;3,000;

19290;2017.11.12 17:00:00;20,477;4,800;3,000;84,000;8,000;8,733;4,000;3,000;

19291;2017.11.12 18:00:00;23,946;4,600;2,000;84,000;8,000;8,733;4,000;3,000;

19292;2017.11.12 19:00:00;22,835;4,100;2,000;87,000;8,000;8,733;4,000;3,000;

19293;2017.11.12 20:00:00;20,724;3,900;2,000;88,000;8,000;8,733;4,000;3,000;

19294;2017.11.12 21:00:00;20,502;4,100;2,000;88,000;8,000;8,733;4,000;3,000;

19295;2017.11.12 22:00:00;21,113;3,800;2,000;89,000;8,000;8,733;4,000;3,000;

19296;2017.11.12 23:00:00;19,002;3,500;2,000;90,000;8,000;8,733;4,000;3,000;

19297;2017.11.13 00:00:00;21,502;3,400;2,000;91,000;8,000;8,667;1,000;3,000;

19298;2017.11.13 01:00:00;20,557;3,500;2,000;91,000;7,000;8,667;1,000;3,000;

19299;2017.11.13 02:00:00;20,391;3,700;2,000;92,000;8,000;8,667;1,000;3,000;

19300;2017.11.13 03:00:00;21,002;3,800;2,000;92,000;8,000;8,667;1,000;3,000;

19301;2017.11.13 04:00:00;20,668;3,600;1,000;93,000;8,000;8,667;1,000;3,000;

19302;2017.11.13 05:00:00;20,279;3,700;2,000;94,000;8,000;8,667;1,000;3,000;

19303;2017.11.13 06:00:00;21,224;3,900;1,000;95,000;8,000;8,667;1,000;3,000;

19304;2017.11.13 07:00:00;20,057;3,800;1,000;94,000;8,000;8,667;1,000;3,000;

19305;2017.11.13 08:00:00;20,446;4,200;1,000;94,000;7,000;8,667;1,000;3,000;

19306;2017.11.13 09:00:00;20,113;4,700;2,000;94,000;7,000;8,667;1,000;3,000;

19307;2017.11.13 10:00:00;20,002;5,100;2,000;93,000;7,000;8,667;1,000;3,000;

19308;2017.11.13 11:00:00;18,094;6,600;3,000;91,000;6,000;8,667;1,000;3,000;

19309;2017.11.13 12:00:00;19,039;7,000;3,000;78,000;5,000;8,667;1,000;3,000;

19310;2017.11.13 13:00:00;18,807;6,600;4,000;76,000;5,000;8,667;1,000;3,000;

19311;2017.11.13 14:00:00;18,836;5,900;3,000;75,000;7,000;8,667;1,000;3,000;

19312;2017.11.13 15:00:00;20,139;5,000;3,000;74,000;5,000;8,667;1,000;3,000;

19313;2017.11.13 16:00:00;19,594;5,100;3,000;78,000;7,000;8,667;1,000;3,000;

19314;2017.11.13 17:00:00;20,854;4,500;3,000;77,000;6,000;8,667;1,000;3,000;

19315;2017.11.13 18:00:00;21,687;4,700;4,000;76,000;7,000;8,667;1,000;3,000;

19316;2017.11.13 19:00:00;21,928;4,500;3,000;76,000;7,000;8,667;1,000;3,000;

19317;2017.11.13 20:00:00;21,774;4,200;4,000;79,000;8,000;8,667;1,000;3,000;

19318;2017.11.13 21:00:00;21,304;3,900;2,000;82,000;8,000;8,667;1,000;3,000;

19319;2017.11.13 22:00:00;20,059;4,100;3,000;77,000;8,000;8,667;1,000;3,000;

19320;2017.11.13 23:00:00;18,555;4,000;3,000;77,000;8,000;8,667;1,000;3,000;

19321;2017.11.14 00:00:00;21,223;4,400;3,000;76,000;8,000;8,617;1,000;3,000;

19322;2017.11.14 01:00:00;19,514;4,100;4,000;73,000;7,000;8,617;1,000;3,000;

19323;2017.11.14 02:00:00;19,860;4,100;3,000;73,000;7,000;8,617;1,000;3,000;

19324;2017.11.14 03:00:00;19,920;4,000;2,000;74,000;7,000;8,617;1,000;3,000;

19325;2017.11.14 04:00:00;20,966;2,900;2,000;80,000;4,000;8,617;1,000;3,000;

19326;2017.11.14 05:00:00;21,751;1,800;2,000;84,000;0,000;8,617;1,000;3,000;

19327;2017.11.14 06:00:00;22,859;1,100;2,000;87,000;3,000;8,617;1,000;3,000;

19328;2017.11.14 07:00:00;22,859;1,300;3,000;90,000;2,000;8,617;1,000;3,000;

19329;2017.11.14 08:00:00;22,859;2,900;4,000;87,000;3,000;8,617;1,000;3,000;

19330;2017.11.14 09:00:00;21,279;3,800;4,000;84,000;4,000;8,617;1,000;3,000;

19331;2017.11.14 10:00:00;21,252;5,300;5,000;76,000;8,000;8,617;1,000;3,000;

19332;2017.11.14 11:00:00;21,099;5,800;4,000;76,000;8,000;8,617;1,000;3,000;

19333;2017.11.14 12:00:00;20,681;6,000;5,000;75,000;8,000;8,617;1,000;3,000;

19334;2017.11.14 13:00:00;20,681;6,100;4,000;75,000;8,000;8,617;1,000;3,000;

19335;2017.11.14 14:00:00;20,681;5,900;3,000;77,000;8,000;8,617;1,000;3,000;

19336;2017.11.14 15:00:00;20,681;5,400;4,000;82,000;8,000;8,617;1,000;3,000;

19337;2017.11.14 16:00:00;21,371;4,200;4,000;88,000;8,000;8,617;1,000;3,000;

19338;2017.11.14 17:00:00;23,659;4,000;5,000;90,000;8,000;8,617;1,000;3,000;

19339;2017.11.14 18:00:00;21,094;4,100;5,000;93,000;8,000;8,617;1,000;3,000;

19340;2017.11.14 19:00:00;21,227;4,700;5,000;94,000;8,000;8,617;1,000;3,000;

19341;2017.11.14 20:00:00;21,479;5,200;5,000;93,000;8,000;8,617;1,000;3,000;

19342;2017.11.14 21:00:00;21,537;5,800;4,000;94,000;8,000;8,617;1,000;3,000;

19343;2017.11.14 22:00:00;21,365;6,300;4,000;93,000;8,000;8,617;1,000;3,000;

19344;2017.11.14 23:00:00;19,563;7,000;5,000;91,000;8,000;8,617;1,000;3,000;

19345;2017.11.15 00:00:00;20,230;7,300;5,000;90,000;8,000;8,550;1,000;3,000;

19346;2017.11.15 01:00:00;19,289;7,400;5,000;91,000;8,000;8,550;1,000;3,000;

19347;2017.11.15 02:00:00;19,446;7,500;5,000;91,000;8,000;8,550;1,000;3,000;

19348;2017.11.15 03:00:00;20,029;7,400;5,000;91,000;8,000;8,550;1,000;3,000;

19349;2017.11.15 04:00:00;18,779;7,200;5,000;90,000;8,000;8,550;1,000;3,000;

19350;2017.11.15 05:00:00;19,426;7,000;5,000;90,000;8,000;8,550;1,000;3,000;

19351;2017.11.15 06:00:00;20,558;6,800;5,000;90,000;7,000;8,550;1,000;3,000;

19352;2017.11.15 07:00:00;18,182;6,300;3,000;91,000;7,000;8,550;1,000;3,000;

19353;2017.11.15 08:00:00;18,316;6,700;4,000;91,000;7,000;8,550;1,000;3,000;

19354;2017.11.15 09:00:00;18,775;7,100;4,000;90,000;8,000;8,550;1,000;3,000;

19355;2017.11.15 10:00:00;18,066;7,400;5,000;89,000;8,000;8,550;1,000;3,000;

19356;2017.11.15 11:00:00;18,464;7,400;4,000;87,000;8,000;8,550;1,000;3,000;

19357;2017.11.15 12:00:00;18,038;7,300;3,000;88,000;8,000;8,550;1,000;3,000;

19358;2017.11.15 13:00:00;18,340;7,200;4,000;87,000;8,000;8,550;1,000;3,000;

19359;2017.11.15 14:00:00;18,831;6,800;3,000;91,000;8,000;8,550;1,000;3,000;

19360;2017.11.15 15:00:00;21,592;6,800;3,000;93,000;8,000;8,550;1,000;3,000;

19361;2017.11.15 16:00:00;20,187;6,900;2,000;94,000;8,000;8,550;1,000;3,000;

19362;2017.11.15 17:00:00;21,113;6,900;2,000;94,000;8,000;8,550;1,000;3,000;

19363;2017.11.15 18:00:00;19,620;6,100;2,000;95,000;2,000;8,550;1,000;3,000;

19364;2017.11.15 19:00:00;20,093;6,200;3,000;95,000;4,000;8,550;1,000;3,000;

19365;2017.11.15 20:00:00;20,115;5,900;2,000;95,000;8,000;8,550;1,000;3,000;

19366;2017.11.15 21:00:00;20,114;5,800;2,000;96,000;8,000;8,550;1,000;3,000;

19367;2017.11.15 22:00:00;20,381;6,200;3,000;96,000;8,000;8,550;1,000;3,000;

19368;2017.11.15 23:00:00;19,815;6,200;2,000;94,000;8,000;8,550;1,000;3,000;

19369;2017.11.16 00:00:00;22,209;6,000;3,000;93,000;5,000;8,483;1,000;3,000;

19370;2017.11.16 01:00:00;21,247;5,200;2,000;94,000;7,000;8,483;1,000;3,000;

19371;2017.11.16 02:00:00;19,733;5,100;2,000;94,000;7,000;8,483;1,000;3,000;

19372;2017.11.16 03:00:00;19,542;5,600;2,000;94,000;7,000;8,483;1,000;3,000;

19373;2017.11.16 04:00:00;20,593;5,300;1,000;94,000;7,000;8,483;1,000;3,000;

19374;2017.11.16 05:00:00;22,133;4,900;1,000;96,000;9,000;8,483;1,000;3,000;

19375;2017.11.16 06:00:00;20,958;4,500;2,000;96,000;9,000;8,483;1,000;3,000;

19376;2017.11.16 07:00:00;20,464;4,500;2,000;97,000;9,000;8,483;1,000;3,000;

19377;2017.11.16 08:00:00;21,620;5,100;3,000;97,000;8,000;8,483;1,000;3,000;

19378;2017.11.16 09:00:00;19,020;5,700;3,000;97,000;8,000;8,483;1,000;3,000;

19379;2017.11.16 10:00:00;2,722;6,100;3,000;97,000;8,000;8,483;1,000;3,000;

19380;2017.11.16 11:00:00;2,963;6,200;3,000;97,000;8,000;8,483;1,000;3,000;

19381;2017.11.16 12:00:00;19,844;6,900;2,000;96,000;7,000;8,483;1,000;3,000;

19382;2017.11.16 13:00:00;19,725;7,500;3,000;89,000;8,000;8,483;1,000;3,000;

19383;2017.11.16 14:00:00;19,232;7,400;3,000;89,000;8,000;8,483;1,000;3,000;

19384;2017.11.16 15:00:00;21,335;6,800;2,000;92,000;8,000;8,483;1,000;3,000;

19385;2017.11.16 16:00:00;19,483;6,700;3,000;93,000;8,000;8,483;1,000;3,000;

19386;2017.11.16 17:00:00;20,176;7,100;3,000;94,000;8,000;8,483;1,000;3,000;

19387;2017.11.16 18:00:00;19,890;7,400;3,000;93,000;8,000;8,483;1,000;3,000;

19388;2017.11.16 19:00:00;19,920;7,500;3,000;92,000;8,000;8,483;1,000;3,000;

19389;2017.11.16 20:00:00;19,576;7,700;3,000;91,000;8,000;8,483;1,000;3,000;

19390;2017.11.16 21:00:00;19,983;8,000;4,000;88,000;8,000;8,483;1,000;3,000;

19391;2017.11.16 22:00:00;19,613;8,000;3,000;87,000;8,000;8,483;1,000;3,000;

19392;2017.11.16 23:00:00;17,446;7,800;4,000;87,000;8,000;8,483;1,000;3,000;

19393;2017.11.17 00:00:00;19,094;7,800;4,000;87,000;8,000;8,433;2,000;3,000;

19394;2017.11.17 01:00:00;19,150;7,500;3,000;87,000;8,000;8,433;2,000;3,000;

19395;2017.11.17 02:00:00;19,298;7,100;4,000;92,000;8,000;8,433;2,000;3,000;

19396;2017.11.17 03:00:00;19,039;7,100;4,000;94,000;8,000;8,433;2,000;3,000;

19397;2017.11.17 04:00:00;18,761;7,100;4,000;94,000;8,000;8,433;2,000;3,000;

19398;2017.11.17 05:00:00;19,427;7,300;3,000;93,000;8,000;8,433;2,000;3,000;

19399;2017.11.17 06:00:00;20,705;7,200;4,000;85,000;4,000;8,433;2,000;3,000;

19400;2017.11.17 07:00:00;19,574;6,600;4,000;80,000;3,000;8,433;2,000;3,000;

19401;2017.11.17 08:00:00;19,369;7,300;4,000;77,000;2,000;8,433;2,000;3,000;

19402;2017.11.17 09:00:00;20,376;7,900;4,000;74,000;3,000;8,433;2,000;3,000;

19403;2017.11.17 10:00:00;20,002;8,400;4,000;73,000;2,000;8,433;2,000;3,000;

19404;2017.11.17 11:00:00;19,261;8,100;6,000;73,000;5,000;8,433;2,000;3,000;

19405;2017.11.17 12:00:00;18,372;8,600;5,000;72,000;4,000;8,433;2,000;3,000;

19406;2017.11.17 13:00:00;19,594;7,900;5,000;74,000;4,000;8,433;2,000;3,000;

19407;2017.11.17 14:00:00;19,847;7,300;4,000;76,000;4,000;8,433;2,000;3,000;

19408;2017.11.17 15:00:00;20,274;6,900;3,000;80,000;4,000;8,433;2,000;3,000;

19409;2017.11.17 16:00:00;20,083;6,100;3,000;86,000;6,000;8,433;2,000;3,000;

19410;2017.11.17 17:00:00;22,131;5,700;3,000;88,000;5,000;8,433;2,000;3,000;

19411;2017.11.17 18:00:00;22,131;4,900;2,000;89,000;5,000;8,433;2,000;3,000;

19412;2017.11.17 19:00:00;22,131;4,100;3,000;90,000;1,000;8,433;2,000;3,000;

19413;2017.11.17 20:00:00;22,131;3,900;3,000;90,000;1,000;8,433;2,000;3,000;

19414;2017.11.17 21:00:00;21,711;3,800;3,000;88,000;1,000;8,433;2,000;3,000;

19415;2017.11.17 22:00:00;20,557;3,200;2,000;90,000;3,000;8,433;2,000;3,000;

19416;2017.11.17 23:00:00;21,187;4,100;4,000;90,000;8,000;8,433;2,000;3,000;

19417;2017.11.18 00:00:00;22,918;4,500;3,000;88,000;8,000;8,367;3,000;3,000;

19418;2017.11.18 01:00:00;22,585;4,900;3,000;86,000;8,000;8,367;3,000;3,000;

19419;2017.11.18 02:00:00;21,372;5,100;4,000;84,000;8,000;8,367;3,000;3,000;

19420;2017.11.18 03:00:00;21,409;4,900;4,000;84,000;8,000;8,367;3,000;3,000;

19421;2017.11.18 04:00:00;21,668;4,600;4,000;83,000;7,000;8,367;3,000;3,000;

19422;2017.11.18 05:00:00;22,520;3,900;4,000;85,000;3,000;8,367;3,000;3,000;

19423;2017.11.18 06:00:00;22,780;3,700;4,000;86,000;6,000;8,367;3,000;3,000;

19424;2017.11.18 07:00:00;22,854;4,100;5,000;83,000;7,000;8,367;3,000;3,000;

19425;2017.11.18 08:00:00;22,957;4,500;5,000;82,000;7,000;8,367;3,000;3,000;

19426;2017.11.18 09:00:00;22,752;4,600;5,000;78,000;7,000;8,367;3,000;3,000;

19427;2017.11.18 10:00:00;22,971;5,300;5,000;73,000;8,000;8,367;3,000;3,000;

19428;2017.11.18 11:00:00;22,846;5,700;6,000;69,000;8,000;8,367;3,000;3,000;

19429;2017.11.18 12:00:00;22,576;5,400;6,000;73,000;8,000;8,367;3,000;3,000;

19430;2017.11.18 13:00:00;22,057;5,400;6,000;74,000;8,000;8,367;3,000;3,000;

19431;2017.11.18 14:00:00;21,804;5,000;6,000;76,000;8,000;8,367;3,000;3,000;

19432;2017.11.18 15:00:00;23,706;4,400;5,000;82,000;8,000;8,367;3,000;3,000;

19433;2017.11.18 16:00:00;23,280;3,600;6,000;88,000;8,000;8,367;3,000;3,000;

19434;2017.11.18 17:00:00;23,150;3,500;5,000;91,000;8,000;8,367;3,000;3,000;

19435;2017.11.18 18:00:00;23,150;3,700;4,000;92,000;8,000;8,367;3,000;3,000;

19436;2017.11.18 19:00:00;23,059;3,900;5,000;90,000;7,000;8,367;3,000;3,000;

19437;2017.11.18 20:00:00;22,849;3,600;5,000;90,000;8,000;8,367;3,000;3,000;

19438;2017.11.18 21:00:00;22,849;3,600;5,000;90,000;7,000;8,367;3,000;3,000;

19439;2017.11.18 22:00:00;22,849;3,700;5,000;90,000;7,000;8,367;3,000;3,000;

19440;2017.11.18 23:00:00;23,236;3,900;6,000;89,000;8,000;8,367;3,000;3,000;

19441;2017.11.19 00:00:00;24,397;4,200;6,000;87,000;7,000;8,317;4,000;3,000;

19442;2017.11.19 01:00:00;24,397;4,200;7,000;86,000;7,000;8,317;4,000;3,000;

19443;2017.11.19 02:00:00;24,015;4,300;6,000;87,000;8,000;8,317;4,000;3,000;

19444;2017.11.19 03:00:00;22,965;4,500;5,000;85,000;8,000;8,317;4,000;3,000;

19445;2017.11.19 04:00:00;23,249;4,600;6,000;84,000;8,000;8,317;4,000;3,000;

19446;2017.11.19 05:00:00;21,418;4,400;6,000;85,000;8,000;8,317;4,000;3,000;

19447;2017.11.19 06:00:00;23,419;4,500;6,000;83,000;8,000;8,317;4,000;3,000;

19448;2017.11.19 07:00:00;22,539;4,400;6,000;83,000;8,000;8,317;4,000;3,000;

19449;2017.11.19 08:00:00;22,372;3,900;6,000;88,000;8,000;8,317;4,000;3,000;

19450;2017.11.19 09:00:00;23,116;3,900;6,000;90,000;8,000;8,317;4,000;3,000;

19451;2017.11.19 10:00:00;23,703;3,200;4,000;90,000;8,000;8,317;4,000;3,000;

19452;2017.11.19 11:00:00;24,926;4,500;7,000;89,000;8,000;8,317;4,000;3,000;

19453;2017.11.19 12:00:00;24,187;4,400;5,000;89,000;7,000;8,317;4,000;3,000;

19454;2017.11.19 13:00:00;23,548;4,500;6,000;90,000;8,000;8,317;4,000;3,000;

19455;2017.11.19 14:00:00;23,803;4,500;5,000;91,000;7,000;8,317;4,000;3,000;

19456;2017.11.19 15:00:00;27,065;4,500;6,000;88,000;8,000;8,317;4,000;3,000;

19457;2017.11.19 16:00:00;25,511;4,300;7,000;84,000;8,000;8,317;4,000;3,000;

19458;2017.11.19 17:00:00;26,039;3,600;6,000;88,000;8,000;8,317;4,000;3,000;

19459;2017.11.19 18:00:00;25,220;3,900;4,000;87,000;8,000;8,317;4,000;3,000;

19460;2017.11.19 19:00:00;24,719;4,300;4,000;82,000;8,000;8,317;4,000;3,000;

19461;2017.11.19 20:00:00;24,132;5,000;5,000;87,000;8,000;8,317;4,000;3,000;

19462;2017.11.19 21:00:00;22,736;5,000;7,000;90,000;8,000;8,317;4,000;3,000;

19463;2017.11.19 22:00:00;22,525;4,800;8,000;90,000;8,000;8,317;4,000;3,000;

19464;2017.11.19 23:00:00;21,381;4,600;8,000;87,000;8,000;8,317;4,000;3,000;

19465;2017.11.20 00:00:00;24,407;4,300;7,000;88,000;8,000;8,283;1,000;3,000;

19466;2017.11.20 01:00:00;23,554;4,100;8,000;87,000;8,000;8,283;1,000;3,000;

19467;2017.11.20 02:00:00;23,548;3,700;6,000;83,000;8,000;8,283;1,000;3,000;

19468;2017.11.20 03:00:00;24,733;3,000;5,000;80,000;7,000;8,283;1,000;3,000;

19469;2017.11.20 04:00:00;23,946;3,100;5,000;75,000;7,000;8,283;1,000;3,000;

19470;2017.11.20 05:00:00;23,703;3,700;5,000;76,000;7,000;8,283;1,000;3,000;

19471;2017.11.20 06:00:00;24,577;2,600;6,000;73,000;1,000;8,283;1,000;3,000;

19472;2017.11.20 07:00:00;24,096;2,400;5,000;71,000;0,000;8,283;1,000;3,000;

19473;2017.11.20 08:00:00;24,089;2,900;5,000;69,000;2,000;8,283;1,000;3,000;

19474;2017.11.20 09:00:00;26,360;4,100;5,000;73,000;2,000;8,283;1,000;3,000;

19475;2017.11.20 10:00:00;23,979;4,200;5,000;71,000;4,000;8,283;1,000;3,000;

19476;2017.11.20 11:00:00;25,680;4,400;4,000;72,000;4,000;8,283;1,000;3,000;

19477;2017.11.20 12:00:00;25,387;4,300;4,000;74,000;5,000;8,283;1,000;3,000;

19478;2017.11.20 13:00:00;24,715;5,000;4,000;73,000;6,000;8,283;1,000;3,000;

19479;2017.11.20 14:00:00;28,573;4,500;4,000;70,000;6,000;8,283;1,000;3,000;

19480;2017.11.20 15:00:00;28,641;3,300;2,000;72,000;3,000;8,283;1,000;3,000;

19481;2017.11.20 16:00:00;27,224;1,900;1,000;80,000;3,000;8,283;1,000;3,000;

19482;2017.11.20 17:00:00;27,013;0,700;1,000;87,000;3,000;8,283;1,000;3,000;

19483;2017.11.20 18:00:00;28,495;-0,100;1,000;92,000;0,000;8,283;1,000;3,000;

19484;2017.11.20 19:00:00;26,634;-0,700;2,000;94,000;9,000;8,283;1,000;3,000;

19485;2017.11.20 20:00:00;28,880;-1,100;2,000;95,000;9,000;8,283;1,000;3,000;

19486;2017.11.20 21:00:00;27,001;-1,300;2,000;96,000;9,000;8,283;1,000;3,000;

19487;2017.11.20 22:00:00;27,495;-1,500;2,000;96,000;9,000;8,283;1,000;3,000;

19488;2017.11.20 23:00:00;28,608;-1,200;2,000;96,000;9,000;8,283;1,000;3,000;

19489;2017.11.21 00:00:00;28,447;-1,200;3,000;96,000;8,000;8,217;1,000;3,000;

19490;2017.11.21 01:00:00;27,891;-1,000;3,000;96,000;8,000;8,217;1,000;3,000;

19491;2017.11.21 02:00:00;26,774;-0,600;3,000;96,000;8,000;8,217;1,000;3,000;

19492;2017.11.21 03:00:00;26,990;-0,300;3,000;97,000;8,000;8,217;1,000;3,000;

19493;2017.11.21 04:00:00;27,329;0,000;2,000;97,000;8,000;8,217;1,000;3,000;

19494;2017.11.21 05:00:00;27,027;0,400;2,000;97,000;8,000;8,217;1,000;3,000;

19495;2017.11.21 06:00:00;27,280;0,700;3,000;97,000;8,000;8,217;1,000;3,000;

19496;2017.11.21 07:00:00;25,403;1,100;2,000;97,000;8,000;8,217;1,000;3,000;

19497;2017.11.21 08:00:00;27,031;1,300;2,000;97,000;9,000;8,217;1,000;3,000;

19498;2017.11.21 09:00:00;26,922;1,600;3,000;97,000;8,000;8,217;1,000;3,000;

19499;2017.11.21 10:00:00;27,215;2,100;3,000;97,000;8,000;8,217;1,000;3,000;

19500;2017.11.21 11:00:00;25,127;2,500;3,000;97,000;8,000;8,217;1,000;3,000;

19501;2017.11.21 12:00:00;24,029;2,900;3,000;97,000;8,000;8,217;1,000;3,000;

19502;2017.11.21 13:00:00;25,864;3,200;2,000;97,000;8,000;8,217;1,000;3,000;

19503;2017.11.21 14:00:00;25,111;3,400;2,000;96,000;8,000;8,217;1,000;3,000;

19504;2017.11.21 15:00:00;25,905;3,600;1,000;94,000;8,000;8,217;1,000;3,000;

19505;2017.11.21 16:00:00;25,791;3,600;2,000;93,000;8,000;8,217;1,000;3,000;

19506;2017.11.21 17:00:00;26,077;3,600;2,000;93,000;8,000;8,217;1,000;3,000;

19507;2017.11.21 18:00:00;24,923;3,600;2,000;92,000;8,000;8,217;1,000;3,000;

19508;2017.11.21 19:00:00;25,141;3,500;2,000;92,000;8,000;8,217;1,000;3,000;

19509;2017.11.21 20:00:00;25,809;3,600;2,000;91,000;8,000;8,217;1,000;3,000;

19510;2017.11.21 21:00:00;24,427;3,500;2,000;91,000;8,000;8,217;1,000;3,000;

19511;2017.11.21 22:00:00;24,499;3,500;2,000;92,000;8,000;8,217;1,000;3,000;

19512;2017.11.21 23:00:00;21,317;3,500;2,000;92,000;8,000;8,217;1,000;3,000;

19513;2017.11.22 00:00:00;25,484;3,500;2,000;91,000;8,000;8,167;1,000;3,000;

19514;2017.11.22 01:00:00;24,317;3,500;2,000;90,000;8,000;8,167;1,000;3,000;

19515;2017.11.22 02:00:00;24,711;3,800;4,000;85,000;8,000;8,167;1,000;3,000;

19516;2017.11.22 03:00:00;23,721;3,800;4,000;85,000;8,000;8,167;1,000;3,000;

19517;2017.11.22 04:00:00;24,600;3,600;4,000;85,000;8,000;8,167;1,000;3,000;

19518;2017.11.22 05:00:00;25,328;3,300;5,000;89,000;8,000;8,167;1,000;3,000;

19519;2017.11.22 06:00:00;24,465;2,900;5,000;92,000;8,000;8,167;1,000;3,000;

19520;2017.11.22 07:00:00;24,724;3,000;5,000;92,000;8,000;8,167;1,000;3,000;

19521;2017.11.22 08:00:00;25,213;3,100;5,000;91,000;8,000;8,167;1,000;3,000;

19522;2017.11.22 09:00:00;24,720;3,300;6,000;92,000;8,000;8,167;1,000;3,000;

19523;2017.11.22 10:00:00;24,370;3,500;5,000;93,000;8,000;8,167;1,000;3,000;

19524;2017.11.22 11:00:00;23,344;3,800;5,000;95,000;8,000;8,167;1,000;3,000;

19525;2017.11.22 12:00:00;23,833;4,300;5,000;95,000;8,000;8,167;1,000;3,000;

19526;2017.11.22 13:00:00;23,834;5,000;4,000;95,000;8,000;8,167;1,000;3,000;

19527;2017.11.22 14:00:00;23,173;5,400;4,000;96,000;8,000;8,167;1,000;3,000;

19528;2017.11.22 15:00:00;25,024;5,800;3,000;96,000;8,000;8,167;1,000;3,000;

19529;2017.11.22 16:00:00;22,540;6,300;3,000;96,000;8,000;8,167;1,000;3,000;

19530;2017.11.22 17:00:00;21,810;7,100;3,000;97,000;8,000;8,167;1,000;3,000;

19531;2017.11.22 18:00:00;21,059;7,900;2,000;97,000;8,000;8,167;1,000;3,000;

19532;2017.11.22 19:00:00;19,149;8,400;3,000;97,000;8,000;8,167;1,000;3,000;

19533;2017.11.22 20:00:00;19,224;8,400;3,000;96,000;8,000;8,167;1,000;3,000;

19534;2017.11.22 21:00:00;19,205;8,500;3,000;96,000;8,000;8,167;1,000;3,000;

19535;2017.11.22 22:00:00;18,492;8,600;3,000;94,000;8,000;8,167;1,000;3,000;

19536;2017.11.22 23:00:00;15,964;8,100;4,000;92,000;0,000;8,167;1,000;3,000;

19537;2017.11.23 00:00:00;20,391;7,500;4,000;93,000;0,000;8,117;1,000;3,000;

19538;2017.11.23 01:00:00;19,566;6,800;4,000;94,000;0,000;8,117;1,000;3,000;

19539;2017.11.23 02:00:00;19,252;6,300;4,000;93,000;0,000;8,117;1,000;3,000;

19540;2017.11.23 03:00:00;20,242;6,200;4,000;92,000;0,000;8,117;1,000;3,000;

19541;2017.11.23 04:00:00;20,316;5,700;5,000;93,000;0,000;8,117;1,000;3,000;

19542;2017.11.23 05:00:00;21,909;5,500;4,000;92,000;0,000;8,117;1,000;3,000;

19543;2017.11.23 06:00:00;21,270;5,200;4,000;91,000;1,000;8,117;1,000;3,000;

19544;2017.11.23 07:00:00;22,030;5,200;5,000;89,000;5,000;8,117;1,000;3,000;

19545;2017.11.23 08:00:00;22,696;5,900;4,000;86,000;7,000;8,117;1,000;3,000;

19546;2017.11.23 09:00:00;22,983;7,400;5,000;77,000;6,000;8,117;1,000;3,000;

19547;2017.11.23 10:00:00;22,539;8,300;5,000;75,000;6,000;8,117;1,000;3,000;

19548;2017.11.23 11:00:00;21,029;9,600;5,000;70,000;6,000;8,117;1,000;3,000;

19549;2017.11.23 12:00:00;19,918;11,000;5,000;66,000;6,000;8,117;1,000;3,000;

19550;2017.11.23 13:00:00;19,326;10,900;5,000;65,000;7,000;8,117;1,000;3,000;

19551;2017.11.23 14:00:00;19,177;10,400;5,000;66,000;7,000;8,117;1,000;3,000;

19552;2017.11.23 15:00:00;20,428;10,200;5,000;68,000;7,000;8,117;1,000;3,000;

19553;2017.11.23 16:00:00;18,974;10,600;5,000;68,000;7,000;8,117;1,000;3,000;

19554;2017.11.23 17:00:00;18,131;10,500;4,000;68,000;5,000;8,117;1,000;3,000;

19555;2017.11.23 18:00:00;18,177;10,700;4,000;67,000;6,000;8,117;1,000;3,000;

19556;2017.11.23 19:00:00;17,261;10,500;3,000;68,000;2,000;8,117;1,000;3,000;

19557;2017.11.23 20:00:00;17,381;10,200;3,000;70,000;7,000;8,117;1,000;3,000;

19558;2017.11.23 21:00:00;16,668;10,100;3,000;72,000;7,000;8,117;1,000;3,000;

19559;2017.11.23 22:00:00;16,946;10,300;3,000;73,000;7,000;8,117;1,000;3,000;

19560;2017.11.23 23:00:00;14,853;10,100;3,000;74,000;0,000;8,117;1,000;3,000;

19561;2017.11.24 00:00:00;19,242;9,100;2,000;78,000;0,000;8,067;2,000;3,000;

19562;2017.11.24 01:00:00;17,816;8,700;2,000;81,000;7,000;8,067;2,000;3,000;

19563;2017.11.24 02:00:00;18,335;8,500;2,000;83,000;2,000;8,067;2,000;3,000;

19564;2017.11.24 03:00:00;17,381;7,600;1,000;86,000;0,000;8,067;2,000;3,000;

19565;2017.11.24 04:00:00;19,011;6,500;1,000;90,000;0,000;8,067;2,000;3,000;

19566;2017.11.24 05:00:00;19,289;5,700;2,000;93,000;7,000;8,067;2,000;3,000;

19567;2017.11.24 06:00:00;19,372;5,500;2,000;94,000;7,000;8,067;2,000;3,000;

19568;2017.11.24 07:00:00;20,002;5,600;3,000;94,000;7,000;8,067;2,000;3,000;

19569;2017.11.24 08:00:00;18,829;6,500;3,000;93,000;7,000;8,067;2,000;3,000;

19570;2017.11.24 09:00:00;19,702;7,200;2,000;91,000;7,000;8,067;2,000;3,000;

19571;2017.11.24 10:00:00;18,613;7,800;3,000;89,000;8,000;8,067;2,000;3,000;

19572;2017.11.24 11:00:00;18,094;8,300;4,000;88,000;8,000;8,067;2,000;3,000;

19573;2017.11.24 12:00:00;17,464;9,200;4,000;83,000;8,000;8,067;2,000;3,000;

19574;2017.11.24 13:00:00;18,511;9,100;1,000;85,000;8,000;8,067;2,000;3,000;

19575;2017.11.24 14:00:00;18,937;7,500;2,000;93,000;8,000;8,067;2,000;3,000;

19576;2017.11.24 15:00:00;19,260;6,300;2,000;95,000;8,000;8,067;2,000;3,000;

19577;2017.11.24 16:00:00;18,020;6,300;2,000;96,000;8,000;8,067;2,000;3,000;

19578;2017.11.24 17:00:00;20,002;6,400;2,000;96,000;8,000;8,067;2,000;3,000;

19579;2017.11.24 18:00:00;18,890;6,500;3,000;96,000;8,000;8,067;2,000;3,000;

19580;2017.11.24 19:00:00;19,483;6,300;3,000;95,000;8,000;8,067;2,000;3,000;

19581;2017.11.24 20:00:00;19,687;6,000;3,000;94,000;7,000;8,067;2,000;3,000;

19582;2017.11.24 21:00:00;19,261;5,500;3,000;91,000;4,000;8,067;2,000;3,000;

19583;2017.11.24 22:00:00;19,112;4,600;2,000;93,000;5,000;8,067;2,000;3,000;

19584;2017.11.24 23:00:00;17,038;4,500;3,000;95,000;8,000;8,067;2,000;3,000;

19585;2017.11.25 00:00:00;20,983;5,000;2,000;95,000;8,000;8,017;3,000;3,000;

19586;2017.11.25 01:00:00;19,881;4,600;2,000;94,000;8,000;8,017;3,000;3,000;

19587;2017.11.25 02:00:00;20,205;5,100;2,000;93,000;8,000;8,017;3,000;3,000;

19588;2017.11.25 03:00:00;20,437;5,100;2,000;92,000;8,000;8,017;3,000;3,000;

19589;2017.11.25 04:00:00;20,557;5,100;1,000;93,000;8,000;8,017;3,000;3,000;

19590;2017.11.25 05:00:00;20,955;5,000;1,000;92,000;8,000;8,017;3,000;3,000;

19591;2017.11.25 06:00:00;21,039;5,000;1,000;92,000;8,000;8,017;3,000;3,000;

19592;2017.11.25 07:00:00;21,113;4,700;2,000;93,000;7,000;8,017;3,000;3,000;

19593;2017.11.25 08:00:00;21,909;4,700;2,000;92,000;8,000;8,017;3,000;3,000;

19594;2017.11.25 09:00:00;21,900;5,000;2,000;90,000;8,000;8,017;3,000;3,000;

19595;2017.11.25 10:00:00;22,743;5,100;1,000;90,000;8,000;8,017;3,000;3,000;

19596;2017.11.25 11:00:00;22,104;5,000;1,000;93,000;8,000;8,017;3,000;3,000;

19597;2017.11.25 12:00:00;22,465;4,800;2,000;95,000;8,000;8,017;3,000;3,000;

19598;2017.11.25 13:00:00;20,752;4,700;1,000;96,000;8,000;8,017;3,000;3,000;

19599;2017.11.25 14:00:00;19,918;4,400;2,000;96,000;8,000;8,017;3,000;3,000;

19600;2017.11.25 15:00:00;21,909;3,800;2,000;94,000;8,000;8,017;3,000;3,000;

19601;2017.11.25 16:00:00;21,594;3,400;2,000;93,000;8,000;8,017;3,000;3,000;

19602;2017.11.25 17:00:00;22,502;3,100;2,000;93,000;8,000;8,017;3,000;3,000;

19603;2017.11.25 18:00:00;23,900;3,500;2,000;94,000;8,000;8,017;3,000;3,000;

19604;2017.11.25 19:00:00;25,632;3,700;5,000;91,000;8,000;8,017;3,000;3,000;

19605;2017.11.25 20:00:00;24,011;3,900;4,000;92,000;8,000;8,017;3,000;3,000;

19606;2017.11.25 21:00:00;24,326;4,200;3,000;92,000;8,000;8,017;3,000;3,000;

19607;2017.11.25 22:00:00;24,206;4,200;3,000;92,000;7,000;8,017;3,000;3,000;

19608;2017.11.25 23:00:00;21,122;4,100;2,000;92,000;8,000;8,017;3,000;3,000;

19609;2017.11.26 00:00:00;25,030;3,700;3,000;90,000;2,000;7,967;4,000;3,000;

19610;2017.11.26 01:00:00;23,854;3,200;2,000;93,000;2,000;7,967;4,000;3,000;

19611;2017.11.26 02:00:00;24,048;3,400;4,000;93,000;7,000;7,967;4,000;3,000;

19612;2017.11.26 03:00:00;23,613;2,900;4,000;91,000;0,000;7,967;4,000;3,000;

19613;2017.11.26 04:00:00;23,733;2,200;4,000;92,000;0,000;7,967;4,000;3,000;

19614;2017.11.26 05:00:00;24,446;2,700;3,000;92,000;7,000;7,967;4,000;3,000;

19615;2017.11.26 06:00:00;25,484;2,800;3,000;89,000;8,000;7,967;4,000;3,000;

19616;2017.11.26 07:00:00;24,761;2,700;4,000;88,000;8,000;7,967;4,000;3,000;

19617;2017.11.26 08:00:00;24,604;2,700;4,000;87,000;8,000;7,967;4,000;3,000;

19618;2017.11.26 09:00:00;24,326;2,600;3,000;87,000;8,000;7,967;4,000;3,000;

19619;2017.11.26 10:00:00;23,326;3,000;5,000;84,000;8,000;7,967;4,000;3,000;

19620;2017.11.26 11:00:00;22,030;3,300;5,000;83,000;8,000;7,967;4,000;3,000;

19621;2017.11.26 12:00:00;23,613;3,500;4,000;81,000;7,000;7,967;4,000;3,000;

19622;2017.11.26 13:00:00;22,344;3,400;4,000;79,000;8,000;7,967;4,000;3,000;

19623;2017.11.26 14:00:00;23,141;3,400;4,000;79,000;7,000;7,967;4,000;3,000;

19624;2017.11.26 15:00:00;24,613;3,200;4,000;80,000;7,000;7,967;4,000;3,000;

19625;2017.11.26 16:00:00;23,724;3,400;4,000;81,000;7,000;7,967;4,000;3,000;

19626;2017.11.26 17:00:00;22,900;3,600;4,000;81,000;8,000;7,967;4,000;3,000;

19627;2017.11.26 18:00:00;23,020;3,700;4,000;81,000;7,000;7,967;4,000;3,000;

19628;2017.11.26 19:00:00;23,830;3,900;3,000;81,000;7,000;7,967;4,000;3,000;

19629;2017.11.26 20:00:00;23,831;3,800;4,000;84,000;8,000;7,967;4,000;3,000;

19630;2017.11.26 21:00:00;23,289;3,800;4,000;87,000;8,000;7,967;4,000;3,000;

19631;2017.11.26 22:00:00;23,335;3,700;4,000;90,000;8,000;7,967;4,000;3,000;

19632;2017.11.26 23:00:00;20,372;3,900;4,000;92,000;8,000;7,967;4,000;3,000;

19633;2017.11.27 00:00:00;23,483;4,000;5,000;90,000;7,000;7,917;1,000;3,000;

19634;2017.11.27 01:00:00;22,298;4,000;4,000;89,000;6,000;7,917;1,000;3,000;

19635;2017.11.27 02:00:00;22,502;4,100;5,000;89,000;8,000;7,917;1,000;3,000;

19636;2017.11.27 03:00:00;22,381;4,100;4,000;89,000;8,000;7,917;1,000;3,000;

19637;2017.11.27 04:00:00;22,344;3,900;4,000;90,000;8,000;7,917;1,000;3,000;

19638;2017.11.27 05:00:00;21,668;4,100;4,000;90,000;8,000;7,917;1,000;3,000;

19639;2017.11.27 06:00:00;21,946;4,200;4,000;89,000;8,000;7,917;1,000;3,000;

19640;2017.11.27 07:00:00;21,909;4,200;4,000;87,000;8,000;7,917;1,000;3,000;

19641;2017.11.27 08:00:00;21,983;4,400;4,000;83,000;8,000;7,917;1,000;3,000;

19642;2017.11.27 09:00:00;23,382;4,500;4,000;81,000;8,000;7,917;1,000;3,000;

19643;2017.11.27 10:00:00;22,696;4,600;5,000;78,000;7,000;7,917;1,000;3,000;

19644;2017.11.27 11:00:00;22,696;4,900;5,000;75,000;7,000;7,917;1,000;3,000;

19645;2017.11.27 12:00:00;20,715;4,800;5,000;72,000;4,000;7,917;1,000;3,000;

19646;2017.11.27 13:00:00;20,483;4,600;4,000;74,000;7,000;7,917;1,000;3,000;

19647;2017.11.27 14:00:00;23,974;4,300;5,000;73,000;7,000;7,917;1,000;3,000;

19648;2017.11.27 15:00:00;21,150;4,100;5,000;77,000;7,000;7,917;1,000;3,000;

19649;2017.11.27 16:00:00;21,511;4,000;5,000;78,000;8,000;7,917;1,000;3,000;

19650;2017.11.27 17:00:00;22,937;4,200;6,000;75,000;8,000;7,917;1,000;3,000;

19651;2017.11.27 18:00:00;22,104;4,300;6,000;74,000;8,000;7,917;1,000;3,000;

19652;2017.11.27 19:00:00;22,622;4,200;6,000;75,000;8,000;7,917;1,000;3,000;

19653;2017.11.27 20:00:00;22,817;3,700;6,000;81,000;8,000;7,917;1,000;3,000;

19654;2017.11.27 21:00:00;22,502;3,500;6,000;84,000;8,000;7,917;1,000;3,000;

19655;2017.11.27 22:00:00;10,556;3,300;5,000;87,000;8,000;7,917;1,000;3,000;

19656;2017.11.27 23:00:00;3,009;3,200;6,000;89,000;8,000;7,917;1,000;3,000;

19657;2017.11.28 00:00:00;1,148;3,000;5,000;90,000;8,000;7,883;1,000;3,000;

19658;2017.11.28 01:00:00;18,826;3,100;5,000;91,000;8,000;7,883;1,000;3,000;

19659;2017.11.28 02:00:00;28,336;3,100;4,000;91,000;8,000;7,883;1,000;3,000;

19660;2017.11.28 03:00:00;23,807;3,300;5,000;92,000;8,000;7,883;1,000;3,000;

19661;2017.11.28 04:00:00;23,539;3,700;4,000;93,000;8,000;7,883;1,000;3,000;

19662;2017.11.28 05:00:00;23,057;4,300;4,000;93,000;8,000;7,883;1,000;3,000;

19663;2017.11.28 06:00:00;22,215;4,900;4,000;92,000;8,000;7,883;1,000;3,000;

19664;2017.11.28 07:00:00;21,354;5,100;4,000;92,000;8,000;7,883;1,000;3,000;

19665;2017.11.28 08:00:00;21,886;5,100;3,000;91,000;8,000;7,883;1,000;3,000;

19666;2017.11.28 09:00:00;21,404;5,300;4,000;88,000;7,000;7,883;1,000;3,000;

19667;2017.11.28 10:00:00;20,326;5,500;4,000;83,000;6,000;7,883;1,000;3,000;

19668;2017.11.28 11:00:00;22,141;5,800;4,000;83,000;7,000;7,883;1,000;3,000;

19669;2017.11.28 12:00:00;21,039;6,000;4,000;82,000;7,000;7,883;1,000;3,000;

19670;2017.11.28 13:00:00;20,316;6,100;4,000;81,000;7,000;7,883;1,000;3,000;

19671;2017.11.28 14:00:00;20,641;6,100;4,000;80,000;7,000;7,883;1,000;3,000;

19672;2017.11.28 15:00:00;21,381;5,900;4,000;80,000;8,000;7,883;1,000;3,000;

19673;2017.11.28 16:00:00;20,400;5,800;4,000;81,000;8,000;7,883;1,000;3,000;

19674;2017.11.28 17:00:00;20,603;5,400;3,000;84,000;8,000;7,883;1,000;3,000;

19675;2017.11.28 18:00:00;22,150;5,400;4,000;84,000;8,000;7,883;1,000;3,000;

19676;2017.11.28 19:00:00;22,261;5,400;4,000;83,000;8,000;7,883;1,000;3,000;

19677;2017.11.28 20:00:00;22,067;5,400;4,000;83,000;8,000;7,883;1,000;3,000;

19678;2017.11.28 21:00:00;21,659;5,400;3,000;82,000;8,000;7,883;1,000;3,000;

19679;2017.11.28 22:00:00;20,715;5,300;3,000;82,000;8,000;7,883;1,000;3,000;

19680;2017.11.28 23:00:00;18,501;5,300;4,000;82,000;8,000;7,883;1,000;3,000;

19681;2017.11.29 00:00:00;22,298;5,200;4,000;82,000;8,000;7,833;1,000;3,000;

19682;2017.11.29 01:00:00;21,233;5,100;3,000;81,000;8,000;7,833;1,000;3,000;

19683;2017.11.29 02:00:00;21,270;4,900;3,000;82,000;8,000;7,833;1,000;3,000;

19684;2017.11.29 03:00:00;21,113;4,600;4,000;82,000;8,000;7,833;1,000;3,000;

19685;2017.11.29 04:00:00;21,159;3,800;3,000;83,000;0,000;7,833;1,000;3,000;

19686;2017.11.29 05:00:00;23,020;3,200;4,000;86,000;0,000;7,833;1,000;3,000;

19687;2017.11.29 06:00:00;22,863;2,800;3,000;87,000;2,000;7,833;1,000;3,000;

19688;2017.11.29 07:00:00;23,965;2,000;3,000;90,000;2,000;7,833;1,000;3,000;

19689;2017.11.29 08:00:00;24,011;2,400;2,000;90,000;1,000;7,833;1,000;3,000;

19690;2017.11.29 09:00:00;24,132;3,400;4,000;87,000;3,000;7,833;1,000;3,000;

19691;2017.11.29 10:00:00;22,418;4,400;4,000;82,000;6,000;7,833;1,000;3,000;

19692;2017.11.29 11:00:00;22,104;5,100;4,000;79,000;4,000;7,833;1,000;3,000;

19693;2017.11.29 12:00:00;22,298;5,000;4,000;78,000;2,000;7,833;1,000;3,000;

19694;2017.11.29 13:00:00;21,668;5,000;3,000;78,000;2,000;7,833;1,000;3,000;

19695;2017.11.29 14:00:00;21,113;4,500;3,000;80,000;4,000;7,833;1,000;3,000;

19696;2017.11.29 15:00:00;24,132;3,500;2,000;83,000;3,000;7,833;1,000;3,000;

19697;2017.11.29 16:00:00;22,909;2,300;2,000;87,000;2,000;7,833;1,000;3,000;

19698;2017.11.29 17:00:00;26,947;1,500;2,000;90,000;0,000;7,833;1,000;3,000;

19699;2017.11.29 18:00:00;25,798;0,900;3,000;92,000;0,000;7,833;1,000;3,000;

19700;2017.11.29 19:00:00;25,872;0,400;2,000;94,000;0,000;7,833;1,000;3,000;

19701;2017.11.29 20:00:00;28,336;0,100;2,000;95,000;9,000;7,833;1,000;3,000;

19702;2017.11.29 21:00:00;26,150;0,400;2,000;96,000;5,000;7,833;1,000;3,000;

19703;2017.11.29 22:00:00;25,872;0,600;2,000;96,000;6,000;7,833;1,000;3,000;

19704;2017.11.29 23:00:00;22,511;0,500;1,000;95,000;3,000;7,833;1,000;3,000;

19705;2017.11.30 00:00:00;26,261;-0,100;2,000;95,000;3,000;7,800;1,000;3,000;

19706;2017.11.30 01:00:00;25,835;-0,200;2,000;95,000;7,000;7,800;1,000;3,000;

19707;2017.11.30 02:00:00;25,798;0,000;2,000;95,000;7,000;7,800;1,000;3,000;

19708;2017.11.30 03:00:00;25,993;-0,300;3,000;95,000;8,000;7,800;1,000;3,000;

19709;2017.11.30 04:00:00;26,317;-0,500;3,000;95,000;7,000;7,800;1,000;3,000;

19710;2017.11.30 05:00:00;25,835;-0,700;3,000;94,000;8,000;7,800;1,000;3,000;

19711;2017.11.30 06:00:00;25,835;-0,700;3,000;95,000;6,000;7,800;1,000;3,000;

19712;2017.11.30 07:00:00;27,715;-0,800;3,000;94,000;3,000;7,800;1,000;3,000;

19713;2017.11.30 08:00:00;29,265;-0,600;2,000;94,000;2,000;7,800;1,000;3,000;

19714;2017.11.30 09:00:00;27,313;0,200;3,000;91,000;1,000;7,800;1,000;3,000;

19715;2017.11.30 10:00:00;26,669;1,400;3,000;88,000;1,000;7,800;1,000;3,000;

19716;2017.11.30 11:00:00;26,558;0,200;3,000;91,000;7,000;7,800;1,000;3,000;

19717;2017.11.30 12:00:00;25,224;0,400;3,000;94,000;8,000;7,800;1,000;3,000;

19718;2017.11.30 13:00:00;25,613;0,200;3,000;94,000;8,000;7,800;1,000;3,000;

19719;2017.11.30 14:00:00;28,891;-0,100;2,000;94,000;8,000;7,800;1,000;3,000;

19720;2017.11.30 15:00:00;26,669;-0,300;1,000;95,000;8,000;7,800;1,000;3,000;

19721;2017.11.30 16:00:00;27,613;-0,100;1,000;95,000;8,000;7,800;1,000;3,000;

19722;2017.11.30 17:00:00;26,169;-0,300;0,000;96,000;8,000;7,800;1,000;3,000;

19723;2017.11.30 18:00:00;26,502;-0,300;1,000;96,000;8,000;7,800;1,000;3,000;

19724;2017.11.30 19:00:00;27,002;-0,400;2,000;96,000;8,000;7,800;1,000;3,000;

19725;2017.11.30 20:00:00;27,235;-0,500;1,000;96,000;8,000;7,800;1,000;3,000;

19726;2017.11.30 21:00:00;25,992;-0,500;2,000;96,000;8,000;7,800;1,000;3,000;

19727;2017.11.30 22:00:00;25,558;-0,400;1,000;96,000;8,000;7,800;1,000;3,000;

19728;2017.11.30 23:00:00;24,502;0,000;3,000;96,000;7,000;7,800;1,000;3,000;

19729;2017.12.01 00:00:00;26,669;0,500;2,000;97,000;8,000;7,767;2,000;4,000;

19730;2017.12.01 01:00:00;25,947;0,900;4,000;97,000;8,000;7,767;2,000;4,000;

19731;2017.12.01 02:00:00;25,446;1,400;4,000;97,000;8,000;7,767;2,000;4,000;

19732;2017.12.01 03:00:00;25,947;2,600;3,000;96,000;8,000;7,767;2,000;4,000;

19733;2017.12.01 04:00:00;26,502;3,200;3,000;95,000;8,000;7,767;2,000;4,000;

19734;2017.12.01 05:00:00;25,613;3,900;4,000;93,000;8,000;7,767;2,000;4,000;

19735;2017.12.01 06:00:00;25,558;3,400;2,000;92,000;8,000;7,767;2,000;4,000;

19736;2017.12.01 07:00:00;25,502;3,800;3,000;87,000;8,000;7,767;2,000;4,000;

19737;2017.12.01 08:00:00;26,256;4,900;4,000;85,000;7,000;7,767;2,000;4,000;

19738;2017.12.01 09:00:00;25,730;5,100;4,000;84,000;7,000;7,767;2,000;4,000;

19739;2017.12.01 10:00:00;24,632;5,100;4,000;82,000;7,000;7,767;2,000;4,000;

19740;2017.12.01 11:00:00;24,817;5,100;4,000;80,000;8,000;7,767;2,000;4,000;

19741;2017.12.01 12:00:00;25,095;5,100;5,000;79,000;7,000;7,767;2,000;4,000;

19742;2017.12.01 13:00:00;24,169;5,000;5,000;78,000;7,000;7,767;2,000;4,000;

19743;2017.12.01 14:00:00;22,780;4,500;3,000;80,000;7,000;7,767;2,000;4,000;

19744;2017.12.01 15:00:00;24,909;4,500;4,000;81,000;7,000;7,767;2,000;4,000;

19745;2017.12.01 16:00:00;22,780;4,500;4,000;78,000;7,000;7,767;2,000;4,000;

19746;2017.12.01 17:00:00;24,076;4,200;4,000;83,000;7,000;7,767;2,000;4,000;

19747;2017.12.01 18:00:00;23,844;4,300;3,000;77,000;8,000;7,767;2,000;4,000;

19748;2017.12.01 19:00:00;24,493;4,100;3,000;75,000;7,000;7,767;2,000;4,000;

19749;2017.12.01 20:00:00;23,983;3,900;2,000;80,000;7,000;7,767;2,000;4,000;

19750;2017.12.01 21:00:00;23,706;3,600;3,000;83,000;7,000;7,767;2,000;4,000;

19751;2017.12.01 22:00:00;23,706;2,800;3,000;86,000;5,000;7,767;2,000;4,000;

19752;2017.12.01 23:00:00;22,224;3,300;2,000;86,000;7,000;7,767;2,000;4,000;

19753;2017.12.02 00:00:00;25,928;3,400;2,000;83,000;8,000;7,717;3,000;4,000;

19754;2017.12.02 01:00:00;24,817;2,800;2,000;88,000;7,000;7,717;3,000;4,000;

19755;2017.12.02 02:00:00;24,539;3,000;3,000;88,000;8,000;7,717;3,000;4,000;

19756;2017.12.02 03:00:00;24,724;2,700;2,000;90,000;8,000;7,717;3,000;4,000;

19757;2017.12.02 04:00:00;23,891;2,300;2,000;91,000;8,000;7,717;3,000;4,000;

19758;2017.12.02 05:00:00;24,354;2,100;2,000;92,000;2,000;7,717;3,000;4,000;

19759;2017.12.02 06:00:00;24,817;2,000;2,000;93,000;7,000;7,717;3,000;4,000;

19760;2017.12.02 07:00:00;25,650;2,200;1,000;92,000;8,000;7,717;3,000;4,000;

19761;2017.12.02 08:00:00;25,465;2,600;2,000;90,000;7,000;7,717;3,000;4,000;

19762;2017.12.02 09:00:00;26,021;3,100;1,000;89,000;4,000;7,717;3,000;4,000;

19763;2017.12.02 10:00:00;24,724;4,000;3,000;83,000;5,000;7,717;3,000;4,000;

19764;2017.12.02 11:00:00;24,539;3,700;3,000;83,000;7,000;7,717;3,000;4,000;

19765;2017.12.02 12:00:00;25,002;3,300;2,000;88,000;7,000;7,717;3,000;4,000;

19766;2017.12.02 13:00:00;23,243;3,400;3,000;86,000;7,000;7,717;3,000;4,000;

19767;2017.12.02 14:00:00;24,724;3,200;2,000;87,000;8,000;7,717;3,000;4,000;

19768;2017.12.02 15:00:00;27,224;3,000;3,000;83,000;8,000;7,717;3,000;4,000;

19769;2017.12.02 16:00:00;26,113;2,600;2,000;83,000;7,000;7,717;3,000;4,000;

19770;2017.12.02 17:00:00;25,928;2,500;2,000;79,000;7,000;7,717;3,000;4,000;

19771;2017.12.02 18:00:00;23,520;2,300;2,000;80,000;7,000;7,717;3,000;4,000;

19772;2017.12.02 19:00:00;24,354;2,100;2,000;77,000;7,000;7,717;3,000;4,000;

19773;2017.12.02 20:00:00;23,520;1,900;2,000;75,000;7,000;7,717;3,000;4,000;

19774;2017.12.02 21:00:00;27,965;1,700;2,000;79,000;7,000;7,717;3,000;4,000;

19775;2017.12.02 22:00:00;25,002;1,300;2,000;82,000;7,000;7,717;3,000;4,000;

19776;2017.12.02 23:00:00;23,428;0,700;2,000;88,000;5,000;7,717;3,000;4,000;

19777;2017.12.03 00:00:00;27,317;0,500;2,000;91,000;0,000;7,683;4,000;4,000;

19778;2017.12.03 01:00:00;25,650;0,000;2,000;90,000;0,000;7,683;4,000;4,000;

19779;2017.12.03 02:00:00;27,502;-0,300;2,000;91,000;7,000;7,683;4,000;4,000;

19780;2017.12.03 03:00:00;26,947;0,100;5,000;89,000;7,000;7,683;4,000;4,000;

19781;2017.12.03 04:00:00;26,854;-0,300;3,000;88,000;4,000;7,683;4,000;4,000;

19782;2017.12.03 05:00:00;27,410;-0,300;3,000;86,000;1,000;7,683;4,000;4,000;

19783;2017.12.03 06:00:00;27,687;-0,200;4,000;87,000;7,000;7,683;4,000;4,000;

19784;2017.12.03 07:00:00;29,262;-0,100;4,000;85,000;6,000;7,683;4,000;4,000;

19785;2017.12.03 08:00:00;30,373;-0,100;5,000;84,000;1,000;7,683;4,000;4,000;

19786;2017.12.03 09:00:00;29,262;0,700;5,000;80,000;2,000;7,683;4,000;4,000;

19787;2017.12.03 10:00:00;28,058;1,300;5,000;79,000;4,000;7,683;4,000;4,000;

19788;2017.12.03 11:00:00;27,224;1,400;6,000;77,000;5,000;7,683;4,000;4,000;

19789;2017.12.03 12:00:00;26,669;1,500;6,000;73,000;6,000;7,683;4,000;4,000;

19790;2017.12.03 13:00:00;25,743;1,500;5,000;74,000;7,000;7,683;4,000;4,000;

19791;2017.12.03 14:00:00;28,706;1,600;5,000;75,000;7,000;7,683;4,000;4,000;

19792;2017.12.03 15:00:00;28,243;1,600;6,000;75,000;8,000;7,683;4,000;4,000;

19793;2017.12.03 16:00:00;27,873;1,500;5,000;75,000;8,000;7,683;4,000;4,000;

19794;2017.12.03 17:00:00;29,910;0,800;6,000;81,000;8,000;7,683;4,000;4,000;

19795;2017.12.03 18:00:00;26,391;0,400;4,000;87,000;8,000;7,683;4,000;4,000;

19796;2017.12.03 19:00:00;27,317;0,600;5,000;89,000;8,000;7,683;4,000;4,000;

19797;2017.12.03 20:00:00;27,734;0,900;5,000;90,000;8,000;7,683;4,000;4,000;

19798;2017.12.03 21:00:00;26,788;1,100;4,000;92,000;8,000;7,683;4,000;4,000;

19799;2017.12.03 22:00:00;26,503;1,400;5,000;94,000;8,000;7,683;4,000;4,000;

19800;2017.12.03 23:00:00;23,613;2,000;4,000;93,000;8,000;7,683;4,000;4,000;

19801;2017.12.04 00:00:00;26,391;2,600;4,000;93,000;7,000;7,650;1,000;4,000;

19802;2017.12.04 01:00:00;25,187;2,900;4,000;93,000;8,000;7,650;1,000;4,000;

19803;2017.12.04 02:00:00;24,909;2,700;3,000;92,000;7,000;7,650;1,000;4,000;

19804;2017.12.04 03:00:00;25,095;4,800;5,000;83,000;7,000;7,650;1,000;4,000;

19805;2017.12.04 04:00:00;25,465;4,900;4,000;74,000;7,000;7,650;1,000;4,000;

19806;2017.12.04 05:00:00;23,891;4,500;5,000;69,000;1,000;7,650;1,000;4,000;

19807;2017.12.04 06:00:00;23,520;4,000;4,000;72,000;1,000;7,650;1,000;4,000;

19808;2017.12.04 07:00:00;23,706;3,600;3,000;72,000;1,000;7,650;1,000;4,000;

19809;2017.12.04 08:00:00;24,261;3,800;4,000;79,000;0,000;7,650;1,000;4,000;

19810;2017.12.04 09:00:00;23,798;4,700;4,000;78,000;1,000;7,650;1,000;4,000;

19811;2017.12.04 10:00:00;23,613;5,200;5,000;81,000;1,000;7,650;1,000;4,000;

19812;2017.12.04 11:00:00;23,150;5,400;5,000;78,000;0,000;7,650;1,000;4,000;

19813;2017.12.04 12:00:00;22,131;5,600;5,000;72,000;0,000;7,650;1,000;4,000;

19814;2017.12.04 13:00:00;21,483;5,300;5,000;71,000;0,000;7,650;1,000;4,000;

19815;2017.12.04 14:00:00;23,268;4,800;4,000;72,000;0,000;7,650;1,000;4,000;

19816;2017.12.04 15:00:00;23,958;4,200;4,000;70,000;0,000;7,650;1,000;4,000;

19817;2017.12.04 16:00:00;24,446;3,200;3,000;74,000;0,000;7,650;1,000;4,000;

19818;2017.12.04 17:00:00;26,391;3,600;2,000;75,000;0,000;7,650;1,000;4,000;

19819;2017.12.04 18:00:00;24,446;3,200;2,000;82,000;0,000;7,650;1,000;4,000;

19820;2017.12.04 19:00:00;26,113;4,500;4,000;80,000;7,000;7,650;1,000;4,000;

19821;2017.12.04 20:00:00;25,650;4,300;3,000;79,000;5,000;7,650;1,000;4,000;

19822;2017.12.04 21:00:00;24,076;4,100;3,000;82,000;5,000;7,650;1,000;4,000;

19823;2017.12.04 22:00:00;23,706;4,500;3,000;78,000;7,000;7,650;1,000;4,000;

19824;2017.12.04 23:00:00;21,668;3,800;3,000;79,000;1,000;7,650;1,000;4,000;

19825;2017.12.05 00:00:00;24,446;2,400;2,000;83,000;4,000;7,617;1,000;4,000;

19826;2017.12.05 01:00:00;23,243;3,200;3,000;85,000;5,000;7,617;1,000;4,000;

19827;2017.12.05 02:00:00;23,706;2,800;3,000;86,000;3,000;7,617;1,000;4,000;

19828;2017.12.05 03:00:00;23,983;2,600;3,000;92,000;6,000;7,617;1,000;4,000;

19829;2017.12.05 04:00:00;24,909;1,900;4,000;93,000;4,000;7,617;1,000;4,000;

19830;2017.12.05 05:00:00;24,909;1,400;3,000;93,000;6,000;7,617;1,000;4,000;

19831;2017.12.05 06:00:00;24,817;1,100;2,000;94,000;7,000;7,617;1,000;4,000;

19832;2017.12.05 07:00:00;24,632;1,800;4,000;93,000;8,000;7,617;1,000;4,000;

19833;2017.12.05 08:00:00;25,835;2,200;4,000;94,000;8,000;7,617;1,000;4,000;

19834;2017.12.05 09:00:00;23,057;2,800;3,000;95,000;8,000;7,617;1,000;4,000;

19835;2017.12.05 10:00:00;23,613;4,900;4,000;96,000;8,000;7,617;1,000;4,000;

19836;2017.12.05 11:00:00;23,428;6,600;7,000;96,000;8,000;7,617;1,000;4,000;

19837;2017.12.05 12:00:00;22,872;6,700;7,000;95,000;8,000;7,617;1,000;4,000;

19838;2017.12.05 13:00:00;22,150;6,700;7,000;95,000;8,000;7,617;1,000;4,000;

19839;2017.12.05 14:00:00;24,724;6,800;7,000;95,000;8,000;7,617;1,000;4,000;

19840;2017.12.05 15:00:00;22,780;7,100;8,000;92,000;8,000;7,617;1,000;4,000;

19841;2017.12.05 16:00:00;23,280;7,000;8,000;90,000;8,000;7,617;1,000;4,000;

19842;2017.12.05 17:00:00;23,057;7,000;8,000;92,000;8,000;7,617;1,000;4,000;

19843;2017.12.05 18:00:00;23,113;6,900;8,000;93,000;8,000;7,617;1,000;4,000;

19844;2017.12.05 19:00:00;23,335;7,100;9,000;93,000;8,000;7,617;1,000;4,000;

19845;2017.12.05 20:00:00;22,724;7,100;9,000;93,000;8,000;7,617;1,000;4,000;

19846;2017.12.05 21:00:00;22,002;7,100;10,000;93,000;8,000;7,617;1,000;4,000;

19847;2017.12.05 22:00:00;22,113;7,300;9,000;90,000;8,000;7,617;1,000;4,000;

19848;2017.12.05 23:00:00;18,168;7,200;9,000;90,000;8,000;7,617;1,000;4,000;

19849;2017.12.06 00:00:00;22,002;6,800;8,000;94,000;8,000;7,583;1,000;4,000;

19850;2017.12.06 01:00:00;21,113;6,600;8,000;95,000;8,000;7,583;1,000;4,000;

19851;2017.12.06 02:00:00;21,113;6,900;9,000;93,000;8,000;7,583;1,000;4,000;

19852;2017.12.06 03:00:00;21,002;6,700;8,000;92,000;8,000;7,583;1,000;4,000;

19853;2017.12.06 04:00:00;21,613;6,700;8,000;92,000;8,000;7,583;1,000;4,000;

19854;2017.12.06 05:00:00;22,668;6,800;8,000;91,000;8,000;7,583;1,000;4,000;

19855;2017.12.06 06:00:00;21,668;6,700;7,000;90,000;8,000;7,583;1,000;4,000;

19856;2017.12.06 07:00:00;21,557;6,700;8,000;89,000;8,000;7,583;1,000;4,000;

19857;2017.12.06 08:00:00;21,668;6,700;8,000;89,000;8,000;7,583;1,000;4,000;

19858;2017.12.06 09:00:00;21,279;6,500;8,000;92,000;8,000;7,583;1,000;4,000;

19859;2017.12.06 10:00:00;22,465;6,400;7,000;93,000;8,000;7,583;1,000;4,000;

19860;2017.12.06 11:00:00;23,983;6,500;7,000;93,000;8,000;7,583;1,000;4,000;

19861;2017.12.06 12:00:00;23,983;6,500;7,000;93,000;8,000;7,583;1,000;4,000;

19862;2017.12.06 13:00:00;24,169;6,400;7,000;93,000;8,000;7,583;1,000;4,000;

19863;2017.12.06 14:00:00;22,965;6,500;9,000;94,000;8,000;7,583;1,000;4,000;

19864;2017.12.06 15:00:00;26,021;6,800;9,000;94,000;8,000;7,583;1,000;4,000;

19865;2017.12.06 16:00:00;22,872;6,900;8,000;94,000;8,000;7,583;1,000;4,000;

19866;2017.12.06 17:00:00;24,539;6,800;9,000;94,000;8,000;7,583;1,000;4,000;

19867;2017.12.06 18:00:00;22,965;6,800;8,000;94,000;8,000;7,583;1,000;4,000;

19868;2017.12.06 19:00:00;23,057;7,100;8,000;93,000;8,000;7,583;1,000;4,000;

19869;2017.12.06 20:00:00;22,224;7,400;8,000;88,000;8,000;7,583;1,000;4,000;

19870;2017.12.06 21:00:00;20,928;7,500;7,000;86,000;8,000;7,583;1,000;4,000;

19871;2017.12.06 22:00:00;21,391;7,600;7,000;85,000;8,000;7,583;1,000;4,000;

19872;2017.12.06 23:00:00;18,890;7,700;7,000;80,000;8,000;7,583;1,000;4,000;

19873;2017.12.07 00:00:00;21,854;7,500;6,000;80,000;8,000;7,550;1,000;4,000;

19874;2017.12.07 01:00:00;21,113;7,400;6,000;79,000;8,000;7,550;1,000;4,000;

19875;2017.12.07 02:00:00;20,835;7,300;6,000;79,000;8,000;7,550;1,000;4,000;

19876;2017.12.07 03:00:00;21,020;7,400;6,000;76,000;8,000;7,550;1,000;4,000;

19877;2017.12.07 04:00:00;20,928;7,300;5,000;76,000;8,000;7,550;1,000;4,000;

19878;2017.12.07 05:00:00;21,298;7,100;5,000;77,000;8,000;7,550;1,000;4,000;

19879;2017.12.07 06:00:00;20,650;7,200;5,000;76,000;8,000;7,550;1,000;4,000;

19880;2017.12.07 07:00:00;20,650;6,900;5,000;78,000;8,000;7,550;1,000;4,000;

19881;2017.12.07 08:00:00;21,576;6,900;5,000;76,000;8,000;7,550;1,000;4,000;

19882;2017.12.07 09:00:00;21,391;6,800;5,000;75,000;8,000;7,550;1,000;4,000;

19883;2017.12.07 10:00:00;21,391;6,700;5,000;71,000;8,000;7,550;1,000;4,000;

19884;2017.12.07 11:00:00;21,668;6,500;6,000;70,000;8,000;7,550;1,000;4,000;

19885;2017.12.07 12:00:00;22,780;6,300;5,000;70,000;8,000;7,550;1,000;4,000;

19886;2017.12.07 13:00:00;21,391;6,100;5,000;70,000;8,000;7,550;1,000;4,000;

19887;2017.12.07 14:00:00;23,335;5,900;5,000;70,000;8,000;7,550;1,000;4,000;

19888;2017.12.07 15:00:00;25,465;5,200;4,000;74,000;8,000;7,550;1,000;4,000;

19889;2017.12.07 16:00:00;24,446;4,900;5,000;74,000;8,000;7,550;1,000;4,000;

19890;2017.12.07 17:00:00;22,780;4,800;5,000;74,000;8,000;7,550;1,000;4,000;

19891;2017.12.07 18:00:00;23,613;4,800;5,000;75,000;8,000;7,550;1,000;4,000;

19892;2017.12.07 19:00:00;23,798;4,600;6,000;78,000;8,000;7,550;1,000;4,000;

19893;2017.12.07 20:00:00;23,150;5,100;5,000;77,000;8,000;7,550;1,000;4,000;

19894;2017.12.07 21:00:00;22,502;5,400;4,000;77,000;8,000;7,550;1,000;4,000;

19895;2017.12.07 22:00:00;22,780;4,900;5,000;81,000;8,000;7,550;1,000;4,000;

19896;2017.12.07 23:00:00;20,465;4,600;6,000;84,000;8,000;7,550;1,000;4,000;

19897;2017.12.08 00:00:00;23,798;4,400;5,000;88,000;8,000;7,533;2,000;4,000;

19898;2017.12.08 01:00:00;22,502;4,300;5,000;93,000;8,000;7,533;2,000;4,000;

19899;2017.12.08 02:00:00;23,057;4,400;5,000;92,000;8,000;7,533;2,000;4,000;

19900;2017.12.08 03:00:00;23,428;4,500;5,000;92,000;8,000;7,533;2,000;4,000;

19901;2017.12.08 04:00:00;22,872;4,800;4,000;93,000;8,000;7,533;2,000;4,000;

19902;2017.12.08 05:00:00;23,243;5,200;5,000;93,000;8,000;7,533;2,000;4,000;

19903;2017.12.08 06:00:00;22,594;5,300;4,000;92,000;8,000;7,533;2,000;4,000;

19904;2017.12.08 07:00:00;22,594;5,400;4,000;91,000;8,000;7,533;2,000;4,000;

19905;2017.12.08 08:00:00;22,260;5,600;4,000;90,000;7,000;7,533;2,000;4,000;

19906;2017.12.08 09:00:00;22,096;5,600;4,000;87,000;6,000;7,533;2,000;4,000;

19907;2017.12.08 10:00:00;21,761;5,700;4,000;83,000;5,000;7,533;2,000;4,000;

19908;2017.12.08 11:00:00;21,516;4,300;4,000;86,000;7,000;7,533;2,000;4,000;

19909;2017.12.08 12:00:00;22,562;5,300;4,000;82,000;7,000;7,533;2,000;4,000;

19910;2017.12.08 13:00:00;21,391;4,100;4,000;87,000;7,000;7,533;2,000;4,000;

19911;2017.12.08 14:00:00;21,946;3,000;5,000;85,000;7,000;7,533;2,000;4,000;

19912;2017.12.08 15:00:00;25,835;2,500;4,000;91,000;7,000;7,533;2,000;4,000;

19913;2017.12.08 16:00:00;23,520;3,000;3,000;88,000;7,000;7,533;2,000;4,000;

19914;2017.12.08 17:00:00;23,613;3,200;5,000;87,000;7,000;7,533;2,000;4,000;

19915;2017.12.08 18:00:00;25,743;2,900;5,000;88,000;8,000;7,533;2,000;4,000;

19916;2017.12.08 19:00:00;25,176;2,100;5,000;90,000;8,000;7,533;2,000;4,000;

19917;2017.12.08 20:00:00;26,257;1,300;5,000;91,000;8,000;7,533;2,000;4,000;

19918;2017.12.08 21:00:00;27,092;0,900;4,000;93,000;8,000;7,533;2,000;4,000;

19919;2017.12.08 22:00:00;25,650;1,400;4,000;93,000;8,000;7,533;2,000;4,000;

19920;2017.12.08 23:00:00;22,409;1,400;4,000;92,000;7,000;7,533;2,000;4,000;

19921;2017.12.09 00:00:00;26,669;1,700;4,000;92,000;8,000;7,500;3,000;4,000;

19922;2017.12.09 01:00:00;25,002;1,900;5,000;88,000;8,000;7,500;3,000;4,000;

19923;2017.12.09 02:00:00;25,002;1,500;5,000;83,000;8,000;7,500;3,000;4,000;

19924;2017.12.09 03:00:00;25,835;1,200;6,000;78,000;8,000;7,500;3,000;4,000;

19925;2017.12.09 04:00:00;26,206;1,100;5,000;79,000;8,000;7,500;3,000;4,000;

19926;2017.12.09 05:00:00;26,298;0,900;4,000;80,000;8,000;7,500;3,000;4,000;

19927;2017.12.09 06:00:00;26,298;0,600;5,000;78,000;3,000;7,500;3,000;4,000;

19928;2017.12.09 07:00:00;26,507;0,600;5,000;78,000;4,000;7,500;3,000;4,000;

19929;2017.12.09 08:00:00;28,035;0,900;6,000;78,000;7,000;7,500;3,000;4,000;

19930;2017.12.09 09:00:00;26,113;1,100;4,000;79,000;7,000;7,500;3,000;4,000;

19931;2017.12.09 10:00:00;27,410;1,600;4,000;78,000;8,000;7,500;3,000;4,000;

19932;2017.12.09 11:00:00;27,410;1,800;4,000;79,000;8,000;7,500;3,000;4,000;

19933;2017.12.09 12:00:00;26,576;1,600;5,000;83,000;8,000;7,500;3,000;4,000;

19934;2017.12.09 13:00:00;26,484;1,200;4,000;89,000;8,000;7,500;3,000;4,000;

19935;2017.12.09 14:00:00;26,484;1,000;3,000;93,000;8,000;7,500;3,000;4,000;

19936;2017.12.09 15:00:00;30,188;1,200;4,000;94,000;8,000;7,500;3,000;4,000;

19937;2017.12.09 16:00:00;28,799;1,500;4,000;94,000;8,000;7,500;3,000;4,000;

19938;2017.12.09 17:00:00;27,780;1,900;4,000;93,000;8,000;7,500;3,000;4,000;

19939;2017.12.09 18:00:00;26,947;2,000;4,000;92,000;7,000;7,500;3,000;4,000;

19940;2017.12.09 19:00:00;28,706;2,000;5,000;89,000;7,000;7,500;3,000;4,000;

19941;2017.12.09 20:00:00;29,910;2,400;5,000;85,000;7,000;7,500;3,000;4,000;

19942;2017.12.09 21:00:00;30,280;2,100;6,000;84,000;7,000;7,500;3,000;4,000;

19943;2017.12.09 22:00:00;29,539;2,200;5,000;83,000;7,000;7,500;3,000;4,000;

19944;2017.12.09 23:00:00;24,446;2,000;5,000;84,000;7,000;7,500;3,000;4,000;

19945;2017.12.10 00:00:00;28,428;1,800;4,000;82,000;7,000;7,467;4,000;4,000;

19946;2017.12.10 01:00:00;25,743;1,800;4,000;81,000;7,000;7,467;4,000;4,000;

19947;2017.12.10 02:00:00;25,465;1,900;4,000;82,000;7,000;7,467;4,000;4,000;

19948;2017.12.10 03:00:00;25,280;1,800;5,000;80,000;8,000;7,467;4,000;4,000;

19949;2017.12.10 04:00:00;25,465;1,800;4,000;83,000;8,000;7,467;4,000;4,000;

19950;2017.12.10 05:00:00;25,743;1,800;4,000;79,000;8,000;7,467;4,000;4,000;

19951;2017.12.10 06:00:00;27,224;1,700;5,000;78,000;8,000;7,467;4,000;4,000;

19952;2017.12.10 07:00:00;26,761;0,900;5,000;77,000;5,000;7,467;4,000;4,000;

19953;2017.12.10 08:00:00;28,243;0,400;3,000;80,000;4,000;7,467;4,000;4,000;

19954;2017.12.10 09:00:00;29,632;0,900;4,000;80,000;7,000;7,467;4,000;4,000;

19955;2017.12.10 10:00:00;29,910;1,200;5,000;72,000;4,000;7,467;4,000;4,000;

19956;2017.12.10 11:00:00;28,984;0,600;5,000;77,000;7,000;7,467;4,000;4,000;

19957;2017.12.10 12:00:00;28,521;0,200;4,000;82,000;8,000;7,467;4,000;4,000;

19958;2017.12.10 13:00:00;29,632;0,400;3,000;79,000;8,000;7,467;4,000;4,000;

19959;2017.12.10 14:00:00;27,595;0,500;4,000;77,000;7,000;7,467;4,000;4,000;

19960;2017.12.10 15:00:00;30,651;-0,300;3,000;75,000;5,000;7,467;4,000;4,000;

19961;2017.12.10 16:00:00;30,928;-0,500;4,000;77,000;8,000;7,467;4,000;4,000;

19962;2017.12.10 17:00:00;29,725;-0,400;5,000;74,000;8,000;7,467;4,000;4,000;

19963;2017.12.10 18:00:00;29,910;-0,200;4,000;72,000;8,000;7,467;4,000;4,000;

19964;2017.12.10 19:00:00;28,428;-0,200;4,000;70,000;8,000;7,467;4,000;4,000;

19965;2017.12.10 20:00:00;28,243;-0,300;4,000;73,000;8,000;7,467;4,000;4,000;

19966;2017.12.10 21:00:00;27,224;-0,200;4,000;72,000;8,000;7,467;4,000;4,000;

19967;2017.12.10 22:00:00;28,243;-1,100;3,000;84,000;8,000;7,467;4,000;4,000;

19968;2017.12.10 23:00:00;25,558;-1,400;3,000;89,000;8,000;7,467;4,000;4,000;

19969;2017.12.11 00:00:00;27,502;-1,500;3,000;89,000;8,000;7,450;1,000;4,000;

19970;2017.12.11 01:00:00;27,595;-1,200;3,000;88,000;8,000;7,450;1,000;4,000;

19971;2017.12.11 02:00:00;27,687;-0,700;3,000;87,000;8,000;7,450;1,000;4,000;

19972;2017.12.11 03:00:00;26,761;-0,300;3,000;87,000;8,000;7,450;1,000;4,000;

19973;2017.12.11 04:00:00;26,391;-0,100;3,000;90,000;8,000;7,450;1,000;4,000;

19974;2017.12.11 05:00:00;26,947;0,300;3,000;94,000;8,000;7,450;1,000;4,000;

19975;2017.12.11 06:00:00;28,243;0,600;3,000;94,000;8,000;7,450;1,000;4,000;

19976;2017.12.11 07:00:00;26,021;1,200;3,000;94,000;8,000;7,450;1,000;4,000;

19977;2017.12.11 08:00:00;26,854;1,700;3,000;94,000;7,000;7,450;1,000;4,000;

19978;2017.12.11 09:00:00;24,632;2,200;3,000;94,000;8,000;7,450;1,000;4,000;

19979;2017.12.11 10:00:00;25,743;2,600;3,000;93,000;8,000;7,450;1,000;4,000;

19980;2017.12.11 11:00:00;24,446;2,800;3,000;92,000;8,000;7,450;1,000;4,000;

19981;2017.12.11 12:00:00;24,632;2,800;2,000;90,000;8,000;7,450;1,000;4,000;

19982;2017.12.11 13:00:00;25,187;2,900;2,000;88,000;8,000;7,450;1,000;4,000;

19983;2017.12.11 14:00:00;26,947;2,800;1,000;88,000;8,000;7,450;1,000;4,000;

19984;2017.12.11 15:00:00;26,113;2,500;2,000;90,000;8,000;7,450;1,000;4,000;

19985;2017.12.11 16:00:00;27,780;2,500;3,000;91,000;8,000;7,450;1,000;4,000;

19986;2017.12.11 17:00:00;27,873;2,700;4,000;91,000;8,000;7,450;1,000;4,000;

19987;2017.12.11 18:00:00;27,410;3,300;4,000;90,000;8,000;7,450;1,000;4,000;

19988;2017.12.11 19:00:00;25,743;3,900;4,000;90,000;8,000;7,450;1,000;4,000;

19989;2017.12.11 20:00:00;24,261;4,100;3,000;91,000;8,000;7,450;1,000;4,000;

19990;2017.12.11 21:00:00;23,706;4,500;4,000;92,000;8,000;7,450;1,000;4,000;

19991;2017.12.11 22:00:00;23,983;5,100;4,000;91,000;8,000;7,450;1,000;4,000;

19992;2017.12.11 23:00:00;21,391;5,000;4,000;91,000;8,000;7,450;1,000;4,000;

19993;2017.12.12 00:00:00;24,446;5,100;4,000;92,000;8,000;7,433;1,000;4,000;

19994;2017.12.12 01:00:00;23,057;5,400;3,000;91,000;8,000;7,433;1,000;4,000;

19995;2017.12.12 02:00:00;23,150;5,300;3,000;93,000;8,000;7,433;1,000;4,000;

19996;2017.12.12 03:00:00;22,965;5,400;3,000;94,000;8,000;7,433;1,000;4,000;

19997;2017.12.12 04:00:00;22,872;5,500;3,000;94,000;8,000;7,433;1,000;4,000;

19998;2017.12.12 05:00:00;22,317;5,700;3,000;94,000;8,000;7,433;1,000;4,000;

19999;2017.12.12 06:00:00;23,798;6,600;4,000;90,000;8,000;7,433;1,000;4,000;

20000;2017.12.12 07:00:00;22,409;6,600;4,000;88,000;8,000;7,433;1,000;4,000;

20001;2017.12.12 08:00:00;23,150;6,800;5,000;85,000;7,000;7,433;1,000;4,000;

20002;2017.12.12 09:00:00;21,020;7,300;6,000;81,000;8,000;7,433;1,000;4,000;

20003;2017.12.12 10:00:00;21,391;7,300;6,000;81,000;8,000;7,433;1,000;4,000;

20004;2017.12.12 11:00:00;20,557;7,500;6,000;78,000;8,000;7,433;1,000;4,000;

20005;2017.12.12 12:00:00;20,835;6,700;10,000;76,000;7,000;7,433;1,000;4,000;

20006;2017.12.12 13:00:00;22,780;3,900;8,000;87,000;8,000;7,433;1,000;4,000;

20007;2017.12.12 14:00:00;24,113;3,000;6,000;89,000;8,000;7,433;1,000;4,000;

20008;2017.12.12 15:00:00;27,558;2,600;6,000;90,000;8,000;7,433;1,000;4,000;

20009;2017.12.12 16:00:00;25,391;1,900;6,000;91,000;8,000;7,433;1,000;4,000;

20010;2017.12.12 17:00:00;26,224;1,700;7,000;91,000;8,000;7,433;1,000;4,000;

20011;2017.12.12 18:00:00;26,169;1,400;6,000;92,000;8,000;7,433;1,000;4,000;

20012;2017.12.12 19:00:00;27,336;0,700;5,000;94,000;8,000;7,433;1,000;4,000;

20013;2017.12.12 20:00:00;26,335;0,900;4,000;94,000;8,000;7,433;1,000;4,000;

20014;2017.12.12 21:00:00;27,280;1,600;6,000;93,000;8,000;7,433;1,000;4,000;

20015;2017.12.12 22:00:00;26,224;1,900;6,000;90,000;7,000;7,433;1,000;4,000;

20016;2017.12.12 23:00:00;14,452;1,500;4,000;88,000;4,000;7,433;1,000;4,000;

20017;2017.12.13 00:00:00;3,316;1,100;5,000;89,000;7,000;7,417;1,000;4,000;

20018;2017.12.13 01:00:00;1,234;0,800;5,000;90,000;1,000;7,417;1,000;4,000;

20019;2017.12.13 02:00:00;0,222;0,700;4,000;90,000;8,000;7,417;1,000;4,000;

20020;2017.12.13 03:00:00;0,000;0,600;5,000;90,000;8,000;7,417;1,000;4,000;

20021;2017.12.13 04:00:00;12,334;0,900;6,000;90,000;8,000;7,417;1,000;4,000;

20022;2017.12.13 05:00:00;36,892;1,200;5,000;88,000;7,000;7,417;1,000;4,000;

20023;2017.12.13 06:00:00;29,669;1,500;5,000;84,000;8,000;7,417;1,000;4,000;

20024;2017.12.13 07:00:00;28,558;1,800;4,000;81,000;8,000;7,417;1,000;4,000;

20025;2017.12.13 08:00:00;26,613;1,900;5,000;80,000;8,000;7,417;1,000;4,000;

20026;2017.12.13 09:00:00;25,835;2,000;5,000;76,000;5,000;7,417;1,000;4,000;

20027;2017.12.13 10:00:00;26,002;2,000;4,000;77,000;5,000;7,417;1,000;4,000;

20028;2017.12.13 11:00:00;25,512;2,700;5,000;75,000;5,000;7,417;1,000;4,000;

20029;2017.12.13 12:00:00;25,937;2,900;5,000;74,000;6,000;7,417;1,000;4,000;

20030;2017.12.13 13:00:00;25,900;2,500;5,000;73,000;5,000;7,417;1,000;4,000;

20031;2017.12.13 14:00:00;29,430;2,300;6,000;71,000;4,000;7,417;1,000;4,000;

20032;2017.12.13 15:00:00;27,870;1,700;5,000;74,000;3,000;7,417;1,000;4,000;

20033;2017.12.13 16:00:00;27,406;1,600;5,000;73,000;2,000;7,417;1,000;4,000;

20034;2017.12.13 17:00:00;29,460;1,400;6,000;74,000;0,000;7,417;1,000;4,000;

20035;2017.12.13 18:00:00;30,054;1,500;6,000;72,000;3,000;7,417;1,000;4,000;

20036;2017.12.13 19:00:00;28,328;1,700;6,000;70,000;5,000;7,417;1,000;4,000;

20037;2017.12.13 20:00:00;28,680;1,900;6,000;69,000;8,000;7,417;1,000;4,000;

20038;2017.12.13 21:00:00;27,780;2,000;6,000;67,000;8,000;7,417;1,000;4,000;

20039;2017.12.13 22:00:00;25,835;2,200;6,000;65,000;8,000;7,417;1,000;4,000;

20040;2017.12.13 23:00:00;23,428;2,300;7,000;65,000;8,000;7,417;1,000;4,000;

20041;2017.12.14 00:00:00;27,132;1,800;6,000;73,000;8,000;7,400;1,000;4,000;

20042;2017.12.14 01:00:00;25,650;1,000;6,000;84,000;8,000;7,400;1,000;4,000;

20043;2017.12.14 02:00:00;25,650;1,300;5,000;84,000;8,000;7,400;1,000;4,000;

20044;2017.12.14 03:00:00;25,280;1,700;5,000;82,000;8,000;7,400;1,000;4,000;

20045;2017.12.14 04:00:00;25,928;1,900;6,000;76,000;8,000;7,400;1,000;4,000;

20046;2017.12.14 05:00:00;25,928;1,100;7,000;82,000;8,000;7,400;1,000;4,000;

20047;2017.12.14 06:00:00;27,410;0,600;5,000;90,000;8,000;7,400;1,000;4,000;

20048;2017.12.14 07:00:00;29,817;0,700;5,000;93,000;8,000;7,400;1,000;4,000;

20049;2017.12.14 08:00:00;29,076;1,900;5,000;92,000;8,000;7,400;1,000;4,000;

20050;2017.12.14 09:00:00;27,595;3,200;5,000;91,000;8,000;7,400;1,000;4,000;

20051;2017.12.14 10:00:00;27,039;4,000;6,000;86,000;4,000;7,400;1,000;4,000;

20052;2017.12.14 11:00:00;26,876;4,100;6,000;82,000;5,000;7,400;1,000;4,000;

20053;2017.12.14 12:00:00;25,496;4,300;6,000;81,000;8,000;7,400;1,000;4,000;

20054;2017.12.14 13:00:00;24,856;4,400;4,000;79,000;8,000;7,400;1,000;4,000;

20055;2017.12.14 14:00:00;26,669;4,300;4,000;79,000;8,000;7,400;1,000;4,000;

20056;2017.12.14 15:00:00;26,669;4,100;4,000;80,000;8,000;7,400;1,000;4,000;

20057;2017.12.14 16:00:00;25,150;3,900;5,000;81,000;8,000;7,400;1,000;4,000;

20058;2017.12.14 17:00:00;27,076;3,600;6,000;84,000;8,000;7,400;1,000;4,000;

20059;2017.12.14 18:00:00;26,298;3,300;5,000;87,000;8,000;7,400;1,000;4,000;

20060;2017.12.14 19:00:00;26,391;3,100;4,000;82,000;7,000;7,400;1,000;4,000;

20061;2017.12.14 20:00:00;25,187;2,300;4,000;82,000;3,000;7,400;1,000;4,000;

20062;2017.12.14 21:00:00;25,372;2,000;4,000;87,000;7,000;7,400;1,000;4,000;

20063;2017.12.14 22:00:00;25,650;2,200;4,000;87,000;8,000;7,400;1,000;4,000;

20064;2017.12.14 23:00:00;23,983;2,300;4,000;86,000;8,000;7,400;1,000;4,000;

20065;2017.12.15 00:00:00;25,558;2,400;5,000;86,000;8,000;7,383;2,000;4,000;

20066;2017.12.15 01:00:00;24,539;2,200;5,000;85,000;8,000;7,383;2,000;4,000;

20067;2017.12.15 02:00:00;25,002;2,000;4,000;84,000;8,000;7,383;2,000;4,000;

20068;2017.12.15 03:00:00;25,095;2,000;4,000;83,000;7,000;7,383;2,000;4,000;

20069;2017.12.15 04:00:00;24,446;1,800;3,000;84,000;8,000;7,383;2,000;4,000;

20070;2017.12.15 05:00:00;25,650;1,700;3,000;86,000;8,000;7,383;2,000;4,000;

20071;2017.12.15 06:00:00;24,632;1,800;3,000;88,000;8,000;7,383;2,000;4,000;

20072;2017.12.15 07:00:00;26,021;2,200;3,000;87,000;8,000;7,383;2,000;4,000;

20073;2017.12.15 08:00:00;24,682;2,200;3,000;86,000;7,000;7,383;2,000;4,000;

20074;2017.12.15 09:00:00;23,062;2,300;3,000;87,000;7,000;7,383;2,000;4,000;

20075;2017.12.15 10:00:00;24,113;2,900;3,000;85,000;7,000;7,383;2,000;4,000;

20076;2017.12.15 11:00:00;23,780;3,500;3,000;79,000;7,000;7,383;2,000;4,000;

20077;2017.12.15 12:00:00;23,418;3,400;3,000;78,000;7,000;7,383;2,000;4,000;

20078;2017.12.15 13:00:00;23,424;3,700;2,000;77,000;4,000;7,383;2,000;4,000;

20079;2017.12.15 14:00:00;26,643;2,700;3,000;80,000;5,000;7,383;2,000;4,000;

20080;2017.12.15 15:00:00;26,541;1,000;2,000;87,000;1,000;7,383;2,000;4,000;

20081;2017.12.15 16:00:00;26,053;0,100;2,000;91,000;6,000;7,383;2,000;4,000;

20082;2017.12.15 17:00:00;26,783;-0,500;2,000;93,000;0,000;7,383;2,000;4,000;

20083;2017.12.15 18:00:00;27,726;-0,800;2,000;94,000;4,000;7,383;2,000;4,000;

20084;2017.12.15 19:00:00;28,428;-1,200;3,000;95,000;9,000;7,383;2,000;4,000;

20085;2017.12.15 20:00:00;27,224;-0,700;3,000;95,000;8,000;7,383;2,000;4,000;

20086;2017.12.15 21:00:00;27,502;-0,300;2,000;96,000;8,000;7,383;2,000;4,000;

20087;2017.12.15 22:00:00;26,113;0,300;2,000;96,000;8,000;7,383;2,000;4,000;

20088;2017.12.15 23:00:00;23,983;0,500;3,000;96,000;8,000;7,383;2,000;4,000;

20089;2017.12.16 00:00:00;25,835;0,700;3,000;96,000;8,000;7,367;3,000;4,000;

20090;2017.12.16 01:00:00;24,261;1,000;2,000;96,000;8,000;7,367;3,000;4,000;

20091;2017.12.16 02:00:00;24,446;1,300;3,000;95,000;8,000;7,367;3,000;4,000;

20092;2017.12.16 03:00:00;24,817;1,500;3,000;94,000;8,000;7,367;3,000;4,000;

20093;2017.12.16 04:00:00;24,539;1,500;3,000;94,000;8,000;7,367;3,000;4,000;

20094;2017.12.16 05:00:00;24,076;1,500;3,000;93,000;8,000;7,367;3,000;4,000;

20095;2017.12.16 06:00:00;24,354;1,500;3,000;91,000;8,000;7,367;3,000;4,000;

20096;2017.12.16 07:00:00;25,650;1,400;3,000;91,000;8,000;7,367;3,000;4,000;

20097;2017.12.16 08:00:00;24,446;1,400;2,000;92,000;8,000;7,367;3,000;4,000;

20098;2017.12.16 09:00:00;26,761;1,500;3,000;91,000;8,000;7,367;3,000;4,000;

20099;2017.12.16 10:00:00;23,520;1,700;4,000;90,000;8,000;7,367;3,000;4,000;

20100;2017.12.16 11:00:00;24,446;2,000;3,000;90,000;8,000;7,367;3,000;4,000;

20101;2017.12.16 12:00:00;25,372;2,200;3,000;91,000;8,000;7,367;3,000;4,000;

20102;2017.12.16 13:00:00;25,187;2,500;3,000;89,000;7,000;7,367;3,000;4,000;

20103;2017.12.16 14:00:00;25,002;2,500;3,000;89,000;7,000;7,367;3,000;4,000;

20104;2017.12.16 15:00:00;29,447;2,200;3,000;89,000;7,000;7,367;3,000;4,000;

20105;2017.12.16 16:00:00;25,743;1,400;3,000;93,000;8,000;7,367;3,000;4,000;

20106;2017.12.16 17:00:00;27,317;1,300;3,000;93,000;8,000;7,367;3,000;4,000;

20107;2017.12.16 18:00:00;29,539;1,200;4,000;93,000;8,000;7,367;3,000;4,000;

20108;2017.12.16 19:00:00;32,040;0,600;2,000;94,000;8,000;7,367;3,000;4,000;

20109;2017.12.16 20:00:00;30,002;0,600;3,000;94,000;7,000;7,367;3,000;4,000;

20110;2017.12.16 21:00:00;29,725;0,600;4,000;94,000;8,000;7,367;3,000;4,000;

20111;2017.12.16 22:00:00;30,188;0,000;2,000;94,000;7,000;7,367;3,000;4,000;

20112;2017.12.16 23:00:00;29,632;-0,800;2,000;94,000;5,000;7,367;3,000;4,000;

20113;2017.12.17 00:00:00;30,836;-0,900;2,000;95,000;8,000;7,350;4,000;4,000;

20114;2017.12.17 01:00:00;28,799;-0,200;3,000;95,000;8,000;7,350;4,000;4,000;

20115;2017.12.17 02:00:00;28,984;0,100;2,000;96,000;8,000;7,350;4,000;4,000;

20116;2017.12.17 03:00:00;28,799;0,100;1,000;96,000;8,000;7,350;4,000;4,000;

20117;2017.12.17 04:00:00;29,169;0,200;1,000;96,000;8,000;7,350;4,000;4,000;

20118;2017.12.17 05:00:00;28,521;0,200;1,000;95,000;8,000;7,350;4,000;4,000;

20119;2017.12.17 06:00:00;28,984;0,000;1,000;95,000;8,000;7,350;4,000;4,000;

20120;2017.12.17 07:00:00;28,613;-0,200;1,000;95,000;8,000;7,350;4,000;4,000;

20121;2017.12.17 08:00:00;28,799;-0,200;1,000;96,000;8,000;7,350;4,000;4,000;

20122;2017.12.17 09:00:00;28,891;-0,100;1,000;96,000;8,000;7,350;4,000;4,000;

20123;2017.12.17 10:00:00;28,243;-0,500;2,000;96,000;8,000;7,350;4,000;4,000;

20124;2017.12.17 11:00:00;29,447;-0,500;2,000;96,000;8,000;7,350;4,000;4,000;

20125;2017.12.17 12:00:00;27,595;-0,200;2,000;96,000;7,000;7,350;4,000;4,000;

20126;2017.12.17 13:00:00;28,891;0,000;2,000;95,000;8,000;7,350;4,000;4,000;

20127;2017.12.17 14:00:00;26,937;-0,300;2,000;94,000;8,000;7,350;4,000;4,000;

20128;2017.12.17 15:00:00;30,567;-0,400;2,000;95,000;8,000;7,350;4,000;4,000;

20129;2017.12.17 16:00:00;30,928;-0,300;2,000;95,000;8,000;7,350;4,000;4,000;

20130;2017.12.17 17:00:00;28,799;-0,400;2,000;96,000;8,000;7,350;4,000;4,000;

20131;2017.12.17 18:00:00;28,706;-0,300;2,000;96,000;8,000;7,350;4,000;4,000;

20132;2017.12.17 19:00:00;28,521;-0,300;2,000;96,000;8,000;7,350;4,000;4,000;

20133;2017.12.17 20:00:00;27,502;-0,200;2,000;96,000;8,000;7,350;4,000;4,000;

20134;2017.12.17 21:00:00;25,835;-0,100;2,000;96,000;8,000;7,350;4,000;4,000;

20135;2017.12.17 22:00:00;25,280;-0,100;2,000;96,000;8,000;7,350;4,000;4,000;

20136;2017.12.17 23:00:00;13,890;-0,200;3,000;96,000;8,000;7,350;4,000;4,000;

20137;2017.12.18 00:00:00;3,982;0,000;2,000;96,000;8,000;7,350;1,000;4,000;

20138;2017.12.18 01:00:00;3,241;0,000;2,000;95,000;8,000;7,350;1,000;4,000;

20139;2017.12.18 02:00:00;35,929;0,100;2,000;95,000;8,000;7,350;1,000;4,000;

20140;2017.12.18 03:00:00;25,280;0,000;2,000;96,000;8,000;7,350;1,000;4,000;

20141;2017.12.18 04:00:00;25,558;0,200;2,000;95,000;8,000;7,350;1,000;4,000;

20142;2017.12.18 05:00:00;25,187;0,100;2,000;94,000;8,000;7,350;1,000;4,000;

20143;2017.12.18 06:00:00;25,835;0,000;2,000;93,000;7,000;7,350;1,000;4,000;

20144;2017.12.18 07:00:00;26,484;0,000;1,000;92,000;7,000;7,350;1,000;4,000;

20145;2017.12.18 08:00:00;25,558;0,000;1,000;92,000;6,000;7,350;1,000;4,000;

20146;2017.12.18 09:00:00;26,113;0,000;2,000;91,000;2,000;7,350;1,000;4,000;

20147;2017.12.18 10:00:00;25,372;0,100;1,000;89,000;7,000;7,350;1,000;4,000;

20148;2017.12.18 11:00:00;26,206;0,300;2,000;88,000;8,000;7,350;1,000;4,000;

20149;2017.12.18 12:00:00;26,113;0,500;1,000;86,000;8,000;7,350;1,000;4,000;

20150;2017.12.18 13:00:00;26,761;0,600;2,000;79,000;7,000;7,350;1,000;4,000;

20151;2017.12.18 14:00:00;31,021;0,200;2,000;80,000;3,000;7,350;1,000;4,000;

20152;2017.12.18 15:00:00;29,539;-0,700;1,000;84,000;2,000;7,350;1,000;4,000;

20153;2017.12.18 16:00:00;28,891;-1,500;1,000;88,000;5,000;7,350;1,000;4,000;

20154;2017.12.18 17:00:00;28,243;-1,300;1,000;78,000;0,000;7,350;1,000;4,000;

20155;2017.12.18 18:00:00;30,743;-1,700;1,000;80,000;0,000;7,350;1,000;4,000;

20156;2017.12.18 19:00:00;30,002;-2,200;1,000;83,000;0,000;7,350;1,000;4,000;

20157;2017.12.18 20:00:00;30,465;-2,500;2,000;85,000;2,000;7,350;1,000;4,000;

20158;2017.12.18 21:00:00;29,725;-3,000;2,000;88,000;0,000;7,350;1,000;4,000;

20159;2017.12.18 22:00:00;28,521;-3,200;2,000;87,000;2,000;7,350;1,000;4,000;

20160;2017.12.18 23:00:00;29,169;-3,300;2,000;87,000;7,000;7,350;1,000;4,000;

20161;2017.12.19 00:00:00;30,465;-3,500;2,000;87,000;3,000;7,333;1,000;4,000;

20162;2017.12.19 01:00:00;30,373;-3,500;3,000;88,000;0,000;7,333;1,000;4,000;

20163;2017.12.19 02:00:00;29,447;-3,100;3,000;90,000;7,000;7,333;1,000;4,000;

20164;2017.12.19 03:00:00;29,910;-2,400;3,000;90,000;8,000;7,333;1,000;4,000;

20165;2017.12.19 04:00:00;29,076;-2,100;3,000;92,000;8,000;7,333;1,000;4,000;

20166;2017.12.19 05:00:00;29,817;-1,400;2,000;93,000;8,000;7,333;1,000;4,000;

20167;2017.12.19 06:00:00;30,558;-1,100;2,000;93,000;8,000;7,333;1,000;4,000;

20168;2017.12.19 07:00:00;29,076;-0,800;2,000;93,000;8,000;7,333;1,000;4,000;

20169;2017.12.19 08:00:00;30,002;-0,700;2,000;93,000;8,000;7,333;1,000;4,000;

20170;2017.12.19 09:00:00;28,799;-0,600;2,000;94,000;8,000;7,333;1,000;4,000;

20171;2017.12.19 10:00:00;28,613;-0,300;2,000;94,000;8,000;7,333;1,000;4,000;

20172;2017.12.19 11:00:00;26,616;0,000;3,000;94,000;8,000;7,333;1,000;4,000;

20173;2017.12.19 12:00:00;26,677;0,300;1,000;93,000;8,000;7,333;1,000;4,000;

20174;2017.12.19 13:00:00;26,760;0,400;2,000;94,000;8,000;7,333;1,000;4,000;

20175;2017.12.19 14:00:00;30,419;0,500;2,000;95,000;8,000;7,333;1,000;4,000;

20176;2017.12.19 15:00:00;29,863;0,400;2,000;95,000;8,000;7,333;1,000;4,000;

20177;2017.12.19 16:00:00;27,502;0,300;2,000;96,000;8,000;7,333;1,000;4,000;

20178;2017.12.19 17:00:00;29,308;0,300;2,000;96,000;8,000;7,333;1,000;4,000;

20179;2017.12.19 18:00:00;28,475;0,300;2,000;96,000;8,000;7,333;1,000;4,000;

20180;2017.12.19 19:00:00;28,874;0,200;1,000;96,000;8,000;7,333;1,000;4,000;

20181;2017.12.19 20:00:00;28,325;0,100;2,000;96,000;9,000;7,333;1,000;4,000;

20182;2017.12.19 21:00:00;27,539;-0,400;2,000;97,000;9,000;7,333;1,000;4,000;

20183;2017.12.19 22:00:00;27,586;-0,700;2,000;97,000;9,000;7,333;1,000;4,000;

20184;2017.12.19 23:00:00;26,474;-1,000;2,000;97,000;9,000;7,333;1,000;4,000;

20185;2017.12.20 00:00:00;28,882;-1,400;2,000;97,000;9,000;7,333;1,000;4,000;

20186;2017.12.20 01:00:00;28,252;-1,700;2,000;97,000;9,000;7,333;1,000;4,000;

20187;2017.12.20 02:00:00;27,817;-1,700;2,000;97,000;9,000;7,333;1,000;4,000;

20188;2017.12.20 03:00:00;29,567;-2,100;2,000;97,000;9,000;7,333;1,000;4,000;

20189;2017.12.20 04:00:00;29,419;-2,300;2,000;96,000;9,000;7,333;1,000;4,000;

20190;2017.12.20 05:00:00;29,762;-2,100;1,000;96,000;9,000;7,333;1,000;4,000;

20191;2017.12.20 06:00:00;28,410;-2,300;2,000;96,000;9,000;7,333;1,000;4,000;

20192;2017.12.20 07:00:00;28,697;-2,400;2,000;96,000;9,000;7,333;1,000;4,000;

20193;2017.12.20 08:00:00;28,419;-2,600;3,000;96,000;9,000;7,333;1,000;4,000;

20194;2017.12.20 09:00:00;29,410;-2,300;3,000;96,000;9,000;7,333;1,000;4,000;

20195;2017.12.20 10:00:00;29,845;-2,100;3,000;96,000;9,000;7,333;1,000;4,000;

20196;2017.12.20 11:00:00;29,558;-1,700;2,000;96,000;9,000;7,333;1,000;4,000;

20197;2017.12.20 12:00:00;28,094;-1,600;2,000;96,000;9,000;7,333;1,000;4,000;

20198;2017.12.20 13:00:00;27,382;-1,200;2,000;97,000;9,000;7,333;1,000;4,000;

20199;2017.12.20 14:00:00;30,206;-0,900;2,000;97,000;8,000;7,333;1,000;4,000;

20200;2017.12.20 15:00:00;29,558;-0,600;3,000;97,000;8,000;7,333;1,000;4,000;

20201;2017.12.20 16:00:00;29,195;-0,600;3,000;97,000;8,000;7,333;1,000;4,000;

20202;2017.12.20 17:00:00;28,838;-0,600;3,000;97,000;8,000;7,333;1,000;4,000;

20203;2017.12.20 18:00:00;28,771;-0,200;3,000;97,000;8,000;7,333;1,000;4,000;

20204;2017.12.20 19:00:00;28,965;0,000;3,000;97,000;8,000;7,333;1,000;4,000;

20205;2017.12.20 20:00:00;29,012;0,200;4,000;97,000;8,000;7,333;1,000;4,000;

20206;2017.12.20 21:00:00;27,854;0,500;3,000;97,000;8,000;7,333;1,000;4,000;

20207;2017.12.20 22:00:00;26,632;0,900;3,000;97,000;8,000;7,333;1,000;4,000;

20208;2017.12.20 23:00:00;16,612;1,200;3,000;98,000;8,000;7,333;1,000;4,000;

20209;2017.12.21 00:00:00;3,445;1,400;3,000;98,000;8,000;7,333;1,000;4,000;

20210;2017.12.21 01:00:00;1,426;1,600;4,000;98,000;8,000;7,333;1,000;4,000;

20211;2017.12.21 02:00:00;0,435;1,800;3,000;98,000;8,000;7,333;1,000;4,000;

20212;2017.12.21 03:00:00;0,000;2,100;3,000;98,000;8,000;7,333;1,000;4,000;

20213;2017.12.21 04:00:00;0,000;2,500;2,000;98,000;8,000;7,333;1,000;4,000;

20214;2017.12.21 05:00:00;8,306;3,100;3,000;98,000;8,000;7,333;1,000;4,000;

20215;2017.12.21 06:00:00;37,660;3,800;3,000;98,000;8,000;7,333;1,000;4,000;

20216;2017.12.21 07:00:00;29,262;5,300;5,000;98,000;8,000;7,333;1,000;4,000;

20217;2017.12.21 08:00:00;26,465;5,300;4,000;98,000;8,000;7,333;1,000;4,000;

20218;2017.12.21 09:00:00;23,770;5,300;4,000;98,000;8,000;7,333;1,000;4,000;

20219;2017.12.21 10:00:00;24,530;5,100;4,000;97,000;8,000;7,333;1,000;4,000;

20220;2017.12.21 11:00:00;23,530;5,300;5,000;96,000;8,000;7,333;1,000;4,000;

20221;2017.12.21 12:00:00;23,539;5,200;5,000;95,000;7,000;7,333;1,000;4,000;

20222;2017.12.21 13:00:00;24,445;5,400;5,000;94,000;8,000;7,333;1,000;4,000;

20223;2017.12.21 14:00:00;26,395;4,700;4,000;95,000;7,000;7,333;1,000;4,000;

20224;2017.12.21 15:00:00;25,555;4,700;6,000;95,000;8,000;7,333;1,000;4,000;

20225;2017.12.21 16:00:00;25,474;4,300;4,000;95,000;8,000;7,333;1,000;4,000;

20226;2017.12.21 17:00:00;24,687;4,600;5,000;95,000;8,000;7,333;1,000;4,000;

20227;2017.12.21 18:00:00;24,641;5,100;6,000;95,000;8,000;7,333;1,000;4,000;

20228;2017.12.21 19:00:00;25,761;5,300;5,000;94,000;8,000;7,333;1,000;4,000;

20229;2017.12.21 20:00:00;24,798;5,500;4,000;94,000;8,000;7,333;1,000;4,000;

20230;2017.12.21 21:00:00;22,974;5,600;5,000;92,000;8,000;7,333;1,000;4,000;

20231;2017.12.21 22:00:00;23,298;5,600;5,000;91,000;8,000;7,333;1,000;4,000;

20232;2017.12.21 23:00:00;19,576;5,400;5,000;92,000;8,000;7,333;1,000;4,000;

20233;2017.12.22 00:00:00;25,354;5,100;6,000;93,000;8,000;7,333;2,000;4,000;

20234;2017.12.22 01:00:00;23,807;5,200;6,000;93,000;7,000;7,333;2,000;4,000;

20235;2017.12.22 02:00:00;23,298;5,200;6,000;93,000;7,000;7,333;2,000;4,000;

20236;2017.12.22 03:00:00;23,335;5,100;6,000;94,000;8,000;7,333;2,000;4,000;

20237;2017.12.22 04:00:00;23,057;5,300;6,000;92,000;8,000;7,333;2,000;4,000;

20238;2017.12.22 05:00:00;23,613;5,100;6,000;89,000;7,000;7,333;2,000;4,000;

20239;2017.12.22 06:00:00;24,335;4,600;5,000;85,000;1,000;7,333;2,000;4,000;

20240;2017.12.22 07:00:00;26,345;4,400;5,000;86,000;7,000;7,333;2,000;4,000;

20241;2017.12.22 08:00:00;26,109;4,500;5,000;92,000;7,000;7,333;2,000;4,000;

20242;2017.12.22 09:00:00;25,191;4,900;5,000;87,000;6,000;7,333;2,000;4,000;

20243;2017.12.22 10:00:00;24,169;5,600;5,000;88,000;6,000;7,333;2,000;4,000;

20244;2017.12.22 11:00:00;24,057;5,600;6,000;87,000;7,000;7,333;2,000;4,000;

20245;2017.12.22 12:00:00;23,500;5,500;6,000;82,000;7,000;7,333;2,000;4,000;

20246;2017.12.22 13:00:00;22,948;5,200;6,000;85,000;7,000;7,333;2,000;4,000;

20247;2017.12.22 14:00:00;26,169;4,900;6,000;88,000;7,000;7,333;2,000;4,000;

20248;2017.12.22 15:00:00;27,724;4,900;5,000;87,000;8,000;7,333;2,000;4,000;

20249;2017.12.22 16:00:00;24,786;5,000;6,000;89,000;7,000;7,333;2,000;4,000;

20250;2017.12.22 17:00:00;24,591;4,800;6,000;89,000;8,000;7,333;2,000;4,000;

20251;2017.12.22 18:00:00;25,018;5,000;6,000;87,000;7,000;7,333;2,000;4,000;

20252;2017.12.22 19:00:00;24,780;5,000;5,000;86,000;7,000;7,333;2,000;4,000;

20253;2017.12.22 20:00:00;24,049;5,200;6,000;86,000;7,000;7,333;2,000;4,000;

20254;2017.12.22 21:00:00;23,678;4,700;5,000;88,000;5,000;7,333;2,000;4,000;

20255;2017.12.22 22:00:00;23,002;4,700;5,000;89,000;8,000;7,333;2,000;4,000;

20256;2017.12.22 23:00:00;21,502;5,100;5,000;91,000;8,000;7,333;2,000;4,000;

20257;2017.12.23 00:00:00;23,835;5,200;5,000;92,000;8,000;7,333;3,000;4,000;

20258;2017.12.23 01:00:00;22,946;5,000;6,000;92,000;8,000;7,333;3,000;4,000;

20259;2017.12.23 02:00:00;22,835;4,600;6,000;93,000;8,000;7,333;3,000;4,000;

20260;2017.12.23 03:00:00;22,613;4,700;6,000;92,000;8,000;7,333;3,000;4,000;

20261;2017.12.23 04:00:00;22,724;4,700;4,000;92,000;8,000;7,333;3,000;4,000;

20262;2017.12.23 05:00:00;22,724;4,700;5,000;92,000;8,000;7,333;3,000;4,000;

20263;2017.12.23 06:00:00;23,946;4,900;7,000;90,000;8,000;7,333;3,000;4,000;

20264;2017.12.23 07:00:00;23,315;5,000;9,000;91,000;8,000;7,333;3,000;4,000;

20265;2017.12.23 08:00:00;23,410;5,000;9,000;93,000;8,000;7,333;3,000;4,000;

20266;2017.12.23 09:00:00;23,057;5,300;9,000;93,000;8,000;7,333;3,000;4,000;

20267;2017.12.23 10:00:00;23,215;5,700;8,000;93,000;8,000;7,333;3,000;4,000;

20268;2017.12.23 11:00:00;23,455;6,400;11,000;93,000;8,000;7,333;3,000;4,000;

20269;2017.12.23 12:00:00;23,391;7,000;10,000;92,000;8,000;7,333;3,000;4,000;

20270;2017.12.23 13:00:00;23,613;7,400;11,000;91,000;8,000;7,333;3,000;4,000;

20271;2017.12.23 14:00:00;23,255;7,500;9,000;94,000;8,000;7,333;3,000;4,000;

20272;2017.12.23 15:00:00;23,748;6,900;10,000;94,000;8,000;7,333;3,000;4,000;

20273;2017.12.23 16:00:00;23,224;6,900;11,000;95,000;8,000;7,333;3,000;4,000;

20274;2017.12.23 17:00:00;21,668;7,500;10,000;95,000;8,000;7,333;3,000;4,000;

20275;2017.12.23 18:00:00;21,344;7,800;11,000;93,000;8,000;7,333;3,000;4,000;

20276;2017.12.23 19:00:00;20,543;8,100;10,000;92,000;8,000;7,333;3,000;4,000;

20277;2017.12.23 20:00:00;20,507;8,700;10,000;89,000;8,000;7,333;3,000;4,000;

20278;2017.12.23 21:00:00;20,002;9,000;9,000;84,000;8,000;7,333;3,000;4,000;

20279;2017.12.23 22:00:00;19,057;8,700;12,000;84,000;8,000;7,333;3,000;4,000;

20280;2017.12.23 23:00:00;10,026;8,600;11,000;86,000;8,000;7,333;3,000;4,000;

20281;2017.12.24 00:00:00;2,531;8,600;11,000;84,000;8,000;7,333;4,000;4,000;

20282;2017.12.24 01:00:00;0,889;8,600;11,000;85,000;8,000;7,333;4,000;4,000;

20283;2017.12.24 02:00:00;0,278;7,800;10,000;92,000;8,000;7,333;4,000;4,000;

20284;2017.12.24 03:00:00;26,002;7,800;9,000;93,000;8,000;7,333;4,000;4,000;

20285;2017.12.24 04:00:00;20,002;8,000;10,000;93,000;8,000;7,333;4,000;4,000;

20286;2017.12.24 05:00:00;19,224;8,000;9,000;93,000;8,000;7,333;4,000;4,000;

20287;2017.12.24 06:00:00;19,057;7,800;8,000;93,000;8,000;7,333;4,000;4,000;

20288;2017.12.24 07:00:00;19,502;7,800;9,000;92,000;8,000;7,333;4,000;4,000;

20289;2017.12.24 08:00:00;19,168;7,900;9,000;92,000;8,000;7,333;4,000;4,000;

20290;2017.12.24 09:00:00;18,557;7,700;9,000;92,000;8,000;7,333;4,000;4,000;

20291;2017.12.24 10:00:00;19,168;7,600;9,000;92,000;8,000;7,333;4,000;4,000;

20292;2017.12.24 11:00:00;18,668;7,500;8,000;93,000;8,000;7,333;4,000;4,000;

20293;2017.12.24 12:00:00;19,279;8,300;8,000;92,000;8,000;7,333;4,000;4,000;

20294;2017.12.24 13:00:00;19,335;8,500;7,000;89,000;8,000;7,333;4,000;4,000;

20295;2017.12.24 14:00:00;18,390;8,000;6,000;93,000;8,000;7,333;4,000;4,000;

20296;2017.12.24 15:00:00;20,613;7,800;5,000;95,000;8,000;7,333;4,000;4,000;

20297;2017.12.24 16:00:00;18,724;7,900;6,000;95,000;8,000;7,333;4,000;4,000;

20298;2017.12.24 17:00:00;18,779;8,100;9,000;94,000;8,000;7,333;4,000;4,000;

20299;2017.12.24 18:00:00;20,418;8,100;8,000;94,000;8,000;7,333;4,000;4,000;

20300;2017.12.24 19:00:00;21,029;8,100;8,000;93,000;8,000;7,333;4,000;4,000;

20301;2017.12.24 20:00:00;20,042;8,200;9,000;92,000;8,000;7,333;4,000;4,000;

20302;2017.12.24 21:00:00;20,350;8,500;8,000;91,000;8,000;7,333;4,000;4,000;

20303;2017.12.24 22:00:00;20,113;8,900;8,000;87,000;8,000;7,333;4,000;4,000;

20304;2017.12.24 23:00:00;11,501;8,300;7,000;93,000;8,000;7,333;4,000;4,000;

20305;2017.12.25 00:00:00;2,889;8,800;10,000;93,000;8,000;7,350;5,000;4,000;

20306;2017.12.25 01:00:00;1,056;8,700;9,000;93,000;8,000;7,350;5,000;4,000;

20307;2017.12.25 02:00:00;0,389;8,700;10,000;92,000;8,000;7,350;5,000;4,000;

20308;2017.12.25 03:00:00;0,000;8,500;9,000;92,000;8,000;7,350;5,000;4,000;

20309;2017.12.25 04:00:00;18,832;8,300;7,000;93,000;8,000;7,350;5,000;4,000;

20310;2017.12.25 05:00:00;26,222;8,300;7,000;93,000;8,000;7,350;5,000;4,000;

20311;2017.12.25 06:00:00;20,189;8,200;6,000;92,000;8,000;7,350;5,000;4,000;

20312;2017.12.25 07:00:00;18,791;8,200;5,000;91,000;8,000;7,350;5,000;4,000;

20313;2017.12.25 08:00:00;19,446;8,200;5,000;92,000;8,000;7,350;5,000;4,000;

20314;2017.12.25 09:00:00;18,474;8,000;4,000;93,000;8,000;7,350;5,000;4,000;

20315;2017.12.25 10:00:00;19,307;8,500;6,000;87,000;8,000;7,350;5,000;4,000;

20316;2017.12.25 11:00:00;18,335;8,800;5,000;83,000;8,000;7,350;5,000;4,000;

20317;2017.12.25 12:00:00;18,057;9,000;6,000;80,000;8,000;7,350;5,000;4,000;

20318;2017.12.25 13:00:00;17,501;8,400;6,000;85,000;8,000;7,350;5,000;4,000;

20319;2017.12.25 14:00:00;20,279;8,000;6,000;89,000;8,000;7,350;5,000;4,000;

20320;2017.12.25 15:00:00;19,628;7,900;5,000;90,000;8,000;7,350;5,000;4,000;

20321;2017.12.25 16:00:00;18,153;7,800;5,000;89,000;8,000;7,350;5,000;4,000;

20322;2017.12.25 17:00:00;18,890;7,900;6,000;85,000;8,000;7,350;5,000;4,000;

20323;2017.12.25 18:00:00;18,335;7,700;5,000;84,000;8,000;7,350;5,000;4,000;

20324;2017.12.25 19:00:00;19,272;7,700;5,000;82,000;8,000;7,350;5,000;4,000;

20325;2017.12.25 20:00:00;18,541;7,700;4,000;80,000;8,000;7,350;5,000;4,000;

20326;2017.12.25 21:00:00;18,719;7,700;5,000;77,000;8,000;7,350;5,000;4,000;

20327;2017.12.25 22:00:00;18,751;7,600;4,000;75,000;8,000;7,350;5,000;4,000;

20328;2017.12.25 23:00:00;16,946;7,400;3,000;74,000;8,000;7,350;5,000;4,000;

20329;2017.12.26 00:00:00;20,279;6,800;3,000;80,000;8,000;7,350;5,000;4,000;

20330;2017.12.26 01:00:00;19,307;6,500;4,000;80,000;8,000;7,350;5,000;4,000;

20331;2017.12.26 02:00:00;19,377;6,200;4,000;79,000;8,000;7,350;5,000;4,000;

20332;2017.12.26 03:00:00;19,654;5,900;3,000;78,000;8,000;7,350;5,000;4,000;

20333;2017.12.26 04:00:00;20,279;5,400;5,000;78,000;8,000;7,350;5,000;4,000;

20334;2017.12.26 05:00:00;20,418;4,900;3,000;78,000;8,000;7,350;5,000;4,000;

20335;2017.12.26 06:00:00;20,835;4,600;4,000;80,000;8,000;7,350;5,000;4,000;

20336;2017.12.26 07:00:00;20,835;3,900;5,000;80,000;8,000;7,350;5,000;4,000;

20337;2017.12.26 08:00:00;23,613;3,700;4,000;81,000;8,000;7,350;5,000;4,000;

20338;2017.12.26 09:00:00;22,641;3,300;4,000;83,000;7,000;7,350;5,000;4,000;

20339;2017.12.26 10:00:00;22,502;3,300;4,000;83,000;7,000;7,350;5,000;4,000;

20340;2017.12.26 11:00:00;21,946;4,800;5,000;77,000;6,000;7,350;5,000;4,000;

20341;2017.12.26 12:00:00;20,974;6,100;5,000;73,000;4,000;7,350;5,000;4,000;

20342;2017.12.26 13:00:00;21,946;6,400;5,000;72,000;2,000;7,350;5,000;4,000;

20343;2017.12.26 14:00:00;20,279;6,400;3,000;73,000;4,000;7,350;5,000;4,000;

20344;2017.12.26 15:00:00;22,641;6,900;4,000;71,000;7,000;7,350;5,000;4,000;

20345;2017.12.26 16:00:00;21,391;7,600;4,000;71,000;7,000;7,350;5,000;4,000;

20346;2017.12.26 17:00:00;19,863;7,900;4,000;71,000;8,000;7,350;5,000;4,000;

20347;2017.12.26 18:00:00;20,835;7,500;4,000;74,000;8,000;7,350;5,000;4,000;

20348;2017.12.26 19:00:00;20,775;7,200;5,000;70,000;8,000;7,350;5,000;4,000;

20349;2017.12.26 20:00:00;19,644;6,300;4,000;76,000;6,000;7,350;5,000;4,000;

20350;2017.12.26 21:00:00;20,140;5,700;4,000;72,000;2,000;7,350;5,000;4,000;

20351;2017.12.26 22:00:00;20,835;5,100;4,000;75,000;1,000;7,350;5,000;4,000;

20352;2017.12.26 23:00:00;18,613;4,200;4,000;78,000;0,000;7,350;5,000;4,000;

20353;2017.12.27 00:00:00;23,613;3,500;4,000;78,000;0,000;7,367;1,000;4,000;

20354;2017.12.27 01:00:00;22,085;2,900;3,000;80,000;0,000;7,367;1,000;4,000;

20355;2017.12.27 02:00:00;22,780;2,500;3,000;82,000;0,000;7,367;1,000;4,000;

20356;2017.12.27 03:00:00;23,474;2,100;3,000;85,000;0,000;7,367;1,000;4,000;

20357;2017.12.27 04:00:00;23,752;2,100;3,000;86,000;0,000;7,367;1,000;4,000;

20358;2017.12.27 05:00:00;24,307;1,900;2,000;87,000;0,000;7,367;1,000;4,000;

20359;2017.12.27 06:00:00;24,030;1,100;3,000;89,000;2,000;7,367;1,000;4,000;

20360;2017.12.27 07:00:00;24,169;0,900;3,000;90,000;5,000;7,367;1,000;4,000;

20361;2017.12.27 08:00:00;24,724;0,800;3,000;90,000;7,000;7,367;1,000;4,000;

20362;2017.12.27 09:00:00;24,724;1,900;4,000;87,000;7,000;7,367;1,000;4,000;

20363;2017.12.27 10:00:00;25,002;2,700;3,000;83,000;7,000;7,367;1,000;4,000;

20364;2017.12.27 11:00:00;23,613;3,400;5,000;80,000;7,000;7,367;1,000;4,000;

20365;2017.12.27 12:00:00;23,085;4,500;4,000;75,000;7,000;7,367;1,000;4,000;

20366;2017.12.27 13:00:00;22,613;4,700;3,000;72,000;7,000;7,367;1,000;4,000;

20367;2017.12.27 14:00:00;22,780;3,800;4,000;78,000;7,000;7,367;1,000;4,000;

20368;2017.12.27 15:00:00;22,502;3,900;5,000;79,000;6,000;7,367;1,000;4,000;

20369;2017.12.27 16:00:00;21,724;3,600;4,000;82,000;7,000;7,367;1,000;4,000;

20370;2017.12.27 17:00:00;21,780;3,500;4,000;83,000;7,000;7,367;1,000;4,000;

20371;2017.12.27 18:00:00;21,557;3,400;4,000;83,000;7,000;7,367;1,000;4,000;

20372;2017.12.27 19:00:00;22,280;2,900;4,000;85,000;7,000;7,367;1,000;4,000;

20373;2017.12.27 20:00:00;23,335;2,500;3,000;87,000;8,000;7,367;1,000;4,000;

20374;2017.12.27 21:00:00;23,780;2,500;3,000;88,000;8,000;7,367;1,000;4,000;

20375;2017.12.27 22:00:00;23,224;2,700;2,000;89,000;8,000;7,367;1,000;4,000;

20376;2017.12.27 23:00:00;20,557;2,800;2,000;89,000;8,000;7,367;1,000;4,000;

20377;2017.12.28 00:00:00;24,113;2,500;2,000;89,000;8,000;7,367;1,000;4,000;

20378;2017.12.28 01:00:00;23,780;2,000;3,000;91,000;8,000;7,367;1,000;4,000;

20379;2017.12.28 02:00:00;23,446;1,700;3,000;93,000;8,000;7,367;1,000;4,000;

20380;2017.12.28 03:00:00;23,391;1,400;3,000;93,000;8,000;7,367;1,000;4,000;

20381;2017.12.28 04:00:00;23,724;1,300;2,000;94,000;8,000;7,367;1,000;4,000;

20382;2017.12.28 05:00:00;23,446;1,400;1,000;94,000;8,000;7,367;1,000;4,000;

20383;2017.12.28 06:00:00;23,391;1,500;2,000;94,000;8,000;7,367;1,000;4,000;

20384;2017.12.28 07:00:00;22,391;2,000;2,000;93,000;8,000;7,367;1,000;4,000;

20385;2017.12.28 08:00:00;22,946;2,300;2,000;91,000;8,000;7,367;1,000;4,000;

20386;2017.12.28 09:00:00;22,113;2,300;2,000;92,000;8,000;7,367;1,000;4,000;

20387;2017.12.28 10:00:00;22,280;2,400;2,000;92,000;8,000;7,367;1,000;4,000;

20388;2017.12.28 11:00:00;21,946;2,600;1,000;94,000;8,000;7,367;1,000;4,000;

20389;2017.12.28 12:00:00;22,002;2,900;1,000;94,000;8,000;7,367;1,000;4,000;

20390;2017.12.28 13:00:00;22,780;2,900;1,000;94,000;8,000;7,367;1,000;4,000;

20391;2017.12.28 14:00:00;23,446;2,800;2,000;95,000;8,000;7,367;1,000;4,000;

20392;2017.12.28 15:00:00;23,835;2,700;2,000;95,000;8,000;7,367;1,000;4,000;

20393;2017.12.28 16:00:00;23,829;3,000;3,000;96,000;8,000;7,367;1,000;4,000;

20394;2017.12.28 17:00:00;24,841;3,100;3,000;96,000;8,000;7,367;1,000;4,000;

20395;2017.12.28 18:00:00;23,502;3,300;4,000;96,000;8,000;7,367;1,000;4,000;

20396;2017.12.28 19:00:00;22,871;3,900;5,000;96,000;8,000;7,367;1,000;4,000;

20397;2017.12.28 20:00:00;24,225;3,900;5,000;94,000;8,000;7,367;1,000;4,000;

20398;2017.12.28 21:00:00;23,520;3,600;6,000;93,000;8,000;7,367;1,000;4,000;

20399;2017.12.28 22:00:00;24,002;2,800;4,000;88,000;5,000;7,367;1,000;4,000;

20400;2017.12.28 23:00:00;21,613;1,900;3,000;89,000;4,000;7,367;1,000;4,000;

20401;2017.12.29 00:00:00;26,058;1,500;3,000;91,000;6,000;7,383;2,000;4,000;

20402;2017.12.29 01:00:00;25,391;1,100;2,000;91,000;7,000;7,383;2,000;4,000;

20403;2017.12.29 02:00:00;25,113;1,400;3,000;91,000;7,000;7,383;2,000;4,000;

20404;2017.12.29 03:00:00;25,113;1,600;3,000;92,000;7,000;7,383;2,000;4,000;

20405;2017.12.29 04:00:00;25,947;2,000;3,000;92,000;8,000;7,383;2,000;4,000;

20406;2017.12.29 05:00:00;25,446;2,200;3,000;91,000;8,000;7,383;2,000;4,000;

20407;2017.12.29 06:00:00;24,391;2,300;4,000;90,000;8,000;7,383;2,000;4,000;

20408;2017.12.29 07:00:00;23,169;2,400;4,000;90,000;8,000;7,383;2,000;4,000;

20409;2017.12.29 08:00:00;23,002;2,600;4,000;87,000;8,000;7,383;2,000;4,000;

20410;2017.12.29 09:00:00;22,057;2,800;3,000;86,000;8,000;7,383;2,000;4,000;

20411;2017.12.29 10:00:00;23,335;3,000;4,000;84,000;8,000;7,383;2,000;4,000;

20412;2017.12.29 11:00:00;23,391;3,100;4,000;84,000;8,000;7,383;2,000;4,000;

20413;2017.12.29 12:00:00;23,169;3,300;4,000;83,000;8,000;7,383;2,000;4,000;

20414;2017.12.29 13:00:00;21,780;3,400;4,000;82,000;8,000;7,383;2,000;4,000;

20415;2017.12.29 14:00:00;24,835;3,400;4,000;83,000;8,000;7,383;2,000;4,000;

20416;2017.12.29 15:00:00;24,669;3,200;4,000;84,000;8,000;7,383;2,000;4,000;

20417;2017.12.29 16:00:00;22,613;3,100;3,000;84,000;8,000;7,383;2,000;4,000;

20418;2017.12.29 17:00:00;23,502;2,900;3,000;85,000;8,000;7,383;2,000;4,000;

20419;2017.12.29 18:00:00;24,502;2,500;3,000;87,000;8,000;7,383;2,000;4,000;

20420;2017.12.29 19:00:00;24,224;2,300;2,000;88,000;8,000;7,383;2,000;4,000;

20421;2017.12.29 20:00:00;23,335;2,300;3,000;86,000;8,000;7,383;2,000;4,000;

20422;2017.12.29 21:00:00;22,668;2,000;2,000;84,000;3,000;7,383;2,000;4,000;

20423;2017.12.29 22:00:00;24,002;1,100;2,000;84,000;0,000;7,383;2,000;4,000;

20424;2017.12.29 23:00:00;22,502;0,300;3,000;86,000;0,000;7,383;2,000;4,000;

20425;2017.12.30 00:00:00;25,780;-0,500;2,000;88,000;0,000;7,400;3,000;4,000;

20426;2017.12.30 01:00:00;24,585;-0,900;3,000;89,000;0,000;7,400;3,000;4,000;

20427;2017.12.30 02:00:00;25,558;-1,200;3,000;90,000;0,000;7,400;3,000;4,000;

20428;2017.12.30 03:00:00;25,835;-1,500;3,000;90,000;1,000;7,400;3,000;4,000;

20429;2017.12.30 04:00:00;26,530;-1,400;4,000;89,000;4,000;7,400;3,000;4,000;

20430;2017.12.30 05:00:00;26,113;-0,900;4,000;85,000;7,000;7,400;3,000;4,000;

20431;2017.12.30 06:00:00;27,363;-0,700;4,000;81,000;7,000;7,400;3,000;4,000;

20432;2017.12.30 07:00:00;26,947;-1,000;4,000;80,000;7,000;7,400;3,000;4,000;

20433;2017.12.30 08:00:00;25,349;-0,600;5,000;78,000;6,000;7,400;3,000;4,000;

20434;2017.12.30 09:00:00;25,002;-0,200;5,000;75,000;4,000;7,400;3,000;4,000;

20435;2017.12.30 10:00:00;23,986;0,200;5,000;74,000;2,000;7,400;3,000;4,000;

20436;2017.12.30 11:00:00;26,226;1,100;5,000;72,000;2,000;7,400;3,000;4,000;

20437;2017.12.30 12:00:00;26,808;1,100;6,000;72,000;5,000;7,400;3,000;4,000;

20438;2017.12.30 13:00:00;26,391;0,900;5,000;75,000;7,000;7,400;3,000;4,000;

20439;2017.12.30 14:00:00;25,835;1,000;4,000;78,000;7,000;7,400;3,000;4,000;

20440;2017.12.30 15:00:00;28,336;0,700;4,000;80,000;8,000;7,400;3,000;4,000;

20441;2017.12.30 16:00:00;24,863;0,800;5,000;79,000;8,000;7,400;3,000;4,000;

20442;2017.12.30 17:00:00;26,669;1,000;5,000;77,000;8,000;7,400;3,000;4,000;

20443;2017.12.30 18:00:00;26,113;1,200;4,000;76,000;8,000;7,400;3,000;4,000;

20444;2017.12.30 19:00:00;26,585;0,700;5,000;83,000;8,000;7,400;3,000;4,000;

20445;2017.12.30 20:00:00;25,724;0,600;5,000;88,000;8,000;7,400;3,000;4,000;

20446;2017.12.30 21:00:00;27,280;0,600;5,000;91,000;8,000;7,400;3,000;4,000;

20447;2017.12.30 22:00:00;26,502;0,900;5,000;93,000;8,000;7,400;3,000;4,000;

20448;2017.12.30 23:00:00;23,280;1,700;4,000;94,000;8,000;7,400;3,000;4,000;

20449;2017.12.31 00:00:00;24,793;2,900;4,000;95,000;8,000;7,417;4,000;4,000;

20450;2017.12.31 01:00:00;23,877;4,600;6,000;96,000;8,000;7,417;4,000;4,000;

20451;2017.12.31 02:00:00;22,613;4,200;6,000;94,000;8,000;7,417;4,000;4,000;

20452;2017.12.31 03:00:00;22,780;4,100;7,000;92,000;8,000;7,417;4,000;4,000;

20453;2017.12.31 04:00:00;23,224;3,700;6,000;87,000;8,000;7,417;4,000;4,000;

20454;2017.12.31 05:00:00;22,668;3,700;6,000;82,000;8,000;7,417;4,000;4,000;

20455;2017.12.31 06:00:00;22,557;3,600;6,000;80,000;8,000;7,417;4,000;4,000;

20456;2017.12.31 07:00:00;22,557;3,800;5,000;79,000;8,000;7,417;4,000;4,000;

20457;2017.12.31 08:00:00;23,169;3,600;3,000;82,000;8,000;7,417;4,000;4,000;

20458;2017.12.31 09:00:00;21,946;3,400;2,000;88,000;8,000;7,417;4,000;4,000;

20459;2017.12.31 10:00:00;22,002;3,800;3,000;87,000;8,000;7,417;4,000;4,000;

20460;2017.12.31 11:00:00;21,891;5,100;2,000;79,000;7,000;7,417;4,000;4,000;

20461;2017.12.31 12:00:00;21,724;4,700;3,000;81,000;8,000;7,417;4,000;4,000;

20462;2017.12.31 13:00:00;22,170;4,500;4,000;85,000;8,000;7,417;4,000;4,000;

20463;2017.12.31 14:00:00;21,278;4,600;4,000;87,000;8,000;7,417;4,000;4,000;

20464;2017.12.31 15:00:00;22,020;4,700;4,000;89,000;8,000;7,417;4,000;4,000;

20465;2017.12.31 16:00:00;23,011;5,000;5,000;92,000;8,000;7,417;4,000;4,000;

20466;2017.12.31 17:00:00;21,668;5,800;5,000;95,000;8,000;7,417;4,000;4,000;

20467;2017.12.31 18:00:00;21,668;7,000;4,000;96,000;8,000;7,417;4,000;4,000;

20468;2017.12.31 19:00:00;21,855;7,900;4,000;96,000;8,000;7,417;4,000;4,000;

20469;2017.12.31 20:00:00;20,065;9,900;4,000;94,000;8,000;7,417;4,000;4,000;

20470;2017.12.31 21:00:00;19,446;10,300;5,000;89,000;8,000;7,417;4,000;4,000;

20471;2017.12.31 22:00:00;18,946;9,900;4,000;91,000;8,000;7,417;4,000;4,000;

20472;2017.12.31 23:00:00;15,612;9,500;4,000;93,000;8,000;7,417;4,000;4,000;

20473;2018.01.01 00:00:00;19,557;0,000;0,000;0,000;0,000;7,433;5,000;4,000;

20474;2018.01.01 01:00:00;18,279;0,000;0,000;0,000;0,000;7,433;5,000;4,000;

20475;2018.01.01 02:00:00;17,335;0,000;0,000;0,000;0,000;7,433;5,000;4,000;

20476;2018.01.01 03:00:00;17,557;0,000;0,000;0,000;0,000;7,433;5,000;4,000;

20477;2018.01.01 04:00:00;17,557;0,000;0,000;0,000;0,000;7,433;5,000;4,000;

20478;2018.01.01 05:00:00;17,279;0,000;0,000;0,000;0,000;7,433;5,000;4,000;

20479;2018.01.01 06:00:00;17,835;0,000;0,000;0,000;0,000;7,433;5,000;4,000;

20480;2018.01.01 07:00:00;16,890;0,000;0,000;0,000;0,000;7,433;5,000;4,000;

20481;2018.01.01 08:00:00;16,946;0,000;0,000;0,000;0,000;7,433;5,000;4,000;

20482;2018.01.01 09:00:00;17,001;0,000;0,000;0,000;0,000;7,433;5,000;4,000;

20483;2018.01.01 10:00:00;16,890;0,000;0,000;0,000;0,000;7,433;5,000;4,000;

20484;2018.01.01 11:00:00;16,612;0,000;0,000;0,000;0,000;7,433;5,000;4,000;

20485;2018.01.01 12:00:00;16,501;0,000;0,000;0,000;0,000;7,433;5,000;4,000;

20486;2018.01.01 13:00:00;16,724;0,000;0,000;0,000;0,000;7,433;5,000;4,000;

20487;2018.01.01 14:00:00;17,001;0,000;0,000;0,000;0,000;7,433;5,000;4,000;

20488;2018.01.01 15:00:00;17,501;0,000;0,000;0,000;0,000;7,433;5,000;4,000;

20489;2018.01.01 16:00:00;19,335;0,000;0,000;0,000;0,000;7,433;5,000;4,000;

20490;2018.01.01 17:00:00;20,724;0,000;0,000;0,000;0,000;7,433;5,000;4,000;

20491;2018.01.01 18:00:00;21,780;0,000;0,000;0,000;0,000;7,433;5,000;4,000;

20492;2018.01.01 19:00:00;22,224;0,000;0,000;0,000;0,000;7,433;5,000;4,000;

20493;2018.01.01 20:00:00;21,668;0,000;0,000;0,000;0,000;7,433;5,000;4,000;

20494;2018.01.01 21:00:00;21,335;0,000;0,000;0,000;0,000;7,433;5,000;4,000;

20495;2018.01.01 22:00:00;21,224;0,000;0,000;0,000;0,000;7,433;5,000;4,000;

20496;2018.01.01 23:00:00;19,279;0,000;0,000;0,000;0,000;7,433;5,000;4,000;

20497;2018.01.02 00:00:00;22,891;0,000;0,000;0,000;0,000;7,483;1,000;4,000;

20498;2018.01.02 01:00:00;21,835;0,000;0,000;0,000;0,000;7,483;1,000;4,000;

20499;2018.01.02 02:00:00;22,113;0,000;0,000;0,000;0,000;7,483;1,000;4,000;

20500;2018.01.02 03:00:00;22,057;0,000;0,000;0,000;0,000;7,483;1,000;4,000;

20501;2018.01.02 04:00:00;23,002;0,000;0,000;0,000;0,000;7,483;1,000;4,000;

20502;2018.01.02 05:00:00;23,502;0,000;0,000;0,000;0,000;7,483;1,000;4,000;

20503;2018.01.02 06:00:00;22,891;0,000;0,000;0,000;0,000;7,483;1,000;4,000;

20504;2018.01.02 07:00:00;22,391;0,000;0,000;0,000;0,000;7,483;1,000;4,000;

20505;2018.01.02 08:00:00;22,446;0,000;0,000;0,000;0,000;7,483;1,000;4,000;

20506;2018.01.02 09:00:00;21,891;0,000;0,000;0,000;0,000;7,483;1,000;4,000;

20507;2018.01.02 10:00:00;22,113;0,000;0,000;0,000;0,000;7,483;1,000;4,000;

20508;2018.01.02 11:00:00;22,280;0,000;0,000;0,000;0,000;7,483;1,000;4,000;

20509;2018.01.02 12:00:00;21,613;0,000;0,000;0,000;0,000;7,483;1,000;4,000;

20510;2018.01.02 13:00:00;21,103;0,000;0,000;0,000;0,000;7,483;1,000;4,000;

20511;2018.01.02 14:00:00;22,152;0,000;0,000;0,000;0,000;7,483;1,000;4,000;

20512;2018.01.02 15:00:00;21,417;0,000;0,000;0,000;0,000;7,483;1,000;4,000;

20513;2018.01.02 16:00:00;23,113;0,000;0,000;0,000;0,000;7,483;1,000;4,000;

20514;2018.01.02 17:00:00;22,891;0,000;0,000;0,000;0,000;7,483;1,000;4,000;

20515;2018.01.02 18:00:00;22,743;0,000;0,000;0,000;0,000;7,483;1,000;4,000;

20516;2018.01.02 19:00:00;21,790;0,000;0,000;0,000;0,000;7,483;1,000;4,000;

20517;2018.01.02 20:00:00;21,473;0,000;0,000;0,000;0,000;7,483;1,000;4,000;

20518;2018.01.02 21:00:00;22,335;0,000;0,000;0,000;0,000;7,483;1,000;4,000;

20519;2018.01.02 22:00:00;22,288;0,000;0,000;0,000;0,000;7,483;1,000;4,000;

20520;2018.01.02 23:00:00;19,021;0,000;0,000;0,000;0,000;7,483;1,000;4,000;

20521;2018.01.03 00:00:00;23,187;0,000;0,000;0,000;0,000;7,500;1,000;4,000;

20522;2018.01.03 01:00:00;21,733;0,000;0,000;0,000;0,000;7,500;1,000;4,000;

20523;2018.01.03 02:00:00;21,780;0,000;0,000;0,000;0,000;7,500;1,000;4,000;

20524;2018.01.03 03:00:00;21,835;0,000;0,000;0,000;0,000;7,500;1,000;4,000;

20525;2018.01.03 04:00:00;21,852;0,000;0,000;0,000;0,000;7,500;1,000;4,000;

20526;2018.01.03 05:00:00;22,040;0,000;0,000;0,000;0,000;7,500;1,000;4,000;

20527;2018.01.03 06:00:00;22,789;0,000;0,000;0,000;0,000;7,500;1,000;4,000;

20528;2018.01.03 07:00:00;22,344;0,000;0,000;0,000;0,000;7,500;1,000;4,000;

20529;2018.01.03 08:00:00;22,440;0,000;0,000;0,000;0,000;7,500;1,000;4,000;

20530;2018.01.03 09:00:00;22,378;0,000;0,000;0,000;0,000;7,500;1,000;4,000;

20531;2018.01.03 10:00:00;21,921;0,000;0,000;0,000;0,000;7,500;1,000;4,000;

20532;2018.01.03 11:00:00;22,743;0,000;0,000;0,000;0,000;7,500;1,000;4,000;

20533;2018.01.03 12:00:00;24,416;0,000;0,000;0,000;0,000;7,500;1,000;4,000;

20534;2018.01.03 13:00:00;24,761;0,000;0,000;0,000;0,000;7,500;1,000;4,000;

20535;2018.01.03 14:00:00;25,613;0,000;0,000;0,000;0,000;7,500;1,000;4,000;

20536;2018.01.03 15:00:00;26,558;0,000;0,000;0,000;0,000;7,500;1,000;4,000;

20537;2018.01.03 16:00:00;25,613;0,000;0,000;0,000;0,000;7,500;1,000;4,000;

20538;2018.01.03 17:00:00;26,058;0,000;0,000;0,000;0,000;7,500;1,000;4,000;

20539;2018.01.03 18:00:00;27,144;0,000;0,000;0,000;0,000;7,500;1,000;4,000;

20540;2018.01.03 19:00:00;24,027;0,000;0,000;0,000;0,000;7,500;1,000;4,000;

20541;2018.01.03 20:00:00;24,669;0,000;0,000;0,000;0,000;7,500;1,000;4,000;

20542;2018.01.03 21:00:00;22,002;0,000;0,000;0,000;0,000;7,500;1,000;4,000;

20543;2018.01.03 22:00:00;22,224;0,000;0,000;0,000;0,000;7,500;1,000;4,000;

20544;2018.01.03 23:00:00;19,668;0,000;0,000;0,000;0,000;7,500;1,000;4,000;

20545;2018.01.04 00:00:00;21,780;0,000;0,000;0,000;0,000;7,517;1,000;4,000;

20546;2018.01.04 01:00:00;21,113;0,000;0,000;0,000;0,000;7,517;1,000;4,000;

20547;2018.01.04 02:00:00;21,391;0,000;0,000;0,000;0,000;7,517;1,000;4,000;

20548;2018.01.04 03:00:00;21,224;0,000;0,000;0,000;0,000;7,517;1,000;4,000;

20549;2018.01.04 04:00:00;21,613;0,000;0,000;0,000;0,000;7,517;1,000;4,000;

20550;2018.01.04 05:00:00;21,168;0,000;0,000;0,000;0,000;7,517;1,000;4,000;

20551;2018.01.04 06:00:00;23,002;0,000;0,000;0,000;0,000;7,517;1,000;4,000;

20552;2018.01.04 07:00:00;20,668;0,000;0,000;0,000;0,000;7,517;1,000;4,000;

20553;2018.01.04 08:00:00;22,113;0,000;0,000;0,000;0,000;7,517;1,000;4,000;

20554;2018.01.04 09:00:00;21,776;0,000;0,000;0,000;0,000;7,517;1,000;4,000;

20555;2018.01.04 10:00:00;22,709;0,000;0,000;0,000;0,000;7,517;1,000;4,000;

20556;2018.01.04 11:00:00;22,409;0,000;0,000;0,000;0,000;7,517;1,000;4,000;

20557;2018.01.04 12:00:00;21,298;0,000;0,000;0,000;0,000;7,517;1,000;4,000;

20558;2018.01.04 13:00:00;20,055;0,000;0,000;0,000;0,000;7,517;1,000;4,000;

20559;2018.01.04 14:00:00;20,967;0,000;0,000;0,000;0,000;7,517;1,000;4,000;

20560;2018.01.04 15:00:00;21,946;0,000;0,000;0,000;0,000;7,517;1,000;4,000;

20561;2018.01.04 16:00:00;22,409;0,000;0,000;0,000;0,000;7,517;1,000;4,000;

20562;2018.01.04 17:00:00;23,335;0,000;0,000;0,000;0,000;7,517;1,000;4,000;

20563;2018.01.04 18:00:00;23,983;0,000;0,000;0,000;0,000;7,517;1,000;4,000;

20564;2018.01.04 19:00:00;24,446;0,000;0,000;0,000;0,000;7,517;1,000;4,000;

20565;2018.01.04 20:00:00;23,428;0,000;0,000;0,000;0,000;7,517;1,000;4,000;

20566;2018.01.04 21:00:00;21,205;0,000;0,000;0,000;0,000;7,517;1,000;4,000;

20567;2018.01.04 22:00:00;22,039;0,000;0,000;0,000;0,000;7,517;1,000;4,000;

20568;2018.01.04 23:00:00;18,890;0,000;0,000;0,000;0,000;7,517;1,000;4,000;

20569;2018.01.05 00:00:00;22,687;0,000;0,000;0,000;0,000;7,550;2,000;4,000;

20570;2018.01.05 01:00:00;21,205;0,000;0,000;0,000;0,000;7,550;2,000;4,000;

20571;2018.01.05 02:00:00;20,650;0,000;0,000;0,000;0,000;7,550;2,000;4,000;

20572;2018.01.05 03:00:00;21,113;0,000;0,000;0,000;0,000;7,550;2,000;4,000;

20573;2018.01.05 04:00:00;21,576;0,000;0,000;0,000;0,000;7,550;2,000;4,000;

20574;2018.01.05 05:00:00;20,742;0,000;0,000;0,000;0,000;7,550;2,000;4,000;

20575;2018.01.05 06:00:00;21,391;0,000;0,000;0,000;0,000;7,550;2,000;4,000;

20576;2018.01.05 07:00:00;20,279;0,000;0,000;0,000;0,000;7,550;2,000;4,000;

20577;2018.01.05 08:00:00;20,668;0,000;0,000;0,000;0,000;7,550;2,000;4,000;

20578;2018.01.05 09:00:00;21,502;0,000;0,000;0,000;0,000;7,550;2,000;4,000;

20579;2018.01.05 10:00:00;22,002;0,000;0,000;0,000;0,000;7,550;2,000;4,000;

20580;2018.01.05 11:00:00;21,002;0,000;0,000;0,000;0,000;7,550;2,000;4,000;

20581;2018.01.05 12:00:00;21,780;0,000;0,000;0,000;0,000;7,550;2,000;4,000;

20582;2018.01.05 13:00:00;21,113;0,000;0,000;0,000;0,000;7,550;2,000;4,000;

20583;2018.01.05 14:00:00;20,224;0,000;0,000;0,000;0,000;7,550;2,000;4,000;

20584;2018.01.05 15:00:00;21,168;0,000;0,000;0,000;0,000;7,550;2,000;4,000;

20585;2018.01.05 16:00:00;22,113;0,000;0,000;0,000;0,000;7,550;2,000;4,000;

20586;2018.01.05 17:00:00;24,502;0,000;0,000;0,000;0,000;7,550;2,000;4,000;

20587;2018.01.05 18:00:00;22,724;0,000;0,000;0,000;0,000;7,550;2,000;4,000;

20588;2018.01.05 19:00:00;23,446;0,000;0,000;0,000;0,000;7,550;2,000;4,000;

20589;2018.01.05 20:00:00;22,057;0,000;0,000;0,000;0,000;7,550;2,000;4,000;

20590;2018.01.05 21:00:00;22,557;0,000;0,000;0,000;0,000;7,550;2,000;4,000;

20591;2018.01.05 22:00:00;21,168;0,000;0,000;0,000;0,000;7,550;2,000;4,000;

20592;2018.01.05 23:00:00;19,557;0,000;0,000;0,000;0,000;7,550;2,000;4,000;

20593;2018.01.06 00:00:00;22,168;0,000;0,000;0,000;0,000;7,583;5,000;4,000;

20594;2018.01.06 01:00:00;21,835;0,000;0,000;0,000;0,000;7,583;5,000;4,000;

20595;2018.01.06 02:00:00;21,696;0,000;0,000;0,000;0,000;7,583;5,000;4,000;

20596;2018.01.06 03:00:00;21,863;0,000;0,000;0,000;0,000;7,583;5,000;4,000;

20597;2018.01.06 04:00:00;23,335;0,000;0,000;0,000;0,000;7,583;5,000;4,000;

20598;2018.01.06 05:00:00;22,613;0,000;0,000;0,000;0,000;7,583;5,000;4,000;

20599;2018.01.06 06:00:00;22,780;0,000;0,000;0,000;0,000;7,583;5,000;4,000;

20600;2018.01.06 07:00:00;22,613;0,000;0,000;0,000;0,000;7,583;5,000;4,000;

20601;2018.01.06 08:00:00;21,835;0,000;0,000;0,000;0,000;7,583;5,000;4,000;

20602;2018.01.06 09:00:00;20,724;0,000;0,000;0,000;0,000;7,583;5,000;4,000;

20603;2018.01.06 10:00:00;20,724;0,000;0,000;0,000;0,000;7,583;5,000;4,000;

20604;2018.01.06 11:00:00;21,335;0,000;0,000;0,000;0,000;7,583;5,000;4,000;

20605;2018.01.06 12:00:00;21,057;0,000;0,000;0,000;0,000;7,583;5,000;4,000;

20606;2018.01.06 13:00:00;20,835;0,000;0,000;0,000;0,000;7,583;5,000;4,000;

20607;2018.01.06 14:00:00;20,835;0,000;0,000;0,000;0,000;7,583;5,000;4,000;

20608;2018.01.06 15:00:00;21,502;0,000;0,000;0,000;0,000;7,583;5,000;4,000;

20609;2018.01.06 16:00:00;21,168;0,000;0,000;0,000;0,000;7,583;5,000;4,000;

20610;2018.01.06 17:00:00;20,446;0,000;0,000;0,000;0,000;7,583;5,000;4,000;

20611;2018.01.06 18:00:00;20,502;0,000;0,000;0,000;0,000;7,583;5,000;4,000;

20612;2018.01.06 19:00:00;21,002;0,000;0,000;0,000;0,000;7,583;5,000;4,000;

20613;2018.01.06 20:00:00;21,113;0,000;0,000;0,000;0,000;7,583;5,000;4,000;

20614;2018.01.06 21:00:00;23,669;0,000;0,000;0,000;0,000;7,583;5,000;4,000;

20615;2018.01.06 22:00:00;22,168;0,000;0,000;0,000;0,000;7,583;5,000;4,000;

20616;2018.01.06 23:00:00;20,557;0,000;0,000;0,000;0,000;7,583;5,000;4,000;

20617;2018.01.07 00:00:00;23,946;0,000;0,000;0,000;0,000;7,600;4,000;4,000;

20618;2018.01.07 01:00:00;22,335;0,000;0,000;0,000;0,000;7,600;4,000;4,000;

20619;2018.01.07 02:00:00;22,502;0,000;0,000;0,000;0,000;7,600;4,000;4,000;

20620;2018.01.07 03:00:00;23,613;0,000;0,000;0,000;0,000;7,600;4,000;4,000;

20621;2018.01.07 04:00:00;24,002;0,000;0,000;0,000;0,000;7,600;4,000;4,000;

20622;2018.01.07 05:00:00;24,391;0,000;0,000;0,000;0,000;7,600;4,000;4,000;

20623;2018.01.07 06:00:00;25,891;0,000;0,000;0,000;0,000;7,600;4,000;4,000;

20624;2018.01.07 07:00:00;25,224;0,000;0,000;0,000;0,000;7,600;4,000;4,000;

20625;2018.01.07 08:00:00;28,002;0,000;0,000;0,000;0,000;7,600;4,000;4,000;

20626;2018.01.07 09:00:00;27,002;0,000;0,000;0,000;0,000;7,600;4,000;4,000;

20627;2018.01.07 10:00:00;26,056;0,000;0,000;0,000;0,000;7,600;4,000;4,000;

20628;2018.01.07 11:00:00;26,560;0,000;0,000;0,000;0,000;7,600;4,000;4,000;

20629;2018.01.07 12:00:00;27,336;0,000;0,000;0,000;0,000;7,600;4,000;4,000;

20630;2018.01.07 13:00:00;23,441;0,000;0,000;0,000;0,000;7,600;4,000;4,000;

20631;2018.01.07 14:00:00;27,605;0,000;0,000;0,000;0,000;7,600;4,000;4,000;

20632;2018.01.07 15:00:00;27,110;0,000;0,000;0,000;0,000;7,600;4,000;4,000;

20633;2018.01.07 16:00:00;28,242;0,000;0,000;0,000;0,000;7,600;4,000;4,000;

20634;2018.01.07 17:00:00;29,669;0,000;0,000;0,000;0,000;7,600;4,000;4,000;

20635;2018.01.07 18:00:00;30,336;0,000;0,000;0,000;0,000;7,600;4,000;4,000;

20636;2018.01.07 19:00:00;30,002;0,000;0,000;0,000;0,000;7,600;4,000;4,000;

20637;2018.01.07 20:00:00;29,447;0,000;0,000;0,000;0,000;7,600;4,000;4,000;

20638;2018.01.07 21:00:00;29,717;0,000;0,000;0,000;0,000;7,600;4,000;4,000;

20639;2018.01.07 22:00:00;29,343;0,000;0,000;0,000;0,000;7,600;4,000;4,000;

20640;2018.01.07 23:00:00;27,002;0,000;0,000;0,000;0,000;7,600;4,000;4,000;

20641;2018.01.08 00:00:00;30,006;0,000;0,000;0,000;0,000;7,650;1,000;4,000;

20642;2018.01.08 01:00:00;30,332;0,000;0,000;0,000;0,000;7,650;1,000;4,000;

20643;2018.01.08 02:00:00;29,836;0,000;0,000;0,000;0,000;7,650;1,000;4,000;

20644;2018.01.08 03:00:00;30,947;0,000;0,000;0,000;0,000;7,650;1,000;4,000;

20645;2018.01.08 04:00:00;30,391;0,000;0,000;0,000;0,000;7,650;1,000;4,000;

20646;2018.01.08 05:00:00;31,002;0,000;0,000;0,000;0,000;7,650;1,000;4,000;

20647;2018.01.08 06:00:00;33,225;0,000;0,000;0,000;0,000;7,650;1,000;4,000;

20648;2018.01.08 07:00:00;32,003;0,000;0,000;0,000;0,000;7,650;1,000;4,000;

20649;2018.01.08 08:00:00;35,670;0,000;0,000;0,000;0,000;7,650;1,000;4,000;

20650;2018.01.08 09:00:00;33,780;0,000;0,000;0,000;0,000;7,650;1,000;4,000;

20651;2018.01.08 10:00:00;32,947;0,000;0,000;0,000;0,000;7,650;1,000;4,000;

20652;2018.01.08 11:00:00;29,336;0,000;0,000;0,000;0,000;7,650;1,000;4,000;

20653;2018.01.08 12:00:00;28,780;0,000;0,000;0,000;0,000;7,650;1,000;4,000;

20654;2018.01.08 13:00:00;27,891;0,000;0,000;0,000;0,000;7,650;1,000;4,000;

20655;2018.01.08 14:00:00;26,447;0,000;0,000;0,000;0,000;7,650;1,000;4,000;

20656;2018.01.08 15:00:00;29,595;0,000;0,000;0,000;0,000;7,650;1,000;4,000;

20657;2018.01.08 16:00:00;29,243;0,000;0,000;0,000;0,000;7,650;1,000;4,000;

20658;2018.01.08 17:00:00;26,835;0,000;0,000;0,000;0,000;7,650;1,000;4,000;

20659;2018.01.08 18:00:00;27,113;0,000;0,000;0,000;0,000;7,650;1,000;4,000;

20660;2018.01.08 19:00:00;26,113;0,000;0,000;0,000;0,000;7,650;1,000;4,000;

20661;2018.01.08 20:00:00;26,947;0,000;0,000;0,000;0,000;7,650;1,000;4,000;

20662;2018.01.08 21:00:00;26,835;0,000;0,000;0,000;0,000;7,650;1,000;4,000;

20663;2018.01.08 22:00:00;26,447;0,000;0,000;0,000;0,000;7,650;1,000;4,000;

20664;2018.01.08 23:00:00;24,946;0,000;0,000;0,000;0,000;7,650;1,000;4,000;

20665;2018.01.09 00:00:00;27,336;0,000;0,000;0,000;0,000;7,683;1,000;4,000;

20666;2018.01.09 01:00:00;27,002;0,000;0,000;0,000;0,000;7,683;1,000;4,000;

20667;2018.01.09 02:00:00;26,618;0,000;0,000;0,000;0,000;7,683;1,000;4,000;

20668;2018.01.09 03:00:00;28,247;0,000;0,000;0,000;0,000;7,683;1,000;4,000;

20669;2018.01.09 04:00:00;27,224;0,000;0,000;0,000;0,000;7,683;1,000;4,000;

20670;2018.01.09 05:00:00;28,197;0,000;0,000;0,000;0,000;7,683;1,000;4,000;

20671;2018.01.09 06:00:00;28,613;0,000;0,000;0,000;0,000;7,683;1,000;4,000;

20672;2018.01.09 07:00:00;27,724;0,000;0,000;0,000;0,000;7,683;1,000;4,000;

20673;2018.01.09 08:00:00;27,465;0,000;0,000;0,000;0,000;7,683;1,000;4,000;

20674;2018.01.09 09:00:00;27,130;0,000;0,000;0,000;0,000;7,683;1,000;4,000;

20675;2018.01.09 10:00:00;27,689;0,000;0,000;0,000;0,000;7,683;1,000;4,000;

20676;2018.01.09 11:00:00;27,224;0,000;0,000;0,000;0,000;7,683;1,000;4,000;

20677;2018.01.09 12:00:00;26,502;0,000;0,000;0,000;0,000;7,683;1,000;4,000;

20678;2018.01.09 13:00:00;25,385;0,000;0,000;0,000;0,000;7,683;1,000;4,000;

20679;2018.01.09 14:00:00;24,897;0,000;0,000;0,000;0,000;7,683;1,000;4,000;

20680;2018.01.09 15:00:00;27,252;0,000;0,000;0,000;0,000;7,683;1,000;4,000;

20681;2018.01.09 16:00:00;26,530;0,000;0,000;0,000;0,000;7,683;1,000;4,000;

20682;2018.01.09 17:00:00;27,336;0,000;0,000;0,000;0,000;7,683;1,000;4,000;

20683;2018.01.09 18:00:00;28,558;0,000;0,000;0,000;0,000;7,683;1,000;4,000;

20684;2018.01.09 19:00:00;27,613;0,000;0,000;0,000;0,000;7,683;1,000;4,000;

20685;2018.01.09 20:00:00;28,224;0,000;0,000;0,000;0,000;7,683;1,000;4,000;

20686;2018.01.09 21:00:00;25,351;0,000;0,000;0,000;0,000;7,683;1,000;4,000;

20687;2018.01.09 22:00:00;25,598;0,000;0,000;0,000;0,000;7,683;1,000;4,000;

20688;2018.01.09 23:00:00;23,224;0,000;0,000;0,000;0,000;7,683;1,000;4,000;

20689;2018.01.10 00:00:00;24,835;0,000;0,000;0,000;0,000;7,717;1,000;4,000;

20690;2018.01.10 01:00:00;23,891;0,000;0,000;0,000;0,000;7,717;1,000;4,000;

20691;2018.01.10 02:00:00;24,446;0,000;0,000;0,000;0,000;7,717;1,000;4,000;

20692;2018.01.10 03:00:00;24,169;0,000;0,000;0,000;0,000;7,717;1,000;4,000;

20693;2018.01.10 04:00:00;23,919;0,000;0,000;0,000;0,000;7,717;1,000;4,000;

20694;2018.01.10 05:00:00;24,641;0,000;0,000;0,000;0,000;7,717;1,000;4,000;

20695;2018.01.10 06:00:00;24,280;0,000;0,000;0,000;0,000;7,717;1,000;4,000;

20696;2018.01.10 07:00:00;24,724;0,000;0,000;0,000;0,000;7,717;1,000;4,000;

20697;2018.01.10 08:00:00;26,419;0,000;0,000;0,000;0,000;7,717;1,000;4,000;

20698;2018.01.10 09:00:00;25,585;0,000;0,000;0,000;0,000;7,717;1,000;4,000;

20699;2018.01.10 10:00:00;23,057;0,000;0,000;0,000;0,000;7,717;1,000;4,000;

20700;2018.01.10 11:00:00;24,057;0,000;0,000;0,000;0,000;7,717;1,000;4,000;

20701;2018.01.10 12:00:00;23,557;0,000;0,000;0,000;0,000;7,717;1,000;4,000;

20702;2018.01.10 13:00:00;23,780;0,000;0,000;0,000;0,000;7,717;1,000;4,000;

20703;2018.01.10 14:00:00;25,835;0,000;0,000;0,000;0,000;7,717;1,000;4,000;

20704;2018.01.10 15:00:00;28,447;0,000;0,000;0,000;0,000;7,717;1,000;4,000;

20705;2018.01.10 16:00:00;25,780;0,000;0,000;0,000;0,000;7,717;1,000;4,000;

20706;2018.01.10 17:00:00;24,613;0,000;0,000;0,000;0,000;7,717;1,000;4,000;

20707;2018.01.10 18:00:00;25,446;0,000;0,000;0,000;0,000;7,717;1,000;4,000;

20708;2018.01.10 19:00:00;29,002;0,000;0,000;0,000;0,000;7,717;1,000;4,000;

20709;2018.01.10 20:00:00;26,891;0,000;0,000;0,000;0,000;7,717;1,000;4,000;

20710;2018.01.10 21:00:00;25,280;0,000;0,000;0,000;0,000;7,717;1,000;4,000;

20711;2018.01.10 22:00:00;25,002;0,000;0,000;0,000;0,000;7,717;1,000;4,000;

20712;2018.01.10 23:00:00;21,335;0,000;0,000;0,000;0,000;7,717;1,000;4,000;

20713;2018.01.11 00:00:00;25,891;0,000;0,000;0,000;0,000;7,750;1,000;4,000;

20714;2018.01.11 01:00:00;24,446;0,000;0,000;0,000;0,000;7,750;1,000;4,000;

20715;2018.01.11 02:00:00;24,891;0,000;0,000;0,000;0,000;7,750;1,000;4,000;

20716;2018.01.11 03:00:00;24,835;0,000;0,000;0,000;0,000;7,750;1,000;4,000;

20717;2018.01.11 04:00:00;24,613;0,000;0,000;0,000;0,000;7,750;1,000;4,000;

20718;2018.01.11 05:00:00;25,558;0,000;0,000;0,000;0,000;7,750;1,000;4,000;

20719;2018.01.11 06:00:00;24,502;0,000;0,000;0,000;0,000;7,750;1,000;4,000;

20720;2018.01.11 07:00:00;25,669;0,000;0,000;0,000;0,000;7,750;1,000;4,000;

20721;2018.01.11 08:00:00;25,002;0,000;0,000;0,000;0,000;7,750;1,000;4,000;

20722;2018.01.11 09:00:00;24,835;0,000;0,000;0,000;0,000;7,750;1,000;4,000;

20723;2018.01.11 10:00:00;26,058;0,000;0,000;0,000;0,000;7,750;1,000;4,000;

20724;2018.01.11 11:00:00;25,224;0,000;0,000;0,000;0,000;7,750;1,000;4,000;

20725;2018.01.11 12:00:00;27,002;0,000;0,000;0,000;0,000;7,750;1,000;4,000;

20726;2018.01.11 13:00:00;26,224;0,000;0,000;0,000;0,000;7,750;1,000;4,000;

20727;2018.01.11 14:00:00;26,169;0,000;0,000;0,000;0,000;7,750;1,000;4,000;

20728;2018.01.11 15:00:00;29,725;0,000;0,000;0,000;0,000;7,750;1,000;4,000;

20729;2018.01.11 16:00:00;30,669;0,000;0,000;0,000;0,000;7,750;1,000;4,000;

20730;2018.01.11 17:00:00;28,613;0,000;0,000;0,000;0,000;7,750;1,000;4,000;

20731;2018.01.11 18:00:00;27,224;0,000;0,000;0,000;0,000;7,750;1,000;4,000;

20732;2018.01.11 19:00:00;28,669;0,000;0,000;0,000;0,000;7,750;1,000;4,000;

20733;2018.01.11 20:00:00;26,391;0,000;0,000;0,000;0,000;7,750;1,000;4,000;

20734;2018.01.11 21:00:00;25,502;0,000;0,000;0,000;0,000;7,750;1,000;4,000;

20735;2018.01.11 22:00:00;26,002;0,000;0,000;0,000;0,000;7,750;1,000;4,000;

20736;2018.01.11 23:00:00;23,002;0,000;0,000;0,000;0,000;7,750;1,000;4,000;

20737;2018.01.12 00:00:00;26,226;0,000;0,000;0,000;0,000;7,800;2,000;4,000;

20738;2018.01.12 01:00:00;25,000;0,000;0,000;0,000;0,000;7,800;2,000;4,000;

20739;2018.01.12 02:00:00;25,113;0,000;0,000;0,000;0,000;7,800;2,000;4,000;

20740;2018.01.12 03:00:00;24,558;0,000;0,000;0,000;0,000;7,800;2,000;4,000;

20741;2018.01.12 04:00:00;25,058;0,000;0,000;0,000;0,000;7,800;2,000;4,000;

20742;2018.01.12 05:00:00;25,391;0,000;0,000;0,000;0,000;7,800;2,000;4,000;

20743;2018.01.12 06:00:00;26,224;0,000;0,000;0,000;0,000;7,800;2,000;4,000;

20744;2018.01.12 07:00:00;24,724;0,000;0,000;0,000;0,000;7,800;2,000;4,000;

20745;2018.01.12 08:00:00;24,780;0,000;0,000;0,000;0,000;7,800;2,000;4,000;

20746;2018.01.12 09:00:00;24,724;0,000;0,000;0,000;0,000;7,800;2,000;4,000;

20747;2018.01.12 10:00:00;25,446;0,000;0,000;0,000;0,000;7,800;2,000;4,000;

20748;2018.01.12 11:00:00;24,169;0,000;0,000;0,000;0,000;7,800;2,000;4,000;

20749;2018.01.12 12:00:00;25,113;0,000;0,000;0,000;0,000;7,800;2,000;4,000;

20750;2018.01.12 13:00:00;24,613;0,000;0,000;0,000;0,000;7,800;2,000;4,000;

20751;2018.01.12 14:00:00;24,002;0,000;0,000;0,000;0,000;7,800;2,000;4,000;

20752;2018.01.12 15:00:00;25,002;0,000;0,000;0,000;0,000;7,800;2,000;4,000;

20753;2018.01.12 16:00:00;28,502;0,000;0,000;0,000;0,000;7,800;2,000;4,000;

20754;2018.01.12 17:00:00;30,391;0,000;0,000;0,000;0,000;7,800;2,000;4,000;

20755;2018.01.12 18:00:00;28,836;0,000;0,000;0,000;0,000;7,800;2,000;4,000;

20756;2018.01.12 19:00:00;33,392;0,000;0,000;0,000;0,000;7,800;2,000;4,000;

20757;2018.01.12 20:00:00;29,780;0,000;0,000;0,000;0,000;7,800;2,000;4,000;

20758;2018.01.12 21:00:00;29,336;0,000;0,000;0,000;0,000;7,800;2,000;4,000;

20759;2018.01.12 22:00:00;29,891;0,000;0,000;0,000;0,000;7,800;2,000;4,000;

20760;2018.01.12 23:00:00;25,669;0,000;0,000;0,000;0,000;7,800;2,000;4,000;

20761;2018.01.13 00:00:00;31,058;0,000;0,000;0,000;0,000;7,833;3,000;4,000;

20762;2018.01.13 01:00:00;29,768;0,000;0,000;0,000;0,000;7,833;3,000;4,000;

20763;2018.01.13 02:00:00;29,875;0,000;0,000;0,000;0,000;7,833;3,000;4,000;

20764;2018.01.13 03:00:00;30,698;0,000;0,000;0,000;0,000;7,833;3,000;4,000;

20765;2018.01.13 04:00:00;30,421;0,000;0,000;0,000;0,000;7,833;3,000;4,000;

20766;2018.01.13 05:00:00;29,898;0,000;0,000;0,000;0,000;7,833;3,000;4,000;

20767;2018.01.13 06:00:00;29,521;0,000;0,000;0,000;0,000;7,833;3,000;4,000;

20768;2018.01.13 07:00:00;30,558;0,000;0,000;0,000;0,000;7,833;3,000;4,000;

20769;2018.01.13 08:00:00;31,947;0,000;0,000;0,000;0,000;7,833;3,000;4,000;

20770;2018.01.13 09:00:00;30,915;0,000;0,000;0,000;0,000;7,833;3,000;4,000;

20771;2018.01.13 10:00:00;28,519;0,000;0,000;0,000;0,000;7,833;3,000;4,000;

20772;2018.01.13 11:00:00;29,245;0,000;0,000;0,000;0,000;7,833;3,000;4,000;

20773;2018.01.13 12:00:00;29,386;0,000;0,000;0,000;0,000;7,833;3,000;4,000;

20774;2018.01.13 13:00:00;28,169;0,000;0,000;0,000;0,000;7,833;3,000;4,000;

20775;2018.01.13 14:00:00;28,558;0,000;0,000;0,000;0,000;7,833;3,000;4,000;

20776;2018.01.13 15:00:00;27,558;0,000;0,000;0,000;0,000;7,833;3,000;4,000;

20777;2018.01.13 16:00:00;34,503;0,000;0,000;0,000;0,000;7,833;3,000;4,000;

20778;2018.01.13 17:00:00;30,558;0,000;0,000;0,000;0,000;7,833;3,000;4,000;

20779;2018.01.13 18:00:00;29,725;0,000;0,000;0,000;0,000;7,833;3,000;4,000;

20780;2018.01.13 19:00:00;34,114;0,000;0,000;0,000;0,000;7,833;3,000;4,000;

20781;2018.01.13 20:00:00;31,669;0,000;0,000;0,000;0,000;7,833;3,000;4,000;

20782;2018.01.13 21:00:00;30,002;0,000;0,000;0,000;0,000;7,833;3,000;4,000;

20783;2018.01.13 22:00:00;30,502;0,000;0,000;0,000;0,000;7,833;3,000;4,000;

20784;2018.01.13 23:00:00;28,891;0,000;0,000;0,000;0,000;7,833;3,000;4,000;

20785;2018.01.14 00:00:00;31,058;0,000;0,000;0,000;0,000;7,883;4,000;4,000;

20786;2018.01.14 01:00:00;30,669;0,000;0,000;0,000;0,000;7,883;4,000;4,000;

20787;2018.01.14 02:00:00;31,002;0,000;0,000;0,000;0,000;7,883;4,000;4,000;

20788;2018.01.14 03:00:00;30,502;0,000;0,000;0,000;0,000;7,883;4,000;4,000;

20789;2018.01.14 04:00:00;31,058;0,000;0,000;0,000;0,000;7,883;4,000;4,000;

20790;2018.01.14 05:00:00;31,391;0,000;0,000;0,000;0,000;7,883;4,000;4,000;

20791;2018.01.14 06:00:00;33,503;0,000;0,000;0,000;0,000;7,883;4,000;4,000;

20792;2018.01.14 07:00:00;32,114;0,000;0,000;0,000;0,000;7,883;4,000;4,000;

20793;2018.01.14 08:00:00;31,601;0,000;0,000;0,000;0,000;7,883;4,000;4,000;

20794;2018.01.14 09:00:00;31,737;0,000;0,000;0,000;0,000;7,883;4,000;4,000;

20795;2018.01.14 10:00:00;31,280;0,000;0,000;0,000;0,000;7,883;4,000;4,000;

20796;2018.01.14 11:00:00;31,947;0,000;0,000;0,000;0,000;7,883;4,000;4,000;

20797;2018.01.14 12:00:00;31,836;0,000;0,000;0,000;0,000;7,883;4,000;4,000;

20798;2018.01.14 13:00:00;31,336;0,000;0,000;0,000;0,000;7,883;4,000;4,000;

20799;2018.01.14 14:00:00;33,503;0,000;0,000;0,000;0,000;7,883;4,000;4,000;

20800;2018.01.14 15:00:00;34,513;0,000;0,000;0,000;0,000;7,883;4,000;4,000;

20801;2018.01.14 16:00:00;32,613;0,000;0,000;0,000;0,000;7,883;4,000;4,000;

20802;2018.01.14 17:00:00;36,105;0,000;0,000;0,000;0,000;7,883;4,000;4,000;

20803;2018.01.14 18:00:00;33,892;0,000;0,000;0,000;0,000;7,883;4,000;4,000;

20804;2018.01.14 19:00:00;32,892;0,000;0,000;0,000;0,000;7,883;4,000;4,000;

20805;2018.01.14 20:00:00;33,169;0,000;0,000;0,000;0,000;7,883;4,000;4,000;

20806;2018.01.14 21:00:00;34,132;0,000;0,000;0,000;0,000;7,883;4,000;4,000;

20807;2018.01.14 22:00:00;32,040;0,000;0,000;0,000;0,000;7,883;4,000;4,000;

20808;2018.01.14 23:00:00;31,280;0,000;0,000;0,000;0,000;7,883;4,000;4,000;

20809;2018.01.15 00:00:00;33,225;0,000;0,000;0,000;0,000;7,933;1,000;4,000;

20810;2018.01.15 01:00:00;33,114;0,000;0,000;0,000;0,000;7,933;1,000;4,000;

20811;2018.01.15 02:00:00;32,614;0,000;0,000;0,000;0,000;7,933;1,000;4,000;

20812;2018.01.15 03:00:00;32,336;0,000;0,000;0,000;0,000;7,933;1,000;4,000;

20813;2018.01.15 04:00:00;33,058;0,000;0,000;0,000;0,000;7,933;1,000;4,000;

20814;2018.01.15 05:00:00;33,280;0,000;0,000;0,000;0,000;7,933;1,000;4,000;

20815;2018.01.15 06:00:00;33,503;0,000;0,000;0,000;0,000;7,933;1,000;4,000;

20816;2018.01.15 07:00:00;35,003;0,000;0,000;0,000;0,000;7,933;1,000;4,000;

20817;2018.01.15 08:00:00;35,258;0,000;0,000;0,000;0,000;7,933;1,000;4,000;

20818;2018.01.15 09:00:00;33,518;0,000;0,000;0,000;0,000;7,933;1,000;4,000;

20819;2018.01.15 10:00:00;33,804;0,000;0,000;0,000;0,000;7,933;1,000;4,000;

20820;2018.01.15 11:00:00;33,005;0,000;0,000;0,000;0,000;7,933;1,000;4,000;

20821;2018.01.15 12:00:00;32,317;0,000;0,000;0,000;0,000;7,933;1,000;4,000;

20822;2018.01.15 13:00:00;28,943;0,000;0,000;0,000;0,000;7,933;1,000;4,000;

20823;2018.01.15 14:00:00;32,997;0,000;0,000;0,000;0,000;7,933;1,000;4,000;

20824;2018.01.15 15:00:00;37,957;0,000;0,000;0,000;0,000;7,933;1,000;4,000;

20825;2018.01.15 16:00:00;35,160;0,000;0,000;0,000;0,000;7,933;1,000;4,000;

20826;2018.01.15 17:00:00;36,808;0,000;0,000;0,000;0,000;7,933;1,000;4,000;

20827;2018.01.15 18:00:00;38,059;0,000;0,000;0,000;0,000;7,933;1,000;4,000;

20828;2018.01.15 19:00:00;38,985;0,000;0,000;0,000;0,000;7,933;1,000;4,000;

20829;2018.01.15 20:00:00;35,651;0,000;0,000;0,000;0,000;7,933;1,000;4,000;

20830;2018.01.15 21:00:00;33,614;0,000;0,000;0,000;0,000;7,933;1,000;4,000;

20831;2018.01.15 22:00:00;33,243;0,000;0,000;0,000;0,000;7,933;1,000;4,000;

20832;2018.01.15 23:00:00;32,132;0,000;0,000;0,000;0,000;7,933;1,000;4,000;

20833;2018.01.16 00:00:00;34,632;0,000;0,000;0,000;0,000;7,967;1,000;4,000;

20834;2018.01.16 01:00:00;33,336;0,000;0,000;0,000;0,000;7,967;1,000;4,000;

20835;2018.01.16 02:00:00;31,762;0,000;0,000;0,000;0,000;7,967;1,000;4,000;

20836;2018.01.16 03:00:00;32,503;0,000;0,000;0,000;0,000;7,967;1,000;4,000;

20837;2018.01.16 04:00:00;31,762;0,000;0,000;0,000;0,000;7,967;1,000;4,000;

20838;2018.01.16 05:00:00;30,743;0,000;0,000;0,000;0,000;7,967;1,000;4,000;

20839;2018.01.16 06:00:00;31,854;0,000;0,000;0,000;0,000;7,967;1,000;4,000;

20840;2018.01.16 07:00:00;31,947;0,000;0,000;0,000;0,000;7,967;1,000;4,000;

20841;2018.01.16 08:00:00;32,595;0,000;0,000;0,000;0,000;7,967;1,000;4,000;

20842;2018.01.16 09:00:00;31,484;0,000;0,000;0,000;0,000;7,967;1,000;4,000;

20843;2018.01.16 10:00:00;31,287;0,000;0,000;0,000;0,000;7,967;1,000;4,000;

20844;2018.01.16 11:00:00;27,051;0,000;0,000;0,000;0,000;7,967;1,000;4,000;

20845;2018.01.16 12:00:00;30,419;0,000;0,000;0,000;0,000;7,967;1,000;4,000;

20846;2018.01.16 13:00:00;23,196;0,000;0,000;0,000;0,000;7,967;1,000;4,000;

20847;2018.01.16 14:00:00;0,000;0,000;0,000;0,000;0,000;7,967;1,000;4,000;

20848;2018.01.16 15:00:00;0,000;0,000;0,000;0,000;0,000;7,967;1,000;4,000;

20849;2018.01.16 16:00:00;0,000;0,000;0,000;0,000;0,000;7,967;1,000;4,000;

20850;2018.01.16 17:00:00;0,000;0,000;0,000;0,000;0,000;7,967;1,000;4,000;

20851;2018.01.16 18:00:00;0,000;0,000;0,000;0,000;0,000;7,967;1,000;4,000;

20852;2018.01.16 19:00:00;0,000;0,000;0,000;0,000;0,000;7,967;1,000;4,000;

20853;2018.01.16 20:00:00;0,000;0,000;0,000;0,000;0,000;7,967;1,000;4,000;

20854;2018.01.16 21:00:00;0,000;0,000;0,000;0,000;0,000;7,967;1,000;4,000;

20855;2018.01.16 22:00:00;0,000;0,000;0,000;0,000;0,000;7,967;1,000;4,000;

20856;2018.01.16 23:00:00;0,000;0,000;0,000;0,000;0,000;7,967;1,000;4,000;

20857;2018.01.17 00:00:00;0,000;0,000;0,000;0,000;0,000;8,017;1,000;4,000;

20858;2018.01.17 01:00:00;0,000;0,000;0,000;0,000;0,000;8,017;1,000;4,000;

20859;2018.01.17 02:00:00;0,000;0,000;0,000;0,000;0,000;8,017;1,000;4,000;

20860;2018.01.17 03:00:00;0,000;0,000;0,000;0,000;0,000;8,017;1,000;4,000;

20861;2018.01.17 04:00:00;0,000;0,000;0,000;0,000;0,000;8,017;1,000;4,000;

20862;2018.01.17 05:00:00;0,000;0,000;0,000;0,000;0,000;8,017;1,000;4,000;

20863;2018.01.17 06:00:00;0,000;0,000;0,000;0,000;0,000;8,017;1,000;4,000;

20864;2018.01.17 07:00:00;0,000;0,000;0,000;0,000;0,000;8,017;1,000;4,000;

20865;2018.01.17 08:00:00;0,000;0,000;0,000;0,000;0,000;8,017;1,000;4,000;

20866;2018.01.17 09:00:00;0,000;0,000;0,000;0,000;0,000;8,017;1,000;4,000;

20867;2018.01.17 10:00:00;0,000;0,000;0,000;0,000;0,000;8,017;1,000;4,000;

20868;2018.01.17 11:00:00;0,000;0,000;0,000;0,000;0,000;8,017;1,000;4,000;

20869;2018.01.17 12:00:00;0,000;0,000;0,000;0,000;0,000;8,017;1,000;4,000;

20870;2018.01.17 13:00:00;0,000;0,000;0,000;0,000;0,000;8,017;1,000;4,000;

20871;2018.01.17 14:00:00;0,000;0,000;0,000;0,000;0,000;8,017;1,000;4,000;

20872;2018.01.17 15:00:00;0,000;0,000;0,000;0,000;0,000;8,017;1,000;4,000;

20873;2018.01.17 16:00:00;0,000;0,000;0,000;0,000;0,000;8,017;1,000;4,000;

20874;2018.01.17 17:00:00;0,000;0,000;0,000;0,000;0,000;8,017;1,000;4,000;

20875;2018.01.17 18:00:00;0,000;0,000;0,000;0,000;0,000;8,017;1,000;4,000;

20876;2018.01.17 19:00:00;0,000;0,000;0,000;0,000;0,000;8,017;1,000;4,000;

20877;2018.01.17 20:00:00;0,000;0,000;0,000;0,000;0,000;8,017;1,000;4,000;

20878;2018.01.17 21:00:00;0,000;0,000;0,000;0,000;0,000;8,017;1,000;4,000;

20879;2018.01.17 22:00:00;0,000;0,000;0,000;0,000;0,000;8,017;1,000;4,000;

20880;2018.01.17 23:00:00;0,000;0,000;0,000;0,000;0,000;8,017;1,000;4,000;

20881;2018.01.18 00:00:00;0,000;0,000;0,000;0,000;0,000;8,067;1,000;4,000;

20882;2018.01.18 01:00:00;0,000;0,000;0,000;0,000;0,000;8,067;1,000;4,000;

20883;2018.01.18 02:00:00;0,000;0,000;0,000;0,000;0,000;8,067;1,000;4,000;

20884;2018.01.18 03:00:00;0,000;0,000;0,000;0,000;0,000;8,067;1,000;4,000;

20885;2018.01.18 04:00:00;0,000;0,000;0,000;0,000;0,000;8,067;1,000;4,000;

20886;2018.01.18 05:00:00;0,000;0,000;0,000;0,000;0,000;8,067;1,000;4,000;

20887;2018.01.18 06:00:00;0,000;0,000;0,000;0,000;0,000;8,067;1,000;4,000;

20888;2018.01.18 07:00:00;0,000;0,000;0,000;0,000;0,000;8,067;1,000;4,000;

20889;2018.01.18 08:00:00;0,000;0,000;0,000;0,000;0,000;8,067;1,000;4,000;

20890;2018.01.18 09:00:00;0,000;0,000;0,000;0,000;0,000;8,067;1,000;4,000;

20891;2018.01.18 10:00:00;0,000;0,000;0,000;0,000;0,000;8,067;1,000;4,000;

20892;2018.01.18 11:00:00;0,000;0,000;0,000;0,000;0,000;8,067;1,000;4,000;

20893;2018.01.18 12:00:00;0,000;0,000;0,000;0,000;0,000;8,067;1,000;4,000;

20894;2018.01.18 13:00:00;0,000;0,000;0,000;0,000;0,000;8,067;1,000;4,000;

20895;2018.01.18 14:00:00;0,000;0,000;0,000;0,000;0,000;8,067;1,000;4,000;

20896;2018.01.18 15:00:00;0,000;0,000;0,000;0,000;0,000;8,067;1,000;4,000;

20897;2018.01.18 16:00:00;0,000;0,000;0,000;0,000;0,000;8,067;1,000;4,000;

20898;2018.01.18 17:00:00;0,000;0,000;0,000;0,000;0,000;8,067;1,000;4,000;

20899;2018.01.18 18:00:00;0,000;0,000;0,000;0,000;0,000;8,067;1,000;4,000;

20900;2018.01.18 19:00:00;0,000;0,000;0,000;0,000;0,000;8,067;1,000;4,000;

20901;2018.01.18 20:00:00;0,000;0,000;0,000;0,000;0,000;8,067;1,000;4,000;

20902;2018.01.18 21:00:00;0,000;0,000;0,000;0,000;0,000;8,067;1,000;4,000;

20903;2018.01.18 22:00:00;0,000;0,000;0,000;0,000;0,000;8,067;1,000;4,000;

20904;2018.01.18 23:00:00;0,000;0,000;0,000;0,000;0,000;8,067;1,000;4,000;

20905;2018.01.19 00:00:00;0,000;0,000;0,000;0,000;0,000;8,117;2,000;4,000;

20906;2018.01.19 01:00:00;0,000;0,000;0,000;0,000;0,000;8,117;2,000;4,000;

20907;2018.01.19 02:00:00;0,000;0,000;0,000;0,000;0,000;8,117;2,000;4,000;

20908;2018.01.19 03:00:00;0,000;0,000;0,000;0,000;0,000;8,117;2,000;4,000;

20909;2018.01.19 04:00:00;0,000;0,000;0,000;0,000;0,000;8,117;2,000;4,000;

20910;2018.01.19 05:00:00;0,000;0,000;0,000;0,000;0,000;8,117;2,000;4,000;

20911;2018.01.19 06:00:00;0,000;0,000;0,000;0,000;0,000;8,117;2,000;4,000;

20912;2018.01.19 07:00:00;0,000;0,000;0,000;0,000;0,000;8,117;2,000;4,000;

20913;2018.01.19 08:00:00;0,000;0,000;0,000;0,000;0,000;8,117;2,000;4,000;

20914;2018.01.19 09:00:00;0,000;0,000;0,000;0,000;0,000;8,117;2,000;4,000;

20915;2018.01.19 10:00:00;0,000;0,000;0,000;0,000;0,000;8,117;2,000;4,000;

20916;2018.01.19 11:00:00;0,000;0,000;0,000;0,000;0,000;8,117;2,000;4,000;

20917;2018.01.19 12:00:00;0,000;0,000;0,000;0,000;0,000;8,117;2,000;4,000;

20918;2018.01.19 13:00:00;0,000;0,000;0,000;0,000;0,000;8,117;2,000;4,000;

20919;2018.01.19 14:00:00;0,000;0,000;0,000;0,000;0,000;8,117;2,000;4,000;

20920;2018.01.19 15:00:00;0,000;0,000;0,000;0,000;0,000;8,117;2,000;4,000;

20921;2018.01.19 16:00:00;0,000;0,000;0,000;0,000;0,000;8,117;2,000;4,000;

20922;2018.01.19 17:00:00;0,000;0,000;0,000;0,000;0,000;8,117;2,000;4,000;

20923;2018.01.19 18:00:00;0,000;0,000;0,000;0,000;0,000;8,117;2,000;4,000;

20924;2018.01.19 19:00:00;0,000;0,000;0,000;0,000;0,000;8,117;2,000;4,000;

20925;2018.01.19 20:00:00;0,000;0,000;0,000;0,000;0,000;8,117;2,000;4,000;

20926;2018.01.19 21:00:00;0,000;0,000;0,000;0,000;0,000;8,117;2,000;4,000;

20927;2018.01.19 22:00:00;0,000;0,000;0,000;0,000;0,000;8,117;2,000;4,000;

20928;2018.01.19 23:00:00;0,000;0,000;0,000;0,000;0,000;8,117;2,000;4,000;

20929;2018.01.20 00:00:00;0,000;0,000;0,000;0,000;0,000;8,167;3,000;4,000;

20930;2018.01.20 01:00:00;0,000;0,000;0,000;0,000;0,000;8,167;3,000;4,000;

20931;2018.01.20 02:00:00;0,000;0,000;0,000;0,000;0,000;8,167;3,000;4,000;

20932;2018.01.20 03:00:00;0,000;0,000;0,000;0,000;0,000;8,167;3,000;4,000;

20933;2018.01.20 04:00:00;0,000;0,000;0,000;0,000;0,000;8,167;3,000;4,000;

20934;2018.01.20 05:00:00;0,000;0,000;0,000;0,000;0,000;8,167;3,000;4,000;

20935;2018.01.20 06:00:00;0,000;0,000;0,000;0,000;0,000;8,167;3,000;4,000;

20936;2018.01.20 07:00:00;0,000;0,000;0,000;0,000;0,000;8,167;3,000;4,000;

20937;2018.01.20 08:00:00;0,000;0,000;0,000;0,000;0,000;8,167;3,000;4,000;

20938;2018.01.20 09:00:00;0,000;0,000;0,000;0,000;0,000;8,167;3,000;4,000;

20939;2018.01.20 10:00:00;0,000;0,000;0,000;0,000;0,000;8,167;3,000;4,000;

20940;2018.01.20 11:00:00;0,000;0,000;0,000;0,000;0,000;8,167;3,000;4,000;

20941;2018.01.20 12:00:00;0,000;0,000;0,000;0,000;0,000;8,167;3,000;4,000;

20942;2018.01.20 13:00:00;0,000;0,000;0,000;0,000;0,000;8,167;3,000;4,000;

20943;2018.01.20 14:00:00;0,000;0,000;0,000;0,000;0,000;8,167;3,000;4,000;

20944;2018.01.20 15:00:00;0,000;0,000;0,000;0,000;0,000;8,167;3,000;4,000;

20945;2018.01.20 16:00:00;0,000;0,000;0,000;0,000;0,000;8,167;3,000;4,000;

20946;2018.01.20 17:00:00;0,000;0,000;0,000;0,000;0,000;8,167;3,000;4,000;

20947;2018.01.20 18:00:00;0,000;0,000;0,000;0,000;0,000;8,167;3,000;4,000;

20948;2018.01.20 19:00:00;0,000;0,000;0,000;0,000;0,000;8,167;3,000;4,000;

20949;2018.01.20 20:00:00;0,000;0,000;0,000;0,000;0,000;8,167;3,000;4,000;

20950;2018.01.20 21:00:00;0,000;0,000;0,000;0,000;0,000;8,167;3,000;4,000;

20951;2018.01.20 22:00:00;0,000;0,000;0,000;0,000;0,000;8,167;3,000;4,000;

20952;2018.01.20 23:00:00;0,000;0,000;0,000;0,000;0,000;8,167;3,000;4,000;

20953;2018.01.21 00:00:00;0,000;0,000;0,000;0,000;0,000;8,200;4,000;4,000;

20954;2018.01.21 01:00:00;0,000;0,000;0,000;0,000;0,000;8,200;4,000;4,000;

20955;2018.01.21 02:00:00;0,000;0,000;0,000;0,000;0,000;8,200;4,000;4,000;

20956;2018.01.21 03:00:00;0,000;0,000;0,000;0,000;0,000;8,200;4,000;4,000;

20957;2018.01.21 04:00:00;0,000;0,000;0,000;0,000;0,000;8,200;4,000;4,000;

20958;2018.01.21 05:00:00;0,000;0,000;0,000;0,000;0,000;8,200;4,000;4,000;

20959;2018.01.21 06:00:00;0,000;0,000;0,000;0,000;0,000;8,200;4,000;4,000;

20960;2018.01.21 07:00:00;0,000;0,000;0,000;0,000;0,000;8,200;4,000;4,000;

20961;2018.01.21 08:00:00;0,000;0,000;0,000;0,000;0,000;8,200;4,000;4,000;

20962;2018.01.21 09:00:00;0,000;0,000;0,000;0,000;0,000;8,200;4,000;4,000;

20963;2018.01.21 10:00:00;0,000;0,000;0,000;0,000;0,000;8,200;4,000;4,000;

20964;2018.01.21 11:00:00;0,000;0,000;0,000;0,000;0,000;8,200;4,000;4,000;

20965;2018.01.21 12:00:00;0,000;0,000;0,000;0,000;0,000;8,200;4,000;4,000;

20966;2018.01.21 13:00:00;0,000;0,000;0,000;0,000;0,000;8,200;4,000;4,000;

20967;2018.01.21 14:00:00;0,000;0,000;0,000;0,000;0,000;8,200;4,000;4,000;

20968;2018.01.21 15:00:00;0,000;0,000;0,000;0,000;0,000;8,200;4,000;4,000;

20969;2018.01.21 16:00:00;0,000;0,000;0,000;0,000;0,000;8,200;4,000;4,000;

20970;2018.01.21 17:00:00;0,000;0,000;0,000;0,000;0,000;8,200;4,000;4,000;

20971;2018.01.21 18:00:00;0,000;0,000;0,000;0,000;0,000;8,200;4,000;4,000;

20972;2018.01.21 19:00:00;0,000;0,000;0,000;0,000;0,000;8,200;4,000;4,000;

20973;2018.01.21 20:00:00;0,000;0,000;0,000;0,000;0,000;8,200;4,000;4,000;

20974;2018.01.21 21:00:00;0,000;0,000;0,000;0,000;0,000;8,200;4,000;4,000;

20975;2018.01.21 22:00:00;0,000;0,000;0,000;0,000;0,000;8,200;4,000;4,000;

20976;2018.01.21 23:00:00;0,000;0,000;0,000;0,000;0,000;8,200;4,000;4,000;

20977;2018.01.22 00:00:00;0,000;0,000;0,000;0,000;0,000;8,267;1,000;4,000;

20978;2018.01.22 01:00:00;0,000;0,000;0,000;0,000;0,000;8,267;1,000;4,000;

20979;2018.01.22 02:00:00;0,000;0,000;0,000;0,000;0,000;8,267;1,000;4,000;

20980;2018.01.22 03:00:00;0,000;0,000;0,000;0,000;0,000;8,267;1,000;4,000;

20981;2018.01.22 04:00:00;0,000;0,000;0,000;0,000;0,000;8,267;1,000;4,000;

20982;2018.01.22 05:00:00;0,000;0,000;0,000;0,000;0,000;8,267;1,000;4,000;

20983;2018.01.22 06:00:00;0,000;0,000;0,000;0,000;0,000;8,267;1,000;4,000;

20984;2018.01.22 07:00:00;0,000;0,000;0,000;0,000;0,000;8,267;1,000;4,000;

20985;2018.01.22 08:00:00;24,965;0,000;0,000;0,000;0,000;8,267;1,000;4,000;

20986;2018.01.22 09:00:00;29,428;0,000;0,000;0,000;0,000;8,267;1,000;4,000;

20987;2018.01.22 10:00:00;29,651;0,000;0,000;0,000;0,000;8,267;1,000;4,000;

20988;2018.01.22 11:00:00;29,262;0,000;0,000;0,000;0,000;8,267;1,000;4,000;

20989;2018.01.22 12:00:00;28,910;0,000;0,000;0,000;0,000;8,267;1,000;4,000;

20990;2018.01.22 13:00:00;30,169;0,000;0,000;0,000;0,000;8,267;1,000;4,000;

20991;2018.01.22 14:00:00;31,410;0,000;0,000;0,000;0,000;8,267;1,000;4,000;

20992;2018.01.22 15:00:00;32,632;0,000;0,000;0,000;0,000;8,267;1,000;4,000;

20993;2018.01.22 16:00:00;33,392;0,000;0,000;0,000;0,000;8,267;1,000;4,000;

20994;2018.01.22 17:00:00;34,855;0,000;0,000;0,000;0,000;8,267;1,000;4,000;

20995;2018.01.22 18:00:00;36,318;0,000;0,000;0,000;0,000;8,267;1,000;4,000;

20996;2018.01.22 19:00:00;35,744;0,000;0,000;0,000;0,000;8,267;1,000;4,000;

20997;2018.01.22 20:00:00;33,225;0,000;0,000;0,000;0,000;8,267;1,000;4,000;

20998;2018.01.22 21:00:00;31,188;0,000;0,000;0,000;0,000;8,267;1,000;4,000;

20999;2018.01.22 22:00:00;31,688;0,000;0,000;0,000;0,000;8,267;1,000;4,000;

21000;2018.01.22 23:00:00;31,428;0,000;0,000;0,000;0,000;8,267;1,000;4,000;

21001;2018.01.23 00:00:00;32,262;0,000;0,000;0,000;0,000;8,317;1,000;4,000;

21002;2018.01.23 01:00:00;32,184;0,000;0,000;0,000;0,000;8,317;1,000;4,000;

21003;2018.01.23 02:00:00;31,802;0,000;0,000;0,000;0,000;8,317;1,000;4,000;

21004;2018.01.23 03:00:00;33,614;0,000;0,000;0,000;0,000;8,317;1,000;4,000;

21005;2018.01.23 04:00:00;33,799;0,000;0,000;0,000;0,000;8,317;1,000;4,000;

21006;2018.01.23 05:00:00;33,984;0,000;0,000;0,000;0,000;8,317;1,000;4,000;

21007;2018.01.23 06:00:00;35,373;0,000;0,000;0,000;0,000;8,317;1,000;4,000;

21008;2018.01.23 07:00:00;33,521;0,000;0,000;0,000;0,000;8,317;1,000;4,000;

21009;2018.01.23 08:00:00;34,632;0,000;0,000;0,000;0,000;8,317;1,000;4,000;

21010;2018.01.23 09:00:00;35,281;0,000;0,000;0,000;0,000;8,317;1,000;4,000;

21011;2018.01.23 10:00:00;32,466;0,000;0,000;0,000;0,000;8,317;1,000;4,000;

21012;2018.01.23 11:00:00;33,206;0,000;0,000;0,000;0,000;8,317;1,000;4,000;

21013;2018.01.23 12:00:00;33,280;0,000;0,000;0,000;0,000;8,317;1,000;4,000;

21014;2018.01.23 13:00:00;32,410;0,000;0,000;0,000;0,000;8,317;1,000;4,000;

21015;2018.01.23 14:00:00;36,188;0,000;0,000;0,000;0,000;8,317;1,000;4,000;

21016;2018.01.23 15:00:00;34,299;0,000;0,000;0,000;0,000;8,317;1,000;4,000;

21017;2018.01.23 16:00:00;36,318;0,000;0,000;0,000;0,000;8,317;1,000;4,000;

21018;2018.01.23 17:00:00;37,207;0,000;0,000;0,000;0,000;8,317;1,000;4,000;

21019;2018.01.23 18:00:00;37,670;0,000;0,000;0,000;0,000;8,317;1,000;4,000;

21020;2018.01.23 19:00:00;34,799;0,000;0,000;0,000;0,000;8,317;1,000;4,000;

21021;2018.01.23 20:00:00;34,318;0,000;0,000;0,000;0,000;8,317;1,000;4,000;

21022;2018.01.23 21:00:00;32,243;0,000;0,000;0,000;0,000;8,317;1,000;4,000;

21023;2018.01.23 22:00:00;34,632;0,000;0,000;0,000;0,000;8,317;1,000;4,000;

21024;2018.01.23 23:00:00;30,262;0,000;0,000;0,000;0,000;8,317;1,000;4,000;

21025;2018.01.24 00:00:00;31,836;0,000;0,000;0,000;0,000;8,367;1,000;4,000;

21026;2018.01.24 01:00:00;30,280;0,000;0,000;0,000;0,000;8,367;1,000;4,000;

21027;2018.01.24 02:00:00;30,960;0,000;0,000;0,000;0,000;8,367;1,000;4,000;

21028;2018.01.24 03:00:00;29,008;0,000;0,000;0,000;0,000;8,367;1,000;4,000;

21029;2018.01.24 04:00:00;29,317;0,000;0,000;0,000;0,000;8,367;1,000;4,000;

21030;2018.01.24 05:00:00;29,706;0,000;0,000;0,000;0,000;8,367;1,000;4,000;

21031;2018.01.24 06:00:00;26,502;0,000;0,000;0,000;0,000;8,367;1,000;4,000;

21032;2018.01.24 07:00:00;27,669;0,000;0,000;0,000;0,000;8,367;1,000;4,000;

21033;2018.01.24 08:00:00;26,621;0,000;0,000;0,000;0,000;8,367;1,000;4,000;

21034;2018.01.24 09:00:00;26,253;0,000;0,000;0,000;0,000;8,367;1,000;4,000;

21035;2018.01.24 10:00:00;27,780;0,000;0,000;0,000;0,000;8,367;1,000;4,000;

21036;2018.01.24 11:00:00;24,465;0,000;0,000;0,000;0,000;8,367;1,000;4,000;

21037;2018.01.24 12:00:00;20,798;0,000;0,000;0,000;0,000;8,367;1,000;4,000;

21038;2018.01.24 13:00:00;24,224;0,000;0,000;0,000;0,000;8,367;1,000;4,000;

21039;2018.01.24 14:00:00;25,576;0,000;0,000;0,000;0,000;8,367;1,000;4,000;

21040;2018.01.24 15:00:00;25,039;0,000;0,000;0,000;0,000;8,367;1,000;4,000;

21041;2018.01.24 16:00:00;24,872;0,000;0,000;0,000;0,000;8,367;1,000;4,000;

21042;2018.01.24 17:00:00;23,965;0,000;0,000;0,000;0,000;8,367;1,000;4,000;

21043;2018.01.24 18:00:00;23,613;0,000;0,000;0,000;0,000;8,367;1,000;4,000;

21044;2018.01.24 19:00:00;22,576;0,000;0,000;0,000;0,000;8,367;1,000;4,000;

21045;2018.01.24 20:00:00;22,780;0,000;0,000;0,000;0,000;8,367;1,000;4,000;

21046;2018.01.24 21:00:00;22,428;0,000;0,000;0,000;0,000;8,367;1,000;4,000;

21047;2018.01.24 22:00:00;21,261;0,000;0,000;0,000;0,000;8,367;1,000;4,000;

21048;2018.01.24 23:00:00;17,909;0,000;0,000;0,000;0,000;8,367;1,000;4,000;

21049;2018.01.25 00:00:00;21,465;0,000;0,000;0,000;0,000;8,433;1,000;4,000;

21050;2018.01.25 01:00:00;20,631;0,000;0,000;0,000;0,000;8,433;1,000;4,000;

21051;2018.01.25 02:00:00;20,761;0,000;0,000;0,000;0,000;8,433;1,000;4,000;

21052;2018.01.25 03:00:00;21,090;0,000;0,000;0,000;0,000;8,433;1,000;4,000;

21053;2018.01.25 04:00:00;20,580;0,000;0,000;0,000;0,000;8,433;1,000;4,000;

21054;2018.01.25 05:00:00;21,298;0,000;0,000;0,000;0,000;8,433;1,000;4,000;

21055;2018.01.25 06:00:00;20,742;0,000;0,000;0,000;0,000;8,433;1,000;4,000;

21056;2018.01.25 07:00:00;20,928;0,000;0,000;0,000;0,000;8,433;1,000;4,000;

21057;2018.01.25 08:00:00;21,020;0,000;0,000;0,000;0,000;8,433;1,000;4,000;

21058;2018.01.25 09:00:00;20,650;0,000;0,000;0,000;0,000;8,433;1,000;4,000;

21059;2018.01.25 10:00:00;19,909;0,000;0,000;0,000;0,000;8,433;1,000;4,000;

21060;2018.01.25 11:00:00;19,261;0,000;0,000;0,000;0,000;8,433;1,000;4,000;

21061;2018.01.25 12:00:00;19,076;0,000;0,000;0,000;0,000;8,433;1,000;4,000;

21062;2018.01.25 13:00:00;18,705;0,000;0,000;0,000;0,000;8,433;1,000;4,000;

21063;2018.01.25 14:00:00;18,242;0,000;0,000;0,000;0,000;8,433;1,000;4,000;

21064;2018.01.25 15:00:00;20,279;0,000;0,000;0,000;0,000;8,433;1,000;4,000;

21065;2018.01.25 16:00:00;20,650;0,000;0,000;0,000;0,000;8,433;1,000;4,000;

21066;2018.01.25 17:00:00;21,911;0,000;0,000;0,000;0,000;8,433;1,000;4,000;

21067;2018.01.25 18:00:00;20,810;0,000;0,000;0,000;0,000;8,433;1,000;4,000;

21068;2018.01.25 19:00:00;21,635;0,000;0,000;0,000;0,000;8,433;1,000;4,000;

21069;2018.01.25 20:00:00;21,205;0,000;0,000;0,000;0,000;8,433;1,000;4,000;

21070;2018.01.25 21:00:00;19,816;0,000;0,000;0,000;0,000;8,433;1,000;4,000;

21071;2018.01.25 22:00:00;19,004;0,000;0,000;0,000;0,000;8,433;1,000;4,000;

21072;2018.01.25 23:00:00;20,619;0,000;0,000;0,000;0,000;8,433;1,000;4,000;

21073;2018.01.26 00:00:00;20,619;0,000;0,000;0,000;0,000;8,483;2,000;4,000;

21074;2018.01.26 01:00:00;20,619;0,000;0,000;0,000;0,000;8,483;2,000;4,000;

21075;2018.01.26 02:00:00;20,619;0,000;0,000;0,000;0,000;8,483;2,000;4,000;

21076;2018.01.26 03:00:00;20,619;0,000;0,000;0,000;0,000;8,483;2,000;4,000;

21077;2018.01.26 04:00:00;20,619;0,000;0,000;0,000;0,000;8,483;2,000;4,000;

21078;2018.01.26 05:00:00;20,619;0,000;0,000;0,000;0,000;8,483;2,000;4,000;

21079;2018.01.26 06:00:00;20,619;0,000;0,000;0,000;0,000;8,483;2,000;4,000;

21080;2018.01.26 07:00:00;20,598;0,000;0,000;0,000;0,000;8,483;2,000;4,000;

21081;2018.01.26 08:00:00;21,250;0,000;0,000;0,000;0,000;8,483;2,000;4,000;

21082;2018.01.26 09:00:00;22,068;0,000;0,000;0,000;0,000;8,483;2,000;4,000;

21083;2018.01.26 10:00:00;22,097;0,000;0,000;0,000;0,000;8,483;2,000;4,000;

21084;2018.01.26 11:00:00;21,322;0,000;0,000;0,000;0,000;8,483;2,000;4,000;

21085;2018.01.26 12:00:00;20,381;0,000;0,000;0,000;0,000;8,483;2,000;4,000;

21086;2018.01.26 13:00:00;19,141;0,000;0,000;0,000;0,000;8,483;2,000;4,000;

21087;2018.01.26 14:00:00;20,638;0,000;0,000;0,000;0,000;8,483;2,000;4,000;

21088;2018.01.26 15:00:00;22,189;0,000;0,000;0,000;0,000;8,483;2,000;4,000;

21089;2018.01.26 16:00:00;20,902;0,000;0,000;0,000;0,000;8,483;2,000;4,000;

21090;2018.01.26 17:00:00;21,074;0,000;0,000;0,000;0,000;8,483;2,000;4,000;

21091;2018.01.26 18:00:00;21,455;0,000;0,000;0,000;0,000;8,483;2,000;4,000;

21092;2018.01.26 19:00:00;22,317;0,000;0,000;0,000;0,000;8,483;2,000;4,000;

21093;2018.01.26 20:00:00;20,465;0,000;0,000;0,000;0,000;8,483;2,000;4,000;

21094;2018.01.26 21:00:00;20,650;0,000;0,000;0,000;0,000;8,483;2,000;4,000;

21095;2018.01.26 22:00:00;20,094;0,000;0,000;0,000;0,000;8,483;2,000;4,000;

21096;2018.01.26 23:00:00;18,057;0,000;0,000;0,000;0,000;8,483;2,000;4,000;

21097;2018.01.27 00:00:00;20,928;0,000;0,000;0,000;0,000;8,550;3,000;4,000;

21098;2018.01.27 01:00:00;19,909;0,000;0,000;0,000;0,000;8,550;3,000;4,000;

21099;2018.01.27 02:00:00;19,816;0,000;0,000;0,000;0,000;8,550;3,000;4,000;

21100;2018.01.27 03:00:00;20,928;0,000;0,000;0,000;0,000;8,550;3,000;4,000;

21101;2018.01.27 04:00:00;21,113;0,000;0,000;0,000;0,000;8,550;3,000;4,000;

21102;2018.01.27 05:00:00;20,835;0,000;0,000;0,000;0,000;8,550;3,000;4,000;

21103;2018.01.27 06:00:00;21,668;0,000;0,000;0,000;0,000;8,550;3,000;4,000;

21104;2018.01.27 07:00:00;21,113;0,000;0,000;0,000;0,000;8,550;3,000;4,000;

21105;2018.01.27 08:00:00;21,020;0,000;0,000;0,000;0,000;8,550;3,000;4,000;

21106;2018.01.27 09:00:00;20,928;0,000;0,000;0,000;0,000;8,550;3,000;4,000;

21107;2018.01.27 10:00:00;21,576;0,000;0,000;0,000;0,000;8,550;3,000;4,000;

21108;2018.01.27 11:00:00;21,854;0,000;0,000;0,000;0,000;8,550;3,000;4,000;

21109;2018.01.27 12:00:00;21,576;0,000;0,000;0,000;0,000;8,550;3,000;4,000;

21110;2018.01.27 13:00:00;21,391;0,000;0,000;0,000;0,000;8,550;3,000;4,000;

21111;2018.01.27 14:00:00;21,020;0,000;0,000;0,000;0,000;8,550;3,000;4,000;

21112;2018.01.27 15:00:00;21,391;0,000;0,000;0,000;0,000;8,550;3,000;4,000;

21113;2018.01.27 16:00:00;21,854;0,000;0,000;0,000;0,000;8,550;3,000;4,000;

21114;2018.01.27 17:00:00;22,409;0,000;0,000;0,000;0,000;8,550;3,000;4,000;

21115;2018.01.27 18:00:00;23,150;0,000;0,000;0,000;0,000;8,550;3,000;4,000;

21116;2018.01.27 19:00:00;24,446;0,000;0,000;0,000;0,000;8,550;3,000;4,000;

21117;2018.01.27 20:00:00;24,076;0,000;0,000;0,000;0,000;8,550;3,000;4,000;

21118;2018.01.27 21:00:00;21,391;0,000;0,000;0,000;0,000;8,550;3,000;4,000;

21119;2018.01.27 22:00:00;22,131;0,000;0,000;0,000;0,000;8,550;3,000;4,000;

21120;2018.01.27 23:00:00;19,631;0,000;0,000;0,000;0,000;8,550;3,000;4,000;

21121;2018.01.28 00:00:00;22,780;0,000;0,000;0,000;0,000;8,600;4,000;4,000;

21122;2018.01.28 01:00:00;21,854;0,000;0,000;0,000;0,000;8,600;4,000;4,000;

21123;2018.01.28 02:00:00;21,668;0,000;0,000;0,000;0,000;8,600;4,000;4,000;

21124;2018.01.28 03:00:00;20,742;0,000;0,000;0,000;0,000;8,600;4,000;4,000;

21125;2018.01.28 04:00:00;22,039;0,000;0,000;0,000;0,000;8,600;4,000;4,000;

21126;2018.01.28 05:00:00;21,854;0,000;0,000;0,000;0,000;8,600;4,000;4,000;

21127;2018.01.28 06:00:00;22,039;0,000;0,000;0,000;0,000;8,600;4,000;4,000;

21128;2018.01.28 07:00:00;23,057;0,000;0,000;0,000;0,000;8,600;4,000;4,000;

21129;2018.01.28 08:00:00;21,668;0,000;0,000;0,000;0,000;8,600;4,000;4,000;

21130;2018.01.28 09:00:00;21,113;0,000;0,000;0,000;0,000;8,600;4,000;4,000;

21131;2018.01.28 10:00:00;20,742;0,000;0,000;0,000;0,000;8,600;4,000;4,000;

21132;2018.01.28 11:00:00;21,205;0,000;0,000;0,000;0,000;8,600;4,000;4,000;

21133;2018.01.28 12:00:00;19,909;0,000;0,000;0,000;0,000;8,600;4,000;4,000;

21134;2018.01.28 13:00:00;19,724;0,000;0,000;0,000;0,000;8,600;4,000;4,000;

21135;2018.01.28 14:00:00;19,631;0,000;0,000;0,000;0,000;8,600;4,000;4,000;

21136;2018.01.28 15:00:00;20,650;0,000;0,000;0,000;0,000;8,600;4,000;4,000;

21137;2018.01.28 16:00:00;22,131;0,000;0,000;0,000;0,000;8,600;4,000;4,000;

21138;2018.01.28 17:00:00;20,557;0,000;0,000;0,000;0,000;8,600;4,000;4,000;

21139;2018.01.28 18:00:00;20,650;0,000;0,000;0,000;0,000;8,600;4,000;4,000;

21140;2018.01.28 19:00:00;19,539;0,000;0,000;0,000;0,000;8,600;4,000;4,000;

21141;2018.01.28 20:00:00;19,076;0,000;0,000;0,000;0,000;8,600;4,000;4,000;

21142;2018.01.28 21:00:00;17,779;0,000;0,000;0,000;0,000;8,600;4,000;4,000;

21143;2018.01.28 22:00:00;19,446;0,000;0,000;0,000;0,000;8,600;4,000;4,000;

21144;2018.01.28 23:00:00;17,409;0,000;0,000;0,000;0,000;8,600;4,000;4,000;

21145;2018.01.29 00:00:00;19,168;0,000;0,000;0,000;0,000;8,667;1,000;4,000;

21146;2018.01.29 01:00:00;18,427;0,000;0,000;0,000;0,000;8,667;1,000;4,000;

21147;2018.01.29 02:00:00;17,964;0,000;0,000;0,000;0,000;8,667;1,000;4,000;

21148;2018.01.29 03:00:00;18,427;0,000;0,000;0,000;0,000;8,667;1,000;4,000;

21149;2018.01.29 04:00:00;18,057;0,000;0,000;0,000;0,000;8,667;1,000;4,000;

21150;2018.01.29 05:00:00;17,964;0,000;0,000;0,000;0,000;8,667;1,000;4,000;

21151;2018.01.29 06:00:00;17,594;0,000;0,000;0,000;0,000;8,667;1,000;4,000;

21152;2018.01.29 07:00:00;17,409;0,000;0,000;0,000;0,000;8,667;1,000;4,000;

21153;2018.01.29 08:00:00;16,946;0,000;0,000;0,000;0,000;8,667;1,000;4,000;

21154;2018.01.29 09:00:00;17,038;0,000;0,000;0,000;0,000;8,667;1,000;4,000;

21155;2018.01.29 10:00:00;16,668;0,000;0,000;0,000;0,000;8,667;1,000;4,000;

21156;2018.01.29 11:00:00;16,483;0,000;0,000;0,000;0,000;8,667;1,000;4,000;

21157;2018.01.29 12:00:00;17,224;0,000;0,000;0,000;0,000;8,667;1,000;4,000;

21158;2018.01.29 13:00:00;16,390;0,000;0,000;0,000;0,000;8,667;1,000;4,000;

21159;2018.01.29 14:00:00;16,112;0,000;0,000;0,000;0,000;8,667;1,000;4,000;

21160;2018.01.29 15:00:00;20,187;0,000;0,000;0,000;0,000;8,667;1,000;4,000;

21161;2018.01.29 16:00:00;17,501;0,000;0,000;0,000;0,000;8,667;1,000;4,000;

21162;2018.01.29 17:00:00;17,409;0,000;0,000;0,000;0,000;8,667;1,000;4,000;

21163;2018.01.29 18:00:00;18,150;0,000;0,000;0,000;0,000;8,667;1,000;4,000;

21164;2018.01.29 19:00:00;18,890;0,000;0,000;0,000;0,000;8,667;1,000;4,000;

21165;2018.01.29 20:00:00;18,646;0,000;0,000;0,000;0,000;8,667;1,000;4,000;

21166;2018.01.29 21:00:00;20,154;0,000;0,000;0,000;0,000;8,667;1,000;4,000;

21167;2018.01.29 22:00:00;20,465;0,000;0,000;0,000;0,000;8,667;1,000;4,000;

21168;2018.01.29 23:00:00;18,335;0,000;0,000;0,000;0,000;8,667;1,000;4,000;

21169;2018.01.30 00:00:00;22,039;0,000;0,000;0,000;0,000;8,733;1,000;4,000;

21170;2018.01.30 01:00:00;21,298;0,000;0,000;0,000;0,000;8,733;1,000;4,000;

21171;2018.01.30 02:00:00;21,576;0,000;0,000;0,000;0,000;8,733;1,000;4,000;

21172;2018.01.30 03:00:00;22,780;0,000;0,000;0,000;0,000;8,733;1,000;4,000;

21173;2018.01.30 04:00:00;22,131;0,000;0,000;0,000;0,000;8,733;1,000;4,000;

21174;2018.01.30 05:00:00;23,057;0,000;0,000;0,000;0,000;8,733;1,000;4,000;

21175;2018.01.30 06:00:00;22,780;0,000;0,000;0,000;0,000;8,733;1,000;4,000;

21176;2018.01.30 07:00:00;22,965;0,000;0,000;0,000;0,000;8,733;1,000;4,000;

21177;2018.01.30 08:00:00;23,653;0,000;0,000;0,000;0,000;8,733;1,000;4,000;

21178;2018.01.30 09:00:00;23,240;0,000;0,000;0,000;0,000;8,733;1,000;4,000;

21179;2018.01.30 10:00:00;23,687;0,000;0,000;0,000;0,000;8,733;1,000;4,000;

21180;2018.01.30 11:00:00;22,780;0,000;0,000;0,000;0,000;8,733;1,000;4,000;

21181;2018.01.30 12:00:00;22,020;0,000;0,000;0,000;0,000;8,733;1,000;4,000;

21182;2018.01.30 13:00:00;22,631;0,000;0,000;0,000;0,000;8,733;1,000;4,000;

21183;2018.01.30 14:00:00;23,002;0,000;0,000;0,000;0,000;8,733;1,000;4,000;

21184;2018.01.30 15:00:00;25,891;0,000;0,000;0,000;0,000;8,733;1,000;4,000;

21185;2018.01.30 16:00:00;22,928;0,000;0,000;0,000;0,000;8,733;1,000;4,000;

21186;2018.01.30 17:00:00;24,354;0,000;0,000;0,000;0,000;8,733;1,000;4,000;

21187;2018.01.30 18:00:00;22,854;0,000;0,000;0,000;0,000;8,733;1,000;4,000;

21188;2018.01.30 19:00:00;24,113;0,000;0,000;0,000;0,000;8,733;1,000;4,000;

21189;2018.01.30 20:00:00;22,020;0,000;0,000;0,000;0,000;8,733;1,000;4,000;

21190;2018.01.30 21:00:00;22,372;0,000;0,000;0,000;0,000;8,733;1,000;4,000;

21191;2018.01.30 22:00:00;22,298;0,000;0,000;0,000;0,000;8,733;1,000;4,000;

21192;2018.01.30 23:00:00;22,168;0,000;0,000;0,000;0,000;8,733;1,000;4,000;

21193;2018.01.31 00:00:00;23,020;0,000;0,000;0,000;0,000;8,783;1,000;4,000;

21194;2018.01.31 01:00:00;22,150;0,000;0,000;0,000;0,000;8,783;1,000;4,000;

21195;2018.01.31 02:00:00;22,928;0,000;0,000;0,000;0,000;8,783;1,000;4,000;

21196;2018.01.31 03:00:00;24,002;0,000;0,000;0,000;0,000;8,783;1,000;4,000;

21197;2018.01.31 04:00:00;23,835;0,000;0,000;0,000;0,000;8,783;1,000;4,000;

21198;2018.01.31 05:00:00;24,446;0,000;0,000;0,000;0,000;8,783;1,000;4,000;

21199;2018.01.31 06:00:00;25,002;0,000;0,000;0,000;0,000;8,783;1,000;4,000;

21200;2018.01.31 07:00:00;24,317;0,000;0,000;0,000;0,000;8,783;1,000;4,000;

21201;2018.01.31 08:00:00;23,483;0,000;0,000;0,000;0,000;8,783;1,000;4,000;

21202;2018.01.31 09:00:00;23,131;0,000;0,000;0,000;0,000;8,783;1,000;4,000;

21203;2018.01.31 10:00:00;23,391;0,000;0,000;0,000;0,000;8,783;1,000;4,000;

21204;2018.01.31 11:00:00;22,317;0,000;0,000;0,000;0,000;8,783;1,000;4,000;

21205;2018.01.31 12:00:00;22,280;0,000;0,000;0,000;0,000;8,783;1,000;4,000;

21206;2018.01.31 13:00:00;22,909;0,000;0,000;0,000;0,000;8,783;1,000;4,000;

21207;2018.01.31 14:00:00;25,169;0,000;0,000;0,000;0,000;8,783;1,000;4,000;

21208;2018.01.31 15:00:00;24,057;0,000;0,000;0,000;0,000;8,783;1,000;4,000;

21209;2018.01.31 16:00:00;23,298;0,000;0,000;0,000;0,000;8,783;1,000;4,000;

21210;2018.01.31 17:00:00;21,372;0,000;0,000;0,000;0,000;8,783;1,000;4,000;

21211;2018.01.31 18:00:00;24,428;0,000;0,000;0,000;0,000;8,783;1,000;4,000;

21212;2018.01.31 19:00:00;23,483;0,000;0,000;0,000;0,000;8,783;1,000;4,000;

21213;2018.01.31 20:00:00;22,946;0,000;0,000;0,000;0,000;8,783;1,000;4,000;

21214;2018.01.31 21:00:00;20,965;0,000;0,000;0,000;0,000;8,783;1,000;4,000;

21215;2018.01.31 22:00:00;22,020;0,000;0,000;0,000;0,000;8,783;1,000;4,000;

21216;2018.01.31 23:00:00;19,094;0,000;0,000;0,000;0,000;8,783;1,000;4,000;

21217;2018.02.01 00:00:00;22,198;0,000;0,000;0,000;0,000;8,850;1,000;4,000;

21218;2018.02.01 01:00:00;21,546;0,000;0,000;0,000;0,000;8,850;1,000;4,000;

21219;2018.02.01 02:00:00;22,428;0,000;0,000;0,000;0,000;8,850;1,000;4,000;

21220;2018.02.01 03:00:00;22,298;0,000;0,000;0,000;0,000;8,850;1,000;4,000;

21221;2018.02.01 04:00:00;23,187;0,000;0,000;0,000;0,000;8,850;1,000;4,000;

21222;2018.02.01 05:00:00;23,587;0,000;0,000;0,000;0,000;8,850;1,000;4,000;

21223;2018.02.01 06:00:00;23,454;0,000;0,000;0,000;0,000;8,850;1,000;4,000;

21224;2018.02.01 07:00:00;22,706;0,000;0,000;0,000;0,000;8,850;1,000;4,000;

21225;2018.02.01 08:00:00;23,613;0,000;0,000;0,000;0,000;8,850;1,000;4,000;

21226;2018.02.01 09:00:00;22,854;0,000;0,000;0,000;0,000;8,850;1,000;4,000;

21227;2018.02.01 10:00:00;22,428;0,000;0,000;0,000;0,000;8,850;1,000;4,000;

21228;2018.02.01 11:00:00;21,817;0,000;0,000;0,000;0,000;8,850;1,000;4,000;

21229;2018.02.01 12:00:00;22,409;0,000;0,000;0,000;0,000;8,850;1,000;4,000;

21230;2018.02.01 13:00:00;21,965;0,000;0,000;0,000;0,000;8,850;1,000;4,000;

21231;2018.02.01 14:00:00;20,705;0,000;0,000;0,000;0,000;8,850;1,000;4,000;

21232;2018.02.01 15:00:00;25,798;0,000;0,000;0,000;0,000;8,850;1,000;4,000;

21233;2018.02.01 16:00:00;21,780;0,000;0,000;0,000;0,000;8,850;1,000;4,000;

21234;2018.02.01 17:00:00;23,446;0,000;0,000;0,000;0,000;8,850;1,000;4,000;

21235;2018.02.01 18:00:00;23,317;0,000;0,000;0,000;0,000;8,850;1,000;4,000;

21236;2018.02.01 19:00:00;23,743;0,000;0,000;0,000;0,000;8,850;1,000;4,000;

21237;2018.02.01 20:00:00;25,076;0,000;0,000;0,000;0,000;8,850;1,000;4,000;

21238;2018.02.01 21:00:00;23,835;0,000;0,000;0,000;0,000;8,850;1,000;4,000;

21239;2018.02.01 22:00:00;23,206;0,000;0,000;0,000;0,000;8,850;1,000;4,000;

21240;2018.02.01 23:00:00;21,057;0,000;0,000;0,000;0,000;8,850;1,000;4,000;

21241;2018.02.02 00:00:00;26,169;0,000;0,000;0,000;0,000;8,917;2,000;4,000;

21242;2018.02.02 01:00:00;24,169;0,000;0,000;0,000;0,000;8,917;2,000;4,000;

21243;2018.02.02 02:00:00;25,206;0,000;0,000;0,000;0,000;8,917;2,000;4,000;

21244;2018.02.02 03:00:00;25,150;0,000;0,000;0,000;0,000;8,917;2,000;4,000;

21245;2018.02.02 04:00:00;25,669;0,000;0,000;0,000;0,000;8,917;2,000;4,000;

21246;2018.02.02 05:00:00;24,798;0,000;0,000;0,000;0,000;8,917;2,000;4,000;

21247;2018.02.02 06:00:00;26,391;0,000;0,000;0,000;0,000;8,917;2,000;4,000;

21248;2018.02.02 07:00:00;28,817;0,000;0,000;0,000;0,000;8,917;2,000;4,000;

21249;2018.02.02 08:00:00;27,854;0,000;0,000;0,000;0,000;8,917;2,000;4,000;

21250;2018.02.02 09:00:00;24,669;0,000;0,000;0,000;0,000;8,917;2,000;4,000;

21251;2018.02.02 10:00:00;25,261;0,000;0,000;0,000;0,000;8,917;2,000;4,000;

21252;2018.02.02 11:00:00;23,409;0,000;0,000;0,000;0,000;8,917;2,000;4,000;

21253;2018.02.02 12:00:00;23,502;0,000;0,000;0,000;0,000;8,917;2,000;4,000;

21254;2018.02.02 13:00:00;22,483;0,000;0,000;0,000;0,000;8,917;2,000;4,000;

21255;2018.02.02 14:00:00;23,798;0,000;0,000;0,000;0,000;8,917;2,000;4,000;

21256;2018.02.02 15:00:00;23,298;0,000;0,000;0,000;0,000;8,917;2,000;4,000;

21257;2018.02.02 16:00:00;22,835;0,000;0,000;0,000;0,000;8,917;2,000;4,000;

21258;2018.02.02 17:00:00;25,891;0,000;0,000;0,000;0,000;8,917;2,000;4,000;

21259;2018.02.02 18:00:00;25,928;0,000;0,000;0,000;0,000;8,917;2,000;4,000;

21260;2018.02.02 19:00:00;25,409;0,000;0,000;0,000;0,000;8,917;2,000;4,000;

21261;2018.02.02 20:00:00;25,558;0,000;0,000;0,000;0,000;8,917;2,000;4,000;

21262;2018.02.02 21:00:00;23,428;0,000;0,000;0,000;0,000;8,917;2,000;4,000;

21263;2018.02.02 22:00:00;24,817;0,000;0,000;0,000;0,000;8,917;2,000;4,000;

21264;2018.02.02 23:00:00;22,706;0,000;0,000;0,000;0,000;8,917;2,000;4,000;

21265;2018.02.03 00:00:00;25,187;0,000;0,000;0,000;0,000;8,983;3,000;4,000;

21266;2018.02.03 01:00:00;24,372;0,000;0,000;0,000;0,000;8,983;3,000;4,000;

21267;2018.02.03 02:00:00;24,520;0,000;0,000;0,000;0,000;8,983;3,000;4,000;

21268;2018.02.03 03:00:00;24,446;0,000;0,000;0,000;0,000;8,983;3,000;4,000;

21269;2018.02.03 04:00:00;24,854;0,000;0,000;0,000;0,000;8,983;3,000;4,000;

21270;2018.02.03 05:00:00;25,335;0,000;0,000;0,000;0,000;8,983;3,000;4,000;

21271;2018.02.03 06:00:00;25,558;0,000;0,000;0,000;0,000;8,983;3,000;4,000;

21272;2018.02.03 07:00:00;25,687;0,000;0,000;0,000;0,000;8,983;3,000;4,000;

21273;2018.02.03 08:00:00;27,002;0,000;0,000;0,000;0,000;8,983;3,000;4,000;

21274;2018.02.03 09:00:00;26,891;0,000;0,000;0,000;0,000;8,983;3,000;4,000;

21275;2018.02.03 10:00:00;27,132;0,000;0,000;0,000;0,000;8,983;3,000;4,000;

21276;2018.02.03 11:00:00;25,947;0,000;0,000;0,000;0,000;8,983;3,000;4,000;

21277;2018.02.03 12:00:00;26,243;0,000;0,000;0,000;0,000;8,983;3,000;4,000;

21278;2018.02.03 13:00:00;27,354;0,000;0,000;0,000;0,000;8,983;3,000;4,000;

21279;2018.02.03 14:00:00;27,150;0,000;0,000;0,000;0,000;8,983;3,000;4,000;

21280;2018.02.03 15:00:00;29,225;0,000;0,000;0,000;0,000;8,983;3,000;4,000;

21281;2018.02.03 16:00:00;27,169;0,000;0,000;0,000;0,000;8,983;3,000;4,000;

21282;2018.02.03 17:00:00;25,095;0,000;0,000;0,000;0,000;8,983;3,000;4,000;

21283;2018.02.03 18:00:00;26,724;0,000;0,000;0,000;0,000;8,983;3,000;4,000;

21284;2018.02.03 19:00:00;25,780;0,000;0,000;0,000;0,000;8,983;3,000;4,000;

21285;2018.02.03 20:00:00;25,280;0,000;0,000;0,000;0,000;8,983;3,000;4,000;

21286;2018.02.03 21:00:00;25,206;0,000;0,000;0,000;0,000;8,983;3,000;4,000;

21287;2018.02.03 22:00:00;25,150;0,000;0,000;0,000;0,000;8,983;3,000;4,000;

21288;2018.02.03 23:00:00;22,965;0,000;0,000;0,000;0,000;8,983;3,000;4,000;

21289;2018.02.04 00:00:00;25,446;0,000;0,000;0,000;0,000;9,033;4,000;4,000;

21290;2018.02.04 01:00:00;25,558;0,000;0,000;0,000;0,000;9,033;4,000;4,000;

21291;2018.02.04 02:00:00;25,539;0,000;0,000;0,000;0,000;9,033;4,000;4,000;

21292;2018.02.04 03:00:00;3,408;0,000;0,000;0,000;0,000;9,033;4,000;4,000;

21293;2018.02.04 04:00:00;0,000;0,000;0,000;0,000;0,000;9,033;4,000;4,000;

21294;2018.02.04 05:00:00;0,000;0,000;0,000;0,000;0,000;9,033;4,000;4,000;

21295;2018.02.04 06:00:00;0,000;0,000;0,000;0,000;0,000;9,033;4,000;4,000;

21296;2018.02.04 07:00:00;0,000;0,000;0,000;0,000;0,000;9,033;4,000;4,000;

21297;2018.02.04 08:00:00;0,000;0,000;0,000;0,000;0,000;9,033;4,000;4,000;

21298;2018.02.04 09:00:00;0,000;0,000;0,000;0,000;0,000;9,033;4,000;4,000;

21299;2018.02.04 10:00:00;0,000;0,000;0,000;0,000;0,000;9,033;4,000;4,000;

21300;2018.02.04 11:00:00;0,000;0,000;0,000;0,000;0,000;9,033;4,000;4,000;

21301;2018.02.04 12:00:00;0,000;0,000;0,000;0,000;0,000;9,033;4,000;4,000;

21302;2018.02.04 13:00:00;0,000;0,000;0,000;0,000;0,000;9,033;4,000;4,000;

21303;2018.02.04 14:00:00;0,000;0,000;0,000;0,000;0,000;9,033;4,000;4,000;

21304;2018.02.04 15:00:00;0,000;0,000;0,000;0,000;0,000;9,033;4,000;4,000;

21305;2018.02.04 16:00:00;0,000;0,000;0,000;0,000;0,000;9,033;4,000;4,000;

21306;2018.02.04 17:00:00;0,000;0,000;0,000;0,000;0,000;9,033;4,000;4,000;

21307;2018.02.04 18:00:00;0,000;0,000;0,000;0,000;0,000;9,033;4,000;4,000;

21308;2018.02.04 19:00:00;0,000;0,000;0,000;0,000;0,000;9,033;4,000;4,000;

21309;2018.02.04 20:00:00;0,000;0,000;0,000;0,000;0,000;9,033;4,000;4,000;

21310;2018.02.04 21:00:00;0,000;0,000;0,000;0,000;0,000;9,033;4,000;4,000;

21311;2018.02.04 22:00:00;0,000;0,000;0,000;0,000;0,000;9,033;4,000;4,000;

21312;2018.02.04 23:00:00;0,000;0,000;0,000;0,000;0,000;9,033;4,000;4,000;

21313;2018.02.05 00:00:00;0,000;0,000;0,000;0,000;0,000;9,100;1,000;4,000;

21314;2018.02.05 01:00:00;0,000;0,000;0,000;0,000;0,000;9,100;1,000;4,000;

21315;2018.02.05 02:00:00;0,000;0,000;0,000;0,000;0,000;9,100;1,000;4,000;

21316;2018.02.05 03:00:00;0,000;0,000;0,000;0,000;0,000;9,100;1,000;4,000;

21317;2018.02.05 04:00:00;0,000;0,000;0,000;0,000;0,000;9,100;1,000;4,000;

21318;2018.02.05 05:00:00;0,000;0,000;0,000;0,000;0,000;9,100;1,000;4,000;

21319;2018.02.05 06:00:00;0,000;0,000;0,000;0,000;0,000;9,100;1,000;4,000;

21320;2018.02.05 07:00:00;0,000;0,000;0,000;0,000;0,000;9,100;1,000;4,000;

21321;2018.02.05 08:00:00;0,000;0,000;0,000;0,000;0,000;9,100;1,000;4,000;

21322;2018.02.05 09:00:00;0,000;0,000;0,000;0,000;0,000;9,100;1,000;4,000;

21323;2018.02.05 10:00:00;0,000;0,000;0,000;0,000;0,000;9,100;1,000;4,000;

21324;2018.02.05 11:00:00;0,000;0,000;0,000;0,000;0,000;9,100;1,000;4,000;

21325;2018.02.05 12:00:00;0,000;0,000;0,000;0,000;0,000;9,100;1,000;4,000;

21326;2018.02.05 13:00:00;0,000;0,000;0,000;0,000;0,000;9,100;1,000;4,000;

21327;2018.02.05 14:00:00;0,000;0,000;0,000;0,000;0,000;9,100;1,000;4,000;

21328;2018.02.05 15:00:00;0,000;0,000;0,000;0,000;0,000;9,100;1,000;4,000;

21329;2018.02.05 16:00:00;0,000;0,000;0,000;0,000;0,000;9,100;1,000;4,000;

21330;2018.02.05 17:00:00;0,000;0,000;0,000;0,000;0,000;9,100;1,000;4,000;

21331;2018.02.05 18:00:00;0,000;0,000;0,000;0,000;0,000;9,100;1,000;4,000;

21332;2018.02.05 19:00:00;0,000;0,000;0,000;0,000;0,000;9,100;1,000;4,000;

21333;2018.02.05 20:00:00;0,000;0,000;0,000;0,000;0,000;9,100;1,000;4,000;

21334;2018.02.05 21:00:00;0,000;0,000;0,000;0,000;0,000;9,100;1,000;4,000;

21335;2018.02.05 22:00:00;0,000;0,000;0,000;0,000;0,000;9,100;1,000;4,000;

21336;2018.02.05 23:00:00;0,000;0,000;0,000;0,000;0,000;9,100;1,000;4,000;

21337;2018.02.06 00:00:00;0,000;0,000;0,000;0,000;0,000;9,167;1,000;4,000;

21338;2018.02.06 01:00:00;0,000;0,000;0,000;0,000;0,000;9,167;1,000;4,000;

21339;2018.02.06 02:00:00;0,000;0,000;0,000;0,000;0,000;9,167;1,000;4,000;

21340;2018.02.06 03:00:00;0,000;0,000;0,000;0,000;0,000;9,167;1,000;4,000;

21341;2018.02.06 04:00:00;0,000;0,000;0,000;0,000;0,000;9,167;1,000;4,000;

21342;2018.02.06 05:00:00;0,000;0,000;0,000;0,000;0,000;9,167;1,000;4,000;

21343;2018.02.06 06:00:00;0,000;0,000;0,000;0,000;0,000;9,167;1,000;4,000;

21344;2018.02.06 07:00:00;0,000;0,000;0,000;0,000;0,000;9,167;1,000;4,000;

21345;2018.02.06 08:00:00;0,000;0,000;0,000;0,000;0,000;9,167;1,000;4,000;

21346;2018.02.06 09:00:00;0,000;0,000;0,000;0,000;0,000;9,167;1,000;4,000;

21347;2018.02.06 10:00:00;0,000;0,000;0,000;0,000;0,000;9,167;1,000;4,000;

21348;2018.02.06 11:00:00;0,000;0,000;0,000;0,000;0,000;9,167;1,000;4,000;

21349;2018.02.06 12:00:00;0,000;0,000;0,000;0,000;0,000;9,167;1,000;4,000;

21350;2018.02.06 13:00:00;0,000;0,000;0,000;0,000;0,000;9,167;1,000;4,000;

21351;2018.02.06 14:00:00;0,000;0,000;0,000;0,000;0,000;9,167;1,000;4,000;

21352;2018.02.06 15:00:00;0,000;0,000;0,000;0,000;0,000;9,167;1,000;4,000;

21353;2018.02.06 16:00:00;0,000;0,000;0,000;0,000;0,000;9,167;1,000;4,000;

21354;2018.02.06 17:00:00;0,000;0,000;0,000;0,000;0,000;9,167;1,000;4,000;

21355;2018.02.06 18:00:00;0,000;0,000;0,000;0,000;0,000;9,167;1,000;4,000;

21356;2018.02.06 19:00:00;0,000;0,000;0,000;0,000;0,000;9,167;1,000;4,000;

21357;2018.02.06 20:00:00;0,000;0,000;0,000;0,000;0,000;9,167;1,000;4,000;

21358;2018.02.06 21:00:00;0,000;0,000;0,000;0,000;0,000;9,167;1,000;4,000;

21359;2018.02.06 22:00:00;0,000;0,000;0,000;0,000;0,000;9,167;1,000;4,000;

21360;2018.02.06 23:00:00;0,000;0,000;0,000;0,000;0,000;9,167;1,000;4,000;

21361;2018.02.07 00:00:00;0,000;0,000;0,000;0,000;0,000;9,233;1,000;4,000;

21362;2018.02.07 01:00:00;0,000;0,000;0,000;0,000;0,000;9,233;1,000;4,000;

21363;2018.02.07 02:00:00;0,000;0,000;0,000;0,000;0,000;9,233;1,000;4,000;

21364;2018.02.07 03:00:00;0,000;0,000;0,000;0,000;0,000;9,233;1,000;4,000;

21365;2018.02.07 04:00:00;0,000;0,000;0,000;0,000;0,000;9,233;1,000;4,000;

21366;2018.02.07 05:00:00;0,000;0,000;0,000;0,000;0,000;9,233;1,000;4,000;

21367;2018.02.07 06:00:00;0,000;0,000;0,000;0,000;0,000;9,233;1,000;4,000;

21368;2018.02.07 07:00:00;0,000;0,000;0,000;0,000;0,000;9,233;1,000;4,000;

21369;2018.02.07 08:00:00;0,000;0,000;0,000;0,000;0,000;9,233;1,000;4,000;

21370;2018.02.07 09:00:00;0,000;0,000;0,000;0,000;0,000;9,233;1,000;4,000;

21371;2018.02.07 10:00:00;0,000;0,000;0,000;0,000;0,000;9,233;1,000;4,000;

21372;2018.02.07 11:00:00;0,000;0,000;0,000;0,000;0,000;9,233;1,000;4,000;

21373;2018.02.07 12:00:00;0,000;0,000;0,000;0,000;0,000;9,233;1,000;4,000;

21374;2018.02.07 13:00:00;0,000;0,000;0,000;0,000;0,000;9,233;1,000;4,000;

21375;2018.02.07 14:00:00;0,000;0,000;0,000;0,000;0,000;9,233;1,000;4,000;

21376;2018.02.07 15:00:00;0,000;0,000;0,000;0,000;0,000;9,233;1,000;4,000;

21377;2018.02.07 16:00:00;0,000;0,000;0,000;0,000;0,000;9,233;1,000;4,000;

21378;2018.02.07 17:00:00;0,000;0,000;0,000;0,000;0,000;9,233;1,000;4,000;

21379;2018.02.07 18:00:00;0,000;0,000;0,000;0,000;0,000;9,233;1,000;4,000;

21380;2018.02.07 19:00:00;0,000;0,000;0,000;0,000;0,000;9,233;1,000;4,000;

21381;2018.02.07 20:00:00;0,000;0,000;0,000;0,000;0,000;9,233;1,000;4,000;

21382;2018.02.07 21:00:00;0,000;0,000;0,000;0,000;0,000;9,233;1,000;4,000;

21383;2018.02.07 22:00:00;0,000;0,000;0,000;0,000;0,000;9,233;1,000;4,000;

21384;2018.02.07 23:00:00;0,000;0,000;0,000;0,000;0,000;9,233;1,000;4,000;

21385;2018.02.08 00:00:00;0,000;0,000;0,000;0,000;0,000;9,300;1,000;4,000;

21386;2018.02.08 01:00:00;0,000;0,000;0,000;0,000;0,000;9,300;1,000;4,000;

21387;2018.02.08 02:00:00;0,000;0,000;0,000;0,000;0,000;9,300;1,000;4,000;

21388;2018.02.08 03:00:00;0,000;0,000;0,000;0,000;0,000;9,300;1,000;4,000;

21389;2018.02.08 04:00:00;0,000;0,000;0,000;0,000;0,000;9,300;1,000;4,000;

21390;2018.02.08 05:00:00;0,000;0,000;0,000;0,000;0,000;9,300;1,000;4,000;

21391;2018.02.08 06:00:00;0,000;0,000;0,000;0,000;0,000;9,300;1,000;4,000;

21392;2018.02.08 07:00:00;0,000;0,000;0,000;0,000;0,000;9,300;1,000;4,000;

21393;2018.02.08 08:00:00;0,000;0,000;0,000;0,000;0,000;9,300;1,000;4,000;

21394;2018.02.08 09:00:00;0,000;0,000;0,000;0,000;0,000;9,300;1,000;4,000;

21395;2018.02.08 10:00:00;0,000;0,000;0,000;0,000;0,000;9,300;1,000;4,000;

21396;2018.02.08 11:00:00;0,000;0,000;0,000;0,000;0,000;9,300;1,000;4,000;

21397;2018.02.08 12:00:00;0,000;0,000;0,000;0,000;0,000;9,300;1,000;4,000;

21398;2018.02.08 13:00:00;0,000;0,000;0,000;0,000;0,000;9,300;1,000;4,000;

21399;2018.02.08 14:00:00;0,000;0,000;0,000;0,000;0,000;9,300;1,000;4,000;

21400;2018.02.08 15:00:00;0,000;0,000;0,000;0,000;0,000;9,300;1,000;4,000;

21401;2018.02.08 16:00:00;0,000;0,000;0,000;0,000;0,000;9,300;1,000;4,000;

21402;2018.02.08 17:00:00;0,000;0,000;0,000;0,000;0,000;9,300;1,000;4,000;

21403;2018.02.08 18:00:00;0,000;0,000;0,000;0,000;0,000;9,300;1,000;4,000;

21404;2018.02.08 19:00:00;0,000;0,000;0,000;0,000;0,000;9,300;1,000;4,000;

21405;2018.02.08 20:00:00;0,000;0,000;0,000;0,000;0,000;9,300;1,000;4,000;

21406;2018.02.08 21:00:00;0,000;0,000;0,000;0,000;0,000;9,300;1,000;4,000;

21407;2018.02.08 22:00:00;0,000;0,000;0,000;0,000;0,000;9,300;1,000;4,000;

21408;2018.02.08 23:00:00;0,000;0,000;0,000;0,000;0,000;9,300;1,000;4,000;

21409;2018.02.09 00:00:00;0,000;0,000;0,000;0,000;0,000;9,367;2,000;4,000;

21410;2018.02.09 01:00:00;0,000;0,000;0,000;0,000;0,000;9,367;2,000;4,000;

21411;2018.02.09 02:00:00;0,000;0,000;0,000;0,000;0,000;9,367;2,000;4,000;

21412;2018.02.09 03:00:00;0,000;0,000;0,000;0,000;0,000;9,367;2,000;4,000;

21413;2018.02.09 04:00:00;0,000;0,000;0,000;0,000;0,000;9,367;2,000;4,000;

21414;2018.02.09 05:00:00;0,000;0,000;0,000;0,000;0,000;9,367;2,000;4,000;

21415;2018.02.09 06:00:00;0,000;0,000;0,000;0,000;0,000;9,367;2,000;4,000;

21416;2018.02.09 07:00:00;0,000;0,000;0,000;0,000;0,000;9,367;2,000;4,000;

21417;2018.02.09 08:00:00;0,000;0,000;0,000;0,000;0,000;9,367;2,000;4,000;

21418;2018.02.09 09:00:00;0,000;0,000;0,000;0,000;0,000;9,367;2,000;4,000;

21419;2018.02.09 10:00:00;0,000;0,000;0,000;0,000;0,000;9,367;2,000;4,000;

21420;2018.02.09 11:00:00;0,000;0,000;0,000;0,000;0,000;9,367;2,000;4,000;

21421;2018.02.09 12:00:00;0,000;0,000;0,000;0,000;0,000;9,367;2,000;4,000;

21422;2018.02.09 13:00:00;0,000;0,000;0,000;0,000;0,000;9,367;2,000;4,000;

21423;2018.02.09 14:00:00;0,000;0,000;0,000;0,000;0,000;9,367;2,000;4,000;

21424;2018.02.09 15:00:00;0,000;0,000;0,000;0,000;0,000;9,367;2,000;4,000;

21425;2018.02.09 16:00:00;0,000;0,000;0,000;0,000;0,000;9,367;2,000;4,000;

21426;2018.02.09 17:00:00;0,000;0,000;0,000;0,000;0,000;9,367;2,000;4,000;

21427;2018.02.09 18:00:00;0,000;0,000;0,000;0,000;0,000;9,367;2,000;4,000;

21428;2018.02.09 19:00:00;0,000;0,000;0,000;0,000;0,000;9,367;2,000;4,000;

21429;2018.02.09 20:00:00;0,000;0,000;0,000;0,000;0,000;9,367;2,000;4,000;

21430;2018.02.09 21:00:00;0,000;0,000;0,000;0,000;0,000;9,367;2,000;4,000;

21431;2018.02.09 22:00:00;0,000;0,000;0,000;0,000;0,000;9,367;2,000;4,000;

21432;2018.02.09 23:00:00;0,000;0,000;0,000;0,000;0,000;9,367;2,000;4,000;

21433;2018.02.10 00:00:00;0,000;0,000;0,000;0,000;0,000;9,433;3,000;4,000;

21434;2018.02.10 01:00:00;0,000;0,000;0,000;0,000;0,000;9,433;3,000;4,000;

21435;2018.02.10 02:00:00;0,000;0,000;0,000;0,000;0,000;9,433;3,000;4,000;

21436;2018.02.10 03:00:00;0,000;0,000;0,000;0,000;0,000;9,433;3,000;4,000;

21437;2018.02.10 04:00:00;0,000;0,000;0,000;0,000;0,000;9,433;3,000;4,000;

21438;2018.02.10 05:00:00;0,000;0,000;0,000;0,000;0,000;9,433;3,000;4,000;

21439;2018.02.10 06:00:00;0,000;0,000;0,000;0,000;0,000;9,433;3,000;4,000;

21440;2018.02.10 07:00:00;0,000;0,000;0,000;0,000;0,000;9,433;3,000;4,000;

21441;2018.02.10 08:00:00;0,000;0,000;0,000;0,000;0,000;9,433;3,000;4,000;

21442;2018.02.10 09:00:00;0,000;0,000;0,000;0,000;0,000;9,433;3,000;4,000;

21443;2018.02.10 10:00:00;0,000;0,000;0,000;0,000;0,000;9,433;3,000;4,000;

21444;2018.02.10 11:00:00;0,000;0,000;0,000;0,000;0,000;9,433;3,000;4,000;

21445;2018.02.10 12:00:00;0,000;0,000;0,000;0,000;0,000;9,433;3,000;4,000;

21446;2018.02.10 13:00:00;0,000;0,000;0,000;0,000;0,000;9,433;3,000;4,000;

21447;2018.02.10 14:00:00;0,000;0,000;0,000;0,000;0,000;9,433;3,000;4,000;

21448;2018.02.10 15:00:00;0,000;0,000;0,000;0,000;0,000;9,433;3,000;4,000;

21449;2018.02.10 16:00:00;0,000;0,000;0,000;0,000;0,000;9,433;3,000;4,000;

21450;2018.02.10 17:00:00;0,000;0,000;0,000;0,000;0,000;9,433;3,000;4,000;

21451;2018.02.10 18:00:00;0,000;0,000;0,000;0,000;0,000;9,433;3,000;4,000;

21452;2018.02.10 19:00:00;0,000;0,000;0,000;0,000;0,000;9,433;3,000;4,000;

21453;2018.02.10 20:00:00;0,000;0,000;0,000;0,000;0,000;9,433;3,000;4,000;

21454;2018.02.10 21:00:00;0,000;0,000;0,000;0,000;0,000;9,433;3,000;4,000;

21455;2018.02.10 22:00:00;0,000;0,000;0,000;0,000;0,000;9,433;3,000;4,000;

21456;2018.02.10 23:00:00;0,000;0,000;0,000;0,000;0,000;9,433;3,000;4,000;

21457;2018.02.11 00:00:00;0,000;0,000;0,000;0,000;0,000;9,500;4,000;4,000;

21458;2018.02.11 01:00:00;0,000;0,000;0,000;0,000;0,000;9,500;4,000;4,000;

21459;2018.02.11 02:00:00;0,000;0,000;0,000;0,000;0,000;9,500;4,000;4,000;

21460;2018.02.11 03:00:00;0,000;0,000;0,000;0,000;0,000;9,500;4,000;4,000;

21461;2018.02.11 04:00:00;0,000;0,000;0,000;0,000;0,000;9,500;4,000;4,000;

21462;2018.02.11 05:00:00;0,000;0,000;0,000;0,000;0,000;9,500;4,000;4,000;

21463;2018.02.11 06:00:00;0,000;0,000;0,000;0,000;0,000;9,500;4,000;4,000;

21464;2018.02.11 07:00:00;0,000;0,000;0,000;0,000;0,000;9,500;4,000;4,000;

21465;2018.02.11 08:00:00;0,000;0,000;0,000;0,000;0,000;9,500;4,000;4,000;

21466;2018.02.11 09:00:00;0,000;0,000;0,000;0,000;0,000;9,500;4,000;4,000;

21467;2018.02.11 10:00:00;0,000;0,000;0,000;0,000;0,000;9,500;4,000;4,000;

21468;2018.02.11 11:00:00;0,000;0,000;0,000;0,000;0,000;9,500;4,000;4,000;

21469;2018.02.11 12:00:00;0,000;0,000;0,000;0,000;0,000;9,500;4,000;4,000;

21470;2018.02.11 13:00:00;0,000;0,000;0,000;0,000;0,000;9,500;4,000;4,000;

21471;2018.02.11 14:00:00;0,000;0,000;0,000;0,000;0,000;9,500;4,000;4,000;

21472;2018.02.11 15:00:00;0,000;0,000;0,000;0,000;0,000;9,500;4,000;4,000;

21473;2018.02.11 16:00:00;0,000;0,000;0,000;0,000;0,000;9,500;4,000;4,000;

21474;2018.02.11 17:00:00;0,000;0,000;0,000;0,000;0,000;9,500;4,000;4,000;

21475;2018.02.11 18:00:00;0,000;0,000;0,000;0,000;0,000;9,500;4,000;4,000;

21476;2018.02.11 19:00:00;0,000;0,000;0,000;0,000;0,000;9,500;4,000;4,000;

21477;2018.02.11 20:00:00;0,000;0,000;0,000;0,000;0,000;9,500;4,000;4,000;

21478;2018.02.11 21:00:00;0,000;0,000;0,000;0,000;0,000;9,500;4,000;4,000;

21479;2018.02.11 22:00:00;0,000;0,000;0,000;0,000;0,000;9,500;4,000;4,000;

21480;2018.02.11 23:00:00;0,000;0,000;0,000;0,000;0,000;9,500;4,000;4,000;

21481;2018.02.12 00:00:00;0,000;0,000;0,000;0,000;0,000;9,567;1,000;4,000;

21482;2018.02.12 01:00:00;0,000;0,000;0,000;0,000;0,000;9,567;1,000;4,000;

21483;2018.02.12 02:00:00;0,000;0,000;0,000;0,000;0,000;9,567;1,000;4,000;

21484;2018.02.12 03:00:00;0,000;0,000;0,000;0,000;0,000;9,567;1,000;4,000;

21485;2018.02.12 04:00:00;0,000;0,000;0,000;0,000;0,000;9,567;1,000;4,000;

21486;2018.02.12 05:00:00;0,000;0,000;0,000;0,000;0,000;9,567;1,000;4,000;

21487;2018.02.12 06:00:00;0,000;0,000;0,000;0,000;0,000;9,567;1,000;4,000;

21488;2018.02.12 07:00:00;0,000;0,000;0,000;0,000;0,000;9,567;1,000;4,000;

21489;2018.02.12 08:00:00;0,000;0,000;0,000;0,000;0,000;9,567;1,000;4,000;

21490;2018.02.12 09:00:00;0,000;0,000;0,000;0,000;0,000;9,567;1,000;4,000;

21491;2018.02.12 10:00:00;0,000;0,000;0,000;0,000;0,000;9,567;1,000;4,000;

21492;2018.02.12 11:00:00;0,000;0,000;0,000;0,000;0,000;9,567;1,000;4,000;

21493;2018.02.12 12:00:00;0,000;0,000;0,000;0,000;0,000;9,567;1,000;4,000;

21494;2018.02.12 13:00:00;0,000;0,000;0,000;0,000;0,000;9,567;1,000;4,000;

21495;2018.02.12 14:00:00;0,000;0,000;0,000;0,000;0,000;9,567;1,000;4,000;

21496;2018.02.12 15:00:00;0,000;0,000;0,000;0,000;0,000;9,567;1,000;4,000;

21497;2018.02.12 16:00:00;0,000;0,000;0,000;0,000;0,000;9,567;1,000;4,000;

21498;2018.02.12 17:00:00;0,000;0,000;0,000;0,000;0,000;9,567;1,000;4,000;

21499;2018.02.12 18:00:00;0,000;0,000;0,000;0,000;0,000;9,567;1,000;4,000;

21500;2018.02.12 19:00:00;0,000;0,000;0,000;0,000;0,000;9,567;1,000;4,000;

21501;2018.02.12 20:00:00;0,000;0,000;0,000;0,000;0,000;9,567;1,000;4,000;

21502;2018.02.12 21:00:00;0,000;0,000;0,000;0,000;0,000;9,567;1,000;4,000;

21503;2018.02.12 22:00:00;0,000;0,000;0,000;0,000;0,000;9,567;1,000;4,000;

21504;2018.02.12 23:00:00;0,000;0,000;0,000;0,000;0,000;9,567;1,000;4,000;

21505;2018.02.13 00:00:00;0,000;0,000;0,000;0,000;0,000;9,633;1,000;4,000;

21506;2018.02.13 01:00:00;0,000;0,000;0,000;0,000;0,000;9,633;1,000;4,000;

21507;2018.02.13 02:00:00;0,000;0,000;0,000;0,000;0,000;9,633;1,000;4,000;

21508;2018.02.13 03:00:00;0,000;0,000;0,000;0,000;0,000;9,633;1,000;4,000;

21509;2018.02.13 04:00:00;0,000;0,000;0,000;0,000;0,000;9,633;1,000;4,000;

21510;2018.02.13 05:00:00;0,000;0,000;0,000;0,000;0,000;9,633;1,000;4,000;

21511;2018.02.13 06:00:00;0,000;0,000;0,000;0,000;0,000;9,633;1,000;4,000;

21512;2018.02.13 07:00:00;0,000;0,000;0,000;0,000;0,000;9,633;1,000;4,000;

21513;2018.02.13 08:00:00;0,000;0,000;0,000;0,000;0,000;9,633;1,000;4,000;

21514;2018.02.13 09:00:00;0,000;0,000;0,000;0,000;0,000;9,633;1,000;4,000;

21515;2018.02.13 10:00:00;0,000;0,000;0,000;0,000;0,000;9,633;1,000;4,000;

21516;2018.02.13 11:00:00;0,000;0,000;0,000;0,000;0,000;9,633;1,000;4,000;

21517;2018.02.13 12:00:00;0,000;0,000;0,000;0,000;0,000;9,633;1,000;4,000;

21518;2018.02.13 13:00:00;0,000;0,000;0,000;0,000;0,000;9,633;1,000;4,000;

21519;2018.02.13 14:00:00;0,000;0,000;0,000;0,000;0,000;9,633;1,000;4,000;

21520;2018.02.13 15:00:00;0,000;0,000;0,000;0,000;0,000;9,633;1,000;4,000;

21521;2018.02.13 16:00:00;0,000;0,000;0,000;0,000;0,000;9,633;1,000;4,000;

21522;2018.02.13 17:00:00;0,000;0,000;0,000;0,000;0,000;9,633;1,000;4,000;

21523;2018.02.13 18:00:00;0,000;0,000;0,000;0,000;0,000;9,633;1,000;4,000;

21524;2018.02.13 19:00:00;0,000;0,000;0,000;0,000;0,000;9,633;1,000;4,000;

21525;2018.02.13 20:00:00;0,000;0,000;0,000;0,000;0,000;9,633;1,000;4,000;

21526;2018.02.13 21:00:00;0,000;0,000;0,000;0,000;0,000;9,633;1,000;4,000;

21527;2018.02.13 22:00:00;0,000;0,000;0,000;0,000;0,000;9,633;1,000;4,000;

21528;2018.02.13 23:00:00;0,000;0,000;0,000;0,000;0,000;9,633;1,000;4,000;

21529;2018.02.14 00:00:00;0,000;0,000;0,000;0,000;0,000;9,700;1,000;4,000;

21530;2018.02.14 01:00:00;0,000;0,000;0,000;0,000;0,000;9,700;1,000;4,000;

21531;2018.02.14 02:00:00;0,000;0,000;0,000;0,000;0,000;9,700;1,000;4,000;

21532;2018.02.14 03:00:00;0,000;0,000;0,000;0,000;0,000;9,700;1,000;4,000;

21533;2018.02.14 04:00:00;0,000;0,000;0,000;0,000;0,000;9,700;1,000;4,000;

21534;2018.02.14 05:00:00;0,000;0,000;0,000;0,000;0,000;9,700;1,000;4,000;

21535;2018.02.14 06:00:00;0,000;0,000;0,000;0,000;0,000;9,700;1,000;4,000;

21536;2018.02.14 07:00:00;0,000;0,000;0,000;0,000;0,000;9,700;1,000;4,000;

21537;2018.02.14 08:00:00;0,000;0,000;0,000;0,000;0,000;9,700;1,000;4,000;

21538;2018.02.14 09:00:00;0,000;0,000;0,000;0,000;0,000;9,700;1,000;4,000;

21539;2018.02.14 10:00:00;0,000;0,000;0,000;0,000;0,000;9,700;1,000;4,000;

21540;2018.02.14 11:00:00;0,000;0,000;0,000;0,000;0,000;9,700;1,000;4,000;

21541;2018.02.14 12:00:00;0,000;0,000;0,000;0,000;0,000;9,700;1,000;4,000;

21542;2018.02.14 13:00:00;0,000;0,000;0,000;0,000;0,000;9,700;1,000;4,000;

21543;2018.02.14 14:00:00;0,000;0,000;0,000;0,000;0,000;9,700;1,000;4,000;

21544;2018.02.14 15:00:00;0,000;0,000;0,000;0,000;0,000;9,700;1,000;4,000;

21545;2018.02.14 16:00:00;0,000;0,000;0,000;0,000;0,000;9,700;1,000;4,000;

21546;2018.02.14 17:00:00;0,000;0,000;0,000;0,000;0,000;9,700;1,000;4,000;

21547;2018.02.14 18:00:00;0,000;0,000;0,000;0,000;0,000;9,700;1,000;4,000;

21548;2018.02.14 19:00:00;0,000;0,000;0,000;0,000;0,000;9,700;1,000;4,000;

21549;2018.02.14 20:00:00;0,000;0,000;0,000;0,000;0,000;9,700;1,000;4,000;

21550;2018.02.14 21:00:00;0,000;0,000;0,000;0,000;0,000;9,700;1,000;4,000;

21551;2018.02.14 22:00:00;0,000;0,000;0,000;0,000;0,000;9,700;1,000;4,000;

21552;2018.02.14 23:00:00;0,000;0,000;0,000;0,000;0,000;9,700;1,000;4,000;

21553;2018.02.15 00:00:00;0,000;0,000;0,000;0,000;0,000;9,767;1,000;4,000;

21554;2018.02.15 01:00:00;0,000;0,000;0,000;0,000;0,000;9,767;1,000;4,000;

21555;2018.02.15 02:00:00;0,000;0,000;0,000;0,000;0,000;9,767;1,000;4,000;

21556;2018.02.15 03:00:00;0,000;0,000;0,000;0,000;0,000;9,767;1,000;4,000;

21557;2018.02.15 04:00:00;0,000;0,000;0,000;0,000;0,000;9,767;1,000;4,000;

21558;2018.02.15 05:00:00;0,000;0,000;0,000;0,000;0,000;9,767;1,000;4,000;

21559;2018.02.15 06:00:00;0,000;0,000;0,000;0,000;0,000;9,767;1,000;4,000;

21560;2018.02.15 07:00:00;0,000;0,000;0,000;0,000;0,000;9,767;1,000;4,000;

21561;2018.02.15 08:00:00;0,000;0,000;0,000;0,000;0,000;9,767;1,000;4,000;

21562;2018.02.15 09:00:00;0,000;0,000;0,000;0,000;0,000;9,767;1,000;4,000;

21563;2018.02.15 10:00:00;0,000;0,000;0,000;0,000;0,000;9,767;1,000;4,000;

21564;2018.02.15 11:00:00;0,000;0,000;0,000;0,000;0,000;9,767;1,000;4,000;

21565;2018.02.15 12:00:00;0,000;0,000;0,000;0,000;0,000;9,767;1,000;4,000;

21566;2018.02.15 13:00:00;0,000;0,000;0,000;0,000;0,000;9,767;1,000;4,000;

21567;2018.02.15 14:00:00;0,000;0,000;0,000;0,000;0,000;9,767;1,000;4,000;

21568;2018.02.15 15:00:00;0,000;0,000;0,000;0,000;0,000;9,767;1,000;4,000;

21569;2018.02.15 16:00:00;0,000;0,000;0,000;0,000;0,000;9,767;1,000;4,000;

21570;2018.02.15 17:00:00;0,000;0,000;0,000;0,000;0,000;9,767;1,000;4,000;

21571;2018.02.15 18:00:00;0,000;0,000;0,000;0,000;0,000;9,767;1,000;4,000;

21572;2018.02.15 19:00:00;0,000;0,000;0,000;0,000;0,000;9,767;1,000;4,000;

21573;2018.02.15 20:00:00;0,000;0,000;0,000;0,000;0,000;9,767;1,000;4,000;

21574;2018.02.15 21:00:00;0,000;0,000;0,000;0,000;0,000;9,767;1,000;4,000;

21575;2018.02.15 22:00:00;0,000;0,000;0,000;0,000;0,000;9,767;1,000;4,000;

21576;2018.02.15 23:00:00;0,000;0,000;0,000;0,000;0,000;9,767;1,000;4,000;

21577;2018.02.16 00:00:00;0,000;0,000;0,000;0,000;0,000;9,833;2,000;4,000;

21578;2018.02.16 01:00:00;0,000;0,000;0,000;0,000;0,000;9,833;2,000;4,000;

21579;2018.02.16 02:00:00;0,000;0,000;0,000;0,000;0,000;9,833;2,000;4,000;

21580;2018.02.16 03:00:00;0,000;0,000;0,000;0,000;0,000;9,833;2,000;4,000;

21581;2018.02.16 04:00:00;0,000;0,000;0,000;0,000;0,000;9,833;2,000;4,000;

21582;2018.02.16 05:00:00;0,000;0,000;0,000;0,000;0,000;9,833;2,000;4,000;

21583;2018.02.16 06:00:00;0,000;0,000;0,000;0,000;0,000;9,833;2,000;4,000;

21584;2018.02.16 07:00:00;0,000;0,000;0,000;0,000;0,000;9,833;2,000;4,000;

21585;2018.02.16 08:00:00;0,000;0,000;0,000;0,000;0,000;9,833;2,000;4,000;

21586;2018.02.16 09:00:00;0,000;0,000;0,000;0,000;0,000;9,833;2,000;4,000;

21587;2018.02.16 10:00:00;0,000;0,000;0,000;0,000;0,000;9,833;2,000;4,000;

21588;2018.02.16 11:00:00;0,000;0,000;0,000;0,000;0,000;9,833;2,000;4,000;

21589;2018.02.16 12:00:00;0,000;0,000;0,000;0,000;0,000;9,833;2,000;4,000;

21590;2018.02.16 13:00:00;0,000;0,000;0,000;0,000;0,000;9,833;2,000;4,000;

21591;2018.02.16 14:00:00;0,000;0,000;0,000;0,000;0,000;9,833;2,000;4,000;

21592;2018.02.16 15:00:00;0,000;0,000;0,000;0,000;0,000;9,833;2,000;4,000;

21593;2018.02.16 16:00:00;0,000;0,000;0,000;0,000;0,000;9,833;2,000;4,000;

21594;2018.02.16 17:00:00;0,000;0,000;0,000;0,000;0,000;9,833;2,000;4,000;

21595;2018.02.16 18:00:00;0,000;0,000;0,000;0,000;0,000;9,833;2,000;4,000;

21596;2018.02.16 19:00:00;0,000;0,000;0,000;0,000;0,000;9,833;2,000;4,000;

21597;2018.02.16 20:00:00;0,000;0,000;0,000;0,000;0,000;9,833;2,000;4,000;

21598;2018.02.16 21:00:00;0,000;0,000;0,000;0,000;0,000;9,833;2,000;4,000;

21599;2018.02.16 22:00:00;0,000;0,000;0,000;0,000;0,000;9,833;2,000;4,000;

21600;2018.02.16 23:00:00;0,000;0,000;0,000;0,000;0,000;9,833;2,000;4,000;

21601;2018.02.17 00:00:00;0,000;0,000;0,000;0,000;0,000;9,900;3,000;4,000;

21602;2018.02.17 01:00:00;0,000;0,000;0,000;0,000;0,000;9,900;3,000;4,000;

21603;2018.02.17 02:00:00;0,000;0,000;0,000;0,000;0,000;9,900;3,000;4,000;

21604;2018.02.17 03:00:00;0,000;0,000;0,000;0,000;0,000;9,900;3,000;4,000;

21605;2018.02.17 04:00:00;0,000;0,000;0,000;0,000;0,000;9,900;3,000;4,000;

21606;2018.02.17 05:00:00;0,000;0,000;0,000;0,000;0,000;9,900;3,000;4,000;

21607;2018.02.17 06:00:00;0,000;0,000;0,000;0,000;0,000;9,900;3,000;4,000;

21608;2018.02.17 07:00:00;0,000;0,000;0,000;0,000;0,000;9,900;3,000;4,000;

21609;2018.02.17 08:00:00;0,000;0,000;0,000;0,000;0,000;9,900;3,000;4,000;

21610;2018.02.17 09:00:00;0,000;0,000;0,000;0,000;0,000;9,900;3,000;4,000;

21611;2018.02.17 10:00:00;0,000;0,000;0,000;0,000;0,000;9,900;3,000;4,000;

21612;2018.02.17 11:00:00;0,000;0,000;0,000;0,000;0,000;9,900;3,000;4,000;

21613;2018.02.17 12:00:00;0,000;0,000;0,000;0,000;0,000;9,900;3,000;4,000;

21614;2018.02.17 13:00:00;0,000;0,000;0,000;0,000;0,000;9,900;3,000;4,000;

21615;2018.02.17 14:00:00;0,000;0,000;0,000;0,000;0,000;9,900;3,000;4,000;

21616;2018.02.17 15:00:00;0,000;0,000;0,000;0,000;0,000;9,900;3,000;4,000;

21617;2018.02.17 16:00:00;0,000;0,000;0,000;0,000;0,000;9,900;3,000;4,000;

21618;2018.02.17 17:00:00;0,000;0,000;0,000;0,000;0,000;9,900;3,000;4,000;

21619;2018.02.17 18:00:00;0,000;0,000;0,000;0,000;0,000;9,900;3,000;4,000;

21620;2018.02.17 19:00:00;0,000;0,000;0,000;0,000;0,000;9,900;3,000;4,000;

21621;2018.02.17 20:00:00;0,000;0,000;0,000;0,000;0,000;9,900;3,000;4,000;

21622;2018.02.17 21:00:00;0,000;0,000;0,000;0,000;0,000;9,900;3,000;4,000;

21623;2018.02.17 22:00:00;0,000;0,000;0,000;0,000;0,000;9,900;3,000;4,000;

21624;2018.02.17 23:00:00;0,000;0,000;0,000;0,000;0,000;9,900;3,000;4,000;

21625;2018.02.18 00:00:00;0,000;0,000;0,000;0,000;0,000;9,983;4,000;4,000;

21626;2018.02.18 01:00:00;0,000;0,000;0,000;0,000;0,000;9,983;4,000;4,000;

21627;2018.02.18 02:00:00;0,000;0,000;0,000;0,000;0,000;9,983;4,000;4,000;

21628;2018.02.18 03:00:00;0,000;0,000;0,000;0,000;0,000;9,983;4,000;4,000;

21629;2018.02.18 04:00:00;0,000;0,000;0,000;0,000;0,000;9,983;4,000;4,000;

21630;2018.02.18 05:00:00;0,000;0,000;0,000;0,000;0,000;9,983;4,000;4,000;

21631;2018.02.18 06:00:00;0,000;0,000;0,000;0,000;0,000;9,983;4,000;4,000;

21632;2018.02.18 07:00:00;0,000;0,000;0,000;0,000;0,000;9,983;4,000;4,000;

21633;2018.02.18 08:00:00;0,000;0,000;0,000;0,000;0,000;9,983;4,000;4,000;

21634;2018.02.18 09:00:00;0,000;0,000;0,000;0,000;0,000;9,983;4,000;4,000;

21635;2018.02.18 10:00:00;0,000;0,000;0,000;0,000;0,000;9,983;4,000;4,000;

21636;2018.02.18 11:00:00;0,000;0,000;0,000;0,000;0,000;9,983;4,000;4,000;

21637;2018.02.18 12:00:00;0,000;0,000;0,000;0,000;0,000;9,983;4,000;4,000;

21638;2018.02.18 13:00:00;0,000;0,000;0,000;0,000;0,000;9,983;4,000;4,000;

21639;2018.02.18 14:00:00;0,000;0,000;0,000;0,000;0,000;9,983;4,000;4,000;

21640;2018.02.18 15:00:00;0,000;0,000;0,000;0,000;0,000;9,983;4,000;4,000;

21641;2018.02.18 16:00:00;0,000;0,000;0,000;0,000;0,000;9,983;4,000;4,000;

21642;2018.02.18 17:00:00;0,000;0,000;0,000;0,000;0,000;9,983;4,000;4,000;

21643;2018.02.18 18:00:00;0,000;0,000;0,000;0,000;0,000;9,983;4,000;4,000;

21644;2018.02.18 19:00:00;0,000;0,000;0,000;0,000;0,000;9,983;4,000;4,000;

21645;2018.02.18 20:00:00;0,000;0,000;0,000;0,000;0,000;9,983;4,000;4,000;

21646;2018.02.18 21:00:00;0,000;0,000;0,000;0,000;0,000;9,983;4,000;4,000;

21647;2018.02.18 22:00:00;0,000;0,000;0,000;0,000;0,000;9,983;4,000;4,000;

21648;2018.02.18 23:00:00;0,000;0,000;0,000;0,000;0,000;9,983;4,000;4,000;

21649;2018.02.19 00:00:00;0,000;0,000;0,000;0,000;0,000;10,050;1,000;4,000;

21650;2018.02.19 01:00:00;0,000;0,000;0,000;0,000;0,000;10,050;1,000;4,000;

21651;2018.02.19 02:00:00;0,000;0,000;0,000;0,000;0,000;10,050;1,000;4,000;

21652;2018.02.19 03:00:00;0,000;0,000;0,000;0,000;0,000;10,050;1,000;4,000;

21653;2018.02.19 04:00:00;0,000;0,000;0,000;0,000;0,000;10,050;1,000;4,000;

21654;2018.02.19 05:00:00;0,000;0,000;0,000;0,000;0,000;10,050;1,000;4,000;

21655;2018.02.19 06:00:00;0,000;0,000;0,000;0,000;0,000;10,050;1,000;4,000;

21656;2018.02.19 07:00:00;0,000;0,000;0,000;0,000;0,000;10,050;1,000;4,000;

21657;2018.02.19 08:00:00;0,000;0,000;0,000;0,000;0,000;10,050;1,000;4,000;

21658;2018.02.19 09:00:00;0,000;0,000;0,000;0,000;0,000;10,050;1,000;4,000;

21659;2018.02.19 10:00:00;0,000;0,000;0,000;0,000;0,000;10,050;1,000;4,000;

21660;2018.02.19 11:00:00;0,000;0,000;0,000;0,000;0,000;10,050;1,000;4,000;

21661;2018.02.19 12:00:00;0,000;0,000;0,000;0,000;0,000;10,050;1,000;4,000;

21662;2018.02.19 13:00:00;0,000;0,000;0,000;0,000;0,000;10,050;1,000;4,000;

21663;2018.02.19 14:00:00;0,000;0,000;0,000;0,000;0,000;10,050;1,000;4,000;

21664;2018.02.19 15:00:00;0,000;0,000;0,000;0,000;0,000;10,050;1,000;4,000;

21665;2018.02.19 16:00:00;0,000;0,000;0,000;0,000;0,000;10,050;1,000;4,000;

21666;2018.02.19 17:00:00;0,000;0,000;0,000;0,000;0,000;10,050;1,000;4,000;

21667;2018.02.19 18:00:00;0,000;0,000;0,000;0,000;0,000;10,050;1,000;4,000;

21668;2018.02.19 19:00:00;0,000;0,000;0,000;0,000;0,000;10,050;1,000;4,000;

21669;2018.02.19 20:00:00;0,000;0,000;0,000;0,000;0,000;10,050;1,000;4,000;

21670;2018.02.19 21:00:00;0,000;0,000;0,000;0,000;0,000;10,050;1,000;4,000;

21671;2018.02.19 22:00:00;0,000;0,000;0,000;0,000;0,000;10,050;1,000;4,000;

21672;2018.02.19 23:00:00;0,000;0,000;0,000;0,000;0,000;10,050;1,000;4,000;

21673;2018.02.20 00:00:00;0,000;0,000;0,000;0,000;0,000;10,117;1,000;4,000;

21674;2018.02.20 01:00:00;0,000;0,000;0,000;0,000;0,000;10,117;1,000;4,000;

21675;2018.02.20 02:00:00;0,000;0,000;0,000;0,000;0,000;10,117;1,000;4,000;

21676;2018.02.20 03:00:00;0,000;0,000;0,000;0,000;0,000;10,117;1,000;4,000;

21677;2018.02.20 04:00:00;0,000;0,000;0,000;0,000;0,000;10,117;1,000;4,000;

21678;2018.02.20 05:00:00;0,000;0,000;0,000;0,000;0,000;10,117;1,000;4,000;

21679;2018.02.20 06:00:00;0,000;0,000;0,000;0,000;0,000;10,117;1,000;4,000;

21680;2018.02.20 07:00:00;0,000;0,000;0,000;0,000;0,000;10,117;1,000;4,000;

21681;2018.02.20 08:00:00;0,000;0,000;0,000;0,000;0,000;10,117;1,000;4,000;

21682;2018.02.20 09:00:00;0,000;0,000;0,000;0,000;0,000;10,117;1,000;4,000;

21683;2018.02.20 10:00:00;0,000;0,000;0,000;0,000;0,000;10,117;1,000;4,000;

21684;2018.02.20 11:00:00;0,000;0,000;0,000;0,000;0,000;10,117;1,000;4,000;

21685;2018.02.20 12:00:00;0,000;0,000;0,000;0,000;0,000;10,117;1,000;4,000;

21686;2018.02.20 13:00:00;0,000;0,000;0,000;0,000;0,000;10,117;1,000;4,000;

21687;2018.02.20 14:00:00;0,000;0,000;0,000;0,000;0,000;10,117;1,000;4,000;

21688;2018.02.20 15:00:00;0,000;0,000;0,000;0,000;0,000;10,117;1,000;4,000;

21689;2018.02.20 16:00:00;0,000;0,000;0,000;0,000;0,000;10,117;1,000;4,000;

21690;2018.02.20 17:00:00;0,000;0,000;0,000;0,000;0,000;10,117;1,000;4,000;

21691;2018.02.20 18:00:00;0,000;0,000;0,000;0,000;0,000;10,117;1,000;4,000;

21692;2018.02.20 19:00:00;0,000;0,000;0,000;0,000;0,000;10,117;1,000;4,000;

21693;2018.02.20 20:00:00;0,000;0,000;0,000;0,000;0,000;10,117;1,000;4,000;

21694;2018.02.20 21:00:00;0,000;0,000;0,000;0,000;0,000;10,117;1,000;4,000;

21695;2018.02.20 22:00:00;0,000;0,000;0,000;0,000;0,000;10,117;1,000;4,000;

21696;2018.02.20 23:00:00;0,000;0,000;0,000;0,000;0,000;10,117;1,000;4,000;

21697;2018.02.21 00:00:00;0,000;0,000;0,000;0,000;0,000;10,183;1,000;4,000;

21698;2018.02.21 01:00:00;0,000;0,000;0,000;0,000;0,000;10,183;1,000;4,000;

21699;2018.02.21 02:00:00;0,000;0,000;0,000;0,000;0,000;10,183;1,000;4,000;

21700;2018.02.21 03:00:00;0,000;0,000;0,000;0,000;0,000;10,183;1,000;4,000;

21701;2018.02.21 04:00:00;0,000;0,000;0,000;0,000;0,000;10,183;1,000;4,000;

21702;2018.02.21 05:00:00;0,000;0,000;0,000;0,000;0,000;10,183;1,000;4,000;

21703;2018.02.21 06:00:00;0,000;0,000;0,000;0,000;0,000;10,183;1,000;4,000;

21704;2018.02.21 07:00:00;0,000;0,000;0,000;0,000;0,000;10,183;1,000;4,000;

21705;2018.02.21 08:00:00;0,000;0,000;0,000;0,000;0,000;10,183;1,000;4,000;

21706;2018.02.21 09:00:00;0,000;0,000;0,000;0,000;0,000;10,183;1,000;4,000;

21707;2018.02.21 10:00:00;0,000;0,000;0,000;0,000;0,000;10,183;1,000;4,000;

21708;2018.02.21 11:00:00;0,000;0,000;0,000;0,000;0,000;10,183;1,000;4,000;

21709;2018.02.21 12:00:00;0,000;0,000;0,000;0,000;0,000;10,183;1,000;4,000;

21710;2018.02.21 13:00:00;0,000;0,000;0,000;0,000;0,000;10,183;1,000;4,000;

21711;2018.02.21 14:00:00;0,000;0,000;0,000;0,000;0,000;10,183;1,000;4,000;

21712;2018.02.21 15:00:00;0,000;0,000;0,000;0,000;0,000;10,183;1,000;4,000;

21713;2018.02.21 16:00:00;0,000;0,000;0,000;0,000;0,000;10,183;1,000;4,000;

21714;2018.02.21 17:00:00;0,000;0,000;0,000;0,000;0,000;10,183;1,000;4,000;

21715;2018.02.21 18:00:00;0,000;0,000;0,000;0,000;0,000;10,183;1,000;4,000;

21716;2018.02.21 19:00:00;0,000;0,000;0,000;0,000;0,000;10,183;1,000;4,000;

21717;2018.02.21 20:00:00;0,000;0,000;0,000;0,000;0,000;10,183;1,000;4,000;

21718;2018.02.21 21:00:00;0,000;0,000;0,000;0,000;0,000;10,183;1,000;4,000;

21719;2018.02.21 22:00:00;0,000;0,000;0,000;0,000;0,000;10,183;1,000;4,000;

21720;2018.02.21 23:00:00;0,000;0,000;0,000;0,000;0,000;10,183;1,000;4,000;

21721;2018.02.22 00:00:00;0,000;0,000;0,000;0,000;0,000;10,267;1,000;4,000;

21722;2018.02.22 01:00:00;0,000;0,000;0,000;0,000;0,000;10,267;1,000;4,000;

21723;2018.02.22 02:00:00;0,000;0,000;0,000;0,000;0,000;10,267;1,000;4,000;

21724;2018.02.22 03:00:00;0,000;0,000;0,000;0,000;0,000;10,267;1,000;4,000;

21725;2018.02.22 04:00:00;0,000;0,000;0,000;0,000;0,000;10,267;1,000;4,000;

21726;2018.02.22 05:00:00;0,000;0,000;0,000;0,000;0,000;10,267;1,000;4,000;

21727;2018.02.22 06:00:00;0,000;0,000;0,000;0,000;0,000;10,267;1,000;4,000;

21728;2018.02.22 07:00:00;0,000;0,000;0,000;0,000;0,000;10,267;1,000;4,000;

21729;2018.02.22 08:00:00;0,000;0,000;0,000;0,000;0,000;10,267;1,000;4,000;

21730;2018.02.22 09:00:00;0,000;0,000;0,000;0,000;0,000;10,267;1,000;4,000;

21731;2018.02.22 10:00:00;0,000;0,000;0,000;0,000;0,000;10,267;1,000;4,000;

21732;2018.02.22 11:00:00;0,000;0,000;0,000;0,000;0,000;10,267;1,000;4,000;

21733;2018.02.22 12:00:00;0,000;0,000;0,000;0,000;0,000;10,267;1,000;4,000;

21734;2018.02.22 13:00:00;0,000;0,000;0,000;0,000;0,000;10,267;1,000;4,000;

21735;2018.02.22 14:00:00;0,000;0,000;0,000;0,000;0,000;10,267;1,000;4,000;

21736;2018.02.22 15:00:00;0,000;0,000;0,000;0,000;0,000;10,267;1,000;4,000;

21737;2018.02.22 16:00:00;0,000;0,000;0,000;0,000;0,000;10,267;1,000;4,000;

21738;2018.02.22 17:00:00;0,000;0,000;0,000;0,000;0,000;10,267;1,000;4,000;

21739;2018.02.22 18:00:00;0,000;0,000;0,000;0,000;0,000;10,267;1,000;4,000;

21740;2018.02.22 19:00:00;0,000;0,000;0,000;0,000;0,000;10,267;1,000;4,000;

21741;2018.02.22 20:00:00;0,000;0,000;0,000;0,000;0,000;10,267;1,000;4,000;

21742;2018.02.22 21:00:00;0,000;0,000;0,000;0,000;0,000;10,267;1,000;4,000;

21743;2018.02.22 22:00:00;0,000;0,000;0,000;0,000;0,000;10,267;1,000;4,000;

21744;2018.02.22 23:00:00;0,000;0,000;0,000;0,000;0,000;10,267;1,000;4,000;

21745;2018.02.23 00:00:00;0,000;0,000;0,000;0,000;0,000;10,333;2,000;4,000;

21746;2018.02.23 01:00:00;0,000;0,000;0,000;0,000;0,000;10,333;2,000;4,000;

21747;2018.02.23 02:00:00;0,000;0,000;0,000;0,000;0,000;10,333;2,000;4,000;

21748;2018.02.23 03:00:00;0,000;0,000;0,000;0,000;0,000;10,333;2,000;4,000;

21749;2018.02.23 04:00:00;0,000;0,000;0,000;0,000;0,000;10,333;2,000;4,000;

21750;2018.02.23 05:00:00;0,000;0,000;0,000;0,000;0,000;10,333;2,000;4,000;

21751;2018.02.23 06:00:00;0,000;0,000;0,000;0,000;0,000;10,333;2,000;4,000;

21752;2018.02.23 07:00:00;0,000;0,000;0,000;0,000;0,000;10,333;2,000;4,000;

21753;2018.02.23 08:00:00;0,000;0,000;0,000;0,000;0,000;10,333;2,000;4,000;

21754;2018.02.23 09:00:00;0,000;0,000;0,000;0,000;0,000;10,333;2,000;4,000;

21755;2018.02.23 10:00:00;0,000;0,000;0,000;0,000;0,000;10,333;2,000;4,000;

21756;2018.02.23 11:00:00;0,000;0,000;0,000;0,000;0,000;10,333;2,000;4,000;

21757;2018.02.23 12:00:00;0,000;0,000;0,000;0,000;0,000;10,333;2,000;4,000;

21758;2018.02.23 13:00:00;0,000;0,000;0,000;0,000;0,000;10,333;2,000;4,000;

21759;2018.02.23 14:00:00;0,000;0,000;0,000;0,000;0,000;10,333;2,000;4,000;

21760;2018.02.23 15:00:00;0,000;0,000;0,000;0,000;0,000;10,333;2,000;4,000;

21761;2018.02.23 16:00:00;0,000;0,000;0,000;0,000;0,000;10,333;2,000;4,000;

21762;2018.02.23 17:00:00;0,000;0,000;0,000;0,000;0,000;10,333;2,000;4,000;

21763;2018.02.23 18:00:00;0,000;0,000;0,000;0,000;0,000;10,333;2,000;4,000;

21764;2018.02.23 19:00:00;0,000;0,000;0,000;0,000;0,000;10,333;2,000;4,000;

21765;2018.02.23 20:00:00;0,000;0,000;0,000;0,000;0,000;10,333;2,000;4,000;

21766;2018.02.23 21:00:00;0,000;0,000;0,000;0,000;0,000;10,333;2,000;4,000;

21767;2018.02.23 22:00:00;0,000;0,000;0,000;0,000;0,000;10,333;2,000;4,000;

21768;2018.02.23 23:00:00;0,000;0,000;0,000;0,000;0,000;10,333;2,000;4,000;

21769;2018.02.24 00:00:00;0,000;0,000;0,000;0,000;0,000;10,400;3,000;4,000;

21770;2018.02.24 01:00:00;0,000;0,000;0,000;0,000;0,000;10,400;3,000;4,000;

21771;2018.02.24 02:00:00;0,000;0,000;0,000;0,000;0,000;10,400;3,000;4,000;

21772;2018.02.24 03:00:00;0,000;0,000;0,000;0,000;0,000;10,400;3,000;4,000;

21773;2018.02.24 04:00:00;0,000;0,000;0,000;0,000;0,000;10,400;3,000;4,000;

21774;2018.02.24 05:00:00;0,000;0,000;0,000;0,000;0,000;10,400;3,000;4,000;

21775;2018.02.24 06:00:00;0,000;0,000;0,000;0,000;0,000;10,400;3,000;4,000;

21776;2018.02.24 07:00:00;0,000;0,000;0,000;0,000;0,000;10,400;3,000;4,000;

21777;2018.02.24 08:00:00;0,000;0,000;0,000;0,000;0,000;10,400;3,000;4,000;

21778;2018.02.24 09:00:00;0,000;0,000;0,000;0,000;0,000;10,400;3,000;4,000;

21779;2018.02.24 10:00:00;0,000;0,000;0,000;0,000;0,000;10,400;3,000;4,000;

21780;2018.02.24 11:00:00;0,000;0,000;0,000;0,000;0,000;10,400;3,000;4,000;

21781;2018.02.24 12:00:00;0,000;0,000;0,000;0,000;0,000;10,400;3,000;4,000;

21782;2018.02.24 13:00:00;0,000;0,000;0,000;0,000;0,000;10,400;3,000;4,000;

21783;2018.02.24 14:00:00;0,000;0,000;0,000;0,000;0,000;10,400;3,000;4,000;

21784;2018.02.24 15:00:00;0,000;0,000;0,000;0,000;0,000;10,400;3,000;4,000;

21785;2018.02.24 16:00:00;0,000;0,000;0,000;0,000;0,000;10,400;3,000;4,000;

21786;2018.02.24 17:00:00;0,000;0,000;0,000;0,000;0,000;10,400;3,000;4,000;

21787;2018.02.24 18:00:00;0,000;0,000;0,000;0,000;0,000;10,400;3,000;4,000;

21788;2018.02.24 19:00:00;0,000;0,000;0,000;0,000;0,000;10,400;3,000;4,000;

21789;2018.02.24 20:00:00;0,000;0,000;0,000;0,000;0,000;10,400;3,000;4,000;

21790;2018.02.24 21:00:00;0,000;0,000;0,000;0,000;0,000;10,400;3,000;4,000;

21791;2018.02.24 22:00:00;0,000;0,000;0,000;0,000;0,000;10,400;3,000;4,000;

21792;2018.02.24 23:00:00;0,000;0,000;0,000;0,000;0,000;10,400;3,000;4,000;

21793;2018.02.25 00:00:00;0,000;0,000;0,000;0,000;0,000;10,467;4,000;4,000;

21794;2018.02.25 01:00:00;0,000;0,000;0,000;0,000;0,000;10,467;4,000;4,000;

21795;2018.02.25 02:00:00;0,000;0,000;0,000;0,000;0,000;10,467;4,000;4,000;

21796;2018.02.25 03:00:00;0,000;0,000;0,000;0,000;0,000;10,467;4,000;4,000;

21797;2018.02.25 04:00:00;0,000;0,000;0,000;0,000;0,000;10,467;4,000;4,000;

21798;2018.02.25 05:00:00;0,000;0,000;0,000;0,000;0,000;10,467;4,000;4,000;

21799;2018.02.25 06:00:00;0,000;0,000;0,000;0,000;0,000;10,467;4,000;4,000;

21800;2018.02.25 07:00:00;0,000;0,000;0,000;0,000;0,000;10,467;4,000;4,000;

21801;2018.02.25 08:00:00;0,000;0,000;0,000;0,000;0,000;10,467;4,000;4,000;

21802;2018.02.25 09:00:00;0,000;0,000;0,000;0,000;0,000;10,467;4,000;4,000;

21803;2018.02.25 10:00:00;0,000;0,000;0,000;0,000;0,000;10,467;4,000;4,000;

21804;2018.02.25 11:00:00;0,000;0,000;0,000;0,000;0,000;10,467;4,000;4,000;

21805;2018.02.25 12:00:00;0,000;0,000;0,000;0,000;0,000;10,467;4,000;4,000;

21806;2018.02.25 13:00:00;0,000;0,000;0,000;0,000;0,000;10,467;4,000;4,000;

21807;2018.02.25 14:00:00;0,000;0,000;0,000;0,000;0,000;10,467;4,000;4,000;

21808;2018.02.25 15:00:00;0,000;0,000;0,000;0,000;0,000;10,467;4,000;4,000;

21809;2018.02.25 16:00:00;0,000;0,000;0,000;0,000;0,000;10,467;4,000;4,000;

21810;2018.02.25 17:00:00;0,000;0,000;0,000;0,000;0,000;10,467;4,000;4,000;

21811;2018.02.25 18:00:00;0,000;0,000;0,000;0,000;0,000;10,467;4,000;4,000;

21812;2018.02.25 19:00:00;0,000;0,000;0,000;0,000;0,000;10,467;4,000;4,000;

21813;2018.02.25 20:00:00;0,000;0,000;0,000;0,000;0,000;10,467;4,000;4,000;

21814;2018.02.25 21:00:00;0,000;0,000;0,000;0,000;0,000;10,467;4,000;4,000;

21815;2018.02.25 22:00:00;0,000;0,000;0,000;0,000;0,000;10,467;4,000;4,000;

21816;2018.02.25 23:00:00;0,000;0,000;0,000;0,000;0,000;10,467;4,000;4,000;

21817;2018.02.26 00:00:00;0,000;0,000;0,000;0,000;0,000;10,550;1,000;4,000;

21818;2018.02.26 01:00:00;0,000;0,000;0,000;0,000;0,000;10,550;1,000;4,000;

21819;2018.02.26 02:00:00;0,000;0,000;0,000;0,000;0,000;10,550;1,000;4,000;

21820;2018.02.26 03:00:00;0,000;0,000;0,000;0,000;0,000;10,550;1,000;4,000;

21821;2018.02.26 04:00:00;0,000;0,000;0,000;0,000;0,000;10,550;1,000;4,000;

21822;2018.02.26 05:00:00;0,000;0,000;0,000;0,000;0,000;10,550;1,000;4,000;

21823;2018.02.26 06:00:00;0,000;0,000;0,000;0,000;0,000;10,550;1,000;4,000;

21824;2018.02.26 07:00:00;0,000;0,000;0,000;0,000;0,000;10,550;1,000;4,000;

21825;2018.02.26 08:00:00;0,000;0,000;0,000;0,000;0,000;10,550;1,000;4,000;

21826;2018.02.26 09:00:00;0,000;0,000;0,000;0,000;0,000;10,550;1,000;4,000;

21827;2018.02.26 10:00:00;0,000;0,000;0,000;0,000;0,000;10,550;1,000;4,000;

21828;2018.02.26 11:00:00;0,000;0,000;0,000;0,000;0,000;10,550;1,000;4,000;

21829;2018.02.26 12:00:00;0,000;0,000;0,000;0,000;0,000;10,550;1,000;4,000;

21830;2018.02.26 13:00:00;0,000;0,000;0,000;0,000;0,000;10,550;1,000;4,000;

21831;2018.02.26 14:00:00;0,000;0,000;0,000;0,000;0,000;10,550;1,000;4,000;

21832;2018.02.26 15:00:00;0,000;0,000;0,000;0,000;0,000;10,550;1,000;4,000;

21833;2018.02.26 16:00:00;0,000;0,000;0,000;0,000;0,000;10,550;1,000;4,000;

21834;2018.02.26 17:00:00;0,000;0,000;0,000;0,000;0,000;10,550;1,000;4,000;

21835;2018.02.26 18:00:00;0,000;0,000;0,000;0,000;0,000;10,550;1,000;4,000;

21836;2018.02.26 19:00:00;0,000;0,000;0,000;0,000;0,000;10,550;1,000;4,000;

21837;2018.02.26 20:00:00;0,000;0,000;0,000;0,000;0,000;10,550;1,000;4,000;

21838;2018.02.26 21:00:00;0,000;0,000;0,000;0,000;0,000;10,550;1,000;4,000;

21839;2018.02.26 22:00:00;0,000;0,000;0,000;0,000;0,000;10,550;1,000;4,000;

21840;2018.02.26 23:00:00;0,000;0,000;0,000;0,000;0,000;10,550;1,000;4,000;

21841;2018.02.27 00:00:00;0,000;0,000;0,000;0,000;0,000;10,617;1,000;4,000;

21842;2018.02.27 01:00:00;0,000;0,000;0,000;0,000;0,000;10,617;1,000;4,000;

21843;2018.02.27 02:00:00;0,000;0,000;0,000;0,000;0,000;10,617;1,000;4,000;

21844;2018.02.27 03:00:00;0,000;0,000;0,000;0,000;0,000;10,617;1,000;4,000;

21845;2018.02.27 04:00:00;0,000;0,000;0,000;0,000;0,000;10,617;1,000;4,000;

21846;2018.02.27 05:00:00;0,000;0,000;0,000;0,000;0,000;10,617;1,000;4,000;

21847;2018.02.27 06:00:00;0,000;0,000;0,000;0,000;0,000;10,617;1,000;4,000;

21848;2018.02.27 07:00:00;0,000;0,000;0,000;0,000;0,000;10,617;1,000;4,000;

21849;2018.02.27 08:00:00;0,000;0,000;0,000;0,000;0,000;10,617;1,000;4,000;

21850;2018.02.27 09:00:00;0,000;0,000;0,000;0,000;0,000;10,617;1,000;4,000;

21851;2018.02.27 10:00:00;0,000;0,000;0,000;0,000;0,000;10,617;1,000;4,000;

21852;2018.02.27 11:00:00;0,000;0,000;0,000;0,000;0,000;10,617;1,000;4,000;

21853;2018.02.27 12:00:00;0,000;0,000;0,000;0,000;0,000;10,617;1,000;4,000;

21854;2018.02.27 13:00:00;0,000;0,000;0,000;0,000;0,000;10,617;1,000;4,000;

21855;2018.02.27 14:00:00;0,000;0,000;0,000;0,000;0,000;10,617;1,000;4,000;

21856;2018.02.27 15:00:00;0,000;0,000;0,000;0,000;0,000;10,617;1,000;4,000;

21857;2018.02.27 16:00:00;0,000;0,000;0,000;0,000;0,000;10,617;1,000;4,000;

21858;2018.02.27 17:00:00;0,000;0,000;0,000;0,000;0,000;10,617;1,000;4,000;

21859;2018.02.27 18:00:00;0,000;0,000;0,000;0,000;0,000;10,617;1,000;4,000;

21860;2018.02.27 19:00:00;0,000;0,000;0,000;0,000;0,000;10,617;1,000;4,000;

21861;2018.02.27 20:00:00;0,000;0,000;0,000;0,000;0,000;10,617;1,000;4,000;

21862;2018.02.27 21:00:00;0,000;0,000;0,000;0,000;0,000;10,617;1,000;4,000;

21863;2018.02.27 22:00:00;0,000;0,000;0,000;0,000;0,000;10,617;1,000;4,000;

21864;2018.02.27 23:00:00;0,000;0,000;0,000;0,000;0,000;10,617;1,000;4,000;

21865;2018.02.28 00:00:00;0,000;0,000;0,000;0,000;0,000;10,683;1,000;4,000;

21866;2018.02.28 01:00:00;0,000;0,000;0,000;0,000;0,000;10,683;1,000;4,000;

21867;2018.02.28 02:00:00;0,000;0,000;0,000;0,000;0,000;10,683;1,000;4,000;

21868;2018.02.28 03:00:00;0,000;0,000;0,000;0,000;0,000;10,683;1,000;4,000;

21869;2018.02.28 04:00:00;0,000;0,000;0,000;0,000;0,000;10,683;1,000;4,000;

21870;2018.02.28 05:00:00;0,000;0,000;0,000;0,000;0,000;10,683;1,000;4,000;

21871;2018.02.28 06:00:00;0,000;0,000;0,000;0,000;0,000;10,683;1,000;4,000;

21872;2018.02.28 07:00:00;0,000;0,000;0,000;0,000;0,000;10,683;1,000;4,000;

21873;2018.02.28 08:00:00;0,000;0,000;0,000;0,000;0,000;10,683;1,000;4,000;

21874;2018.02.28 09:00:00;0,000;0,000;0,000;0,000;0,000;10,683;1,000;4,000;

21875;2018.02.28 10:00:00;0,000;0,000;0,000;0,000;0,000;10,683;1,000;4,000;

21876;2018.02.28 11:00:00;0,000;0,000;0,000;0,000;0,000;10,683;1,000;4,000;

21877;2018.02.28 12:00:00;0,000;0,000;0,000;0,000;0,000;10,683;1,000;4,000;

21878;2018.02.28 13:00:00;0,000;0,000;0,000;0,000;0,000;10,683;1,000;4,000;

21879;2018.02.28 14:00:00;0,000;0,000;0,000;0,000;0,000;10,683;1,000;4,000;

21880;2018.02.28 15:00:00;0,000;0,000;0,000;0,000;0,000;10,683;1,000;4,000;

21881;2018.02.28 16:00:00;0,000;0,000;0,000;0,000;0,000;10,683;1,000;4,000;

21882;2018.02.28 17:00:00;0,000;0,000;0,000;0,000;0,000;10,683;1,000;4,000;

21883;2018.02.28 18:00:00;0,000;0,000;0,000;0,000;0,000;10,683;1,000;4,000;

21884;2018.02.28 19:00:00;0,000;0,000;0,000;0,000;0,000;10,683;1,000;4,000;

21885;2018.02.28 20:00:00;0,000;0,000;0,000;0,000;0,000;10,683;1,000;4,000;

21886;2018.02.28 21:00:00;14,464;0,000;0,000;0,000;0,000;10,683;1,000;4,000;

21887;2018.02.28 22:00:00;38,207;0,000;0,000;0,000;0,000;10,683;1,000;4,000;

21888;2018.02.28 23:00:00;34,929;0,000;0,000;0,000;0,000;10,683;1,000;4,000;

21889;2018.03.01 00:00:00;40,633;0,000;0,000;0,000;0,000;10,767;1,000;1,000;

21890;2018.03.01 01:00:00;37,292;0,000;0,000;0,000;0,000;10,767;1,000;1,000;

21891;2018.03.01 02:00:00;36,263;0,000;0,000;0,000;0,000;10,767;1,000;1,000;

21892;2018.03.01 03:00:00;38,047;0,000;0,000;0,000;0,000;10,767;1,000;1,000;

21893;2018.03.01 04:00:00;37,318;0,000;0,000;0,000;0,000;10,767;1,000;1,000;

21894;2018.03.01 05:00:00;39,215;0,000;0,000;0,000;0,000;10,767;1,000;1,000;

21895;2018.03.01 06:00:00;37,377;0,000;0,000;0,000;0,000;10,767;1,000;1,000;

21896;2018.03.01 07:00:00;40,269;0,000;0,000;0,000;0,000;10,767;1,000;1,000;

21897;2018.03.01 08:00:00;35,670;0,000;0,000;0,000;0,000;10,767;1,000;1,000;

21898;2018.03.01 09:00:00;37,207;0,000;0,000;0,000;0,000;10,767;1,000;1,000;

21899;2018.03.01 10:00:00;37,477;0,000;0,000;0,000;0,000;10,767;1,000;1,000;

21900;2018.03.01 11:00:00;36,418;0,000;0,000;0,000;0,000;10,767;1,000;1,000;

21901;2018.03.01 12:00:00;35,484;0,000;0,000;0,000;0,000;10,767;1,000;1,000;

21902;2018.03.01 13:00:00;35,095;0,000;0,000;0,000;0,000;10,767;1,000;1,000;

21903;2018.03.01 14:00:00;42,751;0,000;0,000;0,000;0,000;10,767;1,000;1,000;

21904;2018.03.01 15:00:00;38,348;0,000;0,000;0,000;0,000;10,767;1,000;1,000;

21905;2018.03.01 16:00:00;38,596;0,000;0,000;0,000;0,000;10,767;1,000;1,000;

21906;2018.03.01 17:00:00;40,651;0,000;0,000;0,000;0,000;10,767;1,000;1,000;

21907;2018.03.01 18:00:00;37,873;0,000;0,000;0,000;0,000;10,767;1,000;1,000;

21908;2018.03.01 19:00:00;26,317;0,000;0,000;0,000;0,000;10,767;1,000;1,000;

21909;2018.03.01 20:00:00;46,306;0,000;0,000;0,000;0,000;10,767;1,000;1,000;

21910;2018.03.01 21:00:00;33,515;0,000;0,000;0,000;0,000;10,767;1,000;1,000;

21911;2018.03.01 22:00:00;36,207;0,000;0,000;0,000;0,000;10,767;1,000;1,000;

21912;2018.03.01 23:00:00;35,572;0,000;0,000;0,000;0,000;10,767;1,000;1,000;

21913;2018.03.02 00:00:00;33,841;0,000;0,000;0,000;0,000;10,833;2,000;1,000;

21914;2018.03.02 01:00:00;34,264;0,000;0,000;0,000;0,000;10,833;2,000;1,000;

21915;2018.03.02 02:00:00;38,689;0,000;0,000;0,000;0,000;10,833;2,000;1,000;

21916;2018.03.02 03:00:00;34,757;0,000;0,000;0,000;0,000;10,833;2,000;1,000;

21917;2018.03.02 04:00:00;38,524;0,000;0,000;0,000;0,000;10,833;2,000;1,000;

21918;2018.03.02 05:00:00;35,473;0,000;0,000;0,000;0,000;10,833;2,000;1,000;

21919;2018.03.02 06:00:00;39,459;0,000;0,000;0,000;0,000;10,833;2,000;1,000;

21920;2018.03.02 07:00:00;37,357;0,000;0,000;0,000;0,000;10,833;2,000;1,000;

21921;2018.03.02 08:00:00;34,362;0,000;0,000;0,000;0,000;10,833;2,000;1,000;

21922;2018.03.02 09:00:00;37,876;0,000;0,000;0,000;0,000;10,833;2,000;1,000;

21923;2018.03.02 10:00:00;33,980;0,000;0,000;0,000;0,000;10,833;2,000;1,000;

21924;2018.03.02 11:00:00;35,731;0,000;0,000;0,000;0,000;10,833;2,000;1,000;

21925;2018.03.02 12:00:00;33,210;0,000;0,000;0,000;0,000;10,833;2,000;1,000;

21926;2018.03.02 13:00:00;38,892;0,000;0,000;0,000;0,000;10,833;2,000;1,000;

21927;2018.03.02 14:00:00;37,447;0,000;0,000;0,000;0,000;10,833;2,000;1,000;

21928;2018.03.02 15:00:00;33,818;0,000;0,000;0,000;0,000;10,833;2,000;1,000;

21929;2018.03.02 16:00:00;32,595;0,000;0,000;0,000;0,000;10,833;2,000;1,000;

21930;2018.03.02 17:00:00;37,429;0,000;0,000;0,000;0,000;10,833;2,000;1,000;

21931;2018.03.02 18:00:00;34,818;0,000;0,000;0,000;0,000;10,833;2,000;1,000;

21932;2018.03.02 19:00:00;37,947;0,000;0,000;0,000;0,000;10,833;2,000;1,000;

21933;2018.03.02 20:00:00;38,397;0,000;0,000;0,000;0,000;10,833;2,000;1,000;

21934;2018.03.02 21:00:00;39,208;0,000;0,000;0,000;0,000;10,833;2,000;1,000;

21935;2018.03.02 22:00:00;35,864;0,000;0,000;0,000;0,000;10,833;2,000;1,000;

21936;2018.03.02 23:00:00;36,987;0,000;0,000;0,000;0,000;10,833;2,000;1,000;

21937;2018.03.03 00:00:00;37,985;0,000;0,000;0,000;0,000;10,900;3,000;1,000;

21938;2018.03.03 01:00:00;37,077;0,000;0,000;0,000;0,000;10,900;3,000;1,000;

21939;2018.03.03 02:00:00;38,466;0,000;0,000;0,000;0,000;10,900;3,000;1,000;

21940;2018.03.03 03:00:00;35,632;0,000;0,000;0,000;0,000;10,900;3,000;1,000;

21941;2018.03.03 04:00:00;38,281;0,000;0,000;0,000;0,000;10,900;3,000;1,000;

21942;2018.03.03 05:00:00;36,707;0,000;0,000;0,000;0,000;10,900;3,000;1,000;

21943;2018.03.03 06:00:00;39,355;0,000;0,000;0,000;0,000;10,900;3,000;1,000;

21944;2018.03.03 07:00:00;37,021;0,000;0,000;0,000;0,000;10,900;3,000;1,000;

21945;2018.03.03 08:00:00;38,299;0,000;0,000;0,000;0,000;10,900;3,000;1,000;

21946;2018.03.03 09:00:00;35,892;0,000;0,000;0,000;0,000;10,900;3,000;1,000;

21947;2018.03.03 10:00:00;34,040;0,000;0,000;0,000;0,000;10,900;3,000;1,000;

21948;2018.03.03 11:00:00;35,762;0,000;0,000;0,000;0,000;10,900;3,000;1,000;

21949;2018.03.03 12:00:00;31,780;0,000;0,000;0,000;0,000;10,900;3,000;1,000;

21950;2018.03.03 13:00:00;33,225;0,000;0,000;0,000;0,000;10,900;3,000;1,000;

21951;2018.03.03 14:00:00;32,892;0,000;0,000;0,000;0,000;10,900;3,000;1,000;

21952;2018.03.03 15:00:00;35,318;0,000;0,000;0,000;0,000;10,900;3,000;1,000;

21953;2018.03.03 16:00:00;30,114;0,000;0,000;0,000;0,000;10,900;3,000;1,000;

21954;2018.03.03 17:00:00;32,595;0,000;0,000;0,000;0,000;10,900;3,000;1,000;

21955;2018.03.03 18:00:00;33,058;0,000;0,000;0,000;0,000;10,900;3,000;1,000;

21956;2018.03.03 19:00:00;34,984;0,000;0,000;0,000;0,000;10,900;3,000;1,000;

21957;2018.03.03 20:00:00;36,558;0,000;0,000;0,000;0,000;10,900;3,000;1,000;

21958;2018.03.03 21:00:00;33,836;0,000;0,000;0,000;0,000;10,900;3,000;1,000;

21959;2018.03.03 22:00:00;32,503;0,000;0,000;0,000;0,000;10,900;3,000;1,000;

21960;2018.03.03 23:00:00;34,966;0,000;0,000;0,000;0,000;10,900;3,000;1,000;

21961;2018.03.04 00:00:00;34,669;0,000;0,000;0,000;0,000;10,983;4,000;1,000;

21962;2018.03.04 01:00:00;36,410;0,000;0,000;0,000;0,000;10,983;4,000;1,000;

21963;2018.03.04 02:00:00;34,595;0,000;0,000;0,000;0,000;10,983;4,000;1,000;

21964;2018.03.04 03:00:00;35,262;0,000;0,000;0,000;0,000;10,983;4,000;1,000;

21965;2018.03.04 04:00:00;36,744;0,000;0,000;0,000;0,000;10,983;4,000;1,000;

21966;2018.03.04 05:00:00;35,021;0,000;0,000;0,000;0,000;10,983;4,000;1,000;

21967;2018.03.04 06:00:00;39,188;0,000;0,000;0,000;0,000;10,983;4,000;1,000;

21968;2018.03.04 07:00:00;37,855;0,000;0,000;0,000;0,000;10,983;4,000;1,000;

21969;2018.03.04 08:00:00;35,299;0,000;0,000;0,000;0,000;10,983;4,000;1,000;

21970;2018.03.04 09:00:00;35,688;0,000;0,000;0,000;0,000;10,983;4,000;1,000;

21971;2018.03.04 10:00:00;34,262;0,000;0,000;0,000;0,000;10,983;4,000;1,000;

21972;2018.03.04 11:00:00;31,151;0,000;0,000;0,000;0,000;10,983;4,000;1,000;

21973;2018.03.04 12:00:00;29,299;0,000;0,000;0,000;0,000;10,983;4,000;1,000;

21974;2018.03.04 13:00:00;30,206;0,000;0,000;0,000;0,000;10,983;4,000;1,000;

21975;2018.03.04 14:00:00;29,373;0,000;0,000;0,000;0,000;10,983;4,000;1,000;

21976;2018.03.04 15:00:00;29,780;0,000;0,000;0,000;0,000;10,983;4,000;1,000;

21977;2018.03.04 16:00:00;30,706;0,000;0,000;0,000;0,000;10,983;4,000;1,000;

21978;2018.03.04 17:00:00;30,644;0,000;0,000;0,000;0,000;10,983;4,000;1,000;

21979;2018.03.04 18:00:00;31,935;0,000;0,000;0,000;0,000;10,983;4,000;1,000;

21980;2018.03.04 19:00:00;31,386;0,000;0,000;0,000;0,000;10,983;4,000;1,000;

21981;2018.03.04 20:00:00;30,971;0,000;0,000;0,000;0,000;10,983;4,000;1,000;

21982;2018.03.04 21:00:00;32,299;0,000;0,000;0,000;0,000;10,983;4,000;1,000;

21983;2018.03.04 22:00:00;35,169;0,000;0,000;0,000;0,000;10,983;4,000;1,000;

21984;2018.03.04 23:00:00;30,873;0,000;0,000;0,000;0,000;10,983;4,000;1,000;

21985;2018.03.05 00:00:00;34,688;0,000;0,000;0,000;0,000;11,050;1,000;1,000;

21986;2018.03.05 01:00:00;35,632;0,000;0,000;0,000;0,000;11,050;1,000;1,000;

21987;2018.03.05 02:00:00;34,718;0,000;0,000;0,000;0,000;11,050;1,000;1,000;

21988;2018.03.05 03:00:00;34,781;0,000;0,000;0,000;0,000;11,050;1,000;1,000;

21989;2018.03.05 04:00:00;34,781;0,000;0,000;0,000;0,000;11,050;1,000;1,000;

21990;2018.03.05 05:00:00;34,781;0,000;0,000;0,000;0,000;11,050;1,000;1,000;

21991;2018.03.05 06:00:00;34,781;0,000;0,000;0,000;0,000;11,050;1,000;1,000;

21992;2018.03.05 07:00:00;34,862;0,000;0,000;0,000;0,000;11,050;1,000;1,000;

21993;2018.03.05 08:00:00;34,892;0,000;0,000;0,000;0,000;11,050;1,000;1,000;

21994;2018.03.05 09:00:00;32,910;0,000;0,000;0,000;0,000;11,050;1,000;1,000;

21995;2018.03.05 10:00:00;32,391;0,000;0,000;0,000;0,000;11,050;1,000;1,000;

21996;2018.03.05 11:00:00;29,725;0,000;0,000;0,000;0,000;11,050;1,000;1,000;

21997;2018.03.05 12:00:00;29,169;0,000;0,000;0,000;0,000;11,050;1,000;1,000;

21998;2018.03.05 13:00:00;30,002;0,000;0,000;0,000;0,000;11,050;1,000;1,000;

21999;2018.03.05 14:00:00;31,706;0,000;0,000;0,000;0,000;11,050;1,000;1,000;

22000;2018.03.05 15:00:00;27,899;0,000;0,000;0,000;0,000;11,050;1,000;1,000;

22001;2018.03.05 16:00:00;28,883;0,000;0,000;0,000;0,000;11,050;1,000;1,000;

22002;2018.03.05 17:00:00;29,725;0,000;0,000;0,000;0,000;11,050;1,000;1,000;

22003;2018.03.05 18:00:00;33,021;0,000;0,000;0,000;0,000;11,050;1,000;1,000;

22004;2018.03.05 19:00:00;28,910;0,000;0,000;0,000;0,000;11,050;1,000;1,000;

22005;2018.03.05 20:00:00;27,502;0,000;0,000;0,000;0,000;11,050;1,000;1,000;

22006;2018.03.05 21:00:00;30,614;0,000;0,000;0,000;0,000;11,050;1,000;1,000;

22007;2018.03.05 22:00:00;29,188;0,000;0,000;0,000;0,000;11,050;1,000;1,000;

22008;2018.03.05 23:00:00;26,428;0,000;0,000;0,000;0,000;11,050;1,000;1,000;

22009;2018.03.06 00:00:00;32,114;0,000;0,000;0,000;0,000;11,133;1,000;1,000;

22010;2018.03.06 01:00:00;30,632;0,000;0,000;0,000;0,000;11,133;1,000;1,000;

22011;2018.03.06 02:00:00;30,614;0,000;0,000;0,000;0,000;11,133;1,000;1,000;

22012;2018.03.06 03:00:00;31,391;0,000;0,000;0,000;0,000;11,133;1,000;1,000;

22013;2018.03.06 04:00:00;31,799;0,000;0,000;0,000;0,000;11,133;1,000;1,000;

22014;2018.03.06 05:00:00;32,299;0,000;0,000;0,000;0,000;11,133;1,000;1,000;

22015;2018.03.06 06:00:00;33,262;0,000;0,000;0,000;0,000;11,133;1,000;1,000;

22016;2018.03.06 07:00:00;31,410;0,000;0,000;0,000;0,000;11,133;1,000;1,000;

22017;2018.03.06 08:00:00;29,024;0,000;0,000;0,000;0,000;11,133;1,000;1,000;

22018;2018.03.06 09:00:00;28,665;0,000;0,000;0,000;0,000;11,133;1,000;1,000;

22019;2018.03.06 10:00:00;27,899;0,000;0,000;0,000;0,000;11,133;1,000;1,000;

22020;2018.03.06 11:00:00;27,476;0,000;0,000;0,000;0,000;11,133;1,000;1,000;

22021;2018.03.06 12:00:00;24,909;0,000;0,000;0,000;0,000;11,133;1,000;1,000;

22022;2018.03.06 13:00:00;24,261;0,000;0,000;0,000;0,000;11,133;1,000;1,000;

22023;2018.03.06 14:00:00;22,687;0,000;0,000;0,000;0,000;11,133;1,000;1,000;

22024;2018.03.06 15:00:00;24,539;0,000;0,000;0,000;0,000;11,133;1,000;1,000;

22025;2018.03.06 16:00:00;23,520;0,000;0,000;0,000;0,000;11,133;1,000;1,000;

22026;2018.03.06 17:00:00;25,372;0,000;0,000;0,000;0,000;11,133;1,000;1,000;

22027;2018.03.06 18:00:00;26,206;0,000;0,000;0,000;0,000;11,133;1,000;1,000;

22028;2018.03.06 19:00:00;30,651;0,000;0,000;0,000;0,000;11,133;1,000;1,000;

22029;2018.03.06 20:00:00;28,521;0,000;0,000;0,000;0,000;11,133;1,000;1,000;

22030;2018.03.06 21:00:00;27,277;0,000;0,000;0,000;0,000;11,133;1,000;1,000;

22031;2018.03.06 22:00:00;26,153;0,000;0,000;0,000;0,000;11,133;1,000;1,000;

22032;2018.03.06 23:00:00;23,613;0,000;0,000;0,000;0,000;11,133;1,000;1,000;

22033;2018.03.07 00:00:00;27,965;0,000;0,000;0,000;0,000;11,200;1,000;1,000;

22034;2018.03.07 01:00:00;26,484;0,000;0,000;0,000;0,000;11,200;1,000;1,000;

22035;2018.03.07 02:00:00;27,317;0,000;0,000;0,000;0,000;11,200;1,000;1,000;

22036;2018.03.07 03:00:00;27,595;0,000;0,000;0,000;0,000;11,200;1,000;1,000;

22037;2018.03.07 04:00:00;28,058;0,000;0,000;0,000;0,000;11,200;1,000;1,000;

22038;2018.03.07 05:00:00;27,502;0,000;0,000;0,000;0,000;11,200;1,000;1,000;

22039;2018.03.07 06:00:00;28,706;0,000;0,000;0,000;0,000;11,200;1,000;1,000;

22040;2018.03.07 07:00:00;27,132;0,000;0,000;0,000;0,000;11,200;1,000;1,000;

22041;2018.03.07 08:00:00;28,799;0,000;0,000;0,000;0,000;11,200;1,000;1,000;

22042;2018.03.07 09:00:00;27,873;0,000;0,000;0,000;0,000;11,200;1,000;1,000;

22043;2018.03.07 10:00:00;26,484;0,000;0,000;0,000;0,000;11,200;1,000;1,000;

22044;2018.03.07 11:00:00;25,372;0,000;0,000;0,000;0,000;11,200;1,000;1,000;

22045;2018.03.07 12:00:00;25,002;0,000;0,000;0,000;0,000;11,200;1,000;1,000;

22046;2018.03.07 13:00:00;24,817;0,000;0,000;0,000;0,000;11,200;1,000;1,000;

22047;2018.03.07 14:00:00;26,854;0,000;0,000;0,000;0,000;11,200;1,000;1,000;

22048;2018.03.07 15:00:00;27,224;0,000;0,000;0,000;0,000;11,200;1,000;1,000;

22049;2018.03.07 16:00:00;30,836;0,000;0,000;0,000;0,000;11,200;1,000;1,000;

22050;2018.03.07 17:00:00;29,354;0,000;0,000;0,000;0,000;11,200;1,000;1,000;

22051;2018.03.07 18:00:00;26,761;0,000;0,000;0,000;0,000;11,200;1,000;1,000;

22052;2018.03.07 19:00:00;26,021;0,000;0,000;0,000;0,000;11,200;1,000;1,000;

22053;2018.03.07 20:00:00;24,909;0,000;0,000;0,000;0,000;11,200;1,000;1,000;

22054;2018.03.07 21:00:00;24,632;0,000;0,000;0,000;0,000;11,200;1,000;1,000;

22055;2018.03.07 22:00:00;24,724;0,000;0,000;0,000;0,000;11,200;1,000;1,000;

22056;2018.03.07 23:00:00;22,872;0,000;0,000;0,000;0,000;11,200;1,000;1,000;

22057;2018.03.08 00:00:00;25,002;0,000;0,000;0,000;0,000;11,267;1,000;1,000;

22058;2018.03.08 01:00:00;24,539;0,000;0,000;0,000;0,000;11,267;1,000;1,000;

22059;2018.03.08 02:00:00;25,002;0,000;0,000;0,000;0,000;11,267;1,000;1,000;

22060;2018.03.08 03:00:00;24,632;0,000;0,000;0,000;0,000;11,267;1,000;1,000;

22061;2018.03.08 04:00:00;24,632;0,000;0,000;0,000;0,000;11,267;1,000;1,000;

22062;2018.03.08 05:00:00;26,391;0,000;0,000;0,000;0,000;11,267;1,000;1,000;

22063;2018.03.08 06:00:00;25,465;0,000;0,000;0,000;0,000;11,267;1,000;1,000;

22064;2018.03.08 07:00:00;25,187;0,000;0,000;0,000;0,000;11,267;1,000;1,000;

22065;2018.03.08 08:00:00;25,928;0,000;0,000;0,000;0,000;11,267;1,000;1,000;

22066;2018.03.08 09:00:00;25,743;0,000;0,000;0,000;0,000;11,267;1,000;1,000;

22067;2018.03.08 10:00:00;25,280;0,000;0,000;0,000;0,000;11,267;1,000;1,000;

22068;2018.03.08 11:00:00;23,891;0,000;0,000;0,000;0,000;11,267;1,000;1,000;

22069;2018.03.08 12:00:00;24,909;0,000;0,000;0,000;0,000;11,267;1,000;1,000;

22070;2018.03.08 13:00:00;24,354;0,000;0,000;0,000;0,000;11,267;1,000;1,000;

22071;2018.03.08 14:00:00;26,761;0,000;0,000;0,000;0,000;11,267;1,000;1,000;

22072;2018.03.08 15:00:00;26,576;0,000;0,000;0,000;0,000;11,267;1,000;1,000;

22073;2018.03.08 16:00:00;23,243;0,000;0,000;0,000;0,000;11,267;1,000;1,000;

22074;2018.03.08 17:00:00;24,169;0,000;0,000;0,000;0,000;11,267;1,000;1,000;

22075;2018.03.08 18:00:00;25,159;0,000;0,000;0,000;0,000;11,267;1,000;1,000;

22076;2018.03.08 19:00:00;25,810;0,000;0,000;0,000;0,000;11,267;1,000;1,000;

22077;2018.03.08 20:00:00;25,241;0,000;0,000;0,000;0,000;11,267;1,000;1,000;

22078;2018.03.08 21:00:00;24,169;0,000;0,000;0,000;0,000;11,267;1,000;1,000;

22079;2018.03.08 22:00:00;26,021;0,000;0,000;0,000;0,000;11,267;1,000;1,000;

22080;2018.03.08 23:00:00;15,835;0,000;0,000;0,000;0,000;11,267;1,000;1,000;

22081;2018.03.09 00:00:00;4,074;0,000;0,000;0,000;0,000;11,350;2,000;1,000;

22082;2018.03.09 01:00:00;1,945;0,000;0,000;0,000;0,000;11,350;2,000;1,000;

22083;2018.03.09 02:00:00;10,649;0,000;0,000;0,000;0,000;11,350;2,000;1,000;

22084;2018.03.09 03:00:00;40,096;0,000;0,000;0,000;0,000;11,350;2,000;1,000;

22085;2018.03.09 04:00:00;25,280;0,000;0,000;0,000;0,000;11,350;2,000;1,000;

22086;2018.03.09 05:00:00;27,780;0,000;0,000;0,000;0,000;11,350;2,000;1,000;

22087;2018.03.09 06:00:00;26,669;0,000;0,000;0,000;0,000;11,350;2,000;1,000;

22088;2018.03.09 07:00:00;26,021;0,000;0,000;0,000;0,000;11,350;2,000;1,000;

22089;2018.03.09 08:00:00;25,002;0,000;0,000;0,000;0,000;11,350;2,000;1,000;

22090;2018.03.09 09:00:00;25,650;0,000;0,000;0,000;0,000;11,350;2,000;1,000;

22091;2018.03.09 10:00:00;24,653;0,000;0,000;0,000;0,000;11,350;2,000;1,000;

22092;2018.03.09 11:00:00;24,260;0,000;0,000;0,000;0,000;11,350;2,000;1,000;

22093;2018.03.09 12:00:00;23,262;0,000;0,000;0,000;0,000;11,350;2,000;1,000;

22094;2018.03.09 13:00:00;24,685;0,000;0,000;0,000;0,000;11,350;2,000;1,000;

22095;2018.03.09 14:00:00;26,735;0,000;0,000;0,000;0,000;11,350;2,000;1,000;

22096;2018.03.09 15:00:00;25,792;0,000;0,000;0,000;0,000;11,350;2,000;1,000;

22097;2018.03.09 16:00:00;24,239;0,000;0,000;0,000;0,000;11,350;2,000;1,000;

22098;2018.03.09 17:00:00;24,354;0,000;0,000;0,000;0,000;11,350;2,000;1,000;

22099;2018.03.09 18:00:00;24,745;0,000;0,000;0,000;0,000;11,350;2,000;1,000;

22100;2018.03.09 19:00:00;24,940;0,000;0,000;0,000;0,000;11,350;2,000;1,000;

22101;2018.03.09 20:00:00;25,507;0,000;0,000;0,000;0,000;11,350;2,000;1,000;

22102;2018.03.09 21:00:00;4,352;0,000;0,000;0,000;0,000;11,350;2,000;1,000;

22103;2018.03.09 22:00:00;0,000;0,000;0,000;0,000;0,000;11,350;2,000;1,000;

22104;2018.03.09 23:00:00;0,000;0,000;0,000;0,000;0,000;11,350;2,000;1,000;

22105;2018.03.10 00:00:00;0,000;0,000;0,000;0,000;0,000;11,417;3,000;1,000;

22106;2018.03.10 01:00:00;0,000;0,000;0,000;0,000;0,000;11,417;3,000;1,000;

22107;2018.03.10 02:00:00;0,000;0,000;0,000;0,000;0,000;11,417;3,000;1,000;

22108;2018.03.10 03:00:00;0,000;0,000;0,000;0,000;0,000;11,417;3,000;1,000;

22109;2018.03.10 04:00:00;0,000;0,000;0,000;0,000;0,000;11,417;3,000;1,000;

22110;2018.03.10 05:00:00;0,000;0,000;0,000;0,000;0,000;11,417;3,000;1,000;

22111;2018.03.10 06:00:00;0,000;0,000;0,000;0,000;0,000;11,417;3,000;1,000;

22112;2018.03.10 07:00:00;0,000;0,000;0,000;0,000;0,000;11,417;3,000;1,000;

22113;2018.03.10 08:00:00;0,000;0,000;0,000;0,000;0,000;11,417;3,000;1,000;

22114;2018.03.10 09:00:00;0,000;0,000;0,000;0,000;0,000;11,417;3,000;1,000;

22115;2018.03.10 10:00:00;0,000;0,000;0,000;0,000;0,000;11,417;3,000;1,000;

22116;2018.03.10 11:00:00;0,000;0,000;0,000;0,000;0,000;11,417;3,000;1,000;

22117;2018.03.10 12:00:00;0,000;0,000;0,000;0,000;0,000;11,417;3,000;1,000;

22118;2018.03.10 13:00:00;0,000;0,000;0,000;0,000;0,000;11,417;3,000;1,000;

22119;2018.03.10 14:00:00;0,000;0,000;0,000;0,000;0,000;11,417;3,000;1,000;

22120;2018.03.10 15:00:00;0,000;0,000;0,000;0,000;0,000;11,417;3,000;1,000;

22121;2018.03.10 16:00:00;0,000;0,000;0,000;0,000;0,000;11,417;3,000;1,000;

22122;2018.03.10 17:00:00;0,000;0,000;0,000;0,000;0,000;11,417;3,000;1,000;

22123;2018.03.10 18:00:00;0,000;0,000;0,000;0,000;0,000;11,417;3,000;1,000;

22124;2018.03.10 19:00:00;0,000;0,000;0,000;0,000;0,000;11,417;3,000;1,000;

22125;2018.03.10 20:00:00;0,000;0,000;0,000;0,000;0,000;11,417;3,000;1,000;

22126;2018.03.10 21:00:00;0,000;0,000;0,000;0,000;0,000;11,417;3,000;1,000;

22127;2018.03.10 22:00:00;0,000;0,000;0,000;0,000;0,000;11,417;3,000;1,000;

22128;2018.03.10 23:00:00;0,000;0,000;0,000;0,000;0,000;11,417;3,000;1,000;

22129;2018.03.11 00:00:00;0,000;0,000;0,000;0,000;0,000;11,500;4,000;1,000;

22130;2018.03.11 01:00:00;0,000;0,000;0,000;0,000;0,000;11,500;4,000;1,000;

22131;2018.03.11 02:00:00;0,000;0,000;0,000;0,000;0,000;11,500;4,000;1,000;

22132;2018.03.11 03:00:00;0,000;0,000;0,000;0,000;0,000;11,500;4,000;1,000;

22133;2018.03.11 04:00:00;0,000;0,000;0,000;0,000;0,000;11,500;4,000;1,000;

22134;2018.03.11 05:00:00;0,000;0,000;0,000;0,000;0,000;11,500;4,000;1,000;

22135;2018.03.11 06:00:00;0,000;0,000;0,000;0,000;0,000;11,500;4,000;1,000;

22136;2018.03.11 07:00:00;0,000;0,000;0,000;0,000;0,000;11,500;4,000;1,000;

22137;2018.03.11 08:00:00;0,000;0,000;0,000;0,000;0,000;11,500;4,000;1,000;

22138;2018.03.11 09:00:00;0,000;0,000;0,000;0,000;0,000;11,500;4,000;1,000;

22139;2018.03.11 10:00:00;0,000;0,000;0,000;0,000;0,000;11,500;4,000;1,000;

22140;2018.03.11 11:00:00;0,000;0,000;0,000;0,000;0,000;11,500;4,000;1,000;

22141;2018.03.11 12:00:00;0,000;0,000;0,000;0,000;0,000;11,500;4,000;1,000;

22142;2018.03.11 13:00:00;0,000;0,000;0,000;0,000;0,000;11,500;4,000;1,000;

22143;2018.03.11 14:00:00;0,000;0,000;0,000;0,000;0,000;11,500;4,000;1,000;

22144;2018.03.11 15:00:00;0,000;0,000;0,000;0,000;0,000;11,500;4,000;1,000;

22145;2018.03.11 16:00:00;0,000;0,000;0,000;0,000;0,000;11,500;4,000;1,000;

22146;2018.03.11 17:00:00;0,000;0,000;0,000;0,000;0,000;11,500;4,000;1,000;

22147;2018.03.11 18:00:00;0,000;0,000;0,000;0,000;0,000;11,500;4,000;1,000;

22148;2018.03.11 19:00:00;0,000;0,000;0,000;0,000;0,000;11,500;4,000;1,000;

22149;2018.03.11 20:00:00;0,000;0,000;0,000;0,000;0,000;11,500;4,000;1,000;

22150;2018.03.11 21:00:00;0,000;0,000;0,000;0,000;0,000;11,500;4,000;1,000;

22151;2018.03.11 22:00:00;0,000;0,000;0,000;0,000;0,000;11,500;4,000;1,000;

22152;2018.03.11 23:00:00;0,000;0,000;0,000;0,000;0,000;11,500;4,000;1,000;

22153;2018.03.12 00:00:00;0,000;0,000;0,000;0,000;0,000;11,567;1,000;1,000;

22154;2018.03.12 01:00:00;0,000;0,000;0,000;0,000;0,000;11,567;1,000;1,000;

22155;2018.03.12 02:00:00;0,000;0,000;0,000;0,000;0,000;11,567;1,000;1,000;

22156;2018.03.12 03:00:00;0,000;0,000;0,000;0,000;0,000;11,567;1,000;1,000;

22157;2018.03.12 04:00:00;0,000;0,000;0,000;0,000;0,000;11,567;1,000;1,000;

22158;2018.03.12 05:00:00;0,000;0,000;0,000;0,000;0,000;11,567;1,000;1,000;

22159;2018.03.12 06:00:00;0,000;0,000;0,000;0,000;0,000;11,567;1,000;1,000;

22160;2018.03.12 07:00:00;24,539;0,000;0,000;0,000;0,000;11,567;1,000;1,000;

22161;2018.03.12 08:00:00;29,169;0,000;0,000;0,000;0,000;11,567;1,000;1,000;

22162;2018.03.12 09:00:00;14,723;0,000;0,000;0,000;0,000;11,567;1,000;1,000;

22163;2018.03.12 10:00:00;14,075;0,000;0,000;0,000;0,000;11,567;1,000;1,000;

22164;2018.03.12 11:00:00;22,368;0,000;0,000;0,000;0,000;11,567;1,000;1,000;

22165;2018.03.12 12:00:00;24,210;0,000;0,000;0,000;0,000;11,567;1,000;1,000;

22166;2018.03.12 13:00:00;26,113;0,000;0,000;0,000;0,000;11,567;1,000;1,000;

22167;2018.03.12 14:00:00;26,399;0,000;0,000;0,000;0,000;11,567;1,000;1,000;

22168;2018.03.12 15:00:00;29,531;0,000;0,000;0,000;0,000;11,567;1,000;1,000;

22169;2018.03.12 16:00:00;27,780;0,000;0,000;0,000;0,000;11,567;1,000;1,000;

22170;2018.03.12 17:00:00;28,706;0,000;0,000;0,000;0,000;11,567;1,000;1,000;

22171;2018.03.12 18:00:00;28,428;0,000;0,000;0,000;0,000;11,567;1,000;1,000;

22172;2018.03.12 19:00:00;28,243;0,000;0,000;0,000;0,000;11,567;1,000;1,000;

22173;2018.03.12 20:00:00;27,873;0,000;0,000;0,000;0,000;11,567;1,000;1,000;

22174;2018.03.12 21:00:00;26,947;0,000;0,000;0,000;0,000;11,567;1,000;1,000;

22175;2018.03.12 22:00:00;27,132;0,000;0,000;0,000;0,000;11,567;1,000;1,000;

22176;2018.03.12 23:00:00;26,113;0,000;0,000;0,000;0,000;11,567;1,000;1,000;

22177;2018.03.13 00:00:00;27,780;0,000;0,000;0,000;0,000;11,650;1,000;1,000;

22178;2018.03.13 01:00:00;28,336;0,000;0,000;0,000;0,000;11,650;1,000;1,000;

22179;2018.03.13 02:00:00;27,410;0,000;0,000;0,000;0,000;11,650;1,000;1,000;

22180;2018.03.13 03:00:00;26,761;0,000;0,000;0,000;0,000;11,650;1,000;1,000;

22181;2018.03.13 04:00:00;27,317;0,000;0,000;0,000;0,000;11,650;1,000;1,000;

22182;2018.03.13 05:00:00;26,947;0,000;0,000;0,000;0,000;11,650;1,000;1,000;

22183;2018.03.13 06:00:00;27,502;0,000;0,000;0,000;0,000;11,650;1,000;1,000;

22184;2018.03.13 07:00:00;28,058;0,000;0,000;0,000;0,000;11,650;1,000;1,000;

22185;2018.03.13 08:00:00;25,743;0,000;0,000;0,000;0,000;11,650;1,000;1,000;

22186;2018.03.13 09:00:00;15,742;0,000;0,000;0,000;0,000;11,650;1,000;1,000;

22187;2018.03.13 10:00:00;26,484;0,000;0,000;0,000;0,000;11,650;1,000;1,000;

22188;2018.03.13 11:00:00;25,095;0,000;0,000;0,000;0,000;11,650;1,000;1,000;

22189;2018.03.13 12:00:00;27,780;0,000;0,000;0,000;0,000;11,650;1,000;1,000;

22190;2018.03.13 13:00:00;23,613;0,000;0,000;0,000;0,000;11,650;1,000;1,000;

22191;2018.03.13 14:00:00;8,762;0,000;0,000;0,000;0,000;11,650;1,000;1,000;

22192;2018.03.13 15:00:00;11,174;0,000;0,000;0,000;0,000;11,650;1,000;1,000;

22193;2018.03.13 16:00:00;12,660;0,000;0,000;0,000;0,000;11,650;1,000;1,000;

22194;2018.03.13 17:00:00;13,532;0,000;0,000;0,000;0,000;11,650;1,000;1,000;

22195;2018.03.13 18:00:00;14,434;0,000;0,000;0,000;0,000;11,650;1,000;1,000;

22196;2018.03.13 19:00:00;17,038;0,000;0,000;0,000;0,000;11,650;1,000;1,000;

22197;2018.03.13 20:00:00;16,483;0,000;0,000;0,000;0,000;11,650;1,000;1,000;

22198;2018.03.13 21:00:00;16,946;0,000;0,000;0,000;0,000;11,650;1,000;1,000;

22199;2018.03.13 22:00:00;15,649;0,000;0,000;0,000;0,000;11,650;1,000;1,000;

22200;2018.03.13 23:00:00;16,483;0,000;0,000;0,000;0,000;11,650;1,000;1,000;

22201;2018.03.14 00:00:00;17,594;0,000;0,000;0,000;0,000;11,717;1,000;1,000;

22202;2018.03.14 01:00:00;18,150;0,000;0,000;0,000;0,000;11,717;1,000;1,000;

22203;2018.03.14 02:00:00;18,057;0,000;0,000;0,000;0,000;11,717;1,000;1,000;

22204;2018.03.14 03:00:00;18,335;0,000;0,000;0,000;0,000;11,717;1,000;1,000;

22205;2018.03.14 04:00:00;18,335;0,000;0,000;0,000;0,000;11,717;1,000;1,000;

22206;2018.03.14 05:00:00;18,705;0,000;0,000;0,000;0,000;11,717;1,000;1,000;

22207;2018.03.14 06:00:00;18,983;0,000;0,000;0,000;0,000;11,717;1,000;1,000;

22208;2018.03.14 07:00:00;18,983;0,000;0,000;0,000;0,000;11,717;1,000;1,000;

22209;2018.03.14 08:00:00;20,187;0,000;0,000;0,000;0,000;11,717;1,000;1,000;

22210;2018.03.14 09:00:00;19,816;0,000;0,000;0,000;0,000;11,717;1,000;1,000;

22211;2018.03.14 10:00:00;19,909;0,000;0,000;0,000;0,000;11,717;1,000;1,000;

22212;2018.03.14 11:00:00;19,353;0,000;0,000;0,000;0,000;11,717;1,000;1,000;

22213;2018.03.14 12:00:00;18,705;0,000;0,000;0,000;0,000;11,717;1,000;1,000;

22214;2018.03.14 13:00:00;18,242;0,000;0,000;0,000;0,000;11,717;1,000;1,000;

22215;2018.03.14 14:00:00;18,705;0,000;0,000;0,000;0,000;11,717;1,000;1,000;

22216;2018.03.14 15:00:00;18,589;0,000;0,000;0,000;0,000;11,717;1,000;1,000;

22217;2018.03.14 16:00:00;21,996;0,000;0,000;0,000;0,000;11,717;1,000;1,000;

22218;2018.03.14 17:00:00;20,646;0,000;0,000;0,000;0,000;11,717;1,000;1,000;

22219;2018.03.14 18:00:00;20,441;0,000;0,000;0,000;0,000;11,717;1,000;1,000;

22220;2018.03.14 19:00:00;22,409;0,000;0,000;0,000;0,000;11,717;1,000;1,000;

22221;2018.03.14 20:00:00;22,039;0,000;0,000;0,000;0,000;11,717;1,000;1,000;

22222;2018.03.14 21:00:00;21,437;0,000;0,000;0,000;0,000;11,717;1,000;1,000;

22223;2018.03.14 22:00:00;20,716;0,000;0,000;0,000;0,000;11,717;1,000;1,000;

22224;2018.03.14 23:00:00;17,070;0,000;0,000;0,000;0,000;11,717;1,000;1,000;

22225;2018.03.15 00:00:00;22,044;0,000;0,000;0,000;0,000;11,800;1,000;1,000;

22226;2018.03.15 01:00:00;21,109;0,000;0,000;0,000;0,000;11,800;1,000;1,000;

22227;2018.03.15 02:00:00;22,125;0,000;0,000;0,000;0,000;11,800;1,000;1,000;

22228;2018.03.15 03:00:00;21,692;0,000;0,000;0,000;0,000;11,800;1,000;1,000;

22229;2018.03.15 04:00:00;22,617;0,000;0,000;0,000;0,000;11,800;1,000;1,000;

22230;2018.03.15 05:00:00;21,966;0,000;0,000;0,000;0,000;11,800;1,000;1,000;

22231;2018.03.15 06:00:00;22,912;0,000;0,000;0,000;0,000;11,800;1,000;1,000;

22232;2018.03.15 07:00:00;21,813;0,000;0,000;0,000;0,000;11,800;1,000;1,000;

22233;2018.03.15 08:00:00;21,557;0,000;0,000;0,000;0,000;11,800;1,000;1,000;

22234;2018.03.15 09:00:00;25,976;0,000;0,000;0,000;0,000;11,800;1,000;1,000;

22235;2018.03.15 10:00:00;23,511;0,000;0,000;0,000;0,000;11,800;1,000;1,000;

22236;2018.03.15 11:00:00;21,074;0,000;0,000;0,000;0,000;11,800;1,000;1,000;

22237;2018.03.15 12:00:00;21,761;0,000;0,000;0,000;0,000;11,800;1,000;1,000;

22238;2018.03.15 13:00:00;21,020;0,000;0,000;0,000;0,000;11,800;1,000;1,000;

22239;2018.03.15 14:00:00;20,465;0,000;0,000;0,000;0,000;11,800;1,000;1,000;

22240;2018.03.15 15:00:00;20,835;0,000;0,000;0,000;0,000;11,800;1,000;1,000;

22241;2018.03.15 16:00:00;19,261;0,000;0,000;0,000;0,000;11,800;1,000;1,000;

22242;2018.03.15 17:00:00;19,076;0,000;0,000;0,000;0,000;11,800;1,000;1,000;

22243;2018.03.15 18:00:00;20,372;0,000;0,000;0,000;0,000;11,800;1,000;1,000;

22244;2018.03.15 19:00:00;21,483;0,000;0,000;0,000;0,000;11,800;1,000;1,000;

22245;2018.03.15 20:00:00;21,298;0,000;0,000;0,000;0,000;11,800;1,000;1,000;

22246;2018.03.15 21:00:00;21,205;0,000;0,000;0,000;0,000;11,800;1,000;1,000;

22247;2018.03.15 22:00:00;21,391;0,000;0,000;0,000;0,000;11,800;1,000;1,000;

22248;2018.03.15 23:00:00;11,112;0,000;0,000;0,000;0,000;11,800;1,000;1,000;

22249;2018.03.16 00:00:00;3,445;0,000;0,000;0,000;0,000;11,850;2,000;1,000;

22250;2018.03.16 01:00:00;1,575;0,000;0,000;0,000;0,000;11,850;2,000;1,000;

22251;2018.03.16 02:00:00;0,985;0,000;0,000;0,000;0,000;11,850;2,000;1,000;

22252;2018.03.16 03:00:00;20,410;0,000;0,000;0,000;0,000;11,850;2,000;1,000;

22253;2018.03.16 04:00:00;30,734;0,000;0,000;0,000;0,000;11,850;2,000;1,000;

22254;2018.03.16 05:00:00;26,422;0,000;0,000;0,000;0,000;11,850;2,000;1,000;

22255;2018.03.16 06:00:00;23,661;0,000;0,000;0,000;0,000;11,850;2,000;1,000;

22256;2018.03.16 07:00:00;25,766;0,000;0,000;0,000;0,000;11,850;2,000;1,000;

22257;2018.03.16 08:00:00;23,544;0,000;0,000;0,000;0,000;11,850;2,000;1,000;

22258;2018.03.16 09:00:00;23,306;0,000;0,000;0,000;0,000;11,850;2,000;1,000;

22259;2018.03.16 10:00:00;24,908;0,000;0,000;0,000;0,000;11,850;2,000;1,000;

22260;2018.03.16 11:00:00;25,140;0,000;0,000;0,000;0,000;11,850;2,000;1,000;

22261;2018.03.16 12:00:00;22,850;0,000;0,000;0,000;0,000;11,850;2,000;1,000;

22262;2018.03.16 13:00:00;24,871;0,000;0,000;0,000;0,000;11,850;2,000;1,000;

22263;2018.03.16 14:00:00;26,576;0,000;0,000;0,000;0,000;11,850;2,000;1,000;

22264;2018.03.16 15:00:00;23,057;0,000;0,000;0,000;0,000;11,850;2,000;1,000;

22265;2018.03.16 16:00:00;23,335;0,000;0,000;0,000;0,000;11,850;2,000;1,000;

22266;2018.03.16 17:00:00;25,187;0,000;0,000;0,000;0,000;11,850;2,000;1,000;

22267;2018.03.16 18:00:00;27,132;0,000;0,000;0,000;0,000;11,850;2,000;1,000;

22268;2018.03.16 19:00:00;28,660;0,000;0,000;0,000;0,000;11,850;2,000;1,000;

22269;2018.03.16 20:00:00;27,403;0,000;0,000;0,000;0,000;11,850;2,000;1,000;

22270;2018.03.16 21:00:00;28,296;0,000;0,000;0,000;0,000;11,850;2,000;1,000;

22271;2018.03.16 22:00:00;26,947;0,000;0,000;0,000;0,000;11,850;2,000;1,000;

22272;2018.03.16 23:00:00;25,187;0,000;0,000;0,000;0,000;11,850;2,000;1,000;

22273;2018.03.17 00:00:00;27,502;0,000;0,000;0,000;0,000;11,933;3,000;1,000;

22274;2018.03.17 01:00:00;27,039;0,000;0,000;0,000;0,000;11,933;3,000;1,000;

22275;2018.03.17 02:00:00;27,582;0,000;0,000;0,000;0,000;11,933;3,000;1,000;

22276;2018.03.17 03:00:00;27,562;0,000;0,000;0,000;0,000;11,933;3,000;1,000;

22277;2018.03.17 04:00:00;26,645;0,000;0,000;0,000;0,000;11,933;3,000;1,000;

22278;2018.03.17 05:00:00;27,572;0,000;0,000;0,000;0,000;11,933;3,000;1,000;

22279;2018.03.17 06:00:00;19,261;0,000;0,000;0,000;0,000;11,933;3,000;1,000;

22280;2018.03.17 07:00:00;0,000;0,000;0,000;0,000;0,000;11,933;3,000;1,000;

22281;2018.03.17 08:00:00;0,000;0,000;0,000;0,000;0,000;11,933;3,000;1,000;

22282;2018.03.17 09:00:00;0,000;0,000;0,000;0,000;0,000;11,933;3,000;1,000;

22283;2018.03.17 10:00:00;0,000;0,000;0,000;0,000;0,000;11,933;3,000;1,000;

22284;2018.03.17 11:00:00;0,000;0,000;0,000;0,000;0,000;11,933;3,000;1,000;

22285;2018.03.17 12:00:00;0,000;0,000;0,000;0,000;0,000;11,933;3,000;1,000;

22286;2018.03.17 13:00:00;0,000;0,000;0,000;0,000;0,000;11,933;3,000;1,000;

22287;2018.03.17 14:00:00;0,000;0,000;0,000;0,000;0,000;11,933;3,000;1,000;

22288;2018.03.17 15:00:00;0,000;0,000;0,000;0,000;0,000;11,933;3,000;1,000;

22289;2018.03.17 16:00:00;0,000;0,000;0,000;0,000;0,000;11,933;3,000;1,000;

22290;2018.03.17 17:00:00;0,000;0,000;0,000;0,000;0,000;11,933;3,000;1,000;

22291;2018.03.17 18:00:00;0,000;0,000;0,000;0,000;0,000;11,933;3,000;1,000;

22292;2018.03.17 19:00:00;0,000;0,000;0,000;0,000;0,000;11,933;3,000;1,000;

22293;2018.03.17 20:00:00;0,000;0,000;0,000;0,000;0,000;11,933;3,000;1,000;

22294;2018.03.17 21:00:00;0,000;0,000;0,000;0,000;0,000;11,933;3,000;1,000;

22295;2018.03.17 22:00:00;0,000;0,000;0,000;0,000;0,000;11,933;3,000;1,000;

22296;2018.03.17 23:00:00;0,000;0,000;0,000;0,000;0,000;11,933;3,000;1,000;

22297;2018.03.18 00:00:00;0,000;0,000;0,000;0,000;0,000;12,000;4,000;1,000;

22298;2018.03.18 01:00:00;0,000;0,000;0,000;0,000;0,000;12,000;4,000;1,000;

22299;2018.03.18 02:00:00;0,000;0,000;0,000;0,000;0,000;12,000;4,000;1,000;

22300;2018.03.18 03:00:00;0,000;0,000;0,000;0,000;0,000;12,000;4,000;1,000;

22301;2018.03.18 04:00:00;0,000;0,000;0,000;0,000;0,000;12,000;4,000;1,000;

22302;2018.03.18 05:00:00;0,000;0,000;0,000;0,000;0,000;12,000;4,000;1,000;

22303;2018.03.18 06:00:00;0,000;0,000;0,000;0,000;0,000;12,000;4,000;1,000;

22304;2018.03.18 07:00:00;0,000;0,000;0,000;0,000;0,000;12,000;4,000;1,000;

22305;2018.03.18 08:00:00;0,000;0,000;0,000;0,000;0,000;12,000;4,000;1,000;

22306;2018.03.18 09:00:00;0,000;0,000;0,000;0,000;0,000;12,000;4,000;1,000;

22307;2018.03.18 10:00:00;0,000;0,000;0,000;0,000;0,000;12,000;4,000;1,000;

22308;2018.03.18 11:00:00;0,000;0,000;0,000;0,000;0,000;12,000;4,000;1,000;

22309;2018.03.18 12:00:00;0,000;0,000;0,000;0,000;0,000;12,000;4,000;1,000;

22310;2018.03.18 13:00:00;0,000;0,000;0,000;0,000;0,000;12,000;4,000;1,000;

22311;2018.03.18 14:00:00;0,000;0,000;0,000;0,000;0,000;12,000;4,000;1,000;

22312;2018.03.18 15:00:00;0,000;0,000;0,000;0,000;0,000;12,000;4,000;1,000;

22313;2018.03.18 16:00:00;0,000;0,000;0,000;0,000;0,000;12,000;4,000;1,000;

22314;2018.03.18 17:00:00;0,000;0,000;0,000;0,000;0,000;12,000;4,000;1,000;

22315;2018.03.18 18:00:00;0,000;0,000;0,000;0,000;0,000;12,000;4,000;1,000;

22316;2018.03.18 19:00:00;0,000;0,000;0,000;0,000;0,000;12,000;4,000;1,000;

22317;2018.03.18 20:00:00;0,000;0,000;0,000;0,000;0,000;12,000;4,000;1,000;

22318;2018.03.18 21:00:00;0,000;0,000;0,000;0,000;0,000;12,000;4,000;1,000;

22319;2018.03.18 22:00:00;0,000;0,000;0,000;0,000;0,000;12,000;4,000;1,000;

22320;2018.03.18 23:00:00;0,000;0,000;0,000;0,000;0,000;12,000;4,000;1,000;

22321;2018.03.19 00:00:00;0,000;0,000;0,000;0,000;0,000;12,083;1,000;1,000;

22322;2018.03.19 01:00:00;0,000;0,000;0,000;0,000;0,000;12,083;1,000;1,000;

22323;2018.03.19 02:00:00;0,000;0,000;0,000;0,000;0,000;12,083;1,000;1,000;

22324;2018.03.19 03:00:00;0,000;0,000;0,000;0,000;0,000;12,083;1,000;1,000;

22325;2018.03.19 04:00:00;0,000;0,000;0,000;0,000;0,000;12,083;1,000;1,000;

22326;2018.03.19 05:00:00;0,000;0,000;0,000;0,000;0,000;12,083;1,000;1,000;

22327;2018.03.19 06:00:00;0,000;0,000;0,000;0,000;0,000;12,083;1,000;1,000;

22328;2018.03.19 07:00:00;24,169;0,000;0,000;0,000;0,000;12,083;1,000;1,000;

22329;2018.03.19 08:00:00;28,336;0,000;0,000;0,000;0,000;12,083;1,000;1,000;

22330;2018.03.19 09:00:00;28,521;0,000;0,000;0,000;0,000;12,083;1,000;1,000;

22331;2018.03.19 10:00:00;25,743;0,000;0,000;0,000;0,000;12,083;1,000;1,000;

22332;2018.03.19 11:00:00;26,206;0,000;0,000;0,000;0,000;12,083;1,000;1,000;

22333;2018.03.19 12:00:00;24,724;0,000;0,000;0,000;0,000;12,083;1,000;1,000;

22334;2018.03.19 13:00:00;24,817;0,000;0,000;0,000;0,000;12,083;1,000;1,000;

22335;2018.03.19 14:00:00;24,909;0,000;0,000;0,000;0,000;12,083;1,000;1,000;

22336;2018.03.19 15:00:00;25,280;0,000;0,000;0,000;0,000;12,083;1,000;1,000;

22337;2018.03.19 16:00:00;23,243;0,000;0,000;0,000;0,000;12,083;1,000;1,000;

22338;2018.03.19 17:00:00;26,669;0,000;0,000;0,000;0,000;12,083;1,000;1,000;

22339;2018.03.19 18:00:00;27,873;0,000;0,000;0,000;0,000;12,083;1,000;1,000;

22340;2018.03.19 19:00:00;27,780;0,000;0,000;0,000;0,000;12,083;1,000;1,000;

22341;2018.03.19 20:00:00;26,503;0,000;0,000;0,000;0,000;12,083;1,000;1,000;

22342;2018.03.19 21:00:00;26,834;0,000;0,000;0,000;0,000;12,083;1,000;1,000;

22343;2018.03.19 22:00:00;26,113;0,000;0,000;0,000;0,000;12,083;1,000;1,000;

22344;2018.03.19 23:00:00;24,169;0,000;0,000;0,000;0,000;12,083;1,000;1,000;

22345;2018.03.20 00:00:00;28,243;0,000;0,000;0,000;0,000;12,150;1,000;1,000;

22346;2018.03.20 01:00:00;26,854;0,000;0,000;0,000;0,000;12,150;1,000;1,000;

22347;2018.03.20 02:00:00;27,317;0,000;0,000;0,000;0,000;12,150;1,000;1,000;

22348;2018.03.20 03:00:00;27,317;0,000;0,000;0,000;0,000;12,150;1,000;1,000;

22349;2018.03.20 04:00:00;28,243;0,000;0,000;0,000;0,000;12,150;1,000;1,000;

22350;2018.03.20 05:00:00;29,076;0,000;0,000;0,000;0,000;12,150;1,000;1,000;

22351;2018.03.20 06:00:00;29,447;0,000;0,000;0,000;0,000;12,150;1,000;1,000;

22352;2018.03.20 07:00:00;29,539;0,000;0,000;0,000;0,000;12,150;1,000;1,000;

22353;2018.03.20 08:00:00;26,761;0,000;0,000;0,000;0,000;12,150;1,000;1,000;

22354;2018.03.20 09:00:00;25,465;0,000;0,000;0,000;0,000;12,150;1,000;1,000;

22355;2018.03.20 10:00:00;26,761;0,000;0,000;0,000;0,000;12,150;1,000;1,000;

22356;2018.03.20 11:00:00;25,650;0,000;0,000;0,000;0,000;12,150;1,000;1,000;

22357;2018.03.20 12:00:00;27,433;0,000;0,000;0,000;0,000;12,150;1,000;1,000;

22358;2018.03.20 13:00:00;24,828;0,000;0,000;0,000;0,000;12,150;1,000;1,000;

22359;2018.03.20 14:00:00;23,801;0,000;0,000;0,000;0,000;12,150;1,000;1,000;

22360;2018.03.20 15:00:00;28,337;0,000;0,000;0,000;0,000;12,150;1,000;1,000;

22361;2018.03.20 16:00:00;26,714;0,000;0,000;0,000;0,000;12,150;1,000;1,000;

22362;2018.03.20 17:00:00;25,900;0,000;0,000;0,000;0,000;12,150;1,000;1,000;

22363;2018.03.20 18:00:00;26,880;0,000;0,000;0,000;0,000;12,150;1,000;1,000;

22364;2018.03.20 19:00:00;27,101;0,000;0,000;0,000;0,000;12,150;1,000;1,000;

22365;2018.03.20 20:00:00;30,322;0,000;0,000;0,000;0,000;12,150;1,000;1,000;

22366;2018.03.20 21:00:00;27,428;0,000;0,000;0,000;0,000;12,150;1,000;1,000;

22367;2018.03.20 22:00:00;27,391;0,000;0,000;0,000;0,000;12,150;1,000;1,000;

22368;2018.03.20 23:00:00;22,434;0,000;0,000;0,000;0,000;12,150;1,000;1,000;

22369;2018.03.21 00:00:00;28,459;0,000;0,000;0,000;0,000;12,233;1,000;1,000;

22370;2018.03.21 01:00:00;28,717;0,000;0,000;0,000;0,000;12,233;1,000;1,000;

22371;2018.03.21 02:00:00;27,732;0,000;0,000;0,000;0,000;12,233;1,000;1,000;

22372;2018.03.21 03:00:00;28,780;0,000;0,000;0,000;0,000;12,233;1,000;1,000;

22373;2018.03.21 04:00:00;30,002;0,000;0,000;0,000;0,000;12,233;1,000;1,000;

22374;2018.03.21 05:00:00;29,456;0,000;0,000;0,000;0,000;12,233;1,000;1,000;

22375;2018.03.21 06:00:00;29,472;0,000;0,000;0,000;0,000;12,233;1,000;1,000;

22376;2018.03.21 07:00:00;30,060;0,000;0,000;0,000;0,000;12,233;1,000;1,000;

22377;2018.03.21 08:00:00;27,465;0,000;0,000;0,000;0,000;12,233;1,000;1,000;

22378;2018.03.21 09:00:00;27,947;0,000;0,000;0,000;0,000;12,233;1,000;1,000;

22379;2018.03.21 10:00:00;26,883;0,000;0,000;0,000;0,000;12,233;1,000;1,000;

22380;2018.03.21 11:00:00;23,650;0,000;0,000;0,000;0,000;12,233;1,000;1,000;

22381;2018.03.21 12:00:00;24,973;0,000;0,000;0,000;0,000;12,233;1,000;1,000;

22382;2018.03.21 13:00:00;25,860;0,000;0,000;0,000;0,000;12,233;1,000;1,000;

22383;2018.03.21 14:00:00;25,289;0,000;0,000;0,000;0,000;12,233;1,000;1,000;

22384;2018.03.21 15:00:00;25,548;0,000;0,000;0,000;0,000;12,233;1,000;1,000;

22385;2018.03.21 16:00:00;23,757;0,000;0,000;0,000;0,000;12,233;1,000;1,000;

22386;2018.03.21 17:00:00;23,444;0,000;0,000;0,000;0,000;12,233;1,000;1,000;

22387;2018.03.21 18:00:00;23,628;0,000;0,000;0,000;0,000;12,233;1,000;1,000;

22388;2018.03.21 19:00:00;23,487;0,000;0,000;0,000;0,000;12,233;1,000;1,000;

22389;2018.03.21 20:00:00;23,187;0,000;0,000;0,000;0,000;12,233;1,000;1,000;

22390;2018.03.21 21:00:00;24,210;0,000;0,000;0,000;0,000;12,233;1,000;1,000;

22391;2018.03.21 22:00:00;23,039;0,000;0,000;0,000;0,000;12,233;1,000;1,000;

22392;2018.03.21 23:00:00;19,549;0,000;0,000;0,000;0,000;12,233;1,000;1,000;

22393;2018.03.22 00:00:00;24,829;0,000;0,000;0,000;0,000;12,300;1,000;1,000;

22394;2018.03.22 01:00:00;23,738;0,000;0,000;0,000;0,000;12,300;1,000;1,000;

22395;2018.03.22 02:00:00;22,915;0,000;0,000;0,000;0,000;12,300;1,000;1,000;

22396;2018.03.22 03:00:00;23,760;0,000;0,000;0,000;0,000;12,300;1,000;1,000;

22397;2018.03.22 04:00:00;23,781;0,000;0,000;0,000;0,000;12,300;1,000;1,000;

22398;2018.03.22 05:00:00;25,065;0,000;0,000;0,000;0,000;12,300;1,000;1,000;

22399;2018.03.22 06:00:00;23,530;0,000;0,000;0,000;0,000;12,300;1,000;1,000;

22400;2018.03.22 07:00:00;24,868;0,000;0,000;0,000;0,000;12,300;1,000;1,000;

22401;2018.03.22 08:00:00;25,067;0,000;0,000;0,000;0,000;12,300;1,000;1,000;

22402;2018.03.22 09:00:00;25,099;0,000;0,000;0,000;0,000;12,300;1,000;1,000;

22403;2018.03.22 10:00:00;24,775;0,000;0,000;0,000;0,000;12,300;1,000;1,000;

22404;2018.03.22 11:00:00;25,597;0,000;0,000;0,000;0,000;12,300;1,000;1,000;

22405;2018.03.22 12:00:00;23,911;0,000;0,000;0,000;0,000;12,300;1,000;1,000;

22406;2018.03.22 13:00:00;22,780;0,000;0,000;0,000;0,000;12,300;1,000;1,000;

22407;2018.03.22 14:00:00;26,275;0,000;0,000;0,000;0,000;12,300;1,000;1,000;

22408;2018.03.22 15:00:00;26,567;0,000;0,000;0,000;0,000;12,300;1,000;1,000;

22409;2018.03.22 16:00:00;25,577;0,000;0,000;0,000;0,000;12,300;1,000;1,000;

22410;2018.03.22 17:00:00;24,700;0,000;0,000;0,000;0,000;12,300;1,000;1,000;

22411;2018.03.22 18:00:00;24,820;0,000;0,000;0,000;0,000;12,300;1,000;1,000;

22412;2018.03.22 19:00:00;24,517;0,000;0,000;0,000;0,000;12,300;1,000;1,000;

22413;2018.03.22 20:00:00;23,946;0,000;0,000;0,000;0,000;12,300;1,000;1,000;

22414;2018.03.22 21:00:00;23,370;0,000;0,000;0,000;0,000;12,300;1,000;1,000;

22415;2018.03.22 22:00:00;22,923;0,000;0,000;0,000;0,000;12,300;1,000;1,000;

22416;2018.03.22 23:00:00;19,109;0,000;0,000;0,000;0,000;12,300;1,000;1,000;

22417;2018.03.23 00:00:00;24,513;0,000;0,000;0,000;0,000;12,367;2,000;1,000;

22418;2018.03.23 01:00:00;22,039;0,000;0,000;0,000;0,000;12,367;2,000;1,000;

22419;2018.03.23 02:00:00;22,724;0,000;0,000;0,000;0,000;12,367;2,000;1,000;

22420;2018.03.23 03:00:00;22,979;0,000;0,000;0,000;0,000;12,367;2,000;1,000;

22421;2018.03.23 04:00:00;22,080;0,000;0,000;0,000;0,000;12,367;2,000;1,000;

22422;2018.03.23 05:00:00;23,169;0,000;0,000;0,000;0,000;12,367;2,000;1,000;

22423;2018.03.23 06:00:00;23,310;0,000;0,000;0,000;0,000;12,367;2,000;1,000;

22424;2018.03.23 07:00:00;22,693;0,000;0,000;0,000;0,000;12,367;2,000;1,000;

22425;2018.03.23 08:00:00;23,946;0,000;0,000;0,000;0,000;12,367;2,000;1,000;

22426;2018.03.23 09:00:00;24,002;0,000;0,000;0,000;0,000;12,367;2,000;1,000;

22427;2018.03.23 10:00:00;24,224;0,000;0,000;0,000;0,000;12,367;2,000;1,000;

22428;2018.03.23 11:00:00;22,835;0,000;0,000;0,000;0,000;12,367;2,000;1,000;

22429;2018.03.23 12:00:00;22,168;0,000;0,000;0,000;0,000;12,367;2,000;1,000;

22430;2018.03.23 13:00:00;22,057;0,000;0,000;0,000;0,000;12,367;2,000;1,000;

22431;2018.03.23 14:00:00;22,835;0,000;0,000;0,000;0,000;12,367;2,000;1,000;

22432;2018.03.23 15:00:00;24,057;0,000;0,000;0,000;0,000;12,367;2,000;1,000;

22433;2018.03.23 16:00:00;22,224;0,000;0,000;0,000;0,000;12,367;2,000;1,000;

22434;2018.03.23 17:00:00;22,971;0,000;0,000;0,000;0,000;12,367;2,000;1,000;

22435;2018.03.23 18:00:00;22,699;0,000;0,000;0,000;0,000;12,367;2,000;1,000;

22436;2018.03.23 19:00:00;22,446;0,000;0,000;0,000;0,000;12,367;2,000;1,000;

22437;2018.03.23 20:00:00;23,337;0,000;0,000;0,000;0,000;12,367;2,000;1,000;

22438;2018.03.23 21:00:00;21,333;0,000;0,000;0,000;0,000;12,367;2,000;1,000;

22439;2018.03.23 22:00:00;19,224;0,000;0,000;0,000;0,000;12,367;2,000;1,000;

22440;2018.03.23 23:00:00;20,422;0,000;0,000;0,000;0,000;12,367;2,000;1,000;

22441;2018.03.24 00:00:00;21,022;0,000;0,000;0,000;0,000;12,450;3,000;1,000;

22442;2018.03.24 01:00:00;12,922;0,000;0,000;0,000;0,000;12,450;3,000;1,000;

22443;2018.03.24 02:00:00;3,420;0,000;0,000;0,000;0,000;12,450;3,000;1,000;

22444;2018.03.24 03:00:00;1,941;0,000;0,000;0,000;0,000;12,450;3,000;1,000;

22445;2018.03.24 04:00:00;0,945;0,000;0,000;0,000;0,000;12,450;3,000;1,000;

22446;2018.03.24 05:00:00;6,223;0,000;0,000;0,000;0,000;12,450;3,000;1,000;

22447;2018.03.24 06:00:00;35,781;0,000;0,000;0,000;0,000;12,450;3,000;1,000;

22448;2018.03.24 07:00:00;24,120;0,000;0,000;0,000;0,000;12,450;3,000;1,000;

22449;2018.03.24 08:00:00;22,705;0,000;0,000;0,000;0,000;12,450;3,000;1,000;

22450;2018.03.24 09:00:00;23,292;0,000;0,000;0,000;0,000;12,450;3,000;1,000;

22451;2018.03.24 10:00:00;23,299;0,000;0,000;0,000;0,000;12,450;3,000;1,000;

22452;2018.03.24 11:00:00;22,070;0,000;0,000;0,000;0,000;12,450;3,000;1,000;

22453;2018.03.24 12:00:00;19,887;0,000;0,000;0,000;0,000;12,450;3,000;1,000;

22454;2018.03.24 13:00:00;20,494;0,000;0,000;0,000;0,000;12,450;3,000;1,000;

22455;2018.03.24 14:00:00;19,929;0,000;0,000;0,000;0,000;12,450;3,000;1,000;

22456;2018.03.24 15:00:00;20,566;0,000;0,000;0,000;0,000;12,450;3,000;1,000;

22457;2018.03.24 16:00:00;23,642;0,000;0,000;0,000;0,000;12,450;3,000;1,000;

22458;2018.03.24 17:00:00;21,516;0,000;0,000;0,000;0,000;12,450;3,000;1,000;

22459;2018.03.24 18:00:00;21,831;0,000;0,000;0,000;0,000;12,450;3,000;1,000;

22460;2018.03.24 19:00:00;21,192;0,000;0,000;0,000;0,000;12,450;3,000;1,000;

22461;2018.03.24 20:00:00;20,850;0,000;0,000;0,000;0,000;12,450;3,000;1,000;

22462;2018.03.24 21:00:00;21,969;0,000;0,000;0,000;0,000;12,450;3,000;1,000;

22463;2018.03.24 22:00:00;22,928;0,000;0,000;0,000;0,000;12,450;3,000;1,000;

22464;2018.03.24 23:00:00;14,857;0,000;0,000;0,000;0,000;12,450;3,000;1,000;

22465;2018.03.25 00:00:00;24,246;0,000;0,000;0,000;0,000;12,500;4,000;1,000;

22466;2018.03.25 01:00:00;18,297;0,000;0,000;0,000;0,000;12,500;4,000;1,000;

22467;2018.03.25 02:00:00;6,629;0,000;0,000;0,000;0,000;12,500;4,000;1,000;

22468;2018.03.25 03:00:00;19,502;0,000;0,000;0,000;0,000;12,500;4,000;1,000;

22469;2018.03.25 04:00:00;22,900;0,000;0,000;0,000;0,000;12,500;4,000;1,000;

22470;2018.03.25 05:00:00;22,325;0,000;0,000;0,000;0,000;12,500;4,000;1,000;

22471;2018.03.25 06:00:00;23,488;0,000;0,000;0,000;0,000;12,500;4,000;1,000;

22472;2018.03.25 07:00:00;26,384;0,000;0,000;0,000;0,000;12,500;4,000;1,000;

22473;2018.03.25 08:00:00;24,181;0,000;0,000;0,000;0,000;12,500;4,000;1,000;

22474;2018.03.25 09:00:00;23,983;0,000;0,000;0,000;0,000;12,500;4,000;1,000;

22475;2018.03.25 10:00:00;22,548;0,000;0,000;0,000;0,000;12,500;4,000;1,000;

22476;2018.03.25 11:00:00;21,274;0,000;0,000;0,000;0,000;12,500;4,000;1,000;

22477;2018.03.25 12:00:00;10,148;0,000;0,000;0,000;0,000;12,500;4,000;1,000;

22478;2018.03.25 13:00:00;3,334;0,000;0,000;0,000;0,000;12,500;4,000;1,000;

22479;2018.03.25 14:00:00;22,425;0,000;0,000;0,000;0,000;12,500;4,000;1,000;

22480;2018.03.25 15:00:00;18,798;0,000;0,000;0,000;0,000;12,500;4,000;1,000;

22481;2018.03.25 16:00:00;16,630;0,000;0,000;0,000;0,000;12,500;4,000;1,000;

22482;2018.03.25 17:00:00;16,486;0,000;0,000;0,000;0,000;12,500;4,000;1,000;

22483;2018.03.25 18:00:00;17,328;0,000;0,000;0,000;0,000;12,500;4,000;1,000;

22484;2018.03.25 19:00:00;18,500;0,000;0,000;0,000;0,000;12,500;4,000;1,000;

22485;2018.03.25 20:00:00;20,106;0,000;0,000;0,000;0,000;12,500;4,000;1,000;

22486;2018.03.25 21:00:00;19,906;0,000;0,000;0,000;0,000;12,500;4,000;1,000;

22487;2018.03.25 22:00:00;19,057;0,000;0,000;0,000;0,000;12,500;4,000;1,000;

22488;2018.03.25 23:00:00;20,215;0,000;0,000;0,000;0,000;12,500;4,000;1,000;

22489;2018.03.26 00:00:00;10,970;0,000;0,000;0,000;0,000;12,583;1,000;1,000;

22490;2018.03.26 01:00:00;23,440;0,000;0,000;0,000;0,000;12,583;1,000;1,000;

22491;2018.03.26 02:00:00;21,156;0,000;0,000;0,000;0,000;12,583;1,000;1,000;

22492;2018.03.26 03:00:00;21,977;0,000;0,000;0,000;0,000;12,583;1,000;1,000;

22493;2018.03.26 04:00:00;23,905;0,000;0,000;0,000;0,000;12,583;1,000;1,000;

22494;2018.03.26 05:00:00;22,173;0,000;0,000;0,000;0,000;12,583;1,000;1,000;

22495;2018.03.26 06:00:00;22,582;0,000;0,000;0,000;0,000;12,583;1,000;1,000;

22496;2018.03.26 07:00:00;21,724;0,000;0,000;0,000;0,000;12,583;1,000;1,000;

22497;2018.03.26 08:00:00;18,680;0,000;0,000;0,000;0,000;12,583;1,000;1,000;

22498;2018.03.26 09:00:00;23,577;0,000;0,000;0,000;0,000;12,583;1,000;1,000;

22499;2018.03.26 10:00:00;21,564;0,000;0,000;0,000;0,000;12,583;1,000;1,000;

22500;2018.03.26 11:00:00;20,690;0,000;0,000;0,000;0,000;12,583;1,000;1,000;

22501;2018.03.26 12:00:00;21,545;0,000;0,000;0,000;0,000;12,583;1,000;1,000;

22502;2018.03.26 13:00:00;20,503;0,000;0,000;0,000;0,000;12,583;1,000;1,000;

22503;2018.03.26 14:00:00;21,883;0,000;0,000;0,000;0,000;12,583;1,000;1,000;

22504;2018.03.26 15:00:00;23,620;0,000;0,000;0,000;0,000;12,583;1,000;1,000;

22505;2018.03.26 16:00:00;23,022;0,000;0,000;0,000;0,000;12,583;1,000;1,000;

22506;2018.03.26 17:00:00;23,974;0,000;0,000;0,000;0,000;12,583;1,000;1,000;

22507;2018.03.26 18:00:00;23,977;0,000;0,000;0,000;0,000;12,583;1,000;1,000;

22508;2018.03.26 19:00:00;26,328;0,000;0,000;0,000;0,000;12,583;1,000;1,000;

22509;2018.03.26 20:00:00;23,958;0,000;0,000;0,000;0,000;12,583;1,000;1,000;

22510;2018.03.26 21:00:00;23,259;0,000;0,000;0,000;0,000;12,583;1,000;1,000;

22511;2018.03.26 22:00:00;24,182;0,000;0,000;0,000;0,000;12,583;1,000;1,000;

22512;2018.03.26 23:00:00;22,807;0,000;0,000;0,000;0,000;12,583;1,000;1,000;

22513;2018.03.27 00:00:00;20,460;0,000;0,000;0,000;0,000;12,650;1,000;1,000;

22514;2018.03.27 01:00:00;22,821;0,000;0,000;0,000;0,000;12,650;1,000;1,000;

22515;2018.03.27 02:00:00;21,835;0,000;0,000;0,000;0,000;12,650;1,000;1,000;

22516;2018.03.27 03:00:00;22,938;0,000;0,000;0,000;0,000;12,650;1,000;1,000;

22517;2018.03.27 04:00:00;23,232;0,000;0,000;0,000;0,000;12,650;1,000;1,000;

22518;2018.03.27 05:00:00;24,784;0,000;0,000;0,000;0,000;12,650;1,000;1,000;

22519;2018.03.27 06:00:00;26,776;0,000;0,000;0,000;0,000;12,650;1,000;1,000;

22520;2018.03.27 07:00:00;25,766;0,000;0,000;0,000;0,000;12,650;1,000;1,000;

22521;2018.03.27 08:00:00;24,883;0,000;0,000;0,000;0,000;12,650;1,000;1,000;

22522;2018.03.27 09:00:00;25,134;0,000;0,000;0,000;0,000;12,650;1,000;1,000;

22523;2018.03.27 10:00:00;24,854;0,000;0,000;0,000;0,000;12,650;1,000;1,000;

22524;2018.03.27 11:00:00;23,094;0,000;0,000;0,000;0,000;12,650;1,000;1,000;

22525;2018.03.27 12:00:00;22,967;0,000;0,000;0,000;0,000;12,650;1,000;1,000;

22526;2018.03.27 13:00:00;22,259;0,000;0,000;0,000;0,000;12,650;1,000;1,000;

22527;2018.03.27 14:00:00;21,224;0,000;0,000;0,000;0,000;12,650;1,000;1,000;

22528;2018.03.27 15:00:00;20,557;0,000;0,000;0,000;0,000;12,650;1,000;1,000;

22529;2018.03.27 16:00:00;24,558;0,000;0,000;0,000;0,000;12,650;1,000;1,000;

22530;2018.03.27 17:00:00;18,835;0,000;0,000;0,000;0,000;12,650;1,000;1,000;

22531;2018.03.27 18:00:00;17,960;0,000;0,000;0,000;0,000;12,650;1,000;1,000;

22532;2018.03.27 19:00:00;19,553;0,000;0,000;0,000;0,000;12,650;1,000;1,000;

22533;2018.03.27 20:00:00;21,121;0,000;0,000;0,000;0,000;12,650;1,000;1,000;

22534;2018.03.27 21:00:00;19,606;0,000;0,000;0,000;0,000;12,650;1,000;1,000;

22535;2018.03.27 22:00:00;18,545;0,000;0,000;0,000;0,000;12,650;1,000;1,000;

22536;2018.03.27 23:00:00;22,584;0,000;0,000;0,000;0,000;12,650;1,000;1,000;

22537;2018.03.28 00:00:00;20,322;0,000;0,000;0,000;0,000;12,733;1,000;1,000;

22538;2018.03.28 01:00:00;21,866;0,000;0,000;0,000;0,000;12,733;1,000;1,000;

22539;2018.03.28 02:00:00;22,679;0,000;0,000;0,000;0,000;12,733;1,000;1,000;

22540;2018.03.28 03:00:00;22,456;0,000;0,000;0,000;0,000;12,733;1,000;1,000;

22541;2018.03.28 04:00:00;21,631;0,000;0,000;0,000;0,000;12,733;1,000;1,000;

22542;2018.03.28 05:00:00;22,641;0,000;0,000;0,000;0,000;12,733;1,000;1,000;

22543;2018.03.28 06:00:00;24,657;0,000;0,000;0,000;0,000;12,733;1,000;1,000;

22544;2018.03.28 07:00:00;22,847;0,000;0,000;0,000;0,000;12,733;1,000;1,000;

22545;2018.03.28 08:00:00;23,552;0,000;0,000;0,000;0,000;12,733;1,000;1,000;

22546;2018.03.28 09:00:00;25,019;0,000;0,000;0,000;0,000;12,733;1,000;1,000;

22547;2018.03.28 10:00:00;20,506;0,000;0,000;0,000;0,000;12,733;1,000;1,000;

22548;2018.03.28 11:00:00;20,738;0,000;0,000;0,000;0,000;12,733;1,000;1,000;

22549;2018.03.28 12:00:00;19,395;0,000;0,000;0,000;0,000;12,733;1,000;1,000;

22550;2018.03.28 13:00:00;20,106;0,000;0,000;0,000;0,000;12,733;1,000;1,000;

22551;2018.03.28 14:00:00;19,796;0,000;0,000;0,000;0,000;12,733;1,000;1,000;

22552;2018.03.28 15:00:00;19,569;0,000;0,000;0,000;0,000;12,733;1,000;1,000;

22553;2018.03.28 16:00:00;20,051;0,000;0,000;0,000;0,000;12,733;1,000;1,000;

22554;2018.03.28 17:00:00;21,077;0,000;0,000;0,000;0,000;12,733;1,000;1,000;

22555;2018.03.28 18:00:00;19,710;0,000;0,000;0,000;0,000;12,733;1,000;1,000;

22556;2018.03.28 19:00:00;22,076;0,000;0,000;0,000;0,000;12,733;1,000;1,000;

22557;2018.03.28 20:00:00;22,761;0,000;0,000;0,000;0,000;12,733;1,000;1,000;

22558;2018.03.28 21:00:00;23,134;0,000;0,000;0,000;0,000;12,733;1,000;1,000;

22559;2018.03.28 22:00:00;20,564;0,000;0,000;0,000;0,000;12,733;1,000;1,000;

22560;2018.03.28 23:00:00;20,863;0,000;0,000;0,000;0,000;12,733;1,000;1,000;

22561;2018.03.29 00:00:00;19,654;0,000;0,000;0,000;0,000;12,800;1,000;1,000;

22562;2018.03.29 01:00:00;21,238;0,000;0,000;0,000;0,000;12,800;1,000;1,000;

22563;2018.03.29 02:00:00;21,395;0,000;0,000;0,000;0,000;12,800;1,000;1,000;

22564;2018.03.29 03:00:00;22,260;0,000;0,000;0,000;0,000;12,800;1,000;1,000;

22565;2018.03.29 04:00:00;22,457;0,000;0,000;0,000;0,000;12,800;1,000;1,000;

22566;2018.03.29 05:00:00;22,986;0,000;0,000;0,000;0,000;12,800;1,000;1,000;

22567;2018.03.29 06:00:00;23,738;0,000;0,000;0,000;0,000;12,800;1,000;1,000;

22568;2018.03.29 07:00:00;24,897;0,000;0,000;0,000;0,000;12,800;1,000;1,000;

22569;2018.03.29 08:00:00;26,758;0,000;0,000;0,000;0,000;12,800;1,000;1,000;

22570;2018.03.29 09:00:00;25,215;0,000;0,000;0,000;0,000;12,800;1,000;1,000;

22571;2018.03.29 10:00:00;24,520;0,000;0,000;0,000;0,000;12,800;1,000;1,000;

22572;2018.03.29 11:00:00;23,007;0,000;0,000;0,000;0,000;12,800;1,000;1,000;

22573;2018.03.29 12:00:00;27,266;0,000;0,000;0,000;0,000;12,800;1,000;1,000;

22574;2018.03.29 13:00:00;23,894;0,000;0,000;0,000;0,000;12,800;1,000;1,000;

22575;2018.03.29 14:00:00;24,132;0,000;0,000;0,000;0,000;12,800;1,000;1,000;

22576;2018.03.29 15:00:00;23,200;0,000;0,000;0,000;0,000;12,800;1,000;1,000;

22577;2018.03.29 16:00:00;22,637;0,000;0,000;0,000;0,000;12,800;1,000;1,000;

22578;2018.03.29 17:00:00;22,948;0,000;0,000;0,000;0,000;12,800;1,000;1,000;

22579;2018.03.29 18:00:00;21,904;0,000;0,000;0,000;0,000;12,800;1,000;1,000;

22580;2018.03.29 19:00:00;23,555;0,000;0,000;0,000;0,000;12,800;1,000;1,000;

22581;2018.03.29 20:00:00;22,503;0,000;0,000;0,000;0,000;12,800;1,000;1,000;

22582;2018.03.29 21:00:00;22,169;0,000;0,000;0,000;0,000;12,800;1,000;1,000;

22583;2018.03.29 22:00:00;20,774;0,000;0,000;0,000;0,000;12,800;1,000;1,000;

22584;2018.03.29 23:00:00;19,603;0,000;0,000;0,000;0,000;12,800;1,000;1,000;

22585;2018.03.30 00:00:00;18,812;0,000;0,000;0,000;0,000;12,883;2,000;1,000;

22586;2018.03.30 01:00:00;21,582;0,000;0,000;0,000;0,000;12,883;2,000;1,000;

22587;2018.03.30 02:00:00;21,067;0,000;0,000;0,000;0,000;12,883;2,000;1,000;

22588;2018.03.30 03:00:00;21,406;0,000;0,000;0,000;0,000;12,883;2,000;1,000;

22589;2018.03.30 04:00:00;21,292;0,000;0,000;0,000;0,000;12,883;2,000;1,000;

22590;2018.03.30 05:00:00;22,057;0,000;0,000;0,000;0,000;12,883;2,000;1,000;

22591;2018.03.30 06:00:00;22,217;0,000;0,000;0,000;0,000;12,883;2,000;1,000;

22592;2018.03.30 07:00:00;24,156;0,000;0,000;0,000;0,000;12,883;2,000;1,000;

22593;2018.03.30 08:00:00;23,203;0,000;0,000;0,000;0,000;12,883;2,000;1,000;

22594;2018.03.30 09:00:00;24,802;0,000;0,000;0,000;0,000;12,883;2,000;1,000;

22595;2018.03.30 10:00:00;22,604;0,000;0,000;0,000;0,000;12,883;2,000;1,000;

22596;2018.03.30 11:00:00;22,770;0,000;0,000;0,000;0,000;12,883;2,000;1,000;

22597;2018.03.30 12:00:00;21,706;0,000;0,000;0,000;0,000;12,883;2,000;1,000;

22598;2018.03.30 13:00:00;22,016;0,000;0,000;0,000;0,000;12,883;2,000;1,000;

22599;2018.03.30 14:00:00;24,997;0,000;0,000;0,000;0,000;12,883;2,000;1,000;

22600;2018.03.30 15:00:00;22,492;0,000;0,000;0,000;0,000;12,883;2,000;1,000;

22601;2018.03.30 16:00:00;21,761;0,000;0,000;0,000;0,000;12,883;2,000;1,000;

22602;2018.03.30 17:00:00;22,039;0,000;0,000;0,000;0,000;12,883;2,000;1,000;

22603;2018.03.30 18:00:00;21,529;0,000;0,000;0,000;0,000;12,883;2,000;1,000;

22604;2018.03.30 19:00:00;23,867;0,000;0,000;0,000;0,000;12,883;2,000;1,000;

22605;2018.03.30 20:00:00;22,387;0,000;0,000;0,000;0,000;12,883;2,000;1,000;

22606;2018.03.30 21:00:00;24,284;0,000;0,000;0,000;0,000;12,883;2,000;1,000;

22607;2018.03.30 22:00:00;24,146;0,000;0,000;0,000;0,000;12,883;2,000;1,000;

22608;2018.03.30 23:00:00;23,282;0,000;0,000;0,000;0,000;12,883;2,000;1,000;

22609;2018.03.31 00:00:00;23,721;0,000;0,000;0,000;0,000;12,950;3,000;1,000;

22610;2018.03.31 01:00:00;22,743;0,000;0,000;0,000;0,000;12,950;3,000;1,000;

22611;2018.03.31 02:00:00;25,076;0,000;0,000;0,000;0,000;12,950;3,000;1,000;

22612;2018.03.31 03:00:00;24,626;0,000;0,000;0,000;0,000;12,950;3,000;1,000;

22613;2018.03.31 04:00:00;23,700;0,000;0,000;0,000;0,000;12,950;3,000;1,000;

22614;2018.03.31 05:00:00;23,717;0,000;0,000;0,000;0,000;12,950;3,000;1,000;

22615;2018.03.31 06:00:00;25,994;0,000;0,000;0,000;0,000;12,950;3,000;1,000;

22616;2018.03.31 07:00:00;25,880;0,000;0,000;0,000;0,000;12,950;3,000;1,000;

22617;2018.03.31 08:00:00;23,639;0,000;0,000;0,000;0,000;12,950;3,000;1,000;

22618;2018.03.31 09:00:00;26,207;0,000;0,000;0,000;0,000;12,950;3,000;1,000;

22619;2018.03.31 10:00:00;24,452;0,000;0,000;0,000;0,000;12,950;3,000;1,000;

22620;2018.03.31 11:00:00;21,987;0,000;0,000;0,000;0,000;12,950;3,000;1,000;

22621;2018.03.31 12:00:00;20,308;0,000;0,000;0,000;0,000;12,950;3,000;1,000;

22622;2018.03.31 13:00:00;19,245;0,000;0,000;0,000;0,000;12,950;3,000;1,000;

22623;2018.03.31 14:00:00;18,038;0,000;0,000;0,000;0,000;12,950;3,000;1,000;

22624;2018.03.31 15:00:00;19,301;0,000;0,000;0,000;0,000;12,950;3,000;1,000;

22625;2018.03.31 16:00:00;17,844;0,000;0,000;0,000;0,000;12,950;3,000;1,000;

22626;2018.03.31 17:00:00;17,164;0,000;0,000;0,000;0,000;12,950;3,000;1,000;

22627;2018.03.31 18:00:00;15,610;0,000;0,000;0,000;0,000;12,950;3,000;1,000;

22628;2018.03.31 19:00:00;18,742;0,000;0,000;0,000;0,000;12,950;3,000;1,000;

22629;2018.03.31 20:00:00;17,557;0,000;0,000;0,000;0,000;12,950;3,000;1,000;

22630;2018.03.31 21:00:00;17,316;0,000;0,000;0,000;0,000;12,950;3,000;1,000;

22631;2018.03.31 22:00:00;18,478;0,000;0,000;0,000;0,000;12,950;3,000;1,000;

22632;2018.03.31 23:00:00;19,651;0,000;0,000;0,000;0,000;12,950;3,000;1,000;

22633;2018.04.01 00:00:00;18,536;0,000;0,000;0,000;0,000;13,033;4,000;1,000;

22634;2018.04.01 01:00:00;17,508;0,000;0,000;0,000;0,000;13,033;4,000;1,000;

22635;2018.04.01 02:00:00;18,780;0,000;0,000;0,000;0,000;13,033;4,000;1,000;

22636;2018.04.01 03:00:00;20,072;0,000;0,000;0,000;0,000;13,033;4,000;1,000;

22637;2018.04.01 04:00:00;18,937;0,000;0,000;0,000;0,000;13,033;4,000;1,000;

22638;2018.04.01 05:00:00;21,252;0,000;0,000;0,000;0,000;13,033;4,000;1,000;

22639;2018.04.01 06:00:00;19,763;0,000;0,000;0,000;0,000;13,033;4,000;1,000;

22640;2018.04.01 07:00:00;21,307;0,000;0,000;0,000;0,000;13,033;4,000;1,000;

22641;2018.04.01 08:00:00;21,639;0,000;0,000;0,000;0,000;13,033;4,000;1,000;

22642;2018.04.01 09:00:00;20,835;0,000;0,000;0,000;0,000;13,033;4,000;1,000;

22643;2018.04.01 10:00:00;21,647;0,000;0,000;0,000;0,000;13,033;4,000;1,000;

22644;2018.04.01 11:00:00;21,688;0,000;0,000;0,000;0,000;13,033;4,000;1,000;

22645;2018.04.01 12:00:00;20,950;0,000;0,000;0,000;0,000;13,033;4,000;1,000;

22646;2018.04.01 13:00:00;20,592;0,000;0,000;0,000;0,000;13,033;4,000;1,000;

22647;2018.04.01 14:00:00;23,345;0,000;0,000;0,000;0,000;13,033;4,000;1,000;

22648;2018.04.01 15:00:00;24,679;0,000;0,000;0,000;0,000;13,033;4,000;1,000;

22649;2018.04.01 16:00:00;23,196;0,000;0,000;0,000;0,000;13,033;4,000;1,000;

22650;2018.04.01 17:00:00;23,162;0,000;0,000;0,000;0,000;13,033;4,000;1,000;

22651;2018.04.01 18:00:00;26,620;0,000;0,000;0,000;0,000;13,033;4,000;1,000;

22652;2018.04.01 19:00:00;25,537;0,000;0,000;0,000;0,000;13,033;4,000;1,000;

22653;2018.04.01 20:00:00;25,790;0,000;0,000;0,000;0,000;13,033;4,000;1,000;

22654;2018.04.01 21:00:00;23,961;0,000;0,000;0,000;0,000;13,033;4,000;1,000;

22655;2018.04.01 22:00:00;23,719;0,000;0,000;0,000;0,000;13,033;4,000;1,000;

22656;2018.04.01 23:00:00;22,845;0,000;0,000;0,000;0,000;13,033;4,000;1,000;

22657;2018.04.02 00:00:00;16,020;0,000;0,000;0,000;0,000;13,100;5,000;1,000;

22658;2018.04.02 01:00:00;5,093;0,000;0,000;0,000;0,000;13,100;5,000;1,000;

22659;2018.04.02 02:00:00;3,913;0,000;0,000;0,000;0,000;13,100;5,000;1,000;

22660;2018.04.02 03:00:00;2,339;0,000;0,000;0,000;0,000;13,100;5,000;1,000;

22661;2018.04.02 04:00:00;1,070;0,000;0,000;0,000;0,000;13,100;5,000;1,000;

22662;2018.04.02 05:00:00;0,549;0,000;0,000;0,000;0,000;13,100;5,000;1,000;

22663;2018.04.02 06:00:00;0,093;0,000;0,000;0,000;0,000;13,100;5,000;1,000;

22664;2018.04.02 07:00:00;9,931;0,000;0,000;0,000;0,000;13,100;5,000;1,000;

22665;2018.04.02 08:00:00;37,563;0,000;0,000;0,000;0,000;13,100;5,000;1,000;

22666;2018.04.02 09:00:00;22,419;0,000;0,000;0,000;0,000;13,100;5,000;1,000;

22667;2018.04.02 10:00:00;24,724;0,000;0,000;0,000;0,000;13,100;5,000;1,000;

22668;2018.04.02 11:00:00;23,928;0,000;0,000;0,000;0,000;13,100;5,000;1,000;

22669;2018.04.02 12:00:00;22,557;0,000;0,000;0,000;0,000;13,100;5,000;1,000;

22670;2018.04.02 13:00:00;21,032;0,000;0,000;0,000;0,000;13,100;5,000;1,000;

22671;2018.04.02 14:00:00;21,165;0,000;0,000;0,000;0,000;13,100;5,000;1,000;

22672;2018.04.02 15:00:00;19,660;0,000;0,000;0,000;0,000;13,100;5,000;1,000;

22673;2018.04.02 16:00:00;19,816;0,000;0,000;0,000;0,000;13,100;5,000;1,000;

22674;2018.04.02 17:00:00;19,293;0,000;0,000;0,000;0,000;13,100;5,000;1,000;

22675;2018.04.02 18:00:00;19,229;0,000;0,000;0,000;0,000;13,100;5,000;1,000;

22676;2018.04.02 19:00:00;21,171;0,000;0,000;0,000;0,000;13,100;5,000;1,000;

22677;2018.04.02 20:00:00;21,946;0,000;0,000;0,000;0,000;13,100;5,000;1,000;

22678;2018.04.02 21:00:00;23,092;0,000;0,000;0,000;0,000;13,100;5,000;1,000;

22679;2018.04.02 22:00:00;23,405;0,000;0,000;0,000;0,000;13,100;5,000;1,000;

22680;2018.04.02 23:00:00;23,636;0,000;0,000;0,000;0,000;13,100;5,000;1,000;

22681;2018.04.03 00:00:00;20,256;0,000;0,000;0,000;0,000;13,167;1,000;1,000;

22682;2018.04.03 01:00:00;25,047;0,000;0,000;0,000;0,000;13,167;1,000;1,000;

22683;2018.04.03 02:00:00;23,968;0,000;0,000;0,000;0,000;13,167;1,000;1,000;

22684;2018.04.03 03:00:00;22,840;0,000;0,000;0,000;0,000;13,167;1,000;1,000;

22685;2018.04.03 04:00:00;23,431;0,000;0,000;0,000;0,000;13,167;1,000;1,000;

22686;2018.04.03 05:00:00;23,405;0,000;0,000;0,000;0,000;13,167;1,000;1,000;

22687;2018.04.03 06:00:00;23,382;0,000;0,000;0,000;0,000;13,167;1,000;1,000;

22688;2018.04.03 07:00:00;22,632;0,000;0,000;0,000;0,000;13,167;1,000;1,000;

22689;2018.04.03 08:00:00;23,333;0,000;0,000;0,000;0,000;13,167;1,000;1,000;

22690;2018.04.03 09:00:00;23,041;0,000;0,000;0,000;0,000;13,167;1,000;1,000;

22691;2018.04.03 10:00:00;22,482;0,000;0,000;0,000;0,000;13,167;1,000;1,000;

22692;2018.04.03 11:00:00;22,224;0,000;0,000;0,000;0,000;13,167;1,000;1,000;

22693;2018.04.03 12:00:00;20,094;0,000;0,000;0,000;0,000;13,167;1,000;1,000;

22694;2018.04.03 13:00:00;19,267;0,000;0,000;0,000;0,000;13,167;1,000;1,000;

22695;2018.04.03 14:00:00;16,199;0,000;0,000;0,000;0,000;13,167;1,000;1,000;

22696;2018.04.03 15:00:00;16,095;0,000;0,000;0,000;0,000;13,167;1,000;1,000;

22697;2018.04.03 16:00:00;15,105;0,000;0,000;0,000;0,000;13,167;1,000;1,000;

22698;2018.04.03 17:00:00;15,471;0,000;0,000;0,000;0,000;13,167;1,000;1,000;

22699;2018.04.03 18:00:00;15,365;0,000;0,000;0,000;0,000;13,167;1,000;1,000;

22700;2018.04.03 19:00:00;15,378;0,000;0,000;0,000;0,000;13,167;1,000;1,000;

22701;2018.04.03 20:00:00;15,372;0,000;0,000;0,000;0,000;13,167;1,000;1,000;

22702;2018.04.03 21:00:00;15,100;0,000;0,000;0,000;0,000;13,167;1,000;1,000;

22703;2018.04.03 22:00:00;16,838;0,000;0,000;0,000;0,000;13,167;1,000;1,000;

22704;2018.04.03 23:00:00;16,029;0,000;0,000;0,000;0,000;13,167;1,000;1,000;

22705;2018.04.04 00:00:00;15,563;0,000;0,000;0,000;0,000;13,233;1,000;1,000;

22706;2018.04.04 01:00:00;17,636;0,000;0,000;0,000;0,000;13,233;1,000;1,000;

22707;2018.04.04 02:00:00;16,898;0,000;0,000;0,000;0,000;13,233;1,000;1,000;

22708;2018.04.04 03:00:00;15,983;0,000;0,000;0,000;0,000;13,233;1,000;1,000;

22709;2018.04.04 04:00:00;16,089;0,000;0,000;0,000;0,000;13,233;1,000;1,000;

22710;2018.04.04 05:00:00;16,804;0,000;0,000;0,000;0,000;13,233;1,000;1,000;

22711;2018.04.04 06:00:00;16,497;0,000;0,000;0,000;0,000;13,233;1,000;1,000;

22712;2018.04.04 07:00:00;16,499;0,000;0,000;0,000;0,000;13,233;1,000;1,000;

22713;2018.04.04 08:00:00;15,173;0,000;0,000;0,000;0,000;13,233;1,000;1,000;

22714;2018.04.04 09:00:00;13,890;0,000;0,000;0,000;0,000;13,233;1,000;1,000;

22715;2018.04.04 10:00:00;13,057;0,000;0,000;0,000;0,000;13,233;1,000;1,000;

22716;2018.04.04 11:00:00;12,061;0,000;0,000;0,000;0,000;13,233;1,000;1,000;

22717;2018.04.04 12:00:00;9,613;0,000;0,000;0,000;0,000;13,233;1,000;1,000;

22718;2018.04.04 13:00:00;8,513;0,000;0,000;0,000;0,000;13,233;1,000;1,000;

22719;2018.04.04 14:00:00;7,070;0,000;0,000;0,000;0,000;13,233;1,000;1,000;

22720;2018.04.04 15:00:00;7,412;0,000;0,000;0,000;0,000;13,233;1,000;1,000;

22721;2018.04.04 16:00:00;8,076;0,000;0,000;0,000;0,000;13,233;1,000;1,000;

22722;2018.04.04 17:00:00;9,019;0,000;0,000;0,000;0,000;13,233;1,000;1,000;

22723;2018.04.04 18:00:00;9,260;0,000;0,000;0,000;0,000;13,233;1,000;1,000;

22724;2018.04.04 19:00:00;10,388;0,000;0,000;0,000;0,000;13,233;1,000;1,000;

22725;2018.04.04 20:00:00;10,526;0,000;0,000;0,000;0,000;13,233;1,000;1,000;

22726;2018.04.04 21:00:00;11,033;0,000;0,000;0,000;0,000;13,233;1,000;1,000;

22727;2018.04.04 22:00:00;12,104;0,000;0,000;0,000;0,000;13,233;1,000;1,000;

22728;2018.04.04 23:00:00;12,157;0,000;0,000;0,000;0,000;13,233;1,000;1,000;

22729;2018.04.05 00:00:00;10,371;0,000;0,000;0,000;0,000;13,317;1,000;1,000;

22730;2018.04.05 01:00:00;12,408;0,000;0,000;0,000;0,000;13,317;1,000;1,000;

22731;2018.04.05 02:00:00;12,607;0,000;0,000;0,000;0,000;13,317;1,000;1,000;

22732;2018.04.05 03:00:00;11,747;0,000;0,000;0,000;0,000;13,317;1,000;1,000;

22733;2018.04.05 04:00:00;11,747;0,000;0,000;0,000;0,000;13,317;1,000;1,000;

22734;2018.04.05 05:00:00;11,758;0,000;0,000;0,000;0,000;13,317;1,000;1,000;

22735;2018.04.05 06:00:00;12,088;0,000;0,000;0,000;0,000;13,317;1,000;1,000;

22736;2018.04.05 07:00:00;11,507;0,000;0,000;0,000;0,000;13,317;1,000;1,000;

22737;2018.04.05 08:00:00;13,104;0,000;0,000;0,000;0,000;13,317;1,000;1,000;

22738;2018.04.05 09:00:00;11,191;0,000;0,000;0,000;0,000;13,317;1,000;1,000;

22739;2018.04.05 10:00:00;11,482;0,000;0,000;0,000;0,000;13,317;1,000;1,000;

22740;2018.04.05 11:00:00;9,816;0,000;0,000;0,000;0,000;13,317;1,000;1,000;

22741;2018.04.05 12:00:00;11,413;0,000;0,000;0,000;0,000;13,317;1,000;1,000;

22742;2018.04.05 13:00:00;10,785;0,000;0,000;0,000;0,000;13,317;1,000;1,000;

22743;2018.04.05 14:00:00;10,834;0,000;0,000;0,000;0,000;13,317;1,000;1,000;

22744;2018.04.05 15:00:00;10,727;0,000;0,000;0,000;0,000;13,317;1,000;1,000;

22745;2018.04.05 16:00:00;9,480;0,000;0,000;0,000;0,000;13,317;1,000;1,000;

22746;2018.04.05 17:00:00;9,729;0,000;0,000;0,000;0,000;13,317;1,000;1,000;

22747;2018.04.05 18:00:00;10,117;0,000;0,000;0,000;0,000;13,317;1,000;1,000;

22748;2018.04.05 19:00:00;10,348;0,000;0,000;0,000;0,000;13,317;1,000;1,000;

22749;2018.04.05 20:00:00;11,234;0,000;0,000;0,000;0,000;13,317;1,000;1,000;

22750;2018.04.05 21:00:00;11,639;0,000;0,000;0,000;0,000;13,317;1,000;1,000;

22751;2018.04.05 22:00:00;12,448;0,000;0,000;0,000;0,000;13,317;1,000;1,000;

22752;2018.04.05 23:00:00;13,176;0,000;0,000;0,000;0,000;13,317;1,000;1,000;

22753;2018.04.06 00:00:00;8,123;0,000;0,000;0,000;0,000;13,383;2,000;1,000;

22754;2018.04.06 01:00:00;2,737;0,000;0,000;0,000;0,000;13,383;2,000;1,000;

22755;2018.04.06 02:00:00;1,521;0,000;0,000;0,000;0,000;13,383;2,000;1,000;

22756;2018.04.06 03:00:00;16,906;0,000;0,000;0,000;0,000;13,383;2,000;1,000;

22757;2018.04.06 04:00:00;20,740;0,000;0,000;0,000;0,000;13,383;2,000;1,000;

22758;2018.04.06 05:00:00;18,506;0,000;0,000;0,000;0,000;13,383;2,000;1,000;

22759;2018.04.06 06:00:00;20,709;0,000;0,000;0,000;0,000;13,383;2,000;1,000;

22760;2018.04.06 07:00:00;20,886;0,000;0,000;0,000;0,000;13,383;2,000;1,000;

22761;2018.04.06 08:00:00;20,434;0,000;0,000;0,000;0,000;13,383;2,000;1,000;

22762;2018.04.06 09:00:00;22,625;0,000;0,000;0,000;0,000;13,383;2,000;1,000;

22763;2018.04.06 10:00:00;22,131;0,000;0,000;0,000;0,000;13,383;2,000;1,000;

22764;2018.04.06 11:00:00;20,557;0,000;0,000;0,000;0,000;13,383;2,000;1,000;

22765;2018.04.06 12:00:00;19,895;0,000;0,000;0,000;0,000;13,383;2,000;1,000;

22766;2018.04.06 13:00:00;16,729;0,000;0,000;0,000;0,000;13,383;2,000;1,000;

22767;2018.04.06 14:00:00;16,217;0,000;0,000;0,000;0,000;13,383;2,000;1,000;

22768;2018.04.06 15:00:00;18,370;0,000;0,000;0,000;0,000;13,383;2,000;1,000;

22769;2018.04.06 16:00:00;15,705;0,000;0,000;0,000;0,000;13,383;2,000;1,000;

22770;2018.04.06 17:00:00;15,594;0,000;0,000;0,000;0,000;13,383;2,000;1,000;

22771;2018.04.06 18:00:00;16,483;0,000;0,000;0,000;0,000;13,383;2,000;1,000;

22772;2018.04.06 19:00:00;15,539;0,000;0,000;0,000;0,000;13,383;2,000;1,000;

22773;2018.04.06 20:00:00;17,334;0,000;0,000;0,000;0,000;13,383;2,000;1,000;

22774;2018.04.06 21:00:00;19,248;0,000;0,000;0,000;0,000;13,383;2,000;1,000;

22775;2018.04.06 22:00:00;18,625;0,000;0,000;0,000;0,000;13,383;2,000;1,000;

22776;2018.04.06 23:00:00;18,786;0,000;0,000;0,000;0,000;13,383;2,000;1,000;

22777;2018.04.07 00:00:00;19,088;0,000;0,000;0,000;0,000;13,467;3,000;1,000;

22778;2018.04.07 01:00:00;20,639;0,000;0,000;0,000;0,000;13,467;3,000;1,000;

22779;2018.04.07 02:00:00;20,111;0,000;0,000;0,000;0,000;13,467;3,000;1,000;

22780;2018.04.07 03:00:00;20,551;0,000;0,000;0,000;0,000;13,467;3,000;1,000;

22781;2018.04.07 04:00:00;21,483;0,000;0,000;0,000;0,000;13,467;3,000;1,000;

22782;2018.04.07 05:00:00;21,483;0,000;0,000;0,000;0,000;13,467;3,000;1,000;

22783;2018.04.07 06:00:00;22,461;0,000;0,000;0,000;0,000;13,467;3,000;1,000;

22784;2018.04.07 07:00:00;22,053;0,000;0,000;0,000;0,000;13,467;3,000;1,000;

22785;2018.04.07 08:00:00;20,398;0,000;0,000;0,000;0,000;13,467;3,000;1,000;

22786;2018.04.07 09:00:00;20,101;0,000;0,000;0,000;0,000;13,467;3,000;1,000;

22787;2018.04.07 10:00:00;17,495;0,000;0,000;0,000;0,000;13,467;3,000;1,000;

22788;2018.04.07 11:00:00;16,205;0,000;0,000;0,000;0,000;13,467;3,000;1,000;

22789;2018.04.07 12:00:00;14,327;0,000;0,000;0,000;0,000;13,467;3,000;1,000;

22790;2018.04.07 13:00:00;11,940;0,000;0,000;0,000;0,000;13,467;3,000;1,000;

22791;2018.04.07 14:00:00;12,500;0,000;0,000;0,000;0,000;13,467;3,000;1,000;

22792;2018.04.07 15:00:00;11,061;0,000;0,000;0,000;0,000;13,467;3,000;1,000;

22793;2018.04.07 16:00:00;9,445;0,000;0,000;0,000;0,000;13,467;3,000;1,000;

22794;2018.04.07 17:00:00;9,019;0,000;0,000;0,000;0,000;13,467;3,000;1,000;

22795;2018.04.07 18:00:00;8,806;0,000;0,000;0,000;0,000;13,467;3,000;1,000;

22796;2018.04.07 19:00:00;9,303;0,000;0,000;0,000;0,000;13,467;3,000;1,000;

22797;2018.04.07 20:00:00;9,902;0,000;0,000;0,000;0,000;13,467;3,000;1,000;

22798;2018.04.07 21:00:00;10,649;0,000;0,000;0,000;0,000;13,467;3,000;1,000;

22799;2018.04.07 22:00:00;11,853;0,000;0,000;0,000;0,000;13,467;3,000;1,000;

22800;2018.04.07 23:00:00;12,779;0,000;0,000;0,000;0,000;13,467;3,000;1,000;

22801;2018.04.08 00:00:00;9,816;0,000;0,000;0,000;0,000;13,533;4,000;1,000;

22802;2018.04.08 01:00:00;13,427;0,000;0,000;0,000;0,000;13,533;4,000;1,000;

22803;2018.04.08 02:00:00;13,195;0,000;0,000;0,000;0,000;13,533;4,000;1,000;

22804;2018.04.08 03:00:00;12,966;0,000;0,000;0,000;0,000;13,533;4,000;1,000;

22805;2018.04.08 04:00:00;13,009;0,000;0,000;0,000;0,000;13,533;4,000;1,000;

22806;2018.04.08 05:00:00;14,131;0,000;0,000;0,000;0,000;13,533;4,000;1,000;

22807;2018.04.08 06:00:00;13,716;0,000;0,000;0,000;0,000;13,533;4,000;1,000;

22808;2018.04.08 07:00:00;14,101;0,000;0,000;0,000;0,000;13,533;4,000;1,000;

22809;2018.04.08 08:00:00;13,594;0,000;0,000;0,000;0,000;13,533;4,000;1,000;

22810;2018.04.08 09:00:00;12,995;0,000;0,000;0,000;0,000;13,533;4,000;1,000;

22811;2018.04.08 10:00:00;11,549;0,000;0,000;0,000;0,000;13,533;4,000;1,000;

22812;2018.04.08 11:00:00;10,112;0,000;0,000;0,000;0,000;13,533;4,000;1,000;

22813;2018.04.08 12:00:00;8,699;0,000;0,000;0,000;0,000;13,533;4,000;1,000;

22814;2018.04.08 13:00:00;7,292;0,000;0,000;0,000;0,000;13,533;4,000;1,000;

22815;2018.04.08 14:00:00;6,667;0,000;0,000;0,000;0,000;13,533;4,000;1,000;

22816;2018.04.08 15:00:00;5,579;0,000;0,000;0,000;0,000;13,533;4,000;1,000;

22817;2018.04.08 16:00:00;4,558;0,000;0,000;0,000;0,000;13,533;4,000;1,000;

22818;2018.04.08 17:00:00;4,273;0,000;0,000;0,000;0,000;13,533;4,000;1,000;

22819;2018.04.08 18:00:00;4,225;0,000;0,000;0,000;0,000;13,533;4,000;1,000;

22820;2018.04.08 19:00:00;4,537;0,000;0,000;0,000;0,000;13,533;4,000;1,000;

22821;2018.04.08 20:00:00;2,332;0,000;0,000;0,000;0,000;13,533;4,000;1,000;

22822;2018.04.08 21:00:00;1,007;0,000;0,000;0,000;0,000;13,533;4,000;1,000;

22823;2018.04.08 22:00:00;5,032;0,000;0,000;0,000;0,000;13,533;4,000;1,000;

22824;2018.04.08 23:00:00;12,112;0,000;0,000;0,000;0,000;13,533;4,000;1,000;

22825;2018.04.09 00:00:00;7,834;0,000;0,000;0,000;0,000;13,617;1,000;1,000;

22826;2018.04.09 01:00:00;10,501;0,000;0,000;0,000;0,000;13,617;1,000;1,000;

22827;2018.04.09 02:00:00;9,738;0,000;0,000;0,000;0,000;13,617;1,000;1,000;

22828;2018.04.09 03:00:00;10,291;0,000;0,000;0,000;0,000;13,617;1,000;1,000;

22829;2018.04.09 04:00:00;12,223;0,000;0,000;0,000;0,000;13,617;1,000;1,000;

22830;2018.04.09 05:00:00;12,432;0,000;0,000;0,000;0,000;13,617;1,000;1,000;

22831;2018.04.09 06:00:00;12,729;0,000;0,000;0,000;0,000;13,617;1,000;1,000;

22832;2018.04.09 07:00:00;14,238;0,000;0,000;0,000;0,000;13,617;1,000;1,000;

22833;2018.04.09 08:00:00;13,214;0,000;0,000;0,000;0,000;13,617;1,000;1,000;

22834;2018.04.09 09:00:00;11,542;0,000;0,000;0,000;0,000;13,617;1,000;1,000;

22835;2018.04.09 10:00:00;10,303;0,000;0,000;0,000;0,000;13,617;1,000;1,000;

22836;2018.04.09 11:00:00;8,281;0,000;0,000;0,000;0,000;13,617;1,000;1,000;

22837;2018.04.09 12:00:00;7,443;0,000;0,000;0,000;0,000;13,617;1,000;1,000;

22838;2018.04.09 13:00:00;6,447;0,000;0,000;0,000;0,000;13,617;1,000;1,000;

22839;2018.04.09 14:00:00;5,649;0,000;0,000;0,000;0,000;13,617;1,000;1,000;

22840;2018.04.09 15:00:00;4,823;0,000;0,000;0,000;0,000;13,617;1,000;1,000;

22841;2018.04.09 16:00:00;4,576;0,000;0,000;0,000;0,000;13,617;1,000;1,000;

22842;2018.04.09 17:00:00;4,258;0,000;0,000;0,000;0,000;13,617;1,000;1,000;

22843;2018.04.09 18:00:00;4,761;0,000;0,000;0,000;0,000;13,617;1,000;1,000;

22844;2018.04.09 19:00:00;4,956;0,000;0,000;0,000;0,000;13,617;1,000;1,000;

22845;2018.04.09 20:00:00;7,647;0,000;0,000;0,000;0,000;13,617;1,000;1,000;

22846;2018.04.09 21:00:00;5,602;0,000;0,000;0,000;0,000;13,617;1,000;1,000;

22847;2018.04.09 22:00:00;9,217;0,000;0,000;0,000;0,000;13,617;1,000;1,000;

22848;2018.04.09 23:00:00;9,123;0,000;0,000;0,000;0,000;13,617;1,000;1,000;

22849;2018.04.10 00:00:00;7,505;0,000;0,000;0,000;0,000;13,683;1,000;1,000;

22850;2018.04.10 01:00:00;10,620;0,000;0,000;0,000;0,000;13,683;1,000;1,000;

22851;2018.04.10 02:00:00;11,644;0,000;0,000;0,000;0,000;13,683;1,000;1,000;

22852;2018.04.10 03:00:00;11,916;0,000;0,000;0,000;0,000;13,683;1,000;1,000;

22853;2018.04.10 04:00:00;11,601;0,000;0,000;0,000;0,000;13,683;1,000;1,000;

22854;2018.04.10 05:00:00;12,575;0,000;0,000;0,000;0,000;13,683;1,000;1,000;

22855;2018.04.10 06:00:00;12,574;0,000;0,000;0,000;0,000;13,683;1,000;1,000;

22856;2018.04.10 07:00:00;12,037;0,000;0,000;0,000;0,000;13,683;1,000;1,000;

22857;2018.04.10 08:00:00;12,044;0,000;0,000;0,000;0,000;13,683;1,000;1,000;

22858;2018.04.10 09:00:00;10,793;0,000;0,000;0,000;0,000;13,683;1,000;1,000;

22859;2018.04.10 10:00:00;9,928;0,000;0,000;0,000;0,000;13,683;1,000;1,000;

22860;2018.04.10 11:00:00;9,039;0,000;0,000;0,000;0,000;13,683;1,000;1,000;

22861;2018.04.10 12:00:00;7,134;0,000;0,000;0,000;0,000;13,683;1,000;1,000;

22862;2018.04.10 13:00:00;6,105;0,000;0,000;0,000;0,000;13,683;1,000;1,000;

22863;2018.04.10 14:00:00;5,556;0,000;0,000;0,000;0,000;13,683;1,000;1,000;

22864;2018.04.10 15:00:00;5,302;0,000;0,000;0,000;0,000;13,683;1,000;1,000;

22865;2018.04.10 16:00:00;5,214;0,000;0,000;0,000;0,000;13,683;1,000;1,000;

22866;2018.04.10 17:00:00;5,742;0,000;0,000;0,000;0,000;13,683;1,000;1,000;

22867;2018.04.10 18:00:00;6,603;0,000;0,000;0,000;0,000;13,683;1,000;1,000;

22868;2018.04.10 19:00:00;7,952;0,000;0,000;0,000;0,000;13,683;1,000;1,000;

22869;2018.04.10 20:00:00;9,654;0,000;0,000;0,000;0,000;13,683;1,000;1,000;

22870;2018.04.10 21:00:00;10,464;0,000;0,000;0,000;0,000;13,683;1,000;1,000;

22871;2018.04.10 22:00:00;11,482;0,000;0,000;0,000;0,000;13,683;1,000;1,000;

22872;2018.04.10 23:00:00;11,511;0,000;0,000;0,000;0,000;13,683;1,000;1,000;

22873;2018.04.11 00:00:00;10,620;0,000;0,000;0,000;0,000;13,733;1,000;1,000;

22874;2018.04.11 01:00:00;12,990;0,000;0,000;0,000;0,000;13,733;1,000;1,000;

22875;2018.04.11 02:00:00;12,752;0,000;0,000;0,000;0,000;13,733;1,000;1,000;

22876;2018.04.11 03:00:00;13,057;0,000;0,000;0,000;0,000;13,733;1,000;1,000;

22877;2018.04.11 04:00:00;13,242;0,000;0,000;0,000;0,000;13,733;1,000;1,000;

22878;2018.04.11 05:00:00;14,723;0,000;0,000;0,000;0,000;13,733;1,000;1,000;

22879;2018.04.11 06:00:00;14,168;0,000;0,000;0,000;0,000;13,733;1,000;1,000;

22880;2018.04.11 07:00:00;14,538;0,000;0,000;0,000;0,000;13,733;1,000;1,000;

22881;2018.04.11 08:00:00;13,890;0,000;0,000;0,000;0,000;13,733;1,000;1,000;

22882;2018.04.11 09:00:00;13,448;0,000;0,000;0,000;0,000;13,733;1,000;1,000;

22883;2018.04.11 10:00:00;12,243;0,000;0,000;0,000;0,000;13,733;1,000;1,000;

22884;2018.04.11 11:00:00;11,928;0,000;0,000;0,000;0,000;13,733;1,000;1,000;

22885;2018.04.11 12:00:00;10,869;0,000;0,000;0,000;0,000;13,733;1,000;1,000;

22886;2018.04.11 13:00:00;10,591;0,000;0,000;0,000;0,000;13,733;1,000;1,000;

22887;2018.04.11 14:00:00;9,167;0,000;0,000;0,000;0,000;13,733;1,000;1,000;

22888;2018.04.11 15:00:00;8,413;0,000;0,000;0,000;0,000;13,733;1,000;1,000;

22889;2018.04.11 16:00:00;7,223;0,000;0,000;0,000;0,000;13,733;1,000;1,000;

22890;2018.04.11 17:00:00;7,024;0,000;0,000;0,000;0,000;13,733;1,000;1,000;

22891;2018.04.11 18:00:00;6,323;0,000;0,000;0,000;0,000;13,733;1,000;1,000;

22892;2018.04.11 19:00:00;7,408;0,000;0,000;0,000;0,000;13,733;1,000;1,000;

22893;2018.04.11 20:00:00;8,143;0,000;0,000;0,000;0,000;13,733;1,000;1,000;

22894;2018.04.11 21:00:00;8,525;0,000;0,000;0,000;0,000;13,733;1,000;1,000;

22895;2018.04.11 22:00:00;8,468;0,000;0,000;0,000;0,000;13,733;1,000;1,000;

22896;2018.04.11 23:00:00;8,870;0,000;0,000;0,000;0,000;13,733;1,000;1,000;

22897;2018.04.12 00:00:00;7,941;0,000;0,000;0,000;0,000;13,817;1,000;1,000;

22898;2018.04.12 01:00:00;9,630;0,000;0,000;0,000;0,000;13,817;1,000;1,000;

22899;2018.04.12 02:00:00;11,390;0,000;0,000;0,000;0,000;13,817;1,000;1,000;

22900;2018.04.12 03:00:00;10,556;0,000;0,000;0,000;0,000;13,817;1,000;1,000;

22901;2018.04.12 04:00:00;11,222;0,000;0,000;0,000;0,000;13,817;1,000;1,000;

22902;2018.04.12 05:00:00;10,909;0,000;0,000;0,000;0,000;13,817;1,000;1,000;

22903;2018.04.12 06:00:00;12,193;0,000;0,000;0,000;0,000;13,817;1,000;1,000;

22904;2018.04.12 07:00:00;11,670;0,000;0,000;0,000;0,000;13,817;1,000;1,000;

22905;2018.04.12 08:00:00;11,880;0,000;0,000;0,000;0,000;13,817;1,000;1,000;

22906;2018.04.12 09:00:00;11,216;0,000;0,000;0,000;0,000;13,817;1,000;1,000;

22907;2018.04.12 10:00:00;10,174;0,000;0,000;0,000;0,000;13,817;1,000;1,000;

22908;2018.04.12 11:00:00;9,167;0,000;0,000;0,000;0,000;13,817;1,000;1,000;

22909;2018.04.12 12:00:00;7,930;0,000;0,000;0,000;0,000;13,817;1,000;1,000;

22910;2018.04.12 13:00:00;6,682;0,000;0,000;0,000;0,000;13,817;1,000;1,000;

22911;2018.04.12 14:00:00;4,945;0,000;0,000;0,000;0,000;13,817;1,000;1,000;

22912;2018.04.12 15:00:00;4,352;0,000;0,000;0,000;0,000;13,817;1,000;1,000;

22913;2018.04.12 16:00:00;3,223;0,000;0,000;0,000;0,000;13,817;1,000;1,000;

22914;2018.04.12 17:00:00;3,225;0,000;0,000;0,000;0,000;13,817;1,000;1,000;

22915;2018.04.12 18:00:00;2,836;0,000;0,000;0,000;0,000;13,817;1,000;1,000;

22916;2018.04.12 19:00:00;3,495;0,000;0,000;0,000;0,000;13,817;1,000;1,000;

22917;2018.04.12 20:00:00;3,427;0,000;0,000;0,000;0,000;13,817;1,000;1,000;

22918;2018.04.12 21:00:00;1,625;0,000;0,000;0,000;0,000;13,817;1,000;1,000;

22919;2018.04.12 22:00:00;0,653;0,000;0,000;0,000;0,000;13,817;1,000;1,000;

22920;2018.04.12 23:00:00;9,984;0,000;0,000;0,000;0,000;13,817;1,000;1,000;

22921;2018.04.13 00:00:00;6,684;0,000;0,000;0,000;0,000;13,883;2,000;1,000;

22922;2018.04.13 01:00:00;7,519;0,000;0,000;0,000;0,000;13,883;2,000;1,000;

22923;2018.04.13 02:00:00;6,982;0,000;0,000;0,000;0,000;13,883;2,000;1,000;

22924;2018.04.13 03:00:00;7,501;0,000;0,000;0,000;0,000;13,883;2,000;1,000;

22925;2018.04.13 04:00:00;8,390;0,000;0,000;0,000;0,000;13,883;2,000;1,000;

22926;2018.04.13 05:00:00;8,167;0,000;0,000;0,000;0,000;13,883;2,000;1,000;

22927;2018.04.13 06:00:00;9,468;0,000;0,000;0,000;0,000;13,883;2,000;1,000;

22928;2018.04.13 07:00:00;8,809;0,000;0,000;0,000;0,000;13,883;2,000;1,000;

22929;2018.04.13 08:00:00;8,489;0,000;0,000;0,000;0,000;13,883;2,000;1,000;

22930;2018.04.13 09:00:00;7,959;0,000;0,000;0,000;0,000;13,883;2,000;1,000;

22931;2018.04.13 10:00:00;7,077;0,000;0,000;0,000;0,000;13,883;2,000;1,000;

22932;2018.04.13 11:00:00;5,809;0,000;0,000;0,000;0,000;13,883;2,000;1,000;

22933;2018.04.13 12:00:00;4,004;0,000;0,000;0,000;0,000;13,883;2,000;1,000;

22934;2018.04.13 13:00:00;3,278;0,000;0,000;0,000;0,000;13,883;2,000;1,000;

22935;2018.04.13 14:00:00;2,500;0,000;0,000;0,000;0,000;13,883;2,000;1,000;

22936;2018.04.13 15:00:00;3,091;0,000;0,000;0,000;0,000;13,883;2,000;1,000;

22937;2018.04.13 16:00:00;3,050;0,000;0,000;0,000;0,000;13,883;2,000;1,000;

22938;2018.04.13 17:00:00;2,888;0,000;0,000;0,000;0,000;13,883;2,000;1,000;

22939;2018.04.13 18:00:00;1,429;0,000;0,000;0,000;0,000;13,883;2,000;1,000;

22940;2018.04.13 19:00:00;0,655;0,000;0,000;0,000;0,000;13,883;2,000;1,000;

22941;2018.04.13 20:00:00;0,278;0,000;0,000;0,000;0,000;13,883;2,000;1,000;

22942;2018.04.13 21:00:00;0,000;0,000;0,000;0,000;0,000;13,883;2,000;1,000;

22943;2018.04.13 22:00:00;0,000;0,000;0,000;0,000;0,000;13,883;2,000;1,000;

22944;2018.04.13 23:00:00;0,000;0,000;0,000;0,000;0,000;13,883;2,000;1,000;

22945;2018.04.14 00:00:00;0,000;0,000;0,000;0,000;0,000;13,967;3,000;1,000;

22946;2018.04.14 01:00:00;0,000;0,000;0,000;0,000;0,000;13,967;3,000;1,000;

22947;2018.04.14 02:00:00;0,000;0,000;0,000;0,000;0,000;13,967;3,000;1,000;

22948;2018.04.14 03:00:00;9,857;0,000;0,000;0,000;0,000;13,967;3,000;1,000;

22949;2018.04.14 04:00:00;8,934;0,000;0,000;0,000;0,000;13,967;3,000;1,000;

22950;2018.04.14 05:00:00;7,982;0,000;0,000;0,000;0,000;13,967;3,000;1,000;

22951;2018.04.14 06:00:00;8,716;0,000;0,000;0,000;0,000;13,967;3,000;1,000;

22952;2018.04.14 07:00:00;9,574;0,000;0,000;0,000;0,000;13,967;3,000;1,000;

22953;2018.04.14 08:00:00;8,934;0,000;0,000;0,000;0,000;13,967;3,000;1,000;

22954;2018.04.14 09:00:00;7,952;0,000;0,000;0,000;0,000;13,967;3,000;1,000;

22955;2018.04.14 10:00:00;8,121;0,000;0,000;0,000;0,000;13,967;3,000;1,000;

22956;2018.04.14 11:00:00;7,436;0,000;0,000;0,000;0,000;13,967;3,000;1,000;

22957;2018.04.14 12:00:00;7,605;0,000;0,000;0,000;0,000;13,967;3,000;1,000;

22958;2018.04.14 13:00:00;8,144;0,000;0,000;0,000;0,000;13,967;3,000;1,000;

22959;2018.04.14 14:00:00;7,408;0,000;0,000;0,000;0,000;13,967;3,000;1,000;

22960;2018.04.14 15:00:00;7,044;0,000;0,000;0,000;0,000;13,967;3,000;1,000;

22961;2018.04.14 16:00:00;6,913;0,000;0,000;0,000;0,000;13,967;3,000;1,000;

22962;2018.04.14 17:00:00;6,984;0,000;0,000;0,000;0,000;13,967;3,000;1,000;

22963;2018.04.14 18:00:00;6,945;0,000;0,000;0,000;0,000;13,967;3,000;1,000;

22964;2018.04.14 19:00:00;7,406;0,000;0,000;0,000;0,000;13,967;3,000;1,000;

22965;2018.04.14 20:00:00;7,482;0,000;0,000;0,000;0,000;13,967;3,000;1,000;

22966;2018.04.14 21:00:00;8,797;0,000;0,000;0,000;0,000;13,967;3,000;1,000;

22967;2018.04.14 22:00:00;8,592;0,000;0,000;0,000;0,000;13,967;3,000;1,000;

22968;2018.04.14 23:00:00;8,724;0,000;0,000;0,000;0,000;13,967;3,000;1,000;

22969;2018.04.15 00:00:00;8,186;0,000;0,000;0,000;0,000;14,033;4,000;1,000;

22970;2018.04.15 01:00:00;9,674;0,000;0,000;0,000;0,000;14,033;4,000;1,000;

22971;2018.04.15 02:00:00;9,387;0,000;0,000;0,000;0,000;14,033;4,000;1,000;

22972;2018.04.15 03:00:00;10,830;0,000;0,000;0,000;0,000;14,033;4,000;1,000;

22973;2018.04.15 04:00:00;11,279;0,000;0,000;0,000;0,000;14,033;4,000;1,000;

22974;2018.04.15 05:00:00;10,709;0,000;0,000;0,000;0,000;14,033;4,000;1,000;

22975;2018.04.15 06:00:00;10,646;0,000;0,000;0,000;0,000;14,033;4,000;1,000;

22976;2018.04.15 07:00:00;12,470;0,000;0,000;0,000;0,000;14,033;4,000;1,000;

22977;2018.04.15 08:00:00;10,901;0,000;0,000;0,000;0,000;14,033;4,000;1,000;

22978;2018.04.15 09:00:00;10,894;0,000;0,000;0,000;0,000;14,033;4,000;1,000;

22979;2018.04.15 10:00:00;9,743;0,000;0,000;0,000;0,000;14,033;4,000;1,000;

22980;2018.04.15 11:00:00;8,064;0,000;0,000;0,000;0,000;14,033;4,000;1,000;

22981;2018.04.15 12:00:00;6,360;0,000;0,000;0,000;0,000;14,033;4,000;1,000;

22982;2018.04.15 13:00:00;4,998;0,000;0,000;0,000;0,000;14,033;4,000;1,000;

22983;2018.04.15 14:00:00;4,297;0,000;0,000;0,000;0,000;14,033;4,000;1,000;

22984;2018.04.15 15:00:00;2,718;0,000;0,000;0,000;0,000;14,033;4,000;1,000;

22985;2018.04.15 16:00:00;2,681;0,000;0,000;0,000;0,000;14,033;4,000;1,000;

22986;2018.04.15 17:00:00;3,027;0,000;0,000;0,000;0,000;14,033;4,000;1,000;

22987;2018.04.15 18:00:00;2,945;0,000;0,000;0,000;0,000;14,033;4,000;1,000;

22988;2018.04.15 19:00:00;2,556;0,000;0,000;0,000;0,000;14,033;4,000;1,000;

22989;2018.04.15 20:00:00;1,050;0,000;0,000;0,000;0,000;14,033;4,000;1,000;

22990;2018.04.15 21:00:00;0,556;0,000;0,000;0,000;0,000;14,033;4,000;1,000;

22991;2018.04.15 22:00:00;8,339;0,000;0,000;0,000;0,000;14,033;4,000;1,000;

22992;2018.04.15 23:00:00;8,278;0,000;0,000;0,000;0,000;14,033;4,000;1,000;

22993;2018.04.16 00:00:00;8,339;0,000;0,000;0,000;0,000;14,100;1,000;1,000;

22994;2018.04.16 01:00:00;8,440;0,000;0,000;0,000;0,000;14,100;1,000;1,000;

22995;2018.04.16 02:00:00;10,001;0,000;0,000;0,000;0,000;14,100;1,000;1,000;

22996;2018.04.16 03:00:00;10,230;0,000;0,000;0,000;0,000;14,100;1,000;1,000;

22997;2018.04.16 04:00:00;9,327;0,000;0,000;0,000;0,000;14,100;1,000;1,000;

22998;2018.04.16 05:00:00;10,680;0,000;0,000;0,000;0,000;14,100;1,000;1,000;

22999;2018.04.16 06:00:00;10,599;0,000;0,000;0,000;0,000;14,100;1,000;1,000;

23000;2018.04.16 07:00:00;9,834;0,000;0,000;0,000;0,000;14,100;1,000;1,000;

23001;2018.04.16 08:00:00;10,549;0,000;0,000;0,000;0,000;14,100;1,000;1,000;

23002;2018.04.16 09:00:00;10,578;0,000;0,000;0,000;0,000;14,100;1,000;1,000;

23003;2018.04.16 10:00:00;9,515;0,000;0,000;0,000;0,000;14,100;1,000;1,000;

23004;2018.04.16 11:00:00;9,640;0,000;0,000;0,000;0,000;14,100;1,000;1,000;

23005;2018.04.16 12:00:00;9,834;0,000;0,000;0,000;0,000;14,100;1,000;1,000;

23006;2018.04.16 13:00:00;10,056;0,000;0,000;0,000;0,000;14,100;1,000;1,000;

23007;2018.04.16 14:00:00;10,167;0,000;0,000;0,000;0,000;14,100;1,000;1,000;

23008;2018.04.16 15:00:00;9,890;0,000;0,000;0,000;0,000;14,100;1,000;1,000;

23009;2018.04.16 16:00:00;10,834;0,000;0,000;0,000;0,000;14,100;1,000;1,000;

23010;2018.04.16 17:00:00;11,168;0,000;0,000;0,000;0,000;14,100;1,000;1,000;

23011;2018.04.16 18:00:00;11,652;0,000;0,000;0,000;0,000;14,100;1,000;1,000;

23012;2018.04.16 19:00:00;12,128;0,000;0,000;0,000;0,000;14,100;1,000;1,000;

23013;2018.04.16 20:00:00;12,612;0,000;0,000;0,000;0,000;14,100;1,000;1,000;

23014;2018.04.16 21:00:00;12,501;0,000;0,000;0,000;0,000;14,100;1,000;1,000;

23015;2018.04.16 22:00:00;13,730;0,000;0,000;0,000;0,000;14,100;1,000;1,000;

23016;2018.04.16 23:00:00;13,410;0,000;0,000;0,000;0,000;14,100;1,000;1,000;

23017;2018.04.17 00:00:00;12,252;0,000;0,000;0,000;0,000;14,183;1,000;1,000;

23018;2018.04.17 01:00:00;14,644;0,000;0,000;0,000;0,000;14,183;1,000;1,000;

23019;2018.04.17 02:00:00;13,797;0,000;0,000;0,000;0,000;14,183;1,000;1,000;

23020;2018.04.17 03:00:00;13,062;0,000;0,000;0,000;0,000;14,183;1,000;1,000;

23021;2018.04.17 04:00:00;12,902;0,000;0,000;0,000;0,000;14,183;1,000;1,000;

23022;2018.04.17 05:00:00;14,378;0,000;0,000;0,000;0,000;14,183;1,000;1,000;

23023;2018.04.17 06:00:00;13,834;0,000;0,000;0,000;0,000;14,183;1,000;1,000;

23024;2018.04.17 07:00:00;13,668;0,000;0,000;0,000;0,000;14,183;1,000;1,000;

23025;2018.04.17 08:00:00;13,001;0,000;0,000;0,000;0,000;14,183;1,000;1,000;

23026;2018.04.17 09:00:00;12,668;0,000;0,000;0,000;0,000;14,183;1,000;1,000;

23027;2018.04.17 10:00:00;11,001;0,000;0,000;0,000;0,000;14,183;1,000;1,000;

23028;2018.04.17 11:00:00;11,005;0,000;0,000;0,000;0,000;14,183;1,000;1,000;

23029;2018.04.17 12:00:00;9,163;0,000;0,000;0,000;0,000;14,183;1,000;1,000;

23030;2018.04.17 13:00:00;9,612;0,000;0,000;0,000;0,000;14,183;1,000;1,000;

23031;2018.04.17 14:00:00;9,079;0,000;0,000;0,000;0,000;14,183;1,000;1,000;

23032;2018.04.17 15:00:00;8,101;0,000;0,000;0,000;0,000;14,183;1,000;1,000;

23033;2018.04.17 16:00:00;8,513;0,000;0,000;0,000;0,000;14,183;1,000;1,000;

23034;2018.04.17 17:00:00;7,366;0,000;0,000;0,000;0,000;14,183;1,000;1,000;

23035;2018.04.17 18:00:00;7,748;0,000;0,000;0,000;0,000;14,183;1,000;1,000;

23036;2018.04.17 19:00:00;8,420;0,000;0,000;0,000;0,000;14,183;1,000;1,000;

23037;2018.04.17 20:00:00;10,537;0,000;0,000;0,000;0,000;14,183;1,000;1,000;

23038;2018.04.17 21:00:00;10,132;0,000;0,000;0,000;0,000;14,183;1,000;1,000;

23039;2018.04.17 22:00:00;9,945;0,000;0,000;0,000;0,000;14,183;1,000;1,000;

23040;2018.04.17 23:00:00;11,652;0,000;0,000;0,000;0,000;14,183;1,000;1,000;

23041;2018.04.18 00:00:00;9,461;0,000;0,000;0,000;0,000;14,250;1,000;1,000;

23042;2018.04.18 01:00:00;13,487;0,000;0,000;0,000;0,000;14,250;1,000;1,000;

23043;2018.04.18 02:00:00;12,570;0,000;0,000;0,000;0,000;14,250;1,000;1,000;

23044;2018.04.18 03:00:00;13,478;0,000;0,000;0,000;0,000;14,250;1,000;1,000;

23045;2018.04.18 04:00:00;13,302;0,000;0,000;0,000;0,000;14,250;1,000;1,000;

23046;2018.04.18 05:00:00;14,612;0,000;0,000;0,000;0,000;14,250;1,000;1,000;

23047;2018.04.18 06:00:00;14,501;0,000;0,000;0,000;0,000;14,250;1,000;1,000;

23048;2018.04.18 07:00:00;14,835;0,000;0,000;0,000;0,000;14,250;1,000;1,000;

23049;2018.04.18 08:00:00;13,834;0,000;0,000;0,000;0,000;14,250;1,000;1,000;

23050;2018.04.18 09:00:00;12,112;0,000;0,000;0,000;0,000;14,250;1,000;1,000;

23051;2018.04.18 10:00:00;10,519;0,000;0,000;0,000;0,000;14,250;1,000;1,000;

23052;2018.04.18 11:00:00;9,760;0,000;0,000;0,000;0,000;14,250;1,000;1,000;

23053;2018.04.18 12:00:00;8,001;0,000;0,000;0,000;0,000;14,250;1,000;1,000;

23054;2018.04.18 13:00:00;6,723;0,000;0,000;0,000;0,000;14,250;1,000;1,000;

23055;2018.04.18 14:00:00;5,112;0,000;0,000;0,000;0,000;14,250;1,000;1,000;

23056;2018.04.18 15:00:00;4,667;0,000;0,000;0,000;0,000;14,250;1,000;1,000;

23057;2018.04.18 16:00:00;3,977;0,000;0,000;0,000;0,000;14,250;1,000;1,000;

23058;2018.04.18 17:00:00;3,245;0,000;0,000;0,000;0,000;14,250;1,000;1,000;

23059;2018.04.18 18:00:00;3,111;0,000;0,000;0,000;0,000;14,250;1,000;1,000;

23060;2018.04.18 19:00:00;3,834;0,000;0,000;0,000;0,000;14,250;1,000;1,000;

23061;2018.04.18 20:00:00;2,395;0,000;0,000;0,000;0,000;14,250;1,000;1,000;

23062;2018.04.18 21:00:00;1,062;0,000;0,000;0,000;0,000;14,250;1,000;1,000;

23063;2018.04.18 22:00:00;5,266;0,000;0,000;0,000;0,000;14,250;1,000;1,000;

23064;2018.04.18 23:00:00;8,834;0,000;0,000;0,000;0,000;14,250;1,000;1,000;

23065;2018.04.19 00:00:00;7,056;0,000;0,000;0,000;0,000;14,300;1,000;1,000;

23066;2018.04.19 01:00:00;8,925;0,000;0,000;0,000;0,000;14,300;1,000;1,000;

23067;2018.04.19 02:00:00;8,459;0,000;0,000;0,000;0,000;14,300;1,000;1,000;

23068;2018.04.19 03:00:00;9,479;0,000;0,000;0,000;0,000;14,300;1,000;1,000;

23069;2018.04.19 04:00:00;10,529;0,000;0,000;0,000;0,000;14,300;1,000;1,000;

23070;2018.04.19 05:00:00;11,001;0,000;0,000;0,000;0,000;14,300;1,000;1,000;

23071;2018.04.19 06:00:00;11,556;0,000;0,000;0,000;0,000;14,300;1,000;1,000;

23072;2018.04.19 07:00:00;11,223;0,000;0,000;0,000;0,000;14,300;1,000;1,000;

23073;2018.04.19 08:00:00;11,056;0,000;0,000;0,000;0,000;14,300;1,000;1,000;

23074;2018.04.19 09:00:00;9,667;0,000;0,000;0,000;0,000;14,300;1,000;1,000;

23075;2018.04.19 10:00:00;8,556;0,000;0,000;0,000;0,000;14,300;1,000;1,000;

23076;2018.04.19 11:00:00;7,409;0,000;0,000;0,000;0,000;14,300;1,000;1,000;

23077;2018.04.19 12:00:00;6,259;0,000;0,000;0,000;0,000;14,300;1,000;1,000;

23078;2018.04.19 13:00:00;6,056;0,000;0,000;0,000;0,000;14,300;1,000;1,000;

23079;2018.04.19 14:00:00;5,445;0,000;0,000;0,000;0,000;14,300;1,000;1,000;

23080;2018.04.19 15:00:00;5,389;0,000;0,000;0,000;0,000;14,300;1,000;1,000;

23081;2018.04.19 16:00:00;5,187;0,000;0,000;0,000;0,000;14,300;1,000;1,000;

23082;2018.04.19 17:00:00;4,925;0,000;0,000;0,000;0,000;14,300;1,000;1,000;

23083;2018.04.19 18:00:00;5,334;0,000;0,000;0,000;0,000;14,300;1,000;1,000;

23084;2018.04.19 19:00:00;5,403;0,000;0,000;0,000;0,000;14,300;1,000;1,000;

23085;2018.04.19 20:00:00;6,654;0,000;0,000;0,000;0,000;14,300;1,000;1,000;

23086;2018.04.19 21:00:00;6,753;0,000;0,000;0,000;0,000;14,300;1,000;1,000;

23087;2018.04.19 22:00:00;7,526;0,000;0,000;0,000;0,000;14,300;1,000;1,000;

23088;2018.04.19 23:00:00;8,112;0,000;0,000;0,000;0,000;14,300;1,000;1,000;

23089;2018.04.20 00:00:00;7,167;0,000;0,000;0,000;0,000;14,383;2,000;1,000;

23090;2018.04.20 01:00:00;9,834;0,000;0,000;0,000;0,000;14,383;2,000;1,000;

23091;2018.04.20 02:00:00;9,723;0,000;0,000;0,000;0,000;14,383;2,000;1,000;

23092;2018.04.20 03:00:00;9,945;0,000;0,000;0,000;0,000;14,383;2,000;1,000;

23093;2018.04.20 04:00:00;11,306;0,000;0,000;0,000;0,000;14,383;2,000;1,000;

23094;2018.04.20 05:00:00;11,251;0,000;0,000;0,000;0,000;14,383;2,000;1,000;

23095;2018.04.20 06:00:00;11,666;0,000;0,000;0,000;0,000;14,383;2,000;1,000;

23096;2018.04.20 07:00:00;11,067;0,000;0,000;0,000;0,000;14,383;2,000;1,000;

23097;2018.04.20 08:00:00;10,386;0,000;0,000;0,000;0,000;14,383;2,000;1,000;

23098;2018.04.20 09:00:00;9,522;0,000;0,000;0,000;0,000;14,383;2,000;1,000;

23099;2018.04.20 10:00:00;7,369;0,000;0,000;0,000;0,000;14,383;2,000;1,000;

23100;2018.04.20 11:00:00;6,494;0,000;0,000;0,000;0,000;14,383;2,000;1,000;

23101;2018.04.20 12:00:00;4,611;0,000;0,000;0,000;0,000;14,383;2,000;1,000;

23102;2018.04.20 13:00:00;3,591;0,000;0,000;0,000;0,000;14,383;2,000;1,000;

23103;2018.04.20 14:00:00;2,410;0,000;0,000;0,000;0,000;14,383;2,000;1,000;

23104;2018.04.20 15:00:00;2,834;0,000;0,000;0,000;0,000;14,383;2,000;1,000;

23105;2018.04.20 16:00:00;2,759;0,000;0,000;0,000;0,000;14,383;2,000;1,000;

23106;2018.04.20 17:00:00;2,778;0,000;0,000;0,000;0,000;14,383;2,000;1,000;

23107;2018.04.20 18:00:00;1,723;0,000;0,000;0,000;0,000;14,383;2,000;1,000;

23108;2018.04.20 19:00:00;0,963;0,000;0,000;0,000;0,000;14,383;2,000;1,000;

23109;2018.04.20 20:00:00;0,285;0,000;0,000;0,000;0,000;14,383;2,000;1,000;

23110;2018.04.20 21:00:00;0,104;0,000;0,000;0,000;0,000;14,383;2,000;1,000;

23111;2018.04.20 22:00:00;0,000;0,000;0,000;0,000;0,000;14,383;2,000;1,000;

23112;2018.04.20 23:00:00;0,000;0,000;0,000;0,000;0,000;14,383;2,000;1,000;

23113;2018.04.21 00:00:00;0,000;0,000;0,000;0,000;0,000;14,450;3,000;1,000;

23114;2018.04.21 01:00:00;0,000;0,000;0,000;0,000;0,000;14,450;3,000;1,000;

23115;2018.04.21 02:00:00;0,000;0,000;0,000;0,000;0,000;14,450;3,000;1,000;

23116;2018.04.21 03:00:00;0,000;0,000;0,000;0,000;0,000;14,450;3,000;1,000;

23117;2018.04.21 04:00:00;0,000;0,000;0,000;0,000;0,000;14,450;3,000;1,000;

23118;2018.04.21 05:00:00;12,124;0,000;0,000;0,000;0,000;14,450;3,000;1,000;

23119;2018.04.21 06:00:00;7,766;0,000;0,000;0,000;0,000;14,450;3,000;1,000;

23120;2018.04.21 07:00:00;8,834;0,000;0,000;0,000;0,000;14,450;3,000;1,000;

23121;2018.04.21 08:00:00;8,334;0,000;0,000;0,000;0,000;14,450;3,000;1,000;

23122;2018.04.21 09:00:00;8,334;0,000;0,000;0,000;0,000;14,450;3,000;1,000;

23123;2018.04.21 10:00:00;7,945;0,000;0,000;0,000;0,000;14,450;3,000;1,000;

23124;2018.04.21 11:00:00;6,889;0,000;0,000;0,000;0,000;14,450;3,000;1,000;

23125;2018.04.21 12:00:00;7,112;0,000;0,000;0,000;0,000;14,450;3,000;1,000;

23126;2018.04.21 13:00:00;6,334;0,000;0,000;0,000;0,000;14,450;3,000;1,000;

23127;2018.04.21 14:00:00;6,880;0,000;0,000;0,000;0,000;14,450;3,000;1,000;

23128;2018.04.21 15:00:00;7,010;0,000;0,000;0,000;0,000;14,450;3,000;1,000;

23129;2018.04.21 16:00:00;7,014;0,000;0,000;0,000;0,000;14,450;3,000;1,000;

23130;2018.04.21 17:00:00;6,463;0,000;0,000;0,000;0,000;14,450;3,000;1,000;

23131;2018.04.21 18:00:00;7,413;0,000;0,000;0,000;0,000;14,450;3,000;1,000;

23132;2018.04.21 19:00:00;7,389;0,000;0,000;0,000;0,000;14,450;3,000;1,000;

23133;2018.04.21 20:00:00;8,167;0,000;0,000;0,000;0,000;14,450;3,000;1,000;

23134;2018.04.21 21:00:00;8,580;0,000;0,000;0,000;0,000;14,450;3,000;1,000;

23135;2018.04.21 22:00:00;8,791;0,000;0,000;0,000;0,000;14,450;3,000;1,000;

23136;2018.04.21 23:00:00;9,464;0,000;0,000;0,000;0,000;14,450;3,000;1,000;

23137;2018.04.22 00:00:00;9,167;0,000;0,000;0,000;0,000;14,517;4,000;1,000;

23138;2018.04.22 01:00:00;10,668;0,000;0,000;0,000;0,000;14,517;4,000;1,000;

23139;2018.04.22 02:00:00;11,060;0,000;0,000;0,000;0,000;14,517;4,000;1,000;

23140;2018.04.22 03:00:00;11,219;0,000;0,000;0,000;0,000;14,517;4,000;1,000;

23141;2018.04.22 04:00:00;12,652;0,000;0,000;0,000;0,000;14,517;4,000;1,000;

23142;2018.04.22 05:00:00;12,643;0,000;0,000;0,000;0,000;14,517;4,000;1,000;

23143;2018.04.22 06:00:00;12,986;0,000;0,000;0,000;0,000;14,517;4,000;1,000;

23144;2018.04.22 07:00:00;12,955;0,000;0,000;0,000;0,000;14,517;4,000;1,000;

23145;2018.04.22 08:00:00;11,990;0,000;0,000;0,000;0,000;14,517;4,000;1,000;

23146;2018.04.22 09:00:00;11,301;0,000;0,000;0,000;0,000;14,517;4,000;1,000;

23147;2018.04.22 10:00:00;9,924;0,000;0,000;0,000;0,000;14,517;4,000;1,000;

23148;2018.04.22 11:00:00;8,723;0,000;0,000;0,000;0,000;14,517;4,000;1,000;

23149;2018.04.22 12:00:00;7,778;0,000;0,000;0,000;0,000;14,517;4,000;1,000;

23150;2018.04.22 13:00:00;6,556;0,000;0,000;0,000;0,000;14,517;4,000;1,000;

23151;2018.04.22 14:00:00;6,000;0,000;0,000;0,000;0,000;14,517;4,000;1,000;

23152;2018.04.22 15:00:00;4,389;0,000;0,000;0,000;0,000;14,517;4,000;1,000;

23153;2018.04.22 16:00:00;1,889;0,000;0,000;0,000;0,000;14,517;4,000;1,000;

23154;2018.04.22 17:00:00;1,222;0,000;0,000;0,000;0,000;14,517;4,000;1,000;

23155;2018.04.22 18:00:00;2,742;0,000;0,000;0,000;0,000;14,517;4,000;1,000;

23156;2018.04.22 19:00:00;7,193;0,000;0,000;0,000;0,000;14,517;4,000;1,000;

23157;2018.04.22 20:00:00;6,016;0,000;0,000;0,000;0,000;14,517;4,000;1,000;

23158;2018.04.22 21:00:00;7,439;0,000;0,000;0,000;0,000;14,517;4,000;1,000;

23159;2018.04.22 22:00:00;7,334;0,000;0,000;0,000;0,000;14,517;4,000;1,000;

23160;2018.04.22 23:00:00;7,853;0,000;0,000;0,000;0,000;14,517;4,000;1,000;

23161;2018.04.23 00:00:00;8,037;0,000;0,000;0,000;0,000;14,583;1,000;1,000;

23162;2018.04.23 01:00:00;8,834;0,000;0,000;0,000;0,000;14,583;1,000;1,000;

23163;2018.04.23 02:00:00;9,501;0,000;0,000;0,000;0,000;14,583;1,000;1,000;

23164;2018.04.23 03:00:00;9,112;0,000;0,000;0,000;0,000;14,583;1,000;1,000;

23165;2018.04.23 04:00:00;9,556;0,000;0,000;0,000;0,000;14,583;1,000;1,000;

23166;2018.04.23 05:00:00;9,612;0,000;0,000;0,000;0,000;14,583;1,000;1,000;

23167;2018.04.23 06:00:00;9,334;0,000;0,000;0,000;0,000;14,583;1,000;1,000;

23168;2018.04.23 07:00:00;9,223;0,000;0,000;0,000;0,000;14,583;1,000;1,000;

23169;2018.04.23 08:00:00;8,981;0,000;0,000;0,000;0,000;14,583;1,000;1,000;

23170;2018.04.23 09:00:00;8,020;0,000;0,000;0,000;0,000;14,583;1,000;1,000;

23171;2018.04.23 10:00:00;6,929;0,000;0,000;0,000;0,000;14,583;1,000;1,000;

23172;2018.04.23 11:00:00;5,246;0,000;0,000;0,000;0,000;14,583;1,000;1,000;

23173;2018.04.23 12:00:00;3,808;0,000;0,000;0,000;0,000;14,583;1,000;1,000;

23174;2018.04.23 13:00:00;2,998;0,000;0,000;0,000;0,000;14,583;1,000;1,000;

23175;2018.04.23 14:00:00;2,632;0,000;0,000;0,000;0,000;14,583;1,000;1,000;

23176;2018.04.23 15:00:00;3,359;0,000;0,000;0,000;0,000;14,583;1,000;1,000;

23177;2018.04.23 16:00:00;4,952;0,000;0,000;0,000;0,000;14,583;1,000;1,000;

23178;2018.04.23 17:00:00;3,412;0,000;0,000;0,000;0,000;14,583;1,000;1,000;

23179;2018.04.23 18:00:00;7,056;0,000;0,000;0,000;0,000;14,583;1,000;1,000;

23180;2018.04.23 19:00:00;6,223;0,000;0,000;0,000;0,000;14,583;1,000;1,000;

23181;2018.04.23 20:00:00;7,112;0,000;0,000;0,000;0,000;14,583;1,000;1,000;

23182;2018.04.23 21:00:00;7,723;0,000;0,000;0,000;0,000;14,583;1,000;1,000;

23183;2018.04.23 22:00:00;8,056;0,000;0,000;0,000;0,000;14,583;1,000;1,000;

23184;2018.04.23 23:00:00;8,501;0,000;0,000;0,000;0,000;14,583;1,000;1,000;

23185;2018.04.24 00:00:00;8,048;0,000;0,000;0,000;0,000;14,667;1,000;1,000;

23186;2018.04.24 01:00:00;9,175;0,000;0,000;0,000;0,000;14,667;1,000;1,000;

23187;2018.04.24 02:00:00;9,529;0,000;0,000;0,000;0,000;14,667;1,000;1,000;

23188;2018.04.24 03:00:00;10,250;0,000;0,000;0,000;0,000;14,667;1,000;1,000;

23189;2018.04.24 04:00:00;10,671;0,000;0,000;0,000;0,000;14,667;1,000;1,000;

23190;2018.04.24 05:00:00;11,275;0,000;0,000;0,000;0,000;14,667;1,000;1,000;

23191;2018.04.24 06:00:00;12,212;0,000;0,000;0,000;0,000;14,667;1,000;1,000;

23192;2018.04.24 07:00:00;10,901;0,000;0,000;0,000;0,000;14,667;1,000;1,000;

23193;2018.04.24 08:00:00;11,223;0,000;0,000;0,000;0,000;14,667;1,000;1,000;

23194;2018.04.24 09:00:00;10,840;0,000;0,000;0,000;0,000;14,667;1,000;1,000;

23195;2018.04.24 10:00:00;10,107;0,000;0,000;0,000;0,000;14,667;1,000;1,000;

23196;2018.04.24 11:00:00;9,139;0,000;0,000;0,000;0,000;14,667;1,000;1,000;

23197;2018.04.24 12:00:00;8,015;0,000;0,000;0,000;0,000;14,667;1,000;1,000;

23198;2018.04.24 13:00:00;7,487;0,000;0,000;0,000;0,000;14,667;1,000;1,000;

23199;2018.04.24 14:00:00;7,195;0,000;0,000;0,000;0,000;14,667;1,000;1,000;

23200;2018.04.24 15:00:00;7,056;0,000;0,000;0,000;0,000;14,667;1,000;1,000;

23201;2018.04.24 16:00:00;6,569;0,000;0,000;0,000;0,000;14,667;1,000;1,000;

23202;2018.04.24 17:00:00;6,633;0,000;0,000;0,000;0,000;14,667;1,000;1,000;

23203;2018.04.24 18:00:00;6,077;0,000;0,000;0,000;0,000;14,667;1,000;1,000;

23204;2018.04.24 19:00:00;7,278;0,000;0,000;0,000;0,000;14,667;1,000;1,000;

23205;2018.04.24 20:00:00;7,778;0,000;0,000;0,000;0,000;14,667;1,000;1,000;

23206;2018.04.24 21:00:00;8,112;0,000;0,000;0,000;0,000;14,667;1,000;1,000;

23207;2018.04.24 22:00:00;8,112;0,000;0,000;0,000;0,000;14,667;1,000;1,000;

23208;2018.04.24 23:00:00;8,612;0,000;0,000;0,000;0,000;14,667;1,000;1,000;

23209;2018.04.25 00:00:00;8,334;0,000;0,000;0,000;0,000;14,733;1,000;1,000;

23210;2018.04.25 01:00:00;9,223;0,000;0,000;0,000;0,000;14,733;1,000;1,000;

23211;2018.04.25 02:00:00;9,945;0,000;0,000;0,000;0,000;14,733;1,000;1,000;

23212;2018.04.25 03:00:00;9,402;0,000;0,000;0,000;0,000;14,733;1,000;1,000;

23213;2018.04.25 04:00:00;10,065;0,000;0,000;0,000;0,000;14,733;1,000;1,000;

23214;2018.04.25 05:00:00;10,258;0,000;0,000;0,000;0,000;14,733;1,000;1,000;

23215;2018.04.25 06:00:00;9,932;0,000;0,000;0,000;0,000;14,733;1,000;1,000;

23216;2018.04.25 07:00:00;10,070;0,000;0,000;0,000;0,000;14,733;1,000;1,000;

23217;2018.04.25 08:00:00;9,805;0,000;0,000;0,000;0,000;14,733;1,000;1,000;

23218;2018.04.25 09:00:00;10,369;0,000;0,000;0,000;0,000;14,733;1,000;1,000;

23219;2018.04.25 10:00:00;9,273;0,000;0,000;0,000;0,000;14,733;1,000;1,000;

23220;2018.04.25 11:00:00;9,327;0,000;0,000;0,000;0,000;14,733;1,000;1,000;

23221;2018.04.25 12:00:00;8,865;0,000;0,000;0,000;0,000;14,733;1,000;1,000;

23222;2018.04.25 13:00:00;5,477;0,000;0,000;0,000;0,000;14,733;1,000;1,000;

23223;2018.04.25 14:00:00;0,000;0,000;0,000;0,000;0,000;14,733;1,000;1,000;

23224;2018.04.25 15:00:00;0,000;0,000;0,000;0,000;0,000;14,733;1,000;1,000;

23225;2018.04.25 16:00:00;0,000;0,000;0,000;0,000;0,000;14,733;1,000;1,000;

23226;2018.04.25 17:00:00;0,000;0,000;0,000;0,000;0,000;14,733;1,000;1,000;

23227;2018.04.25 18:00:00;0,000;0,000;0,000;0,000;0,000;14,733;1,000;1,000;

23228;2018.04.25 19:00:00;0,000;0,000;0,000;0,000;0,000;14,733;1,000;1,000;

23229;2018.04.25 20:00:00;0,000;0,000;0,000;0,000;0,000;14,733;1,000;1,000;

23230;2018.04.25 21:00:00;0,000;0,000;0,000;0,000;0,000;14,733;1,000;1,000;

23231;2018.04.25 22:00:00;0,000;0,000;0,000;0,000;0,000;14,733;1,000;1,000;

23232;2018.04.25 23:00:00;0,000;0,000;0,000;0,000;0,000;14,733;1,000;1,000;

23233;2018.04.26 00:00:00;0,000;0,000;0,000;0,000;0,000;14,800;1,000;1,000;

23234;2018.04.26 01:00:00;0,000;0,000;0,000;0,000;0,000;14,800;1,000;1,000;

23235;2018.04.26 02:00:00;0,000;0,000;0,000;0,000;0,000;14,800;1,000;1,000;

23236;2018.04.26 03:00:00;0,000;0,000;0,000;0,000;0,000;14,800;1,000;1,000;

23237;2018.04.26 04:00:00;0,000;0,000;0,000;0,000;0,000;14,800;1,000;1,000;

23238;2018.04.26 05:00:00;0,000;0,000;0,000;0,000;0,000;14,800;1,000;1,000;

23239;2018.04.26 06:00:00;0,000;0,000;0,000;0,000;0,000;14,800;1,000;1,000;

23240;2018.04.26 07:00:00;0,000;0,000;0,000;0,000;0,000;14,800;1,000;1,000;

23241;2018.04.26 08:00:00;0,000;0,000;0,000;0,000;0,000;14,800;1,000;1,000;

23242;2018.04.26 09:00:00;0,000;0,000;0,000;0,000;0,000;14,800;1,000;1,000;

23243;2018.04.26 10:00:00;0,000;0,000;0,000;0,000;0,000;14,800;1,000;1,000;

23244;2018.04.26 11:00:00;0,000;0,000;0,000;0,000;0,000;14,800;1,000;1,000;

23245;2018.04.26 12:00:00;0,000;0,000;0,000;0,000;0,000;14,800;1,000;1,000;

23246;2018.04.26 13:00:00;0,000;0,000;0,000;0,000;0,000;14,800;1,000;1,000;

23247;2018.04.26 14:00:00;0,000;0,000;0,000;0,000;0,000;14,800;1,000;1,000;

23248;2018.04.26 15:00:00;0,000;0,000;0,000;0,000;0,000;14,800;1,000;1,000;

23249;2018.04.26 16:00:00;0,000;0,000;0,000;0,000;0,000;14,800;1,000;1,000;

23250;2018.04.26 17:00:00;0,000;0,000;0,000;0,000;0,000;14,800;1,000;1,000;

23251;2018.04.26 18:00:00;0,000;0,000;0,000;0,000;0,000;14,800;1,000;1,000;

23252;2018.04.26 19:00:00;0,000;0,000;0,000;0,000;0,000;14,800;1,000;1,000;

23253;2018.04.26 20:00:00;0,000;0,000;0,000;0,000;0,000;14,800;1,000;1,000;

23254;2018.04.26 21:00:00;0,000;0,000;0,000;0,000;0,000;14,800;1,000;1,000;

23255;2018.04.26 22:00:00;0,000;0,000;0,000;0,000;0,000;14,800;1,000;1,000;

23256;2018.04.26 23:00:00;0,000;0,000;0,000;0,000;0,000;14,800;1,000;1,000;

23257;2018.04.27 00:00:00;0,000;0,000;0,000;0,000;0,000;14,850;2,000;1,000;

23258;2018.04.27 01:00:00;0,000;0,000;0,000;0,000;0,000;14,850;2,000;1,000;

23259;2018.04.27 02:00:00;0,000;0,000;0,000;0,000;0,000;14,850;2,000;1,000;

23260;2018.04.27 03:00:00;0,000;0,000;0,000;0,000;0,000;14,850;2,000;1,000;

23261;2018.04.27 04:00:00;0,000;0,000;0,000;0,000;0,000;14,850;2,000;1,000;

23262;2018.04.27 05:00:00;0,000;0,000;0,000;0,000;0,000;14,850;2,000;1,000;

23263;2018.04.27 06:00:00;0,000;0,000;0,000;0,000;0,000;14,850;2,000;1,000;

23264;2018.04.27 07:00:00;0,000;0,000;0,000;0,000;0,000;14,850;2,000;1,000;

23265;2018.04.27 08:00:00;0,000;0,000;0,000;0,000;0,000;14,850;2,000;1,000;

23266;2018.04.27 09:00:00;0,000;0,000;0,000;0,000;0,000;14,850;2,000;1,000;

23267;2018.04.27 10:00:00;0,000;0,000;0,000;0,000;0,000;14,850;2,000;1,000;

23268;2018.04.27 11:00:00;0,000;0,000;0,000;0,000;0,000;14,850;2,000;1,000;

23269;2018.04.27 12:00:00;0,000;0,000;0,000;0,000;0,000;14,850;2,000;1,000;

23270;2018.04.27 13:00:00;0,000;0,000;0,000;0,000;0,000;14,850;2,000;1,000;

23271;2018.04.27 14:00:00;0,000;0,000;0,000;0,000;0,000;14,850;2,000;1,000;

23272;2018.04.27 15:00:00;6,575;0,000;0,000;0,000;0,000;14,850;2,000;1,000;

23273;2018.04.27 16:00:00;7,408;0,000;0,000;0,000;0,000;14,850;2,000;1,000;

23274;2018.04.27 17:00:00;6,852;0,000;0,000;0,000;0,000;14,850;2,000;1,000;

23275;2018.04.27 18:00:00;7,223;0,000;0,000;0,000;0,000;14,850;2,000;1,000;

23276;2018.04.27 19:00:00;6,945;0,000;0,000;0,000;0,000;14,850;2,000;1,000;

23277;2018.04.27 20:00:00;8,056;0,000;0,000;0,000;0,000;14,850;2,000;1,000;

23278;2018.04.27 21:00:00;9,167;0,000;0,000;0,000;0,000;14,850;2,000;1,000;

23279;2018.04.27 22:00:00;9,353;0,000;0,000;0,000;0,000;14,850;2,000;1,000;

23280;2018.04.27 23:00:00;7,501;0,000;0,000;0,000;0,000;14,850;2,000;1,000;

23281;2018.04.28 00:00:00;2,778;0,000;0,000;0,000;0,000;14,933;3,000;1,000;

23282;2018.04.28 01:00:00;1,482;0,000;0,000;0,000;0,000;14,933;3,000;1,000;

23283;2018.04.28 02:00:00;0,926;0,000;0,000;0,000;0,000;14,933;3,000;1,000;

23284;2018.04.28 03:00:00;9,816;0,000;0,000;0,000;0,000;14,933;3,000;1,000;

23285;2018.04.28 04:00:00;13,797;0,000;0,000;0,000;0,000;14,933;3,000;1,000;

23286;2018.04.28 05:00:00;10,371;0,000;0,000;0,000;0,000;14,933;3,000;1,000;

23287;2018.04.28 06:00:00;10,556;0,000;0,000;0,000;0,000;14,933;3,000;1,000;

23288;2018.04.28 07:00:00;11,112;0,000;0,000;0,000;0,000;14,933;3,000;1,000;

23289;2018.04.28 08:00:00;10,279;0,000;0,000;0,000;0,000;14,933;3,000;1,000;

23290;2018.04.28 09:00:00;10,093;0,000;0,000;0,000;0,000;14,933;3,000;1,000;

23291;2018.04.28 10:00:00;8,890;0,000;0,000;0,000;0,000;14,933;3,000;1,000;

23292;2018.04.28 11:00:00;7,964;0,000;0,000;0,000;0,000;14,933;3,000;1,000;

23293;2018.04.28 12:00:00;7,315;0,000;0,000;0,000;0,000;14,933;3,000;1,000;

23294;2018.04.28 13:00:00;6,575;0,000;0,000;0,000;0,000;14,933;3,000;1,000;

23295;2018.04.28 14:00:00;5,371;0,000;0,000;0,000;0,000;14,933;3,000;1,000;

23296;2018.04.28 15:00:00;5,093;0,000;0,000;0,000;0,000;14,933;3,000;1,000;

23297;2018.04.28 16:00:00;4,167;0,000;0,000;0,000;0,000;14,933;3,000;1,000;

23298;2018.04.28 17:00:00;3,982;0,000;0,000;0,000;0,000;14,933;3,000;1,000;

23299;2018.04.28 18:00:00;2,871;0,000;0,000;0,000;0,000;14,933;3,000;1,000;

23300;2018.04.28 19:00:00;3,611;0,000;0,000;0,000;0,000;14,933;3,000;1,000;

23301;2018.04.28 20:00:00;2,778;0,000;0,000;0,000;0,000;14,933;3,000;1,000;

23302;2018.04.28 21:00:00;1,296;0,000;0,000;0,000;0,000;14,933;3,000;1,000;

23303;2018.04.28 22:00:00;0,833;0,000;0,000;0,000;0,000;14,933;3,000;1,000;

23304;2018.04.28 23:00:00;0,278;0,000;0,000;0,000;0,000;14,933;3,000;1,000;

23305;2018.04.29 00:00:00;0,093;0,000;0,000;0,000;0,000;15,000;4,000;1,000;

23306;2018.04.29 01:00:00;10,464;0,000;0,000;0,000;0,000;15,000;4,000;1,000;

23307;2018.04.29 02:00:00;8,334;0,000;0,000;0,000;0,000;15,000;4,000;1,000;

23308;2018.04.29 03:00:00;8,241;0,000;0,000;0,000;0,000;15,000;4,000;1,000;

23309;2018.04.29 04:00:00;7,964;0,000;0,000;0,000;0,000;15,000;4,000;1,000;

23310;2018.04.29 05:00:00;7,871;0,000;0,000;0,000;0,000;15,000;4,000;1,000;

23311;2018.04.29 06:00:00;7,686;0,000;0,000;0,000;0,000;15,000;4,000;1,000;

23312;2018.04.29 07:00:00;9,723;0,000;0,000;0,000;0,000;15,000;4,000;1,000;

23313;2018.04.29 08:00:00;7,408;0,000;0,000;0,000;0,000;15,000;4,000;1,000;

23314;2018.04.29 09:00:00;7,593;0,000;0,000;0,000;0,000;15,000;4,000;1,000;

23315;2018.04.29 10:00:00;6,482;0,000;0,000;0,000;0,000;15,000;4,000;1,000;

23316;2018.04.29 11:00:00;6,019;0,000;0,000;0,000;0,000;15,000;4,000;1,000;

23317;2018.04.29 12:00:00;4,815;0,000;0,000;0,000;0,000;15,000;4,000;1,000;

23318;2018.04.29 13:00:00;4,537;0,000;0,000;0,000;0,000;15,000;4,000;1,000;

23319;2018.04.29 14:00:00;3,889;0,000;0,000;0,000;0,000;15,000;4,000;1,000;

23320;2018.04.29 15:00:00;3,334;0,000;0,000;0,000;0,000;15,000;4,000;1,000;

23321;2018.04.29 16:00:00;3,426;0,000;0,000;0,000;0,000;15,000;4,000;1,000;

23322;2018.04.29 17:00:00;3,334;0,000;0,000;0,000;0,000;15,000;4,000;1,000;

23323;2018.04.29 18:00:00;2,408;0,000;0,000;0,000;0,000;15,000;4,000;1,000;

23324;2018.04.29 19:00:00;1,019;0,000;0,000;0,000;0,000;15,000;4,000;1,000;

23325;2018.04.29 20:00:00;0,648;0,000;0,000;0,000;0,000;15,000;4,000;1,000;

23326;2018.04.29 21:00:00;0,278;0,000;0,000;0,000;0,000;15,000;4,000;1,000;

23327;2018.04.29 22:00:00;0,093;0,000;0,000;0,000;0,000;15,000;4,000;1,000;

23328;2018.04.29 23:00:00;0,000;0,000;0,000;0,000;0,000;15,000;4,000;1,000;

23329;2018.04.30 00:00:00;0,000;0,000;0,000;0,000;0,000;15,067;1,000;1,000;

23330;2018.04.30 01:00:00;0,000;0,000;0,000;0,000;0,000;15,067;1,000;1,000;

23331;2018.04.30 02:00:00;0,000;0,000;0,000;0,000;0,000;15,067;1,000;1,000;

23332;2018.04.30 03:00:00;8,001;0,000;0,000;0,000;0,000;15,067;1,000;1,000;

23333;2018.04.30 04:00:00;14,001;0,000;0,000;0,000;0,000;15,067;1,000;1,000;

23334;2018.04.30 05:00:00;9,612;0,000;0,000;0,000;0,000;15,067;1,000;1,000;

23335;2018.04.30 06:00:00;10,493;0,000;0,000;0,000;0,000;15,067;1,000;1,000;

23336;2018.04.30 07:00:00;9,194;0,000;0,000;0,000;0,000;15,067;1,000;1,000;

23337;2018.04.30 08:00:00;8,334;0,000;0,000;0,000;0,000;15,067;1,000;1,000;

23338;2018.04.30 09:00:00;7,130;0,000;0,000;0,000;0,000;15,067;1,000;1,000;

23339;2018.04.30 10:00:00;5,781;0,000;0,000;0,000;0,000;15,067;1,000;1,000;

23340;2018.04.30 11:00:00;3,757;0,000;0,000;0,000;0,000;15,067;1,000;1,000;

23341;2018.04.30 12:00:00;2,222;0,000;0,000;0,000;0,000;15,067;1,000;1,000;

23342;2018.04.30 13:00:00;2,685;0,000;0,000;0,000;0,000;15,067;1,000;1,000;

23343;2018.04.30 14:00:00;3,056;0,000;0,000;0,000;0,000;15,067;1,000;1,000;

23344;2018.04.30 15:00:00;2,778;0,000;0,000;0,000;0,000;15,067;1,000;1,000;

23345;2018.04.30 16:00:00;2,593;0,000;0,000;0,000;0,000;15,067;1,000;1,000;

23346;2018.04.30 17:00:00;1,296;0,000;0,000;0,000;0,000;15,067;1,000;1,000;

23347;2018.04.30 18:00:00;0,648;0,000;0,000;0,000;0,000;15,067;1,000;1,000;

23348;2018.04.30 19:00:00;0,278;0,000;0,000;0,000;0,000;15,067;1,000;1,000;

23349;2018.04.30 20:00:00;0,093;0,000;0,000;0,000;0,000;15,067;1,000;1,000;

23350;2018.04.30 21:00:00;1,296;0,000;0,000;0,000;0,000;15,067;1,000;1,000;

23351;2018.04.30 22:00:00;5,649;0,000;0,000;0,000;0,000;15,067;1,000;1,000;

23352;2018.04.30 23:00:00;5,000;0,000;0,000;0,000;0,000;15,067;1,000;1,000;

23353;2018.05.01 00:00:00;5,463;0,000;0,000;0,000;0,000;15,133;5,000;1,000;

23354;2018.05.01 01:00:00;7,501;0,000;0,000;0,000;0,000;15,133;5,000;1,000;

23355;2018.05.01 02:00:00;7,871;0,000;0,000;0,000;0,000;15,133;5,000;1,000;

23356;2018.05.01 03:00:00;8,519;0,000;0,000;0,000;0,000;15,133;5,000;1,000;

23357;2018.05.01 04:00:00;7,964;0,000;0,000;0,000;0,000;15,133;5,000;1,000;

23358;2018.05.01 05:00:00;9,908;0,000;0,000;0,000;0,000;15,133;5,000;1,000;

23359;2018.05.01 06:00:00;10,093;0,000;0,000;0,000;0,000;15,133;5,000;1,000;

23360;2018.05.01 07:00:00;9,075;0,000;0,000;0,000;0,000;15,133;5,000;1,000;

23361;2018.05.01 08:00:00;8,149;0,000;0,000;0,000;0,000;15,133;5,000;1,000;

23362;2018.05.01 09:00:00;7,686;0,000;0,000;0,000;0,000;15,133;5,000;1,000;

23363;2018.05.01 10:00:00;7,130;0,000;0,000;0,000;0,000;15,133;5,000;1,000;

23364;2018.05.01 11:00:00;6,297;0,000;0,000;0,000;0,000;15,133;5,000;1,000;

23365;2018.05.01 12:00:00;5,463;0,000;0,000;0,000;0,000;15,133;5,000;1,000;

23366;2018.05.01 13:00:00;4,537;0,000;0,000;0,000;0,000;15,133;5,000;1,000;

23367;2018.05.01 14:00:00;3,797;0,000;0,000;0,000;0,000;15,133;5,000;1,000;

23368;2018.05.01 15:00:00;3,797;0,000;0,000;0,000;0,000;15,133;5,000;1,000;

23369;2018.05.01 16:00:00;3,148;0,000;0,000;0,000;0,000;15,133;5,000;1,000;

23370;2018.05.01 17:00:00;2,963;0,000;0,000;0,000;0,000;15,133;5,000;1,000;

23371;2018.05.01 18:00:00;1,648;0,000;0,000;0,000;0,000;15,133;5,000;1,000;

23372;2018.05.01 19:00:00;0,845;0,000;0,000;0,000;0,000;15,133;5,000;1,000;

23373;2018.05.01 20:00:00;0,562;0,000;0,000;0,000;0,000;15,133;5,000;1,000;

23374;2018.05.01 21:00:00;5,822;0,000;0,000;0,000;0,000;15,133;5,000;1,000;

23375;2018.05.01 22:00:00;10,198;0,000;0,000;0,000;0,000;15,133;5,000;1,000;

23376;2018.05.01 23:00:00;8,704;0,000;0,000;0,000;0,000;15,133;5,000;1,000;

23377;2018.05.02 00:00:00;7,501;0,000;0,000;0,000;0,000;15,200;1,000;1,000;

23378;2018.05.02 01:00:00;9,816;0,000;0,000;0,000;0,000;15,200;1,000;1,000;

23379;2018.05.02 02:00:00;10,279;0,000;0,000;0,000;0,000;15,200;1,000;1,000;

23380;2018.05.02 03:00:00;10,371;0,000;0,000;0,000;0,000;15,200;1,000;1,000;

23381;2018.05.02 04:00:00;11,760;0,000;0,000;0,000;0,000;15,200;1,000;1,000;

23382;2018.05.02 05:00:00;12,131;0,000;0,000;0,000;0,000;15,200;1,000;1,000;

23383;2018.05.02 06:00:00;12,779;0,000;0,000;0,000;0,000;15,200;1,000;1,000;

23384;2018.05.02 07:00:00;12,501;0,000;0,000;0,000;0,000;15,200;1,000;1,000;

23385;2018.05.02 08:00:00;11,615;0,000;0,000;0,000;0,000;15,200;1,000;1,000;

23386;2018.05.02 09:00:00;10,980;0,000;0,000;0,000;0,000;15,200;1,000;1,000;

23387;2018.05.02 10:00:00;10,186;0,000;0,000;0,000;0,000;15,200;1,000;1,000;

23388;2018.05.02 11:00:00;9,167;0,000;0,000;0,000;0,000;15,200;1,000;1,000;

23389;2018.05.02 12:00:00;8,334;0,000;0,000;0,000;0,000;15,200;1,000;1,000;

23390;2018.05.02 13:00:00;6,945;0,000;0,000;0,000;0,000;15,200;1,000;1,000;

23391;2018.05.02 14:00:00;6,575;0,000;0,000;0,000;0,000;15,200;1,000;1,000;

23392;2018.05.02 15:00:00;6,019;0,000;0,000;0,000;0,000;15,200;1,000;1,000;

23393;2018.05.02 16:00:00;5,741;0,000;0,000;0,000;0,000;15,200;1,000;1,000;

23394;2018.05.02 17:00:00;5,926;0,000;0,000;0,000;0,000;15,200;1,000;1,000;

23395;2018.05.02 18:00:00;6,297;0,000;0,000;0,000;0,000;15,200;1,000;1,000;

23396;2018.05.02 19:00:00;6,667;0,000;0,000;0,000;0,000;15,200;1,000;1,000;

23397;2018.05.02 20:00:00;7,223;0,000;0,000;0,000;0,000;15,200;1,000;1,000;

23398;2018.05.02 21:00:00;7,408;0,000;0,000;0,000;0,000;15,200;1,000;1,000;

23399;2018.05.02 22:00:00;7,274;0,000;0,000;0,000;0,000;15,200;1,000;1,000;

23400;2018.05.02 23:00:00;7,357;0,000;0,000;0,000;0,000;15,200;1,000;1,000;

23401;2018.05.03 00:00:00;7,315;0,000;0,000;0,000;0,000;15,267;5,000;1,000;

23402;2018.05.03 01:00:00;8,241;0,000;0,000;0,000;0,000;15,267;5,000;1,000;

23403;2018.05.03 02:00:00;7,315;0,000;0,000;0,000;0,000;15,267;5,000;1,000;

23404;2018.05.03 03:00:00;8,427;0,000;0,000;0,000;0,000;15,267;5,000;1,000;

23405;2018.05.03 04:00:00;8,334;0,000;0,000;0,000;0,000;15,267;5,000;1,000;

23406;2018.05.03 05:00:00;8,519;0,000;0,000;0,000;0,000;15,267;5,000;1,000;

23407;2018.05.03 06:00:00;9,075;0,000;0,000;0,000;0,000;15,267;5,000;1,000;

23408;2018.05.03 07:00:00;8,334;0,000;0,000;0,000;0,000;15,267;5,000;1,000;

23409;2018.05.03 08:00:00;7,545;0,000;0,000;0,000;0,000;15,267;5,000;1,000;

23410;2018.05.03 09:00:00;7,826;0,000;0,000;0,000;0,000;15,267;5,000;1,000;

23411;2018.05.03 10:00:00;7,315;0,000;0,000;0,000;0,000;15,267;5,000;1,000;

23412;2018.05.03 11:00:00;6,667;0,000;0,000;0,000;0,000;15,267;5,000;1,000;

23413;2018.05.03 12:00:00;6,389;0,000;0,000;0,000;0,000;15,267;5,000;1,000;

23414;2018.05.03 13:00:00;5,926;0,000;0,000;0,000;0,000;15,267;5,000;1,000;

23415;2018.05.03 14:00:00;6,019;0,000;0,000;0,000;0,000;15,267;5,000;1,000;

23416;2018.05.03 15:00:00;5,556;0,000;0,000;0,000;0,000;15,267;5,000;1,000;

23417;2018.05.03 16:00:00;6,297;0,000;0,000;0,000;0,000;15,267;5,000;1,000;

23418;2018.05.03 17:00:00;6,297;0,000;0,000;0,000;0,000;15,267;5,000;1,000;

23419;2018.05.03 18:00:00;7,964;0,000;0,000;0,000;0,000;15,267;5,000;1,000;

23420;2018.05.03 19:00:00;8,612;0,000;0,000;0,000;0,000;15,267;5,000;1,000;

23421;2018.05.03 20:00:00;8,890;0,000;0,000;0,000;0,000;15,267;5,000;1,000;

23422;2018.05.03 21:00:00;9,167;0,000;0,000;0,000;0,000;15,267;5,000;1,000;

23423;2018.05.03 22:00:00;9,908;0,000;0,000;0,000;0,000;15,267;5,000;1,000;

23424;2018.05.03 23:00:00;9,908;0,000;0,000;0,000;0,000;15,267;5,000;1,000;

23425;2018.05.04 00:00:00;9,630;0,000;0,000;0,000;0,000;15,317;2,000;1,000;

23426;2018.05.04 01:00:00;12,964;0,000;0,000;0,000;0,000;15,317;2,000;1,000;

23427;2018.05.04 02:00:00;12,594;0,000;0,000;0,000;0,000;15,317;2,000;1,000;

23428;2018.05.04 03:00:00;13,797;0,000;0,000;0,000;0,000;15,317;2,000;1,000;

23429;2018.05.04 04:00:00;14,723;0,000;0,000;0,000;0,000;15,317;2,000;1,000;

23430;2018.05.04 05:00:00;15,464;0,000;0,000;0,000;0,000;15,317;2,000;1,000;

23431;2018.05.04 06:00:00;15,742;0,000;0,000;0,000;0,000;15,317;2,000;1,000;

23432;2018.05.04 07:00:00;15,279;0,000;0,000;0,000;0,000;15,317;2,000;1,000;

23433;2018.05.04 08:00:00;13,983;0,000;0,000;0,000;0,000;15,317;2,000;1,000;

23434;2018.05.04 09:00:00;12,779;0,000;0,000;0,000;0,000;15,317;2,000;1,000;

23435;2018.05.04 10:00:00;11,575;0,000;0,000;0,000;0,000;15,317;2,000;1,000;

23436;2018.05.04 11:00:00;10,464;0,000;0,000;0,000;0,000;15,317;2,000;1,000;

23437;2018.05.04 12:00:00;9,816;0,000;0,000;0,000;0,000;15,317;2,000;1,000;

23438;2018.05.04 13:00:00;8,982;0,000;0,000;0,000;0,000;15,317;2,000;1,000;

23439;2018.05.04 14:00:00;8,612;0,000;0,000;0,000;0,000;15,317;2,000;1,000;

23440;2018.05.04 15:00:00;7,871;0,000;0,000;0,000;0,000;15,317;2,000;1,000;

23441;2018.05.04 16:00:00;8,241;0,000;0,000;0,000;0,000;15,317;2,000;1,000;

23442;2018.05.04 17:00:00;8,334;0,000;0,000;0,000;0,000;15,317;2,000;1,000;

23443;2018.05.04 18:00:00;8,427;0,000;0,000;0,000;0,000;15,317;2,000;1,000;

23444;2018.05.04 19:00:00;8,427;0,000;0,000;0,000;0,000;15,317;2,000;1,000;

23445;2018.05.04 20:00:00;9,816;0,000;0,000;0,000;0,000;15,317;2,000;1,000;

23446;2018.05.04 21:00:00;9,723;0,000;0,000;0,000;0,000;15,317;2,000;1,000;

23447;2018.05.04 22:00:00;11,205;0,000;0,000;0,000;0,000;15,317;2,000;1,000;

23448;2018.05.04 23:00:00;11,297;0,000;0,000;0,000;0,000;15,317;2,000;1,000;

23449;2018.05.05 00:00:00;11,019;0,000;0,000;0,000;0,000;15,383;3,000;1,000;

23450;2018.05.05 01:00:00;13,242;0,000;0,000;0,000;0,000;15,383;3,000;1,000;

23451;2018.05.05 02:00:00;13,520;0,000;0,000;0,000;0,000;15,383;3,000;1,000;

23452;2018.05.05 03:00:00;15,186;0,000;0,000;0,000;0,000;15,383;3,000;1,000;

23453;2018.05.05 04:00:00;14,909;0,000;0,000;0,000;0,000;15,383;3,000;1,000;

23454;2018.05.05 05:00:00;14,816;0,000;0,000;0,000;0,000;15,383;3,000;1,000;

23455;2018.05.05 06:00:00;16,298;0,000;0,000;0,000;0,000;15,383;3,000;1,000;

23456;2018.05.05 07:00:00;15,186;0,000;0,000;0,000;0,000;15,383;3,000;1,000;

23457;2018.05.05 08:00:00;13,983;0,000;0,000;0,000;0,000;15,383;3,000;1,000;

23458;2018.05.05 09:00:00;12,616;0,000;0,000;0,000;0,000;15,383;3,000;1,000;

23459;2018.05.05 10:00:00;11,460;0,000;0,000;0,000;0,000;15,383;3,000;1,000;

23460;2018.05.05 11:00:00;9,908;0,000;0,000;0,000;0,000;15,383;3,000;1,000;

23461;2018.05.05 12:00:00;8,427;0,000;0,000;0,000;0,000;15,383;3,000;1,000;

23462;2018.05.05 13:00:00;7,501;0,000;0,000;0,000;0,000;15,383;3,000;1,000;

23463;2018.05.05 14:00:00;6,945;0,000;0,000;0,000;0,000;15,383;3,000;1,000;

23464;2018.05.05 15:00:00;6,575;0,000;0,000;0,000;0,000;15,383;3,000;1,000;

23465;2018.05.05 16:00:00;6,204;0,000;0,000;0,000;0,000;15,383;3,000;1,000;

23466;2018.05.05 17:00:00;5,741;0,000;0,000;0,000;0,000;15,383;3,000;1,000;

23467;2018.05.05 18:00:00;6,297;0,000;0,000;0,000;0,000;15,383;3,000;1,000;

23468;2018.05.05 19:00:00;7,315;0,000;0,000;0,000;0,000;15,383;3,000;1,000;

23469;2018.05.05 20:00:00;7,686;0,000;0,000;0,000;0,000;15,383;3,000;1,000;

23470;2018.05.05 21:00:00;8,797;0,000;0,000;0,000;0,000;15,383;3,000;1,000;

23471;2018.05.05 22:00:00;9,075;0,000;0,000;0,000;0,000;15,383;3,000;1,000;

23472;2018.05.05 23:00:00;9,908;0,000;0,000;0,000;0,000;15,383;3,000;1,000;

23473;2018.05.06 00:00:00;9,075;0,000;0,000;0,000;0,000;15,450;4,000;1,000;

23474;2018.05.06 01:00:00;11,112;0,000;0,000;0,000;0,000;15,450;4,000;1,000;

23475;2018.05.06 02:00:00;11,853;0,000;0,000;0,000;0,000;15,450;4,000;1,000;

23476;2018.05.06 03:00:00;11,945;0,000;0,000;0,000;0,000;15,450;4,000;1,000;

23477;2018.05.06 04:00:00;12,964;0,000;0,000;0,000;0,000;15,450;4,000;1,000;

23478;2018.05.06 05:00:00;13,797;0,000;0,000;0,000;0,000;15,450;4,000;1,000;

23479;2018.05.06 06:00:00;13,705;0,000;0,000;0,000;0,000;15,450;4,000;1,000;

23480;2018.05.06 07:00:00;14,353;0,000;0,000;0,000;0,000;15,450;4,000;1,000;

23481;2018.05.06 08:00:00;12,038;0,000;0,000;0,000;0,000;15,450;4,000;1,000;

23482;2018.05.06 09:00:00;11,019;0,000;0,000;0,000;0,000;15,450;4,000;1,000;

23483;2018.05.06 10:00:00;9,630;0,000;0,000;0,000;0,000;15,450;4,000;1,000;

23484;2018.05.06 11:00:00;6,019;0,000;0,000;0,000;0,000;15,450;4,000;1,000;

23485;2018.05.06 12:00:00;0,000;0,000;0,000;0,000;0,000;15,450;4,000;1,000;

23486;2018.05.06 13:00:00;0,000;0,000;0,000;0,000;0,000;15,450;4,000;1,000;

23487;2018.05.06 14:00:00;0,000;0,000;0,000;0,000;0,000;15,450;4,000;1,000;

23488;2018.05.06 15:00:00;0,000;0,000;0,000;0,000;0,000;15,450;4,000;1,000;

23489;2018.05.06 16:00:00;0,000;0,000;0,000;0,000;0,000;15,450;4,000;1,000;

23490;2018.05.06 17:00:00;0,000;0,000;0,000;0,000;0,000;15,450;4,000;1,000;

23491;2018.05.06 18:00:00;0,000;0,000;0,000;0,000;0,000;15,450;4,000;1,000;

23492;2018.05.06 19:00:00;0,000;0,000;0,000;0,000;0,000;15,450;4,000;1,000;

23493;2018.05.06 20:00:00;0,000;0,000;0,000;0,000;0,000;15,450;4,000;1,000;

23494;2018.05.06 21:00:00;0,000;0,000;0,000;0,000;0,000;15,450;4,000;1,000;

23495;2018.05.06 22:00:00;0,000;0,000;0,000;0,000;0,000;15,450;4,000;1,000;

23496;2018.05.06 23:00:00;0,000;0,000;0,000;0,000;0,000;15,450;4,000;1,000;

23497;2018.05.07 00:00:00;0,000;0,000;0,000;0,000;0,000;15,517;1,000;1,000;

23498;2018.05.07 01:00:00;0,000;0,000;0,000;0,000;0,000;15,517;1,000;1,000;

23499;2018.05.07 02:00:00;0,000;0,000;0,000;0,000;0,000;15,517;1,000;1,000;

23500;2018.05.07 03:00:00;0,000;0,000;0,000;0,000;0,000;15,517;1,000;1,000;

23501;2018.05.07 04:00:00;0,000;0,000;0,000;0,000;0,000;15,517;1,000;1,000;

23502;2018.05.07 05:00:00;0,000;0,000;0,000;0,000;0,000;15,517;1,000;1,000;

23503;2018.05.07 06:00:00;0,000;0,000;0,000;0,000;0,000;15,517;1,000;1,000;

23504;2018.05.07 07:00:00;0,000;0,000;0,000;0,000;0,000;15,517;1,000;1,000;

23505;2018.05.07 08:00:00;0,000;0,000;0,000;0,000;0,000;15,517;1,000;1,000;

23506;2018.05.07 09:00:00;0,000;0,000;0,000;0,000;0,000;15,517;1,000;1,000;

23507;2018.05.07 10:00:00;0,000;0,000;0,000;0,000;0,000;15,517;1,000;1,000;

23508;2018.05.07 11:00:00;0,000;0,000;0,000;0,000;0,000;15,517;1,000;1,000;

23509;2018.05.07 12:00:00;0,000;0,000;0,000;0,000;0,000;15,517;1,000;1,000;

23510;2018.05.07 13:00:00;0,000;0,000;0,000;0,000;0,000;15,517;1,000;1,000;

23511;2018.05.07 14:00:00;0,000;0,000;0,000;0,000;0,000;15,517;1,000;1,000;

23512;2018.05.07 15:00:00;0,000;0,000;0,000;0,000;0,000;15,517;1,000;1,000;

23513;2018.05.07 16:00:00;0,000;0,000;0,000;0,000;0,000;15,517;1,000;1,000;

23514;2018.05.07 17:00:00;0,000;0,000;0,000;0,000;0,000;15,517;1,000;1,000;

23515;2018.05.07 18:00:00;0,000;0,000;0,000;0,000;0,000;15,517;1,000;1,000;

23516;2018.05.07 19:00:00;0,000;0,000;0,000;0,000;0,000;15,517;1,000;1,000;

23517;2018.05.07 20:00:00;0,000;0,000;0,000;0,000;0,000;15,517;1,000;1,000;

23518;2018.05.07 21:00:00;0,000;0,000;0,000;0,000;0,000;15,517;1,000;1,000;

23519;2018.05.07 22:00:00;0,000;0,000;0,000;0,000;0,000;15,517;1,000;1,000;

23520;2018.05.07 23:00:00;0,000;0,000;0,000;0,000;0,000;15,517;1,000;1,000;

23521;2018.05.08 00:00:00;0,000;0,000;0,000;0,000;0,000;15,583;1,000;1,000;

23522;2018.05.08 01:00:00;0,000;0,000;0,000;0,000;0,000;15,583;1,000;1,000;

23523;2018.05.08 02:00:00;0,000;0,000;0,000;0,000;0,000;15,583;1,000;1,000;

23524;2018.05.08 03:00:00;0,000;0,000;0,000;0,000;0,000;15,583;1,000;1,000;

23525;2018.05.08 04:00:00;0,000;0,000;0,000;0,000;0,000;15,583;1,000;1,000;

23526;2018.05.08 05:00:00;0,000;0,000;0,000;0,000;0,000;15,583;1,000;1,000;

23527;2018.05.08 06:00:00;0,000;0,000;0,000;0,000;0,000;15,583;1,000;1,000;

23528;2018.05.08 07:00:00;0,000;0,000;0,000;0,000;0,000;15,583;1,000;1,000;

23529;2018.05.08 08:00:00;0,000;0,000;0,000;0,000;0,000;15,583;1,000;1,000;

23530;2018.05.08 09:00:00;0,000;0,000;0,000;0,000;0,000;15,583;1,000;1,000;

23531;2018.05.08 10:00:00;0,000;0,000;0,000;0,000;0,000;15,583;1,000;1,000;

23532;2018.05.08 11:00:00;0,000;0,000;0,000;0,000;0,000;15,583;1,000;1,000;

23533;2018.05.08 12:00:00;0,000;0,000;0,000;0,000;0,000;15,583;1,000;1,000;

23534;2018.05.08 13:00:00;0,000;0,000;0,000;0,000;0,000;15,583;1,000;1,000;

23535;2018.05.08 14:00:00;0,000;0,000;0,000;0,000;0,000;15,583;1,000;1,000;

23536;2018.05.08 15:00:00;0,000;0,000;0,000;0,000;0,000;15,583;1,000;1,000;

23537;2018.05.08 16:00:00;0,000;0,000;0,000;0,000;0,000;15,583;1,000;1,000;

23538;2018.05.08 17:00:00;0,000;0,000;0,000;0,000;0,000;15,583;1,000;1,000;

23539;2018.05.08 18:00:00;0,000;0,000;0,000;0,000;0,000;15,583;1,000;1,000;

23540;2018.05.08 19:00:00;0,000;0,000;0,000;0,000;0,000;15,583;1,000;1,000;

23541;2018.05.08 20:00:00;0,000;0,000;0,000;0,000;0,000;15,583;1,000;1,000;

23542;2018.05.08 21:00:00;0,000;0,000;0,000;0,000;0,000;15,583;1,000;1,000;

23543;2018.05.08 22:00:00;0,000;0,000;0,000;0,000;0,000;15,583;1,000;1,000;

23544;2018.05.08 23:00:00;0,000;0,000;0,000;0,000;0,000;15,583;1,000;1,000;

23545;2018.05.09 00:00:00;0,000;0,000;0,000;0,000;0,000;15,633;1,000;1,000;

23546;2018.05.09 01:00:00;0,000;0,000;0,000;0,000;0,000;15,633;1,000;1,000;

23547;2018.05.09 02:00:00;0,000;0,000;0,000;0,000;0,000;15,633;1,000;1,000;

23548;2018.05.09 03:00:00;0,000;0,000;0,000;0,000;0,000;15,633;1,000;1,000;

23549;2018.05.09 04:00:00;0,000;0,000;0,000;0,000;0,000;15,633;1,000;1,000;

23550;2018.05.09 05:00:00;0,000;0,000;0,000;0,000;0,000;15,633;1,000;1,000;

23551;2018.05.09 06:00:00;0,000;0,000;0,000;0,000;0,000;15,633;1,000;1,000;

23552;2018.05.09 07:00:00;0,000;0,000;0,000;0,000;0,000;15,633;1,000;1,000;

23553;2018.05.09 08:00:00;0,000;0,000;0,000;0,000;0,000;15,633;1,000;1,000;

23554;2018.05.09 09:00:00;0,000;0,000;0,000;0,000;0,000;15,633;1,000;1,000;

23555;2018.05.09 10:00:00;0,000;0,000;0,000;0,000;0,000;15,633;1,000;1,000;

23556;2018.05.09 11:00:00;0,000;0,000;0,000;0,000;0,000;15,633;1,000;1,000;

23557;2018.05.09 12:00:00;0,000;0,000;0,000;0,000;0,000;15,633;1,000;1,000;

23558;2018.05.09 13:00:00;0,000;0,000;0,000;0,000;0,000;15,633;1,000;1,000;

23559;2018.05.09 14:00:00;0,000;0,000;0,000;0,000;0,000;15,633;1,000;1,000;

23560;2018.05.09 15:00:00;0,000;0,000;0,000;0,000;0,000;15,633;1,000;1,000;

23561;2018.05.09 16:00:00;0,000;0,000;0,000;0,000;0,000;15,633;1,000;1,000;

23562;2018.05.09 17:00:00;0,000;0,000;0,000;0,000;0,000;15,633;1,000;1,000;

23563;2018.05.09 18:00:00;0,000;0,000;0,000;0,000;0,000;15,633;1,000;1,000;

23564;2018.05.09 19:00:00;0,000;0,000;0,000;0,000;0,000;15,633;1,000;1,000;

23565;2018.05.09 20:00:00;0,000;0,000;0,000;0,000;0,000;15,633;1,000;1,000;

23566;2018.05.09 21:00:00;0,000;0,000;0,000;0,000;0,000;15,633;1,000;1,000;

23567;2018.05.09 22:00:00;0,000;0,000;0,000;0,000;0,000;15,633;1,000;1,000;

23568;2018.05.09 23:00:00;0,000;0,000;0,000;0,000;0,000;15,633;1,000;1,000;

23569;2018.05.10 00:00:00;0,000;0,000;0,000;0,000;0,000;15,700;1,000;1,000;

23570;2018.05.10 01:00:00;0,000;0,000;0,000;0,000;0,000;15,700;1,000;1,000;

23571;2018.05.10 02:00:00;0,000;0,000;0,000;0,000;0,000;15,700;1,000;1,000;

23572;2018.05.10 03:00:00;0,000;0,000;0,000;0,000;0,000;15,700;1,000;1,000;

23573;2018.05.10 04:00:00;0,000;0,000;0,000;0,000;0,000;15,700;1,000;1,000;

23574;2018.05.10 05:00:00;0,000;0,000;0,000;0,000;0,000;15,700;1,000;1,000;

23575;2018.05.10 06:00:00;0,000;0,000;0,000;0,000;0,000;15,700;1,000;1,000;

23576;2018.05.10 07:00:00;0,000;0,000;0,000;0,000;0,000;15,700;1,000;1,000;

23577;2018.05.10 08:00:00;0,000;0,000;0,000;0,000;0,000;15,700;1,000;1,000;

23578;2018.05.10 09:00:00;0,000;0,000;0,000;0,000;0,000;15,700;1,000;1,000;

23579;2018.05.10 10:00:00;0,000;0,000;0,000;0,000;0,000;15,700;1,000;1,000;

23580;2018.05.10 11:00:00;0,000;0,000;0,000;0,000;0,000;15,700;1,000;1,000;

23581;2018.05.10 12:00:00;0,000;0,000;0,000;0,000;0,000;15,700;1,000;1,000;

23582;2018.05.10 13:00:00;0,000;0,000;0,000;0,000;0,000;15,700;1,000;1,000;

23583;2018.05.10 14:00:00;0,000;0,000;0,000;0,000;0,000;15,700;1,000;1,000;

23584;2018.05.10 15:00:00;0,000;0,000;0,000;0,000;0,000;15,700;1,000;1,000;

23585;2018.05.10 16:00:00;0,000;0,000;0,000;0,000;0,000;15,700;1,000;1,000;

23586;2018.05.10 17:00:00;0,000;0,000;0,000;0,000;0,000;15,700;1,000;1,000;

23587;2018.05.10 18:00:00;0,000;0,000;0,000;0,000;0,000;15,700;1,000;1,000;

23588;2018.05.10 19:00:00;0,000;0,000;0,000;0,000;0,000;15,700;1,000;1,000;

23589;2018.05.10 20:00:00;0,000;0,000;0,000;0,000;0,000;15,700;1,000;1,000;

23590;2018.05.10 21:00:00;0,000;0,000;0,000;0,000;0,000;15,700;1,000;1,000;

23591;2018.05.10 22:00:00;0,000;0,000;0,000;0,000;0,000;15,700;1,000;1,000;

23592;2018.05.10 23:00:00;0,000;0,000;0,000;0,000;0,000;15,700;1,000;1,000;

23593;2018.05.11 00:00:00;0,000;0,000;0,000;0,000;0,000;15,767;2,000;1,000;

23594;2018.05.11 01:00:00;0,000;0,000;0,000;0,000;0,000;15,767;2,000;1,000;

23595;2018.05.11 02:00:00;0,000;0,000;0,000;0,000;0,000;15,767;2,000;1,000;

23596;2018.05.11 03:00:00;0,000;0,000;0,000;0,000;0,000;15,767;2,000;1,000;

23597;2018.05.11 04:00:00;0,000;0,000;0,000;0,000;0,000;15,767;2,000;1,000;

23598;2018.05.11 05:00:00;0,000;0,000;0,000;0,000;0,000;15,767;2,000;1,000;

23599;2018.05.11 06:00:00;0,000;0,000;0,000;0,000;0,000;15,767;2,000;1,000;

23600;2018.05.11 07:00:00;0,000;0,000;0,000;0,000;0,000;15,767;2,000;1,000;

23601;2018.05.11 08:00:00;0,000;0,000;0,000;0,000;0,000;15,767;2,000;1,000;

23602;2018.05.11 09:00:00;0,000;0,000;0,000;0,000;0,000;15,767;2,000;1,000;

23603;2018.05.11 10:00:00;0,000;0,000;0,000;0,000;0,000;15,767;2,000;1,000;

23604;2018.05.11 11:00:00;0,000;0,000;0,000;0,000;0,000;15,767;2,000;1,000;

23605;2018.05.11 12:00:00;0,000;0,000;0,000;0,000;0,000;15,767;2,000;1,000;

23606;2018.05.11 13:00:00;0,000;0,000;0,000;0,000;0,000;15,767;2,000;1,000;

23607;2018.05.11 14:00:00;0,000;0,000;0,000;0,000;0,000;15,767;2,000;1,000;

23608;2018.05.11 15:00:00;0,000;0,000;0,000;0,000;0,000;15,767;2,000;1,000;

23609;2018.05.11 16:00:00;0,000;0,000;0,000;0,000;0,000;15,767;2,000;1,000;

23610;2018.05.11 17:00:00;0,000;0,000;0,000;0,000;0,000;15,767;2,000;1,000;

23611;2018.05.11 18:00:00;0,000;0,000;0,000;0,000;0,000;15,767;2,000;1,000;

23612;2018.05.11 19:00:00;0,000;0,000;0,000;0,000;0,000;15,767;2,000;1,000;

23613;2018.05.11 20:00:00;0,000;0,000;0,000;0,000;0,000;15,767;2,000;1,000;

23614;2018.05.11 21:00:00;0,000;0,000;0,000;0,000;0,000;15,767;2,000;1,000;

23615;2018.05.11 22:00:00;0,000;0,000;0,000;0,000;0,000;15,767;2,000;1,000;

23616;2018.05.11 23:00:00;0,000;0,000;0,000;0,000;0,000;15,767;2,000;1,000;

23617;2018.05.12 00:00:00;0,000;0,000;0,000;0,000;0,000;15,817;3,000;1,000;

23618;2018.05.12 01:00:00;0,000;0,000;0,000;0,000;0,000;15,817;3,000;1,000;

23619;2018.05.12 02:00:00;0,000;0,000;0,000;0,000;0,000;15,817;3,000;1,000;

23620;2018.05.12 03:00:00;0,000;0,000;0,000;0,000;0,000;15,817;3,000;1,000;

23621;2018.05.12 04:00:00;0,000;0,000;0,000;0,000;0,000;15,817;3,000;1,000;

23622;2018.05.12 05:00:00;0,000;0,000;0,000;0,000;0,000;15,817;3,000;1,000;

23623;2018.05.12 06:00:00;0,000;0,000;0,000;0,000;0,000;15,817;3,000;1,000;

23624;2018.05.12 07:00:00;0,000;0,000;0,000;0,000;0,000;15,817;3,000;1,000;

23625;2018.05.12 08:00:00;0,000;0,000;0,000;0,000;0,000;15,817;3,000;1,000;

23626;2018.05.12 09:00:00;0,000;0,000;0,000;0,000;0,000;15,817;3,000;1,000;

23627;2018.05.12 10:00:00;0,000;0,000;0,000;0,000;0,000;15,817;3,000;1,000;

23628;2018.05.12 11:00:00;0,000;0,000;0,000;0,000;0,000;15,817;3,000;1,000;

23629;2018.05.12 12:00:00;0,000;0,000;0,000;0,000;0,000;15,817;3,000;1,000;

23630;2018.05.12 13:00:00;0,000;0,000;0,000;0,000;0,000;15,817;3,000;1,000;

23631;2018.05.12 14:00:00;0,000;0,000;0,000;0,000;0,000;15,817;3,000;1,000;

23632;2018.05.12 15:00:00;0,000;0,000;0,000;0,000;0,000;15,817;3,000;1,000;

23633;2018.05.12 16:00:00;0,000;0,000;0,000;0,000;0,000;15,817;3,000;1,000;

23634;2018.05.12 17:00:00;0,000;0,000;0,000;0,000;0,000;15,817;3,000;1,000;

23635;2018.05.12 18:00:00;0,000;0,000;0,000;0,000;0,000;15,817;3,000;1,000;

23636;2018.05.12 19:00:00;0,000;0,000;0,000;0,000;0,000;15,817;3,000;1,000;

23637;2018.05.12 20:00:00;0,000;0,000;0,000;0,000;0,000;15,817;3,000;1,000;

23638;2018.05.12 21:00:00;0,000;0,000;0,000;0,000;0,000;15,817;3,000;1,000;

23639;2018.05.12 22:00:00;0,000;0,000;0,000;0,000;0,000;15,817;3,000;1,000;

23640;2018.05.12 23:00:00;0,000;0,000;0,000;0,000;0,000;15,817;3,000;1,000;

23641;2018.05.13 00:00:00;0,000;0,000;0,000;0,000;0,000;15,867;4,000;1,000;

23642;2018.05.13 01:00:00;0,000;0,000;0,000;0,000;0,000;15,867;4,000;1,000;

23643;2018.05.13 02:00:00;0,000;0,000;0,000;0,000;0,000;15,867;4,000;1,000;

23644;2018.05.13 03:00:00;0,000;0,000;0,000;0,000;0,000;15,867;4,000;1,000;

23645;2018.05.13 04:00:00;0,000;0,000;0,000;0,000;0,000;15,867;4,000;1,000;

23646;2018.05.13 05:00:00;0,000;0,000;0,000;0,000;0,000;15,867;4,000;1,000;

23647;2018.05.13 06:00:00;0,000;0,000;0,000;0,000;0,000;15,867;4,000;1,000;

23648;2018.05.13 07:00:00;0,000;0,000;0,000;0,000;0,000;15,867;4,000;1,000;

23649;2018.05.13 08:00:00;0,000;0,000;0,000;0,000;0,000;15,867;4,000;1,000;

23650;2018.05.13 09:00:00;0,000;0,000;0,000;0,000;0,000;15,867;4,000;1,000;

23651;2018.05.13 10:00:00;0,000;0,000;0,000;0,000;0,000;15,867;4,000;1,000;

23652;2018.05.13 11:00:00;0,000;0,000;0,000;0,000;0,000;15,867;4,000;1,000;

23653;2018.05.13 12:00:00;0,000;0,000;0,000;0,000;0,000;15,867;4,000;1,000;

23654;2018.05.13 13:00:00;0,000;0,000;0,000;0,000;0,000;15,867;4,000;1,000;

23655;2018.05.13 14:00:00;0,000;0,000;0,000;0,000;0,000;15,867;4,000;1,000;

23656;2018.05.13 15:00:00;0,000;0,000;0,000;0,000;0,000;15,867;4,000;1,000;

23657;2018.05.13 16:00:00;0,000;0,000;0,000;0,000;0,000;15,867;4,000;1,000;

23658;2018.05.13 17:00:00;0,000;0,000;0,000;0,000;0,000;15,867;4,000;1,000;

23659;2018.05.13 18:00:00;0,000;0,000;0,000;0,000;0,000;15,867;4,000;1,000;

23660;2018.05.13 19:00:00;0,000;0,000;0,000;0,000;0,000;15,867;4,000;1,000;

23661;2018.05.13 20:00:00;0,000;0,000;0,000;0,000;0,000;15,867;4,000;1,000;

23662;2018.05.13 21:00:00;0,000;0,000;0,000;0,000;0,000;15,867;4,000;1,000;

23663;2018.05.13 22:00:00;0,000;0,000;0,000;0,000;0,000;15,867;4,000;1,000;

23664;2018.05.13 23:00:00;0,000;0,000;0,000;0,000;0,000;15,867;4,000;1,000;

23665;2018.05.14 00:00:00;0,000;0,000;0,000;0,000;0,000;15,933;1,000;1,000;

23666;2018.05.14 01:00:00;0,000;0,000;0,000;0,000;0,000;15,933;1,000;1,000;

23667;2018.05.14 02:00:00;0,000;0,000;0,000;0,000;0,000;15,933;1,000;1,000;

23668;2018.05.14 03:00:00;0,000;0,000;0,000;0,000;0,000;15,933;1,000;1,000;

23669;2018.05.14 04:00:00;0,000;0,000;0,000;0,000;0,000;15,933;1,000;1,000;

23670;2018.05.14 05:00:00;0,000;0,000;0,000;0,000;0,000;15,933;1,000;1,000;

23671;2018.05.14 06:00:00;0,000;0,000;0,000;0,000;0,000;15,933;1,000;1,000;

23672;2018.05.14 07:00:00;0,000;0,000;0,000;0,000;0,000;15,933;1,000;1,000;

23673;2018.05.14 08:00:00;0,000;0,000;0,000;0,000;0,000;15,933;1,000;1,000;

23674;2018.05.14 09:00:00;0,000;0,000;0,000;0,000;0,000;15,933;1,000;1,000;

23675;2018.05.14 10:00:00;0,000;0,000;0,000;0,000;0,000;15,933;1,000;1,000;

23676;2018.05.14 11:00:00;0,000;0,000;0,000;0,000;0,000;15,933;1,000;1,000;

23677;2018.05.14 12:00:00;0,000;0,000;0,000;0,000;0,000;15,933;1,000;1,000;

23678;2018.05.14 13:00:00;0,000;0,000;0,000;0,000;0,000;15,933;1,000;1,000;

23679;2018.05.14 14:00:00;0,000;0,000;0,000;0,000;0,000;15,933;1,000;1,000;

23680;2018.05.14 15:00:00;0,000;0,000;0,000;0,000;0,000;15,933;1,000;1,000;

23681;2018.05.14 16:00:00;0,000;0,000;0,000;0,000;0,000;15,933;1,000;1,000;

23682;2018.05.14 17:00:00;0,000;0,000;0,000;0,000;0,000;15,933;1,000;1,000;

23683;2018.05.14 18:00:00;0,000;0,000;0,000;0,000;0,000;15,933;1,000;1,000;

23684;2018.05.14 19:00:00;0,000;0,000;0,000;0,000;0,000;15,933;1,000;1,000;

23685;2018.05.14 20:00:00;0,000;0,000;0,000;0,000;0,000;15,933;1,000;1,000;

23686;2018.05.14 21:00:00;0,000;0,000;0,000;0,000;0,000;15,933;1,000;1,000;

23687;2018.05.14 22:00:00;0,000;0,000;0,000;0,000;0,000;15,933;1,000;1,000;

23688;2018.05.14 23:00:00;0,000;0,000;0,000;0,000;0,000;15,933;1,000;1,000;

23689;2018.05.15 00:00:00;0,000;0,000;0,000;0,000;0,000;16,000;1,000;1,000;

23690;2018.05.15 01:00:00;0,000;0,000;0,000;0,000;0,000;16,000;1,000;1,000;

23691;2018.05.15 02:00:00;0,000;0,000;0,000;0,000;0,000;16,000;1,000;1,000;

23692;2018.05.15 03:00:00;0,000;0,000;0,000;0,000;0,000;16,000;1,000;1,000;

23693;2018.05.15 04:00:00;0,000;0,000;0,000;0,000;0,000;16,000;1,000;1,000;

23694;2018.05.15 05:00:00;0,000;0,000;0,000;0,000;0,000;16,000;1,000;1,000;

23695;2018.05.15 06:00:00;0,000;0,000;0,000;0,000;0,000;16,000;1,000;1,000;

23696;2018.05.15 07:00:00;0,000;0,000;0,000;0,000;0,000;16,000;1,000;1,000;

23697;2018.05.15 08:00:00;0,000;0,000;0,000;0,000;0,000;16,000;1,000;1,000;

23698;2018.05.15 09:00:00;0,000;0,000;0,000;0,000;0,000;16,000;1,000;1,000;

23699;2018.05.15 10:00:00;0,000;0,000;0,000;0,000;0,000;16,000;1,000;1,000;

23700;2018.05.15 11:00:00;0,000;0,000;0,000;0,000;0,000;16,000;1,000;1,000;

23701;2018.05.15 12:00:00;0,000;0,000;0,000;0,000;0,000;16,000;1,000;1,000;

23702;2018.05.15 13:00:00;0,000;0,000;0,000;0,000;0,000;16,000;1,000;1,000;

23703;2018.05.15 14:00:00;0,000;0,000;0,000;0,000;0,000;16,000;1,000;1,000;

23704;2018.05.15 15:00:00;0,000;0,000;0,000;0,000;0,000;16,000;1,000;1,000;

23705;2018.05.15 16:00:00;0,000;0,000;0,000;0,000;0,000;16,000;1,000;1,000;

23706;2018.05.15 17:00:00;0,000;0,000;0,000;0,000;0,000;16,000;1,000;1,000;

23707;2018.05.15 18:00:00;0,000;0,000;0,000;0,000;0,000;16,000;1,000;1,000;

23708;2018.05.15 19:00:00;0,000;0,000;0,000;0,000;0,000;16,000;1,000;1,000;

23709;2018.05.15 20:00:00;0,000;0,000;0,000;0,000;0,000;16,000;1,000;1,000;

23710;2018.05.15 21:00:00;0,000;0,000;0,000;0,000;0,000;16,000;1,000;1,000;

23711;2018.05.15 22:00:00;0,000;0,000;0,000;0,000;0,000;16,000;1,000;1,000;

23712;2018.05.15 23:00:00;0,000;0,000;0,000;0,000;0,000;16,000;1,000;1,000;

23713;2018.05.16 00:00:00;0,000;0,000;0,000;0,000;0,000;16,050;1,000;1,000;

23714;2018.05.16 01:00:00;0,000;0,000;0,000;0,000;0,000;16,050;1,000;1,000;

23715;2018.05.16 02:00:00;0,000;0,000;0,000;0,000;0,000;16,050;1,000;1,000;

23716;2018.05.16 03:00:00;0,000;0,000;0,000;0,000;0,000;16,050;1,000;1,000;

23717;2018.05.16 04:00:00;0,000;0,000;0,000;0,000;0,000;16,050;1,000;1,000;

23718;2018.05.16 05:00:00;0,000;0,000;0,000;0,000;0,000;16,050;1,000;1,000;

23719;2018.05.16 06:00:00;0,000;0,000;0,000;0,000;0,000;16,050;1,000;1,000;

23720;2018.05.16 07:00:00;0,000;0,000;0,000;0,000;0,000;16,050;1,000;1,000;

23721;2018.05.16 08:00:00;0,000;0,000;0,000;0,000;0,000;16,050;1,000;1,000;

23722;2018.05.16 09:00:00;0,000;0,000;0,000;0,000;0,000;16,050;1,000;1,000;

23723;2018.05.16 10:00:00;0,000;0,000;0,000;0,000;0,000;16,050;1,000;1,000;

23724;2018.05.16 11:00:00;0,000;0,000;0,000;0,000;0,000;16,050;1,000;1,000;

23725;2018.05.16 12:00:00;0,000;0,000;0,000;0,000;0,000;16,050;1,000;1,000;

23726;2018.05.16 13:00:00;0,000;0,000;0,000;0,000;0,000;16,050;1,000;1,000;

23727;2018.05.16 14:00:00;0,000;0,000;0,000;0,000;0,000;16,050;1,000;1,000;

23728;2018.05.16 15:00:00;0,000;0,000;0,000;0,000;0,000;16,050;1,000;1,000;

23729;2018.05.16 16:00:00;0,000;0,000;0,000;0,000;0,000;16,050;1,000;1,000;

23730;2018.05.16 17:00:00;0,000;0,000;0,000;0,000;0,000;16,050;1,000;1,000;

23731;2018.05.16 18:00:00;0,000;0,000;0,000;0,000;0,000;16,050;1,000;1,000;

23732;2018.05.16 19:00:00;0,000;0,000;0,000;0,000;0,000;16,050;1,000;1,000;

23733;2018.05.16 20:00:00;0,000;0,000;0,000;0,000;0,000;16,050;1,000;1,000;

23734;2018.05.16 21:00:00;0,000;0,000;0,000;0,000;0,000;16,050;1,000;1,000;

23735;2018.05.16 22:00:00;0,000;0,000;0,000;0,000;0,000;16,050;1,000;1,000;

23736;2018.05.16 23:00:00;0,000;0,000;0,000;0,000;0,000;16,050;1,000;1,000;

23737;2018.05.17 00:00:00;0,000;0,000;0,000;0,000;0,000;16,100;1,000;1,000;

23738;2018.05.17 01:00:00;0,000;0,000;0,000;0,000;0,000;16,100;1,000;1,000;

23739;2018.05.17 02:00:00;0,000;0,000;0,000;0,000;0,000;16,100;1,000;1,000;

23740;2018.05.17 03:00:00;0,000;0,000;0,000;0,000;0,000;16,100;1,000;1,000;

23741;2018.05.17 04:00:00;0,000;0,000;0,000;0,000;0,000;16,100;1,000;1,000;

23742;2018.05.17 05:00:00;0,000;0,000;0,000;0,000;0,000;16,100;1,000;1,000;

23743;2018.05.17 06:00:00;0,000;0,000;0,000;0,000;0,000;16,100;1,000;1,000;

23744;2018.05.17 07:00:00;0,000;0,000;0,000;0,000;0,000;16,100;1,000;1,000;

23745;2018.05.17 08:00:00;0,000;0,000;0,000;0,000;0,000;16,100;1,000;1,000;

23746;2018.05.17 09:00:00;0,000;0,000;0,000;0,000;0,000;16,100;1,000;1,000;

23747;2018.05.17 10:00:00;0,000;0,000;0,000;0,000;0,000;16,100;1,000;1,000;

23748;2018.05.17 11:00:00;0,000;0,000;0,000;0,000;0,000;16,100;1,000;1,000;

23749;2018.05.17 12:00:00;0,000;0,000;0,000;0,000;0,000;16,100;1,000;1,000;

23750;2018.05.17 13:00:00;0,000;0,000;0,000;0,000;0,000;16,100;1,000;1,000;

23751;2018.05.17 14:00:00;0,000;0,000;0,000;0,000;0,000;16,100;1,000;1,000;

23752;2018.05.17 15:00:00;0,000;0,000;0,000;0,000;0,000;16,100;1,000;1,000;

23753;2018.05.17 16:00:00;0,000;0,000;0,000;0,000;0,000;16,100;1,000;1,000;

23754;2018.05.17 17:00:00;0,000;0,000;0,000;0,000;0,000;16,100;1,000;1,000;

23755;2018.05.17 18:00:00;0,000;0,000;0,000;0,000;0,000;16,100;1,000;1,000;

23756;2018.05.17 19:00:00;0,000;0,000;0,000;0,000;0,000;16,100;1,000;1,000;

23757;2018.05.17 20:00:00;0,000;0,000;0,000;0,000;0,000;16,100;1,000;1,000;

23758;2018.05.17 21:00:00;0,000;0,000;0,000;0,000;0,000;16,100;1,000;1,000;

23759;2018.05.17 22:00:00;0,000;0,000;0,000;0,000;0,000;16,100;1,000;1,000;

23760;2018.05.17 23:00:00;0,000;0,000;0,000;0,000;0,000;16,100;1,000;1,000;

23761;2018.05.18 00:00:00;0,000;0,000;0,000;0,000;0,000;16,167;2,000;1,000;

23762;2018.05.18 01:00:00;0,000;0,000;0,000;0,000;0,000;16,167;2,000;1,000;

23763;2018.05.18 02:00:00;0,000;0,000;0,000;0,000;0,000;16,167;2,000;1,000;

23764;2018.05.18 03:00:00;0,000;0,000;0,000;0,000;0,000;16,167;2,000;1,000;

23765;2018.05.18 04:00:00;0,000;0,000;0,000;0,000;0,000;16,167;2,000;1,000;

23766;2018.05.18 05:00:00;0,000;0,000;0,000;0,000;0,000;16,167;2,000;1,000;

23767;2018.05.18 06:00:00;0,000;0,000;0,000;0,000;0,000;16,167;2,000;1,000;

23768;2018.05.18 07:00:00;0,000;0,000;0,000;0,000;0,000;16,167;2,000;1,000;

23769;2018.05.18 08:00:00;0,000;0,000;0,000;0,000;0,000;16,167;2,000;1,000;

23770;2018.05.18 09:00:00;0,000;0,000;0,000;0,000;0,000;16,167;2,000;1,000;

23771;2018.05.18 10:00:00;0,000;0,000;0,000;0,000;0,000;16,167;2,000;1,000;

23772;2018.05.18 11:00:00;0,000;0,000;0,000;0,000;0,000;16,167;2,000;1,000;

23773;2018.05.18 12:00:00;0,000;0,000;0,000;0,000;0,000;16,167;2,000;1,000;

23774;2018.05.18 13:00:00;0,000;0,000;0,000;0,000;0,000;16,167;2,000;1,000;

23775;2018.05.18 14:00:00;0,000;0,000;0,000;0,000;0,000;16,167;2,000;1,000;

23776;2018.05.18 15:00:00;0,000;0,000;0,000;0,000;0,000;16,167;2,000;1,000;

23777;2018.05.18 16:00:00;0,000;0,000;0,000;0,000;0,000;16,167;2,000;1,000;

23778;2018.05.18 17:00:00;0,000;0,000;0,000;0,000;0,000;16,167;2,000;1,000;

23779;2018.05.18 18:00:00;0,000;0,000;0,000;0,000;0,000;16,167;2,000;1,000;

23780;2018.05.18 19:00:00;0,000;0,000;0,000;0,000;0,000;16,167;2,000;1,000;

23781;2018.05.18 20:00:00;0,000;0,000;0,000;0,000;0,000;16,167;2,000;1,000;

23782;2018.05.18 21:00:00;0,000;0,000;0,000;0,000;0,000;16,167;2,000;1,000;

23783;2018.05.18 22:00:00;0,000;0,000;0,000;0,000;0,000;16,167;2,000;1,000;

23784;2018.05.18 23:00:00;0,000;0,000;0,000;0,000;0,000;16,167;2,000;1,000;

23785;2018.05.19 00:00:00;0,000;0,000;0,000;0,000;0,000;16,217;3,000;1,000;

23786;2018.05.19 01:00:00;0,000;0,000;0,000;0,000;0,000;16,217;3,000;1,000;

23787;2018.05.19 02:00:00;0,000;0,000;0,000;0,000;0,000;16,217;3,000;1,000;

23788;2018.05.19 03:00:00;0,000;0,000;0,000;0,000;0,000;16,217;3,000;1,000;

23789;2018.05.19 04:00:00;0,000;0,000;0,000;0,000;0,000;16,217;3,000;1,000;

23790;2018.05.19 05:00:00;0,000;0,000;0,000;0,000;0,000;16,217;3,000;1,000;

23791;2018.05.19 06:00:00;0,000;0,000;0,000;0,000;0,000;16,217;3,000;1,000;

23792;2018.05.19 07:00:00;0,000;0,000;0,000;0,000;0,000;16,217;3,000;1,000;

23793;2018.05.19 08:00:00;0,000;0,000;0,000;0,000;0,000;16,217;3,000;1,000;

23794;2018.05.19 09:00:00;0,000;0,000;0,000;0,000;0,000;16,217;3,000;1,000;

23795;2018.05.19 10:00:00;0,000;0,000;0,000;0,000;0,000;16,217;3,000;1,000;

23796;2018.05.19 11:00:00;0,000;0,000;0,000;0,000;0,000;16,217;3,000;1,000;

23797;2018.05.19 12:00:00;0,000;0,000;0,000;0,000;0,000;16,217;3,000;1,000;

23798;2018.05.19 13:00:00;0,000;0,000;0,000;0,000;0,000;16,217;3,000;1,000;

23799;2018.05.19 14:00:00;0,000;0,000;0,000;0,000;0,000;16,217;3,000;1,000;

23800;2018.05.19 15:00:00;0,000;0,000;0,000;0,000;0,000;16,217;3,000;1,000;

23801;2018.05.19 16:00:00;0,000;0,000;0,000;0,000;0,000;16,217;3,000;1,000;

23802;2018.05.19 17:00:00;0,000;0,000;0,000;0,000;0,000;16,217;3,000;1,000;

23803;2018.05.19 18:00:00;0,000;0,000;0,000;0,000;0,000;16,217;3,000;1,000;

23804;2018.05.19 19:00:00;0,000;0,000;0,000;0,000;0,000;16,217;3,000;1,000;

23805;2018.05.19 20:00:00;0,000;0,000;0,000;0,000;0,000;16,217;3,000;1,000;

23806;2018.05.19 21:00:00;0,000;0,000;0,000;0,000;0,000;16,217;3,000;1,000;

23807;2018.05.19 22:00:00;0,000;0,000;0,000;0,000;0,000;16,217;3,000;1,000;

23808;2018.05.19 23:00:00;0,000;0,000;0,000;0,000;0,000;16,217;3,000;1,000;

23809;2018.05.20 00:00:00;0,000;0,000;0,000;0,000;0,000;16,267;4,000;1,000;

23810;2018.05.20 01:00:00;0,000;0,000;0,000;0,000;0,000;16,267;4,000;1,000;

23811;2018.05.20 02:00:00;0,000;0,000;0,000;0,000;0,000;16,267;4,000;1,000;

23812;2018.05.20 03:00:00;0,000;0,000;0,000;0,000;0,000;16,267;4,000;1,000;

23813;2018.05.20 04:00:00;0,000;0,000;0,000;0,000;0,000;16,267;4,000;1,000;

23814;2018.05.20 05:00:00;0,000;0,000;0,000;0,000;0,000;16,267;4,000;1,000;

23815;2018.05.20 06:00:00;0,000;0,000;0,000;0,000;0,000;16,267;4,000;1,000;

23816;2018.05.20 07:00:00;0,000;0,000;0,000;0,000;0,000;16,267;4,000;1,000;

23817;2018.05.20 08:00:00;0,000;0,000;0,000;0,000;0,000;16,267;4,000;1,000;

23818;2018.05.20 09:00:00;0,000;0,000;0,000;0,000;0,000;16,267;4,000;1,000;

23819;2018.05.20 10:00:00;0,000;0,000;0,000;0,000;0,000;16,267;4,000;1,000;

23820;2018.05.20 11:00:00;0,000;0,000;0,000;0,000;0,000;16,267;4,000;1,000;

23821;2018.05.20 12:00:00;0,000;0,000;0,000;0,000;0,000;16,267;4,000;1,000;

23822;2018.05.20 13:00:00;0,000;0,000;0,000;0,000;0,000;16,267;4,000;1,000;

23823;2018.05.20 14:00:00;0,000;0,000;0,000;0,000;0,000;16,267;4,000;1,000;

23824;2018.05.20 15:00:00;0,000;0,000;0,000;0,000;0,000;16,267;4,000;1,000;

23825;2018.05.20 16:00:00;0,000;0,000;0,000;0,000;0,000;16,267;4,000;1,000;

23826;2018.05.20 17:00:00;0,000;0,000;0,000;0,000;0,000;16,267;4,000;1,000;

23827;2018.05.20 18:00:00;0,000;0,000;0,000;0,000;0,000;16,267;4,000;1,000;

23828;2018.05.20 19:00:00;0,000;0,000;0,000;0,000;0,000;16,267;4,000;1,000;

23829;2018.05.20 20:00:00;0,000;0,000;0,000;0,000;0,000;16,267;4,000;1,000;

23830;2018.05.20 21:00:00;0,000;0,000;0,000;0,000;0,000;16,267;4,000;1,000;

23831;2018.05.20 22:00:00;0,000;0,000;0,000;0,000;0,000;16,267;4,000;1,000;

23832;2018.05.20 23:00:00;0,000;0,000;0,000;0,000;0,000;16,267;4,000;1,000;

23833;2018.05.21 00:00:00;0,000;0,000;0,000;0,000;0,000;16,317;1,000;1,000;

23834;2018.05.21 01:00:00;0,000;0,000;0,000;0,000;0,000;16,317;1,000;1,000;

23835;2018.05.21 02:00:00;0,000;0,000;0,000;0,000;0,000;16,317;1,000;1,000;

23836;2018.05.21 03:00:00;0,000;0,000;0,000;0,000;0,000;16,317;1,000;1,000;

23837;2018.05.21 04:00:00;0,000;0,000;0,000;0,000;0,000;16,317;1,000;1,000;

23838;2018.05.21 05:00:00;0,000;0,000;0,000;0,000;0,000;16,317;1,000;1,000;

23839;2018.05.21 06:00:00;0,000;0,000;0,000;0,000;0,000;16,317;1,000;1,000;

23840;2018.05.21 07:00:00;0,000;0,000;0,000;0,000;0,000;16,317;1,000;1,000;

23841;2018.05.21 08:00:00;0,000;0,000;0,000;0,000;0,000;16,317;1,000;1,000;

23842;2018.05.21 09:00:00;0,000;0,000;0,000;0,000;0,000;16,317;1,000;1,000;

23843;2018.05.21 10:00:00;0,000;0,000;0,000;0,000;0,000;16,317;1,000;1,000;

23844;2018.05.21 11:00:00;0,000;0,000;0,000;0,000;0,000;16,317;1,000;1,000;

23845;2018.05.21 12:00:00;0,000;0,000;0,000;0,000;0,000;16,317;1,000;1,000;

23846;2018.05.21 13:00:00;0,000;0,000;0,000;0,000;0,000;16,317;1,000;1,000;

23847;2018.05.21 14:00:00;0,000;0,000;0,000;0,000;0,000;16,317;1,000;1,000;

23848;2018.05.21 15:00:00;0,000;0,000;0,000;0,000;0,000;16,317;1,000;1,000;

23849;2018.05.21 16:00:00;0,000;0,000;0,000;0,000;0,000;16,317;1,000;1,000;

23850;2018.05.21 17:00:00;0,000;0,000;0,000;0,000;0,000;16,317;1,000;1,000;

23851;2018.05.21 18:00:00;0,000;0,000;0,000;0,000;0,000;16,317;1,000;1,000;

23852;2018.05.21 19:00:00;0,000;0,000;0,000;0,000;0,000;16,317;1,000;1,000;

23853;2018.05.21 20:00:00;0,000;0,000;0,000;0,000;0,000;16,317;1,000;1,000;

23854;2018.05.21 21:00:00;0,000;0,000;0,000;0,000;0,000;16,317;1,000;1,000;

23855;2018.05.21 22:00:00;0,000;0,000;0,000;0,000;0,000;16,317;1,000;1,000;

23856;2018.05.21 23:00:00;0,000;0,000;0,000;0,000;0,000;16,317;1,000;1,000;

23857;2018.05.22 00:00:00;0,000;0,000;0,000;0,000;0,000;16,367;1,000;1,000;

23858;2018.05.22 01:00:00;0,000;0,000;0,000;0,000;0,000;16,367;1,000;1,000;

23859;2018.05.22 02:00:00;0,000;0,000;0,000;0,000;0,000;16,367;1,000;1,000;

23860;2018.05.22 03:00:00;0,000;0,000;0,000;0,000;0,000;16,367;1,000;1,000;

23861;2018.05.22 04:00:00;0,000;0,000;0,000;0,000;0,000;16,367;1,000;1,000;

23862;2018.05.22 05:00:00;0,000;0,000;0,000;0,000;0,000;16,367;1,000;1,000;

23863;2018.05.22 06:00:00;0,000;0,000;0,000;0,000;0,000;16,367;1,000;1,000;

23864;2018.05.22 07:00:00;0,000;0,000;0,000;0,000;0,000;16,367;1,000;1,000;

23865;2018.05.22 08:00:00;0,000;0,000;0,000;0,000;0,000;16,367;1,000;1,000;

23866;2018.05.22 09:00:00;0,000;0,000;0,000;0,000;0,000;16,367;1,000;1,000;

23867;2018.05.22 10:00:00;0,000;0,000;0,000;0,000;0,000;16,367;1,000;1,000;

23868;2018.05.22 11:00:00;0,000;0,000;0,000;0,000;0,000;16,367;1,000;1,000;

23869;2018.05.22 12:00:00;0,000;0,000;0,000;0,000;0,000;16,367;1,000;1,000;

23870;2018.05.22 13:00:00;0,000;0,000;0,000;0,000;0,000;16,367;1,000;1,000;

23871;2018.05.22 14:00:00;0,000;0,000;0,000;0,000;0,000;16,367;1,000;1,000;

23872;2018.05.22 15:00:00;0,000;0,000;0,000;0,000;0,000;16,367;1,000;1,000;

23873;2018.05.22 16:00:00;0,000;0,000;0,000;0,000;0,000;16,367;1,000;1,000;

23874;2018.05.22 17:00:00;0,000;0,000;0,000;0,000;0,000;16,367;1,000;1,000;

23875;2018.05.22 18:00:00;0,000;0,000;0,000;0,000;0,000;16,367;1,000;1,000;

23876;2018.05.22 19:00:00;0,000;0,000;0,000;0,000;0,000;16,367;1,000;1,000;

23877;2018.05.22 20:00:00;0,000;0,000;0,000;0,000;0,000;16,367;1,000;1,000;

23878;2018.05.22 21:00:00;0,000;0,000;0,000;0,000;0,000;16,367;1,000;1,000;

23879;2018.05.22 22:00:00;0,000;0,000;0,000;0,000;0,000;16,367;1,000;1,000;

23880;2018.05.22 23:00:00;0,000;0,000;0,000;0,000;0,000;16,367;1,000;1,000;

23881;2018.05.23 00:00:00;0,000;0,000;0,000;0,000;0,000;16,417;1,000;1,000;

23882;2018.05.23 01:00:00;0,000;0,000;0,000;0,000;0,000;16,417;1,000;1,000;

23883;2018.05.23 02:00:00;0,000;0,000;0,000;0,000;0,000;16,417;1,000;1,000;

23884;2018.05.23 03:00:00;0,000;0,000;0,000;0,000;0,000;16,417;1,000;1,000;

23885;2018.05.23 04:00:00;0,000;0,000;0,000;0,000;0,000;16,417;1,000;1,000;

23886;2018.05.23 05:00:00;0,000;0,000;0,000;0,000;0,000;16,417;1,000;1,000;

23887;2018.05.23 06:00:00;0,000;0,000;0,000;0,000;0,000;16,417;1,000;1,000;

23888;2018.05.23 07:00:00;0,000;0,000;0,000;0,000;0,000;16,417;1,000;1,000;

23889;2018.05.23 08:00:00;0,000;0,000;0,000;0,000;0,000;16,417;1,000;1,000;

23890;2018.05.23 09:00:00;0,000;0,000;0,000;0,000;0,000;16,417;1,000;1,000;

23891;2018.05.23 10:00:00;0,000;0,000;0,000;0,000;0,000;16,417;1,000;1,000;

23892;2018.05.23 11:00:00;0,000;0,000;0,000;0,000;0,000;16,417;1,000;1,000;

23893;2018.05.23 12:00:00;0,000;0,000;0,000;0,000;0,000;16,417;1,000;1,000;

23894;2018.05.23 13:00:00;0,000;0,000;0,000;0,000;0,000;16,417;1,000;1,000;

23895;2018.05.23 14:00:00;0,000;0,000;0,000;0,000;0,000;16,417;1,000;1,000;

23896;2018.05.23 15:00:00;0,000;0,000;0,000;0,000;0,000;16,417;1,000;1,000;

23897;2018.05.23 16:00:00;0,000;0,000;0,000;0,000;0,000;16,417;1,000;1,000;

23898;2018.05.23 17:00:00;0,000;0,000;0,000;0,000;0,000;16,417;1,000;1,000;

23899;2018.05.23 18:00:00;0,000;0,000;0,000;0,000;0,000;16,417;1,000;1,000;

23900;2018.05.23 19:00:00;0,000;0,000;0,000;0,000;0,000;16,417;1,000;1,000;

23901;2018.05.23 20:00:00;0,000;0,000;0,000;0,000;0,000;16,417;1,000;1,000;

23902;2018.05.23 21:00:00;0,000;0,000;0,000;0,000;0,000;16,417;1,000;1,000;

23903;2018.05.23 22:00:00;0,000;0,000;0,000;0,000;0,000;16,417;1,000;1,000;

23904;2018.05.23 23:00:00;0,000;0,000;0,000;0,000;0,000;16,417;1,000;1,000;

23905;2018.05.24 00:00:00;0,000;0,000;0,000;0,000;0,000;16,450;1,000;1,000;

23906;2018.05.24 01:00:00;0,000;0,000;0,000;0,000;0,000;16,450;1,000;1,000;

23907;2018.05.24 02:00:00;0,000;0,000;0,000;0,000;0,000;16,450;1,000;1,000;

23908;2018.05.24 03:00:00;0,000;0,000;0,000;0,000;0,000;16,450;1,000;1,000;

23909;2018.05.24 04:00:00;0,000;0,000;0,000;0,000;0,000;16,450;1,000;1,000;

23910;2018.05.24 05:00:00;0,000;0,000;0,000;0,000;0,000;16,450;1,000;1,000;

23911;2018.05.24 06:00:00;0,000;0,000;0,000;0,000;0,000;16,450;1,000;1,000;

23912;2018.05.24 07:00:00;0,000;0,000;0,000;0,000;0,000;16,450;1,000;1,000;

23913;2018.05.24 08:00:00;0,000;0,000;0,000;0,000;0,000;16,450;1,000;1,000;

23914;2018.05.24 09:00:00;0,000;0,000;0,000;0,000;0,000;16,450;1,000;1,000;

23915;2018.05.24 10:00:00;0,000;0,000;0,000;0,000;0,000;16,450;1,000;1,000;

23916;2018.05.24 11:00:00;0,000;0,000;0,000;0,000;0,000;16,450;1,000;1,000;

23917;2018.05.24 12:00:00;0,000;0,000;0,000;0,000;0,000;16,450;1,000;1,000;

23918;2018.05.24 13:00:00;0,000;0,000;0,000;0,000;0,000;16,450;1,000;1,000;

23919;2018.05.24 14:00:00;0,000;0,000;0,000;0,000;0,000;16,450;1,000;1,000;

23920;2018.05.24 15:00:00;0,000;0,000;0,000;0,000;0,000;16,450;1,000;1,000;

23921;2018.05.24 16:00:00;0,000;0,000;0,000;0,000;0,000;16,450;1,000;1,000;

23922;2018.05.24 17:00:00;0,000;0,000;0,000;0,000;0,000;16,450;1,000;1,000;

23923;2018.05.24 18:00:00;0,000;0,000;0,000;0,000;0,000;16,450;1,000;1,000;

23924;2018.05.24 19:00:00;0,000;0,000;0,000;0,000;0,000;16,450;1,000;1,000;

23925;2018.05.24 20:00:00;0,000;0,000;0,000;0,000;0,000;16,450;1,000;1,000;

23926;2018.05.24 21:00:00;0,000;0,000;0,000;0,000;0,000;16,450;1,000;1,000;

23927;2018.05.24 22:00:00;0,000;0,000;0,000;0,000;0,000;16,450;1,000;1,000;

23928;2018.05.24 23:00:00;0,000;0,000;0,000;0,000;0,000;16,450;1,000;1,000;

23929;2018.05.25 00:00:00;0,000;0,000;0,000;0,000;0,000;16,517;2,000;1,000;

23930;2018.05.25 01:00:00;0,000;0,000;0,000;0,000;0,000;16,517;2,000;1,000;

23931;2018.05.25 02:00:00;0,000;0,000;0,000;0,000;0,000;16,517;2,000;1,000;

23932;2018.05.25 03:00:00;0,000;0,000;0,000;0,000;0,000;16,517;2,000;1,000;

23933;2018.05.25 04:00:00;0,000;0,000;0,000;0,000;0,000;16,517;2,000;1,000;

23934;2018.05.25 05:00:00;0,000;0,000;0,000;0,000;0,000;16,517;2,000;1,000;

23935;2018.05.25 06:00:00;0,000;0,000;0,000;0,000;0,000;16,517;2,000;1,000;

23936;2018.05.25 07:00:00;0,000;0,000;0,000;0,000;0,000;16,517;2,000;1,000;

23937;2018.05.25 08:00:00;0,000;0,000;0,000;0,000;0,000;16,517;2,000;1,000;

23938;2018.05.25 09:00:00;0,000;0,000;0,000;0,000;0,000;16,517;2,000;1,000;

23939;2018.05.25 10:00:00;0,000;0,000;0,000;0,000;0,000;16,517;2,000;1,000;

23940;2018.05.25 11:00:00;0,000;0,000;0,000;0,000;0,000;16,517;2,000;1,000;

23941;2018.05.25 12:00:00;0,000;0,000;0,000;0,000;0,000;16,517;2,000;1,000;

23942;2018.05.25 13:00:00;0,000;0,000;0,000;0,000;0,000;16,517;2,000;1,000;

23943;2018.05.25 14:00:00;0,000;0,000;0,000;0,000;0,000;16,517;2,000;1,000;

23944;2018.05.25 15:00:00;0,000;0,000;0,000;0,000;0,000;16,517;2,000;1,000;

23945;2018.05.25 16:00:00;0,000;0,000;0,000;0,000;0,000;16,517;2,000;1,000;

23946;2018.05.25 17:00:00;0,000;0,000;0,000;0,000;0,000;16,517;2,000;1,000;

23947;2018.05.25 18:00:00;0,000;0,000;0,000;0,000;0,000;16,517;2,000;1,000;

23948;2018.05.25 19:00:00;0,000;0,000;0,000;0,000;0,000;16,517;2,000;1,000;

23949;2018.05.25 20:00:00;0,000;0,000;0,000;0,000;0,000;16,517;2,000;1,000;

23950;2018.05.25 21:00:00;0,000;0,000;0,000;0,000;0,000;16,517;2,000;1,000;

23951;2018.05.25 22:00:00;0,000;0,000;0,000;0,000;0,000;16,517;2,000;1,000;

23952;2018.05.25 23:00:00;0,000;0,000;0,000;0,000;0,000;16,517;2,000;1,000;

23953;2018.05.26 00:00:00;0,000;0,000;0,000;0,000;0,000;16,550;3,000;1,000;

23954;2018.05.26 01:00:00;0,000;0,000;0,000;0,000;0,000;16,550;3,000;1,000;

23955;2018.05.26 02:00:00;0,000;0,000;0,000;0,000;0,000;16,550;3,000;1,000;

23956;2018.05.26 03:00:00;0,000;0,000;0,000;0,000;0,000;16,550;3,000;1,000;

23957;2018.05.26 04:00:00;0,000;0,000;0,000;0,000;0,000;16,550;3,000;1,000;

23958;2018.05.26 05:00:00;0,000;0,000;0,000;0,000;0,000;16,550;3,000;1,000;

23959;2018.05.26 06:00:00;0,000;0,000;0,000;0,000;0,000;16,550;3,000;1,000;

23960;2018.05.26 07:00:00;0,000;0,000;0,000;0,000;0,000;16,550;3,000;1,000;

23961;2018.05.26 08:00:00;0,000;0,000;0,000;0,000;0,000;16,550;3,000;1,000;

23962;2018.05.26 09:00:00;0,000;0,000;0,000;0,000;0,000;16,550;3,000;1,000;

23963;2018.05.26 10:00:00;0,000;0,000;0,000;0,000;0,000;16,550;3,000;1,000;

23964;2018.05.26 11:00:00;0,000;0,000;0,000;0,000;0,000;16,550;3,000;1,000;

23965;2018.05.26 12:00:00;0,000;0,000;0,000;0,000;0,000;16,550;3,000;1,000;

23966;2018.05.26 13:00:00;0,000;0,000;0,000;0,000;0,000;16,550;3,000;1,000;

23967;2018.05.26 14:00:00;0,000;0,000;0,000;0,000;0,000;16,550;3,000;1,000;

23968;2018.05.26 15:00:00;0,000;0,000;0,000;0,000;0,000;16,550;3,000;1,000;

23969;2018.05.26 16:00:00;0,000;0,000;0,000;0,000;0,000;16,550;3,000;1,000;

23970;2018.05.26 17:00:00;0,000;0,000;0,000;0,000;0,000;16,550;3,000;1,000;

23971;2018.05.26 18:00:00;0,000;0,000;0,000;0,000;0,000;16,550;3,000;1,000;

23972;2018.05.26 19:00:00;0,000;0,000;0,000;0,000;0,000;16,550;3,000;1,000;

23973;2018.05.26 20:00:00;0,000;0,000;0,000;0,000;0,000;16,550;3,000;1,000;

23974;2018.05.26 21:00:00;0,000;0,000;0,000;0,000;0,000;16,550;3,000;1,000;

23975;2018.05.26 22:00:00;0,000;0,000;0,000;0,000;0,000;16,550;3,000;1,000;

23976;2018.05.26 23:00:00;0,000;0,000;0,000;0,000;0,000;16,550;3,000;1,000;

23977;2018.05.27 00:00:00;0,000;0,000;0,000;0,000;0,000;16,600;4,000;1,000;

23978;2018.05.27 01:00:00;0,000;0,000;0,000;0,000;0,000;16,600;4,000;1,000;

23979;2018.05.27 02:00:00;0,000;0,000;0,000;0,000;0,000;16,600;4,000;1,000;

23980;2018.05.27 03:00:00;0,000;0,000;0,000;0,000;0,000;16,600;4,000;1,000;

23981;2018.05.27 04:00:00;0,000;0,000;0,000;0,000;0,000;16,600;4,000;1,000;

23982;2018.05.27 05:00:00;0,000;0,000;0,000;0,000;0,000;16,600;4,000;1,000;

23983;2018.05.27 06:00:00;0,000;0,000;0,000;0,000;0,000;16,600;4,000;1,000;

23984;2018.05.27 07:00:00;0,000;0,000;0,000;0,000;0,000;16,600;4,000;1,000;

23985;2018.05.27 08:00:00;0,000;0,000;0,000;0,000;0,000;16,600;4,000;1,000;

23986;2018.05.27 09:00:00;0,000;0,000;0,000;0,000;0,000;16,600;4,000;1,000;

23987;2018.05.27 10:00:00;0,000;0,000;0,000;0,000;0,000;16,600;4,000;1,000;

23988;2018.05.27 11:00:00;0,000;0,000;0,000;0,000;0,000;16,600;4,000;1,000;

23989;2018.05.27 12:00:00;0,000;0,000;0,000;0,000;0,000;16,600;4,000;1,000;

23990;2018.05.27 13:00:00;0,000;0,000;0,000;0,000;0,000;16,600;4,000;1,000;

23991;2018.05.27 14:00:00;0,000;0,000;0,000;0,000;0,000;16,600;4,000;1,000;

23992;2018.05.27 15:00:00;0,000;0,000;0,000;0,000;0,000;16,600;4,000;1,000;

23993;2018.05.27 16:00:00;0,000;0,000;0,000;0,000;0,000;16,600;4,000;1,000;

23994;2018.05.27 17:00:00;0,000;0,000;0,000;0,000;0,000;16,600;4,000;1,000;

23995;2018.05.27 18:00:00;0,000;0,000;0,000;0,000;0,000;16,600;4,000;1,000;

23996;2018.05.27 19:00:00;0,000;0,000;0,000;0,000;0,000;16,600;4,000;1,000;

23997;2018.05.27 20:00:00;0,000;0,000;0,000;0,000;0,000;16,600;4,000;1,000;

23998;2018.05.27 21:00:00;0,000;0,000;0,000;0,000;0,000;16,600;4,000;1,000;

23999;2018.05.27 22:00:00;0,000;0,000;0,000;0,000;0,000;16,600;4,000;1,000;

24000;2018.05.27 23:00:00;0,000;0,000;0,000;0,000;0,000;16,600;4,000;1,000;

24001;2018.05.28 00:00:00;0,000;0,000;0,000;0,000;0,000;16,650;1,000;1,000;

24002;2018.05.28 01:00:00;0,000;0,000;0,000;0,000;0,000;16,650;1,000;1,000;

24003;2018.05.28 02:00:00;0,000;0,000;0,000;0,000;0,000;16,650;1,000;1,000;

24004;2018.05.28 03:00:00;0,000;0,000;0,000;0,000;0,000;16,650;1,000;1,000;

24005;2018.05.28 04:00:00;0,000;0,000;0,000;0,000;0,000;16,650;1,000;1,000;

24006;2018.05.28 05:00:00;0,000;0,000;0,000;0,000;0,000;16,650;1,000;1,000;

24007;2018.05.28 06:00:00;0,000;0,000;0,000;0,000;0,000;16,650;1,000;1,000;

24008;2018.05.28 07:00:00;0,000;0,000;0,000;0,000;0,000;16,650;1,000;1,000;

24009;2018.05.28 08:00:00;0,000;0,000;0,000;0,000;0,000;16,650;1,000;1,000;

24010;2018.05.28 09:00:00;0,000;0,000;0,000;0,000;0,000;16,650;1,000;1,000;

24011;2018.05.28 10:00:00;0,000;0,000;0,000;0,000;0,000;16,650;1,000;1,000;

24012;2018.05.28 11:00:00;0,000;0,000;0,000;0,000;0,000;16,650;1,000;1,000;

24013;2018.05.28 12:00:00;0,000;0,000;0,000;0,000;0,000;16,650;1,000;1,000;

24014;2018.05.28 13:00:00;0,000;0,000;0,000;0,000;0,000;16,650;1,000;1,000;

24015;2018.05.28 14:00:00;0,000;0,000;0,000;0,000;0,000;16,650;1,000;1,000;

24016;2018.05.28 15:00:00;0,000;0,000;0,000;0,000;0,000;16,650;1,000;1,000;

24017;2018.05.28 16:00:00;0,000;0,000;0,000;0,000;0,000;16,650;1,000;1,000;

24018;2018.05.28 17:00:00;0,000;0,000;0,000;0,000;0,000;16,650;1,000;1,000;

24019;2018.05.28 18:00:00;0,000;0,000;0,000;0,000;0,000;16,650;1,000;1,000;

24020;2018.05.28 19:00:00;0,000;0,000;0,000;0,000;0,000;16,650;1,000;1,000;

24021;2018.05.28 20:00:00;0,000;0,000;0,000;0,000;0,000;16,650;1,000;1,000;

24022;2018.05.28 21:00:00;0,000;0,000;0,000;0,000;0,000;16,650;1,000;1,000;

24023;2018.05.28 22:00:00;0,000;0,000;0,000;0,000;0,000;16,650;1,000;1,000;

24024;2018.05.28 23:00:00;0,000;0,000;0,000;0,000;0,000;16,650;1,000;1,000;

24025;2018.05.29 00:00:00;0,000;0,000;0,000;0,000;0,000;16,700;1,000;1,000;

24026;2018.05.29 01:00:00;0,000;0,000;0,000;0,000;0,000;16,700;1,000;1,000;

24027;2018.05.29 02:00:00;0,000;0,000;0,000;0,000;0,000;16,700;1,000;1,000;

24028;2018.05.29 03:00:00;0,000;0,000;0,000;0,000;0,000;16,700;1,000;1,000;

24029;2018.05.29 04:00:00;0,000;0,000;0,000;0,000;0,000;16,700;1,000;1,000;

24030;2018.05.29 05:00:00;0,000;0,000;0,000;0,000;0,000;16,700;1,000;1,000;

24031;2018.05.29 06:00:00;0,000;0,000;0,000;0,000;0,000;16,700;1,000;1,000;

24032;2018.05.29 07:00:00;0,000;0,000;0,000;0,000;0,000;16,700;1,000;1,000;

24033;2018.05.29 08:00:00;0,000;0,000;0,000;0,000;0,000;16,700;1,000;1,000;

24034;2018.05.29 09:00:00;0,000;0,000;0,000;0,000;0,000;16,700;1,000;1,000;

24035;2018.05.29 10:00:00;0,000;0,000;0,000;0,000;0,000;16,700;1,000;1,000;

24036;2018.05.29 11:00:00;0,000;0,000;0,000;0,000;0,000;16,700;1,000;1,000;

24037;2018.05.29 12:00:00;0,000;0,000;0,000;0,000;0,000;16,700;1,000;1,000;

24038;2018.05.29 13:00:00;0,000;0,000;0,000;0,000;0,000;16,700;1,000;1,000;

24039;2018.05.29 14:00:00;0,000;0,000;0,000;0,000;0,000;16,700;1,000;1,000;

24040;2018.05.29 15:00:00;0,000;0,000;0,000;0,000;0,000;16,700;1,000;1,000;

24041;2018.05.29 16:00:00;0,000;0,000;0,000;0,000;0,000;16,700;1,000;1,000;

24042;2018.05.29 17:00:00;0,000;0,000;0,000;0,000;0,000;16,700;1,000;1,000;

24043;2018.05.29 18:00:00;0,000;0,000;0,000;0,000;0,000;16,700;1,000;1,000;

24044;2018.05.29 19:00:00;0,000;0,000;0,000;0,000;0,000;16,700;1,000;1,000;

24045;2018.05.29 20:00:00;0,000;0,000;0,000;0,000;0,000;16,700;1,000;1,000;

24046;2018.05.29 21:00:00;0,000;0,000;0,000;0,000;0,000;16,700;1,000;1,000;

24047;2018.05.29 22:00:00;0,000;0,000;0,000;0,000;0,000;16,700;1,000;1,000;

24048;2018.05.29 23:00:00;0,000;0,000;0,000;0,000;0,000;16,700;1,000;1,000;

24049;2018.05.30 00:00:00;0,000;0,000;0,000;0,000;0,000;16,733;1,000;1,000;

24050;2018.05.30 01:00:00;0,000;0,000;0,000;0,000;0,000;16,733;1,000;1,000;

24051;2018.05.30 02:00:00;0,000;0,000;0,000;0,000;0,000;16,733;1,000;1,000;

24052;2018.05.30 03:00:00;0,000;0,000;0,000;0,000;0,000;16,733;1,000;1,000;

24053;2018.05.30 04:00:00;0,000;0,000;0,000;0,000;0,000;16,733;1,000;1,000;

24054;2018.05.30 05:00:00;0,000;0,000;0,000;0,000;0,000;16,733;1,000;1,000;

24055;2018.05.30 06:00:00;0,000;0,000;0,000;0,000;0,000;16,733;1,000;1,000;

24056;2018.05.30 07:00:00;0,000;0,000;0,000;0,000;0,000;16,733;1,000;1,000;

24057;2018.05.30 08:00:00;0,000;0,000;0,000;0,000;0,000;16,733;1,000;1,000;

24058;2018.05.30 09:00:00;0,000;0,000;0,000;0,000;0,000;16,733;1,000;1,000;

24059;2018.05.30 10:00:00;0,000;0,000;0,000;0,000;0,000;16,733;1,000;1,000;

24060;2018.05.30 11:00:00;0,000;0,000;0,000;0,000;0,000;16,733;1,000;1,000;

24061;2018.05.30 12:00:00;0,000;0,000;0,000;0,000;0,000;16,733;1,000;1,000;

24062;2018.05.30 13:00:00;0,000;0,000;0,000;0,000;0,000;16,733;1,000;1,000;

24063;2018.05.30 14:00:00;0,000;0,000;0,000;0,000;0,000;16,733;1,000;1,000;

24064;2018.05.30 15:00:00;0,000;0,000;0,000;0,000;0,000;16,733;1,000;1,000;

24065;2018.05.30 16:00:00;0,000;0,000;0,000;0,000;0,000;16,733;1,000;1,000;

24066;2018.05.30 17:00:00;0,000;0,000;0,000;0,000;0,000;16,733;1,000;1,000;

24067;2018.05.30 18:00:00;0,000;0,000;0,000;0,000;0,000;16,733;1,000;1,000;

24068;2018.05.30 19:00:00;0,000;0,000;0,000;0,000;0,000;16,733;1,000;1,000;

24069;2018.05.30 20:00:00;0,000;0,000;0,000;0,000;0,000;16,733;1,000;1,000;

24070;2018.05.30 21:00:00;0,000;0,000;0,000;0,000;0,000;16,733;1,000;1,000;

24071;2018.05.30 22:00:00;0,000;0,000;0,000;0,000;0,000;16,733;1,000;1,000;

24072;2018.05.30 23:00:00;0,000;0,000;0,000;0,000;0,000;16,733;1,000;1,000;

24073;2018.05.31 00:00:00;0,000;0,000;0,000;0,000;0,000;16,767;1,000;1,000;

24074;2018.05.31 01:00:00;0,000;0,000;0,000;0,000;0,000;16,767;1,000;1,000;

24075;2018.05.31 02:00:00;0,000;0,000;0,000;0,000;0,000;16,767;1,000;1,000;

24076;2018.05.31 03:00:00;0,000;0,000;0,000;0,000;0,000;16,767;1,000;1,000;

24077;2018.05.31 04:00:00;0,000;0,000;0,000;0,000;0,000;16,767;1,000;1,000;

24078;2018.05.31 05:00:00;0,000;0,000;0,000;0,000;0,000;16,767;1,000;1,000;

24079;2018.05.31 06:00:00;0,000;0,000;0,000;0,000;0,000;16,767;1,000;1,000;

24080;2018.05.31 07:00:00;0,000;0,000;0,000;0,000;0,000;16,767;1,000;1,000;

24081;2018.05.31 08:00:00;0,000;0,000;0,000;0,000;0,000;16,767;1,000;1,000;

24082;2018.05.31 09:00:00;0,000;0,000;0,000;0,000;0,000;16,767;1,000;1,000;

24083;2018.05.31 10:00:00;0,000;0,000;0,000;0,000;0,000;16,767;1,000;1,000;

24084;2018.05.31 11:00:00;0,000;0,000;0,000;0,000;0,000;16,767;1,000;1,000;

24085;2018.05.31 12:00:00;0,000;0,000;0,000;0,000;0,000;16,767;1,000;1,000;

24086;2018.05.31 13:00:00;0,000;0,000;0,000;0,000;0,000;16,767;1,000;1,000;

24087;2018.05.31 14:00:00;0,000;0,000;0,000;0,000;0,000;16,767;1,000;1,000;

24088;2018.05.31 15:00:00;0,000;0,000;0,000;0,000;0,000;16,767;1,000;1,000;

24089;2018.05.31 16:00:00;0,000;0,000;0,000;0,000;0,000;16,767;1,000;1,000;

24090;2018.05.31 17:00:00;0,000;0,000;0,000;0,000;0,000;16,767;1,000;1,000;

24091;2018.05.31 18:00:00;0,000;0,000;0,000;0,000;0,000;16,767;1,000;1,000;

24092;2018.05.31 19:00:00;0,000;0,000;0,000;0,000;0,000;16,767;1,000;1,000;

24093;2018.05.31 20:00:00;0,000;0,000;0,000;0,000;0,000;16,767;1,000;1,000;

24094;2018.05.31 21:00:00;0,000;0,000;0,000;0,000;0,000;16,767;1,000;1,000;

24095;2018.05.31 22:00:00;0,000;0,000;0,000;0,000;0,000;16,767;1,000;1,000;

24096;2018.05.31 23:00:00;0,000;0,000;0,000;0,000;0,000;16,767;1,000;1,000;

24097;2018.06.01 00:00:00;0,000;0,000;0,000;0,000;0,000;16,800;2,000;2,000;

24098;2018.06.01 01:00:00;0,000;0,000;0,000;0,000;0,000;16,800;2,000;2,000;

24099;2018.06.01 02:00:00;0,000;0,000;0,000;0,000;0,000;16,800;2,000;2,000;

24100;2018.06.01 03:00:00;0,000;0,000;0,000;0,000;0,000;16,800;2,000;2,000;

24101;2018.06.01 04:00:00;0,000;0,000;0,000;0,000;0,000;16,800;2,000;2,000;

24102;2018.06.01 05:00:00;0,000;0,000;0,000;0,000;0,000;16,800;2,000;2,000;

24103;2018.06.01 06:00:00;0,000;0,000;0,000;0,000;0,000;16,800;2,000;2,000;

24104;2018.06.01 07:00:00;0,000;0,000;0,000;0,000;0,000;16,800;2,000;2,000;

24105;2018.06.01 08:00:00;0,000;0,000;0,000;0,000;0,000;16,800;2,000;2,000;

24106;2018.06.01 09:00:00;0,000;0,000;0,000;0,000;0,000;16,800;2,000;2,000;

24107;2018.06.01 10:00:00;0,000;0,000;0,000;0,000;0,000;16,800;2,000;2,000;

24108;2018.06.01 11:00:00;0,000;0,000;0,000;0,000;0,000;16,800;2,000;2,000;

24109;2018.06.01 12:00:00;0,000;0,000;0,000;0,000;0,000;16,800;2,000;2,000;

24110;2018.06.01 13:00:00;0,000;0,000;0,000;0,000;0,000;16,800;2,000;2,000;

24111;2018.06.01 14:00:00;0,000;0,000;0,000;0,000;0,000;16,800;2,000;2,000;

24112;2018.06.01 15:00:00;0,000;0,000;0,000;0,000;0,000;16,800;2,000;2,000;

24113;2018.06.01 16:00:00;0,000;0,000;0,000;0,000;0,000;16,800;2,000;2,000;

24114;2018.06.01 17:00:00;0,000;0,000;0,000;0,000;0,000;16,800;2,000;2,000;

24115;2018.06.01 18:00:00;0,000;0,000;0,000;0,000;0,000;16,800;2,000;2,000;

24116;2018.06.01 19:00:00;0,000;0,000;0,000;0,000;0,000;16,800;2,000;2,000;

24117;2018.06.01 20:00:00;0,000;0,000;0,000;0,000;0,000;16,800;2,000;2,000;

24118;2018.06.01 21:00:00;0,000;0,000;0,000;0,000;0,000;16,800;2,000;2,000;

24119;2018.06.01 22:00:00;0,000;0,000;0,000;0,000;0,000;16,800;2,000;2,000;

24120;2018.06.01 23:00:00;0,000;0,000;0,000;0,000;0,000;16,800;2,000;2,000;

24121;2018.06.02 00:00:00;0,000;0,000;0,000;0,000;0,000;16,850;3,000;2,000;

24122;2018.06.02 01:00:00;0,000;0,000;0,000;0,000;0,000;16,850;3,000;2,000;

24123;2018.06.02 02:00:00;0,000;0,000;0,000;0,000;0,000;16,850;3,000;2,000;

24124;2018.06.02 03:00:00;0,000;0,000;0,000;0,000;0,000;16,850;3,000;2,000;

24125;2018.06.02 04:00:00;0,000;0,000;0,000;0,000;0,000;16,850;3,000;2,000;

24126;2018.06.02 05:00:00;0,000;0,000;0,000;0,000;0,000;16,850;3,000;2,000;

24127;2018.06.02 06:00:00;0,000;0,000;0,000;0,000;0,000;16,850;3,000;2,000;

24128;2018.06.02 07:00:00;0,000;0,000;0,000;0,000;0,000;16,850;3,000;2,000;

24129;2018.06.02 08:00:00;0,000;0,000;0,000;0,000;0,000;16,850;3,000;2,000;

24130;2018.06.02 09:00:00;0,000;0,000;0,000;0,000;0,000;16,850;3,000;2,000;

24131;2018.06.02 10:00:00;0,000;0,000;0,000;0,000;0,000;16,850;3,000;2,000;

24132;2018.06.02 11:00:00;0,000;0,000;0,000;0,000;0,000;16,850;3,000;2,000;

24133;2018.06.02 12:00:00;0,000;0,000;0,000;0,000;0,000;16,850;3,000;2,000;

24134;2018.06.02 13:00:00;0,000;0,000;0,000;0,000;0,000;16,850;3,000;2,000;

24135;2018.06.02 14:00:00;0,000;0,000;0,000;0,000;0,000;16,850;3,000;2,000;

24136;2018.06.02 15:00:00;0,000;0,000;0,000;0,000;0,000;16,850;3,000;2,000;

24137;2018.06.02 16:00:00;0,000;0,000;0,000;0,000;0,000;16,850;3,000;2,000;

24138;2018.06.02 17:00:00;0,000;0,000;0,000;0,000;0,000;16,850;3,000;2,000;

24139;2018.06.02 18:00:00;0,000;0,000;0,000;0,000;0,000;16,850;3,000;2,000;

24140;2018.06.02 19:00:00;0,000;0,000;0,000;0,000;0,000;16,850;3,000;2,000;

24141;2018.06.02 20:00:00;0,000;0,000;0,000;0,000;0,000;16,850;3,000;2,000;

24142;2018.06.02 21:00:00;0,000;0,000;0,000;0,000;0,000;16,850;3,000;2,000;

24143;2018.06.02 22:00:00;0,000;0,000;0,000;0,000;0,000;16,850;3,000;2,000;

24144;2018.06.02 23:00:00;0,000;0,000;0,000;0,000;0,000;16,850;3,000;2,000;

24145;2018.06.03 00:00:00;0,000;0,000;0,000;0,000;0,000;16,883;4,000;2,000;

24146;2018.06.03 01:00:00;0,000;0,000;0,000;0,000;0,000;16,883;4,000;2,000;

24147;2018.06.03 02:00:00;0,000;0,000;0,000;0,000;0,000;16,883;4,000;2,000;

24148;2018.06.03 03:00:00;0,000;0,000;0,000;0,000;0,000;16,883;4,000;2,000;

24149;2018.06.03 04:00:00;0,000;0,000;0,000;0,000;0,000;16,883;4,000;2,000;

24150;2018.06.03 05:00:00;0,000;0,000;0,000;0,000;0,000;16,883;4,000;2,000;

24151;2018.06.03 06:00:00;0,000;0,000;0,000;0,000;0,000;16,883;4,000;2,000;

24152;2018.06.03 07:00:00;0,000;0,000;0,000;0,000;0,000;16,883;4,000;2,000;

24153;2018.06.03 08:00:00;0,000;0,000;0,000;0,000;0,000;16,883;4,000;2,000;

24154;2018.06.03 09:00:00;0,000;0,000;0,000;0,000;0,000;16,883;4,000;2,000;

24155;2018.06.03 10:00:00;0,000;0,000;0,000;0,000;0,000;16,883;4,000;2,000;

24156;2018.06.03 11:00:00;0,000;0,000;0,000;0,000;0,000;16,883;4,000;2,000;

24157;2018.06.03 12:00:00;0,000;0,000;0,000;0,000;0,000;16,883;4,000;2,000;

24158;2018.06.03 13:00:00;0,000;0,000;0,000;0,000;0,000;16,883;4,000;2,000;

24159;2018.06.03 14:00:00;0,000;0,000;0,000;0,000;0,000;16,883;4,000;2,000;

24160;2018.06.03 15:00:00;0,000;0,000;0,000;0,000;0,000;16,883;4,000;2,000;

24161;2018.06.03 16:00:00;0,000;0,000;0,000;0,000;0,000;16,883;4,000;2,000;

24162;2018.06.03 17:00:00;0,000;0,000;0,000;0,000;0,000;16,883;4,000;2,000;

24163;2018.06.03 18:00:00;0,000;0,000;0,000;0,000;0,000;16,883;4,000;2,000;

24164;2018.06.03 19:00:00;0,000;0,000;0,000;0,000;0,000;16,883;4,000;2,000;

24165;2018.06.03 20:00:00;0,000;0,000;0,000;0,000;0,000;16,883;4,000;2,000;

24166;2018.06.03 21:00:00;0,000;0,000;0,000;0,000;0,000;16,883;4,000;2,000;

24167;2018.06.03 22:00:00;0,000;0,000;0,000;0,000;0,000;16,883;4,000;2,000;

24168;2018.06.03 23:00:00;0,000;0,000;0,000;0,000;0,000;16,883;4,000;2,000;

24169;2018.06.04 00:00:00;0,000;0,000;0,000;0,000;0,000;16,900;1,000;2,000;

24170;2018.06.04 01:00:00;0,000;0,000;0,000;0,000;0,000;16,900;1,000;2,000;

24171;2018.06.04 02:00:00;0,000;0,000;0,000;0,000;0,000;16,900;1,000;2,000;

24172;2018.06.04 03:00:00;0,000;0,000;0,000;0,000;0,000;16,900;1,000;2,000;

24173;2018.06.04 04:00:00;0,000;0,000;0,000;0,000;0,000;16,900;1,000;2,000;

24174;2018.06.04 05:00:00;0,000;0,000;0,000;0,000;0,000;16,900;1,000;2,000;

24175;2018.06.04 06:00:00;0,000;0,000;0,000;0,000;0,000;16,900;1,000;2,000;

24176;2018.06.04 07:00:00;0,000;0,000;0,000;0,000;0,000;16,900;1,000;2,000;

24177;2018.06.04 08:00:00;0,000;0,000;0,000;0,000;0,000;16,900;1,000;2,000;

24178;2018.06.04 09:00:00;0,000;0,000;0,000;0,000;0,000;16,900;1,000;2,000;

24179;2018.06.04 10:00:00;0,000;0,000;0,000;0,000;0,000;16,900;1,000;2,000;

24180;2018.06.04 11:00:00;0,000;0,000;0,000;0,000;0,000;16,900;1,000;2,000;

24181;2018.06.04 12:00:00;0,000;0,000;0,000;0,000;0,000;16,900;1,000;2,000;

24182;2018.06.04 13:00:00;0,000;0,000;0,000;0,000;0,000;16,900;1,000;2,000;

24183;2018.06.04 14:00:00;0,000;0,000;0,000;0,000;0,000;16,900;1,000;2,000;

24184;2018.06.04 15:00:00;0,000;0,000;0,000;0,000;0,000;16,900;1,000;2,000;

24185;2018.06.04 16:00:00;0,000;0,000;0,000;0,000;0,000;16,900;1,000;2,000;

24186;2018.06.04 17:00:00;0,000;0,000;0,000;0,000;0,000;16,900;1,000;2,000;

24187;2018.06.04 18:00:00;0,000;0,000;0,000;0,000;0,000;16,900;1,000;2,000;

24188;2018.06.04 19:00:00;0,000;0,000;0,000;0,000;0,000;16,900;1,000;2,000;

24189;2018.06.04 20:00:00;0,000;0,000;0,000;0,000;0,000;16,900;1,000;2,000;

24190;2018.06.04 21:00:00;0,000;0,000;0,000;0,000;0,000;16,900;1,000;2,000;

24191;2018.06.04 22:00:00;0,000;0,000;0,000;0,000;0,000;16,900;1,000;2,000;

24192;2018.06.04 23:00:00;0,000;0,000;0,000;0,000;0,000;16,900;1,000;2,000;

24193;2018.06.05 00:00:00;0,000;0,000;0,000;0,000;0,000;16,933;1,000;2,000;

24194;2018.06.05 01:00:00;0,000;0,000;0,000;0,000;0,000;16,933;1,000;2,000;

24195;2018.06.05 02:00:00;0,000;0,000;0,000;0,000;0,000;16,933;1,000;2,000;

24196;2018.06.05 03:00:00;0,000;0,000;0,000;0,000;0,000;16,933;1,000;2,000;

24197;2018.06.05 04:00:00;0,000;0,000;0,000;0,000;0,000;16,933;1,000;2,000;

24198;2018.06.05 05:00:00;0,000;0,000;0,000;0,000;0,000;16,933;1,000;2,000;

24199;2018.06.05 06:00:00;0,000;0,000;0,000;0,000;0,000;16,933;1,000;2,000;

24200;2018.06.05 07:00:00;0,000;0,000;0,000;0,000;0,000;16,933;1,000;2,000;

24201;2018.06.05 08:00:00;0,000;0,000;0,000;0,000;0,000;16,933;1,000;2,000;

24202;2018.06.05 09:00:00;0,000;0,000;0,000;0,000;0,000;16,933;1,000;2,000;

24203;2018.06.05 10:00:00;0,000;0,000;0,000;0,000;0,000;16,933;1,000;2,000;

24204;2018.06.05 11:00:00;0,000;0,000;0,000;0,000;0,000;16,933;1,000;2,000;

24205;2018.06.05 12:00:00;0,000;0,000;0,000;0,000;0,000;16,933;1,000;2,000;

24206;2018.06.05 13:00:00;0,000;0,000;0,000;0,000;0,000;16,933;1,000;2,000;

24207;2018.06.05 14:00:00;0,000;0,000;0,000;0,000;0,000;16,933;1,000;2,000;

24208;2018.06.05 15:00:00;0,000;0,000;0,000;0,000;0,000;16,933;1,000;2,000;

24209;2018.06.05 16:00:00;0,000;0,000;0,000;0,000;0,000;16,933;1,000;2,000;

24210;2018.06.05 17:00:00;0,000;0,000;0,000;0,000;0,000;16,933;1,000;2,000;

24211;2018.06.05 18:00:00;0,000;0,000;0,000;0,000;0,000;16,933;1,000;2,000;

24212;2018.06.05 19:00:00;0,000;0,000;0,000;0,000;0,000;16,933;1,000;2,000;

24213;2018.06.05 20:00:00;0,000;0,000;0,000;0,000;0,000;16,933;1,000;2,000;

24214;2018.06.05 21:00:00;0,000;0,000;0,000;0,000;0,000;16,933;1,000;2,000;

24215;2018.06.05 22:00:00;0,000;0,000;0,000;0,000;0,000;16,933;1,000;2,000;

24216;2018.06.05 23:00:00;0,000;0,000;0,000;0,000;0,000;16,933;1,000;2,000;

24217;2018.06.06 00:00:00;0,000;0,000;0,000;0,000;0,000;16,967;1,000;2,000;

24218;2018.06.06 01:00:00;0,000;0,000;0,000;0,000;0,000;16,967;1,000;2,000;

24219;2018.06.06 02:00:00;0,000;0,000;0,000;0,000;0,000;16,967;1,000;2,000;

24220;2018.06.06 03:00:00;0,000;0,000;0,000;0,000;0,000;16,967;1,000;2,000;

24221;2018.06.06 04:00:00;0,000;0,000;0,000;0,000;0,000;16,967;1,000;2,000;

24222;2018.06.06 05:00:00;0,000;0,000;0,000;0,000;0,000;16,967;1,000;2,000;

24223;2018.06.06 06:00:00;0,000;0,000;0,000;0,000;0,000;16,967;1,000;2,000;

24224;2018.06.06 07:00:00;0,000;0,000;0,000;0,000;0,000;16,967;1,000;2,000;

24225;2018.06.06 08:00:00;0,000;0,000;0,000;0,000;0,000;16,967;1,000;2,000;

24226;2018.06.06 09:00:00;0,000;0,000;0,000;0,000;0,000;16,967;1,000;2,000;

24227;2018.06.06 10:00:00;0,000;0,000;0,000;0,000;0,000;16,967;1,000;2,000;

24228;2018.06.06 11:00:00;0,000;0,000;0,000;0,000;0,000;16,967;1,000;2,000;

24229;2018.06.06 12:00:00;0,000;0,000;0,000;0,000;0,000;16,967;1,000;2,000;

24230;2018.06.06 13:00:00;0,000;0,000;0,000;0,000;0,000;16,967;1,000;2,000;

24231;2018.06.06 14:00:00;0,000;0,000;0,000;0,000;0,000;16,967;1,000;2,000;

24232;2018.06.06 15:00:00;0,000;0,000;0,000;0,000;0,000;16,967;1,000;2,000;

24233;2018.06.06 16:00:00;0,000;0,000;0,000;0,000;0,000;16,967;1,000;2,000;

24234;2018.06.06 17:00:00;0,000;0,000;0,000;0,000;0,000;16,967;1,000;2,000;

24235;2018.06.06 18:00:00;0,000;0,000;0,000;0,000;0,000;16,967;1,000;2,000;

24236;2018.06.06 19:00:00;0,000;0,000;0,000;0,000;0,000;16,967;1,000;2,000;

24237;2018.06.06 20:00:00;0,000;0,000;0,000;0,000;0,000;16,967;1,000;2,000;

24238;2018.06.06 21:00:00;0,000;0,000;0,000;0,000;0,000;16,967;1,000;2,000;

24239;2018.06.06 22:00:00;0,000;0,000;0,000;0,000;0,000;16,967;1,000;2,000;

24240;2018.06.06 23:00:00;0,000;0,000;0,000;0,000;0,000;16,967;1,000;2,000;

24241;2018.06.07 00:00:00;0,000;0,000;0,000;0,000;0,000;17,000;1,000;2,000;

24242;2018.06.07 01:00:00;0,000;0,000;0,000;0,000;0,000;17,000;1,000;2,000;

24243;2018.06.07 02:00:00;0,000;0,000;0,000;0,000;0,000;17,000;1,000;2,000;

24244;2018.06.07 03:00:00;0,000;0,000;0,000;0,000;0,000;17,000;1,000;2,000;

24245;2018.06.07 04:00:00;0,000;0,000;0,000;0,000;0,000;17,000;1,000;2,000;

24246;2018.06.07 05:00:00;0,000;0,000;0,000;0,000;0,000;17,000;1,000;2,000;

24247;2018.06.07 06:00:00;0,000;0,000;0,000;0,000;0,000;17,000;1,000;2,000;

24248;2018.06.07 07:00:00;0,000;0,000;0,000;0,000;0,000;17,000;1,000;2,000;

24249;2018.06.07 08:00:00;0,000;0,000;0,000;0,000;0,000;17,000;1,000;2,000;

24250;2018.06.07 09:00:00;0,000;0,000;0,000;0,000;0,000;17,000;1,000;2,000;

24251;2018.06.07 10:00:00;0,000;0,000;0,000;0,000;0,000;17,000;1,000;2,000;

24252;2018.06.07 11:00:00;0,000;0,000;0,000;0,000;0,000;17,000;1,000;2,000;

24253;2018.06.07 12:00:00;0,000;0,000;0,000;0,000;0,000;17,000;1,000;2,000;

24254;2018.06.07 13:00:00;0,000;0,000;0,000;0,000;0,000;17,000;1,000;2,000;

24255;2018.06.07 14:00:00;0,000;0,000;0,000;0,000;0,000;17,000;1,000;2,000;

24256;2018.06.07 15:00:00;0,000;0,000;0,000;0,000;0,000;17,000;1,000;2,000;

24257;2018.06.07 16:00:00;0,000;0,000;0,000;0,000;0,000;17,000;1,000;2,000;

24258;2018.06.07 17:00:00;0,000;0,000;0,000;0,000;0,000;17,000;1,000;2,000;

24259;2018.06.07 18:00:00;0,000;0,000;0,000;0,000;0,000;17,000;1,000;2,000;

24260;2018.06.07 19:00:00;0,000;0,000;0,000;0,000;0,000;17,000;1,000;2,000;

24261;2018.06.07 20:00:00;0,000;0,000;0,000;0,000;0,000;17,000;1,000;2,000;

24262;2018.06.07 21:00:00;0,000;0,000;0,000;0,000;0,000;17,000;1,000;2,000;

24263;2018.06.07 22:00:00;0,000;0,000;0,000;0,000;0,000;17,000;1,000;2,000;

24264;2018.06.07 23:00:00;0,000;0,000;0,000;0,000;0,000;17,000;1,000;2,000;

24265;2018.06.08 00:00:00;0,000;0,000;0,000;0,000;0,000;17,017;2,000;2,000;

24266;2018.06.08 01:00:00;0,000;0,000;0,000;0,000;0,000;17,017;2,000;2,000;

24267;2018.06.08 02:00:00;0,000;0,000;0,000;0,000;0,000;17,017;2,000;2,000;

24268;2018.06.08 03:00:00;0,000;0,000;0,000;0,000;0,000;17,017;2,000;2,000;

24269;2018.06.08 04:00:00;0,000;0,000;0,000;0,000;0,000;17,017;2,000;2,000;

24270;2018.06.08 05:00:00;0,000;0,000;0,000;0,000;0,000;17,017;2,000;2,000;

24271;2018.06.08 06:00:00;0,000;0,000;0,000;0,000;0,000;17,017;2,000;2,000;

24272;2018.06.08 07:00:00;0,000;0,000;0,000;0,000;0,000;17,017;2,000;2,000;

24273;2018.06.08 08:00:00;0,000;0,000;0,000;0,000;0,000;17,017;2,000;2,000;

24274;2018.06.08 09:00:00;0,000;0,000;0,000;0,000;0,000;17,017;2,000;2,000;

24275;2018.06.08 10:00:00;0,000;0,000;0,000;0,000;0,000;17,017;2,000;2,000;

24276;2018.06.08 11:00:00;0,000;0,000;0,000;0,000;0,000;17,017;2,000;2,000;

24277;2018.06.08 12:00:00;0,000;0,000;0,000;0,000;0,000;17,017;2,000;2,000;

24278;2018.06.08 13:00:00;0,000;0,000;0,000;0,000;0,000;17,017;2,000;2,000;

24279;2018.06.08 14:00:00;0,000;0,000;0,000;0,000;0,000;17,017;2,000;2,000;

24280;2018.06.08 15:00:00;0,000;0,000;0,000;0,000;0,000;17,017;2,000;2,000;

24281;2018.06.08 16:00:00;0,000;0,000;0,000;0,000;0,000;17,017;2,000;2,000;

24282;2018.06.08 17:00:00;0,000;0,000;0,000;0,000;0,000;17,017;2,000;2,000;

24283;2018.06.08 18:00:00;0,000;0,000;0,000;0,000;0,000;17,017;2,000;2,000;

24284;2018.06.08 19:00:00;0,000;0,000;0,000;0,000;0,000;17,017;2,000;2,000;

24285;2018.06.08 20:00:00;0,000;0,000;0,000;0,000;0,000;17,017;2,000;2,000;

24286;2018.06.08 21:00:00;0,000;0,000;0,000;0,000;0,000;17,017;2,000;2,000;

24287;2018.06.08 22:00:00;0,000;0,000;0,000;0,000;0,000;17,017;2,000;2,000;

24288;2018.06.08 23:00:00;0,000;0,000;0,000;0,000;0,000;17,017;2,000;2,000;

24289;2018.06.09 00:00:00;0,000;0,000;0,000;0,000;0,000;17,050;3,000;2,000;

24290;2018.06.09 01:00:00;0,000;0,000;0,000;0,000;0,000;17,050;3,000;2,000;

24291;2018.06.09 02:00:00;0,000;0,000;0,000;0,000;0,000;17,050;3,000;2,000;

24292;2018.06.09 03:00:00;0,000;0,000;0,000;0,000;0,000;17,050;3,000;2,000;

24293;2018.06.09 04:00:00;0,000;0,000;0,000;0,000;0,000;17,050;3,000;2,000;

24294;2018.06.09 05:00:00;0,000;0,000;0,000;0,000;0,000;17,050;3,000;2,000;

24295;2018.06.09 06:00:00;0,000;0,000;0,000;0,000;0,000;17,050;3,000;2,000;

24296;2018.06.09 07:00:00;0,000;0,000;0,000;0,000;0,000;17,050;3,000;2,000;

24297;2018.06.09 08:00:00;0,000;0,000;0,000;0,000;0,000;17,050;3,000;2,000;

24298;2018.06.09 09:00:00;0,000;0,000;0,000;0,000;0,000;17,050;3,000;2,000;

24299;2018.06.09 10:00:00;0,000;0,000;0,000;0,000;0,000;17,050;3,000;2,000;

24300;2018.06.09 11:00:00;0,000;0,000;0,000;0,000;0,000;17,050;3,000;2,000;

24301;2018.06.09 12:00:00;0,000;0,000;0,000;0,000;0,000;17,050;3,000;2,000;

24302;2018.06.09 13:00:00;0,000;0,000;0,000;0,000;0,000;17,050;3,000;2,000;

24303;2018.06.09 14:00:00;0,000;0,000;0,000;0,000;0,000;17,050;3,000;2,000;

24304;2018.06.09 15:00:00;0,000;0,000;0,000;0,000;0,000;17,050;3,000;2,000;

24305;2018.06.09 16:00:00;0,000;0,000;0,000;0,000;0,000;17,050;3,000;2,000;

24306;2018.06.09 17:00:00;0,000;0,000;0,000;0,000;0,000;17,050;3,000;2,000;

24307;2018.06.09 18:00:00;0,000;0,000;0,000;0,000;0,000;17,050;3,000;2,000;

24308;2018.06.09 19:00:00;0,000;0,000;0,000;0,000;0,000;17,050;3,000;2,000;

24309;2018.06.09 20:00:00;0,000;0,000;0,000;0,000;0,000;17,050;3,000;2,000;

24310;2018.06.09 21:00:00;0,000;0,000;0,000;0,000;0,000;17,050;3,000;2,000;

24311;2018.06.09 22:00:00;0,000;0,000;0,000;0,000;0,000;17,050;3,000;2,000;

24312;2018.06.09 23:00:00;0,000;0,000;0,000;0,000;0,000;17,050;3,000;2,000;

24313;2018.06.10 00:00:00;0,000;0,000;0,000;0,000;0,000;17,067;4,000;2,000;

24314;2018.06.10 01:00:00;0,000;0,000;0,000;0,000;0,000;17,067;4,000;2,000;

24315;2018.06.10 02:00:00;0,000;0,000;0,000;0,000;0,000;17,067;4,000;2,000;

24316;2018.06.10 03:00:00;0,000;0,000;0,000;0,000;0,000;17,067;4,000;2,000;

24317;2018.06.10 04:00:00;0,000;0,000;0,000;0,000;0,000;17,067;4,000;2,000;

24318;2018.06.10 05:00:00;0,000;0,000;0,000;0,000;0,000;17,067;4,000;2,000;

24319;2018.06.10 06:00:00;0,000;0,000;0,000;0,000;0,000;17,067;4,000;2,000;

24320;2018.06.10 07:00:00;0,000;0,000;0,000;0,000;0,000;17,067;4,000;2,000;

24321;2018.06.10 08:00:00;0,000;0,000;0,000;0,000;0,000;17,067;4,000;2,000;

24322;2018.06.10 09:00:00;0,000;0,000;0,000;0,000;0,000;17,067;4,000;2,000;

24323;2018.06.10 10:00:00;0,000;0,000;0,000;0,000;0,000;17,067;4,000;2,000;

24324;2018.06.10 11:00:00;0,000;0,000;0,000;0,000;0,000;17,067;4,000;2,000;

24325;2018.06.10 12:00:00;0,000;0,000;0,000;0,000;0,000;17,067;4,000;2,000;

24326;2018.06.10 13:00:00;0,000;0,000;0,000;0,000;0,000;17,067;4,000;2,000;

24327;2018.06.10 14:00:00;0,000;0,000;0,000;0,000;0,000;17,067;4,000;2,000;

24328;2018.06.10 15:00:00;0,000;0,000;0,000;0,000;0,000;17,067;4,000;2,000;

24329;2018.06.10 16:00:00;0,000;0,000;0,000;0,000;0,000;17,067;4,000;2,000;

24330;2018.06.10 17:00:00;0,000;0,000;0,000;0,000;0,000;17,067;4,000;2,000;

24331;2018.06.10 18:00:00;0,000;0,000;0,000;0,000;0,000;17,067;4,000;2,000;

24332;2018.06.10 19:00:00;0,000;0,000;0,000;0,000;0,000;17,067;4,000;2,000;

24333;2018.06.10 20:00:00;0,000;0,000;0,000;0,000;0,000;17,067;4,000;2,000;

24334;2018.06.10 21:00:00;0,000;0,000;0,000;0,000;0,000;17,067;4,000;2,000;

24335;2018.06.10 22:00:00;0,000;0,000;0,000;0,000;0,000;17,067;4,000;2,000;

24336;2018.06.10 23:00:00;0,000;0,000;0,000;0,000;0,000;17,067;4,000;2,000;

24337;2018.06.11 00:00:00;0,000;0,000;0,000;0,000;0,000;17,100;1,000;2,000;

24338;2018.06.11 01:00:00;0,000;0,000;0,000;0,000;0,000;17,100;1,000;2,000;

24339;2018.06.11 02:00:00;0,000;0,000;0,000;0,000;0,000;17,100;1,000;2,000;

24340;2018.06.11 03:00:00;0,000;0,000;0,000;0,000;0,000;17,100;1,000;2,000;

24341;2018.06.11 04:00:00;0,000;0,000;0,000;0,000;0,000;17,100;1,000;2,000;

24342;2018.06.11 05:00:00;0,000;0,000;0,000;0,000;0,000;17,100;1,000;2,000;

24343;2018.06.11 06:00:00;0,000;0,000;0,000;0,000;0,000;17,100;1,000;2,000;

24344;2018.06.11 07:00:00;0,000;0,000;0,000;0,000;0,000;17,100;1,000;2,000;

24345;2018.06.11 08:00:00;0,000;0,000;0,000;0,000;0,000;17,100;1,000;2,000;

24346;2018.06.11 09:00:00;0,000;0,000;0,000;0,000;0,000;17,100;1,000;2,000;

24347;2018.06.11 10:00:00;0,000;0,000;0,000;0,000;0,000;17,100;1,000;2,000;

24348;2018.06.11 11:00:00;0,000;0,000;0,000;0,000;0,000;17,100;1,000;2,000;

24349;2018.06.11 12:00:00;0,000;0,000;0,000;0,000;0,000;17,100;1,000;2,000;

24350;2018.06.11 13:00:00;0,000;0,000;0,000;0,000;0,000;17,100;1,000;2,000;

24351;2018.06.11 14:00:00;0,000;0,000;0,000;0,000;0,000;17,100;1,000;2,000;

24352;2018.06.11 15:00:00;0,000;0,000;0,000;0,000;0,000;17,100;1,000;2,000;

24353;2018.06.11 16:00:00;0,000;0,000;0,000;0,000;0,000;17,100;1,000;2,000;

24354;2018.06.11 17:00:00;0,000;0,000;0,000;0,000;0,000;17,100;1,000;2,000;

24355;2018.06.11 18:00:00;0,000;0,000;0,000;0,000;0,000;17,100;1,000;2,000;

24356;2018.06.11 19:00:00;0,000;0,000;0,000;0,000;0,000;17,100;1,000;2,000;

24357;2018.06.11 20:00:00;0,000;0,000;0,000;0,000;0,000;17,100;1,000;2,000;

24358;2018.06.11 21:00:00;0,000;0,000;0,000;0,000;0,000;17,100;1,000;2,000;

24359;2018.06.11 22:00:00;0,000;0,000;0,000;0,000;0,000;17,100;1,000;2,000;

24360;2018.06.11 23:00:00;0,000;0,000;0,000;0,000;0,000;17,100;1,000;2,000;

24361;2018.06.12 00:00:00;0,000;0,000;0,000;0,000;0,000;17,100;1,000;2,000;

24362;2018.06.12 01:00:00;0,000;0,000;0,000;0,000;0,000;17,100;1,000;2,000;

24363;2018.06.12 02:00:00;0,000;0,000;0,000;0,000;0,000;17,100;1,000;2,000;

24364;2018.06.12 03:00:00;0,000;0,000;0,000;0,000;0,000;17,100;1,000;2,000;

24365;2018.06.12 04:00:00;0,000;0,000;0,000;0,000;0,000;17,100;1,000;2,000;

24366;2018.06.12 05:00:00;0,000;0,000;0,000;0,000;0,000;17,100;1,000;2,000;

24367;2018.06.12 06:00:00;0,000;0,000;0,000;0,000;0,000;17,100;1,000;2,000;

24368;2018.06.12 07:00:00;0,000;0,000;0,000;0,000;0,000;17,100;1,000;2,000;

24369;2018.06.12 08:00:00;0,000;0,000;0,000;0,000;0,000;17,100;1,000;2,000;

24370;2018.06.12 09:00:00;0,000;0,000;0,000;0,000;0,000;17,100;1,000;2,000;

24371;2018.06.12 10:00:00;0,000;0,000;0,000;0,000;0,000;17,100;1,000;2,000;

24372;2018.06.12 11:00:00;0,000;0,000;0,000;0,000;0,000;17,100;1,000;2,000;

24373;2018.06.12 12:00:00;0,000;0,000;0,000;0,000;0,000;17,100;1,000;2,000;

24374;2018.06.12 13:00:00;0,000;0,000;0,000;0,000;0,000;17,100;1,000;2,000;

24375;2018.06.12 14:00:00;0,000;0,000;0,000;0,000;0,000;17,100;1,000;2,000;

24376;2018.06.12 15:00:00;0,000;0,000;0,000;0,000;0,000;17,100;1,000;2,000;

24377;2018.06.12 16:00:00;0,000;0,000;0,000;0,000;0,000;17,100;1,000;2,000;

24378;2018.06.12 17:00:00;0,000;0,000;0,000;0,000;0,000;17,100;1,000;2,000;

24379;2018.06.12 18:00:00;0,000;0,000;0,000;0,000;0,000;17,100;1,000;2,000;

24380;2018.06.12 19:00:00;0,000;0,000;0,000;0,000;0,000;17,100;1,000;2,000;

24381;2018.06.12 20:00:00;0,000;0,000;0,000;0,000;0,000;17,100;1,000;2,000;

24382;2018.06.12 21:00:00;0,000;0,000;0,000;0,000;0,000;17,100;1,000;2,000;

24383;2018.06.12 22:00:00;0,000;0,000;0,000;0,000;0,000;17,100;1,000;2,000;

24384;2018.06.12 23:00:00;0,000;0,000;0,000;0,000;0,000;17,100;1,000;2,000;

24385;2018.06.13 00:00:00;0,000;0,000;0,000;0,000;0,000;17,117;1,000;2,000;

24386;2018.06.13 01:00:00;0,000;0,000;0,000;0,000;0,000;17,117;1,000;2,000;

24387;2018.06.13 02:00:00;0,000;0,000;0,000;0,000;0,000;17,117;1,000;2,000;

24388;2018.06.13 03:00:00;0,000;0,000;0,000;0,000;0,000;17,117;1,000;2,000;

24389;2018.06.13 04:00:00;0,000;0,000;0,000;0,000;0,000;17,117;1,000;2,000;

24390;2018.06.13 05:00:00;0,000;0,000;0,000;0,000;0,000;17,117;1,000;2,000;

24391;2018.06.13 06:00:00;0,000;0,000;0,000;0,000;0,000;17,117;1,000;2,000;

24392;2018.06.13 07:00:00;0,000;0,000;0,000;0,000;0,000;17,117;1,000;2,000;

24393;2018.06.13 08:00:00;0,000;0,000;0,000;0,000;0,000;17,117;1,000;2,000;

24394;2018.06.13 09:00:00;0,000;0,000;0,000;0,000;0,000;17,117;1,000;2,000;

24395;2018.06.13 10:00:00;0,000;0,000;0,000;0,000;0,000;17,117;1,000;2,000;

24396;2018.06.13 11:00:00;0,000;0,000;0,000;0,000;0,000;17,117;1,000;2,000;

24397;2018.06.13 12:00:00;0,000;0,000;0,000;0,000;0,000;17,117;1,000;2,000;

24398;2018.06.13 13:00:00;0,000;0,000;0,000;0,000;0,000;17,117;1,000;2,000;

24399;2018.06.13 14:00:00;0,000;0,000;0,000;0,000;0,000;17,117;1,000;2,000;

24400;2018.06.13 15:00:00;0,000;0,000;0,000;0,000;0,000;17,117;1,000;2,000;

24401;2018.06.13 16:00:00;0,000;0,000;0,000;0,000;0,000;17,117;1,000;2,000;

24402;2018.06.13 17:00:00;0,000;0,000;0,000;0,000;0,000;17,117;1,000;2,000;

24403;2018.06.13 18:00:00;0,000;0,000;0,000;0,000;0,000;17,117;1,000;2,000;

24404;2018.06.13 19:00:00;0,000;0,000;0,000;0,000;0,000;17,117;1,000;2,000;

24405;2018.06.13 20:00:00;0,000;0,000;0,000;0,000;0,000;17,117;1,000;2,000;

24406;2018.06.13 21:00:00;0,000;0,000;0,000;0,000;0,000;17,117;1,000;2,000;

24407;2018.06.13 22:00:00;0,000;0,000;0,000;0,000;0,000;17,117;1,000;2,000;

24408;2018.06.13 23:00:00;0,000;0,000;0,000;0,000;0,000;17,117;1,000;2,000;

24409;2018.06.14 00:00:00;0,000;0,000;0,000;0,000;0,000;17,150;1,000;2,000;

24410;2018.06.14 01:00:00;0,000;0,000;0,000;0,000;0,000;17,150;1,000;2,000;

24411;2018.06.14 02:00:00;0,000;0,000;0,000;0,000;0,000;17,150;1,000;2,000;

24412;2018.06.14 03:00:00;0,000;0,000;0,000;0,000;0,000;17,150;1,000;2,000;

24413;2018.06.14 04:00:00;0,000;0,000;0,000;0,000;0,000;17,150;1,000;2,000;

24414;2018.06.14 05:00:00;0,000;0,000;0,000;0,000;0,000;17,150;1,000;2,000;

24415;2018.06.14 06:00:00;0,000;0,000;0,000;0,000;0,000;17,150;1,000;2,000;

24416;2018.06.14 07:00:00;0,000;0,000;0,000;0,000;0,000;17,150;1,000;2,000;

24417;2018.06.14 08:00:00;0,000;0,000;0,000;0,000;0,000;17,150;1,000;2,000;

24418;2018.06.14 09:00:00;0,000;0,000;0,000;0,000;0,000;17,150;1,000;2,000;

24419;2018.06.14 10:00:00;0,000;0,000;0,000;0,000;0,000;17,150;1,000;2,000;

24420;2018.06.14 11:00:00;0,000;0,000;0,000;0,000;0,000;17,150;1,000;2,000;

24421;2018.06.14 12:00:00;0,000;0,000;0,000;0,000;0,000;17,150;1,000;2,000;

24422;2018.06.14 13:00:00;0,000;0,000;0,000;0,000;0,000;17,150;1,000;2,000;

24423;2018.06.14 14:00:00;0,000;0,000;0,000;0,000;0,000;17,150;1,000;2,000;

24424;2018.06.14 15:00:00;0,000;0,000;0,000;0,000;0,000;17,150;1,000;2,000;

24425;2018.06.14 16:00:00;0,000;0,000;0,000;0,000;0,000;17,150;1,000;2,000;

24426;2018.06.14 17:00:00;0,000;0,000;0,000;0,000;0,000;17,150;1,000;2,000;

24427;2018.06.14 18:00:00;0,000;0,000;0,000;0,000;0,000;17,150;1,000;2,000;

24428;2018.06.14 19:00:00;0,000;0,000;0,000;0,000;0,000;17,150;1,000;2,000;

24429;2018.06.14 20:00:00;0,000;0,000;0,000;0,000;0,000;17,150;1,000;2,000;

24430;2018.06.14 21:00:00;0,000;0,000;0,000;0,000;0,000;17,150;1,000;2,000;

24431;2018.06.14 22:00:00;0,000;0,000;0,000;0,000;0,000;17,150;1,000;2,000;

24432;2018.06.14 23:00:00;0,000;0,000;0,000;0,000;0,000;17,150;1,000;2,000;

24433;2018.06.15 00:00:00;0,000;0,000;0,000;0,000;0,000;17,150;2,000;2,000;

24434;2018.06.15 01:00:00;0,000;0,000;0,000;0,000;0,000;17,150;2,000;2,000;

24435;2018.06.15 02:00:00;0,000;0,000;0,000;0,000;0,000;17,150;2,000;2,000;

24436;2018.06.15 03:00:00;0,000;0,000;0,000;0,000;0,000;17,150;2,000;2,000;

24437;2018.06.15 04:00:00;0,000;0,000;0,000;0,000;0,000;17,150;2,000;2,000;

24438;2018.06.15 05:00:00;0,000;0,000;0,000;0,000;0,000;17,150;2,000;2,000;

24439;2018.06.15 06:00:00;0,000;0,000;0,000;0,000;0,000;17,150;2,000;2,000;

24440;2018.06.15 07:00:00;0,000;0,000;0,000;0,000;0,000;17,150;2,000;2,000;

24441;2018.06.15 08:00:00;0,000;0,000;0,000;0,000;0,000;17,150;2,000;2,000;

24442;2018.06.15 09:00:00;0,000;0,000;0,000;0,000;0,000;17,150;2,000;2,000;

24443;2018.06.15 10:00:00;0,000;0,000;0,000;0,000;0,000;17,150;2,000;2,000;

24444;2018.06.15 11:00:00;0,000;0,000;0,000;0,000;0,000;17,150;2,000;2,000;

24445;2018.06.15 12:00:00;0,000;0,000;0,000;0,000;0,000;17,150;2,000;2,000;

24446;2018.06.15 13:00:00;0,000;0,000;0,000;0,000;0,000;17,150;2,000;2,000;

24447;2018.06.15 14:00:00;0,000;0,000;0,000;0,000;0,000;17,150;2,000;2,000;

24448;2018.06.15 15:00:00;0,000;0,000;0,000;0,000;0,000;17,150;2,000;2,000;

24449;2018.06.15 16:00:00;0,000;0,000;0,000;0,000;0,000;17,150;2,000;2,000;

24450;2018.06.15 17:00:00;0,000;0,000;0,000;0,000;0,000;17,150;2,000;2,000;

24451;2018.06.15 18:00:00;0,000;0,000;0,000;0,000;0,000;17,150;2,000;2,000;

24452;2018.06.15 19:00:00;0,000;0,000;0,000;0,000;0,000;17,150;2,000;2,000;

24453;2018.06.15 20:00:00;0,000;0,000;0,000;0,000;0,000;17,150;2,000;2,000;

24454;2018.06.15 21:00:00;0,000;0,000;0,000;0,000;0,000;17,150;2,000;2,000;

24455;2018.06.15 22:00:00;0,000;0,000;0,000;0,000;0,000;17,150;2,000;2,000;

24456;2018.06.15 23:00:00;0,000;0,000;0,000;0,000;0,000;17,150;2,000;2,000;

24457;2018.06.16 00:00:00;0,000;0,000;0,000;0,000;0,000;17,167;3,000;2,000;

24458;2018.06.16 01:00:00;0,000;0,000;0,000;0,000;0,000;17,167;3,000;2,000;

24459;2018.06.16 02:00:00;0,000;0,000;0,000;0,000;0,000;17,167;3,000;2,000;

24460;2018.06.16 03:00:00;0,000;0,000;0,000;0,000;0,000;17,167;3,000;2,000;

24461;2018.06.16 04:00:00;0,000;0,000;0,000;0,000;0,000;17,167;3,000;2,000;

24462;2018.06.16 05:00:00;0,000;0,000;0,000;0,000;0,000;17,167;3,000;2,000;

24463;2018.06.16 06:00:00;0,000;0,000;0,000;0,000;0,000;17,167;3,000;2,000;

24464;2018.06.16 07:00:00;0,000;0,000;0,000;0,000;0,000;17,167;3,000;2,000;

24465;2018.06.16 08:00:00;0,000;0,000;0,000;0,000;0,000;17,167;3,000;2,000;

24466;2018.06.16 09:00:00;0,000;0,000;0,000;0,000;0,000;17,167;3,000;2,000;

24467;2018.06.16 10:00:00;0,000;0,000;0,000;0,000;0,000;17,167;3,000;2,000;

24468;2018.06.16 11:00:00;0,000;0,000;0,000;0,000;0,000;17,167;3,000;2,000;

24469;2018.06.16 12:00:00;0,000;0,000;0,000;0,000;0,000;17,167;3,000;2,000;

24470;2018.06.16 13:00:00;0,000;0,000;0,000;0,000;0,000;17,167;3,000;2,000;

24471;2018.06.16 14:00:00;0,000;0,000;0,000;0,000;0,000;17,167;3,000;2,000;

24472;2018.06.16 15:00:00;0,000;0,000;0,000;0,000;0,000;17,167;3,000;2,000;

24473;2018.06.16 16:00:00;0,000;0,000;0,000;0,000;0,000;17,167;3,000;2,000;

24474;2018.06.16 17:00:00;0,000;0,000;0,000;0,000;0,000;17,167;3,000;2,000;

24475;2018.06.16 18:00:00;0,000;0,000;0,000;0,000;0,000;17,167;3,000;2,000;

24476;2018.06.16 19:00:00;0,000;0,000;0,000;0,000;0,000;17,167;3,000;2,000;

24477;2018.06.16 20:00:00;0,000;0,000;0,000;0,000;0,000;17,167;3,000;2,000;

24478;2018.06.16 21:00:00;0,000;0,000;0,000;0,000;0,000;17,167;3,000;2,000;

24479;2018.06.16 22:00:00;0,000;0,000;0,000;0,000;0,000;17,167;3,000;2,000;

24480;2018.06.16 23:00:00;0,000;0,000;0,000;0,000;0,000;17,167;3,000;2,000;

24481;2018.06.17 00:00:00;0,000;0,000;0,000;0,000;0,000;17,167;4,000;2,000;

24482;2018.06.17 01:00:00;0,000;0,000;0,000;0,000;0,000;17,167;4,000;2,000;

24483;2018.06.17 02:00:00;0,000;0,000;0,000;0,000;0,000;17,167;4,000;2,000;

24484;2018.06.17 03:00:00;0,000;0,000;0,000;0,000;0,000;17,167;4,000;2,000;

24485;2018.06.17 04:00:00;0,000;0,000;0,000;0,000;0,000;17,167;4,000;2,000;

24486;2018.06.17 05:00:00;0,000;0,000;0,000;0,000;0,000;17,167;4,000;2,000;

24487;2018.06.17 06:00:00;0,000;0,000;0,000;0,000;0,000;17,167;4,000;2,000;

24488;2018.06.17 07:00:00;0,000;0,000;0,000;0,000;0,000;17,167;4,000;2,000;

24489;2018.06.17 08:00:00;0,000;0,000;0,000;0,000;0,000;17,167;4,000;2,000;

24490;2018.06.17 09:00:00;0,000;0,000;0,000;0,000;0,000;17,167;4,000;2,000;

24491;2018.06.17 10:00:00;0,000;0,000;0,000;0,000;0,000;17,167;4,000;2,000;

24492;2018.06.17 11:00:00;0,000;0,000;0,000;0,000;0,000;17,167;4,000;2,000;

24493;2018.06.17 12:00:00;0,000;0,000;0,000;0,000;0,000;17,167;4,000;2,000;

24494;2018.06.17 13:00:00;0,000;0,000;0,000;0,000;0,000;17,167;4,000;2,000;

24495;2018.06.17 14:00:00;0,000;0,000;0,000;0,000;0,000;17,167;4,000;2,000;

24496;2018.06.17 15:00:00;0,000;0,000;0,000;0,000;0,000;17,167;4,000;2,000;

24497;2018.06.17 16:00:00;0,000;0,000;0,000;0,000;0,000;17,167;4,000;2,000;

24498;2018.06.17 17:00:00;0,000;0,000;0,000;0,000;0,000;17,167;4,000;2,000;

24499;2018.06.17 18:00:00;0,000;0,000;0,000;0,000;0,000;17,167;4,000;2,000;

24500;2018.06.17 19:00:00;0,000;0,000;0,000;0,000;0,000;17,167;4,000;2,000;

24501;2018.06.17 20:00:00;0,000;0,000;0,000;0,000;0,000;17,167;4,000;2,000;

24502;2018.06.17 21:00:00;0,000;0,000;0,000;0,000;0,000;17,167;4,000;2,000;

24503;2018.06.17 22:00:00;0,000;0,000;0,000;0,000;0,000;17,167;4,000;2,000;

24504;2018.06.17 23:00:00;0,000;0,000;0,000;0,000;0,000;17,167;4,000;2,000;

24505;2018.06.18 00:00:00;0,000;0,000;0,000;0,000;0,000;17,183;1,000;2,000;

24506;2018.06.18 01:00:00;0,000;0,000;0,000;0,000;0,000;17,183;1,000;2,000;

24507;2018.06.18 02:00:00;0,000;0,000;0,000;0,000;0,000;17,183;1,000;2,000;

24508;2018.06.18 03:00:00;0,000;0,000;0,000;0,000;0,000;17,183;1,000;2,000;

24509;2018.06.18 04:00:00;0,000;0,000;0,000;0,000;0,000;17,183;1,000;2,000;

24510;2018.06.18 05:00:00;0,000;0,000;0,000;0,000;0,000;17,183;1,000;2,000;

24511;2018.06.18 06:00:00;0,000;0,000;0,000;0,000;0,000;17,183;1,000;2,000;

24512;2018.06.18 07:00:00;0,000;0,000;0,000;0,000;0,000;17,183;1,000;2,000;

24513;2018.06.18 08:00:00;0,000;0,000;0,000;0,000;0,000;17,183;1,000;2,000;

24514;2018.06.18 09:00:00;0,000;0,000;0,000;0,000;0,000;17,183;1,000;2,000;

24515;2018.06.18 10:00:00;0,000;0,000;0,000;0,000;0,000;17,183;1,000;2,000;

24516;2018.06.18 11:00:00;0,000;0,000;0,000;0,000;0,000;17,183;1,000;2,000;

24517;2018.06.18 12:00:00;0,000;0,000;0,000;0,000;0,000;17,183;1,000;2,000;

24518;2018.06.18 13:00:00;0,000;0,000;0,000;0,000;0,000;17,183;1,000;2,000;

24519;2018.06.18 14:00:00;0,000;0,000;0,000;0,000;0,000;17,183;1,000;2,000;

24520;2018.06.18 15:00:00;0,000;0,000;0,000;0,000;0,000;17,183;1,000;2,000;

24521;2018.06.18 16:00:00;0,000;0,000;0,000;0,000;0,000;17,183;1,000;2,000;

24522;2018.06.18 17:00:00;0,000;0,000;0,000;0,000;0,000;17,183;1,000;2,000;

24523;2018.06.18 18:00:00;0,000;0,000;0,000;0,000;0,000;17,183;1,000;2,000;

24524;2018.06.18 19:00:00;0,000;0,000;0,000;0,000;0,000;17,183;1,000;2,000;

24525;2018.06.18 20:00:00;0,000;0,000;0,000;0,000;0,000;17,183;1,000;2,000;

24526;2018.06.18 21:00:00;0,000;0,000;0,000;0,000;0,000;17,183;1,000;2,000;

24527;2018.06.18 22:00:00;0,000;0,000;0,000;0,000;0,000;17,183;1,000;2,000;

24528;2018.06.18 23:00:00;0,000;0,000;0,000;0,000;0,000;17,183;1,000;2,000;

24529;2018.06.19 00:00:00;0,000;0,000;0,000;0,000;0,000;17,183;1,000;2,000;

24530;2018.06.19 01:00:00;0,000;0,000;0,000;0,000;0,000;17,183;1,000;2,000;

24531;2018.06.19 02:00:00;0,000;0,000;0,000;0,000;0,000;17,183;1,000;2,000;

24532;2018.06.19 03:00:00;0,000;0,000;0,000;0,000;0,000;17,183;1,000;2,000;

24533;2018.06.19 04:00:00;0,000;0,000;0,000;0,000;0,000;17,183;1,000;2,000;

24534;2018.06.19 05:00:00;0,000;0,000;0,000;0,000;0,000;17,183;1,000;2,000;

24535;2018.06.19 06:00:00;0,000;0,000;0,000;0,000;0,000;17,183;1,000;2,000;

24536;2018.06.19 07:00:00;0,000;0,000;0,000;0,000;0,000;17,183;1,000;2,000;

24537;2018.06.19 08:00:00;0,000;0,000;0,000;0,000;0,000;17,183;1,000;2,000;

24538;2018.06.19 09:00:00;0,000;0,000;0,000;0,000;0,000;17,183;1,000;2,000;

24539;2018.06.19 10:00:00;0,000;0,000;0,000;0,000;0,000;17,183;1,000;2,000;

24540;2018.06.19 11:00:00;0,000;0,000;0,000;0,000;0,000;17,183;1,000;2,000;

24541;2018.06.19 12:00:00;0,000;0,000;0,000;0,000;0,000;17,183;1,000;2,000;

24542;2018.06.19 13:00:00;0,000;0,000;0,000;0,000;0,000;17,183;1,000;2,000;

24543;2018.06.19 14:00:00;0,000;0,000;0,000;0,000;0,000;17,183;1,000;2,000;

24544;2018.06.19 15:00:00;0,000;0,000;0,000;0,000;0,000;17,183;1,000;2,000;

24545;2018.06.19 16:00:00;0,000;0,000;0,000;0,000;0,000;17,183;1,000;2,000;

24546;2018.06.19 17:00:00;0,000;0,000;0,000;0,000;0,000;17,183;1,000;2,000;

24547;2018.06.19 18:00:00;0,000;0,000;0,000;0,000;0,000;17,183;1,000;2,000;

24548;2018.06.19 19:00:00;0,000;0,000;0,000;0,000;0,000;17,183;1,000;2,000;

24549;2018.06.19 20:00:00;0,000;0,000;0,000;0,000;0,000;17,183;1,000;2,000;

24550;2018.06.19 21:00:00;0,000;0,000;0,000;0,000;0,000;17,183;1,000;2,000;

24551;2018.06.19 22:00:00;0,000;0,000;0,000;0,000;0,000;17,183;1,000;2,000;

24552;2018.06.19 23:00:00;0,000;0,000;0,000;0,000;0,000;17,183;1,000;2,000;

24553;2018.06.20 00:00:00;0,000;0,000;0,000;0,000;0,000;17,183;1,000;2,000;

24554;2018.06.20 01:00:00;0,000;0,000;0,000;0,000;0,000;17,183;1,000;2,000;

24555;2018.06.20 02:00:00;0,000;0,000;0,000;0,000;0,000;17,183;1,000;2,000;

24556;2018.06.20 03:00:00;0,000;0,000;0,000;0,000;0,000;17,183;1,000;2,000;

24557;2018.06.20 04:00:00;0,000;0,000;0,000;0,000;0,000;17,183;1,000;2,000;

24558;2018.06.20 05:00:00;0,000;0,000;0,000;0,000;0,000;17,183;1,000;2,000;

24559;2018.06.20 06:00:00;0,000;0,000;0,000;0,000;0,000;17,183;1,000;2,000;

24560;2018.06.20 07:00:00;0,000;0,000;0,000;0,000;0,000;17,183;1,000;2,000;

24561;2018.06.20 08:00:00;0,000;0,000;0,000;0,000;0,000;17,183;1,000;2,000;

24562;2018.06.20 09:00:00;0,000;0,000;0,000;0,000;0,000;17,183;1,000;2,000;

24563;2018.06.20 10:00:00;0,000;0,000;0,000;0,000;0,000;17,183;1,000;2,000;

24564;2018.06.20 11:00:00;0,000;0,000;0,000;0,000;0,000;17,183;1,000;2,000;

24565;2018.06.20 12:00:00;0,000;0,000;0,000;0,000;0,000;17,183;1,000;2,000;

24566;2018.06.20 13:00:00;0,000;0,000;0,000;0,000;0,000;17,183;1,000;2,000;

24567;2018.06.20 14:00:00;0,000;0,000;0,000;0,000;0,000;17,183;1,000;2,000;

24568;2018.06.20 15:00:00;0,000;0,000;0,000;0,000;0,000;17,183;1,000;2,000;

24569;2018.06.20 16:00:00;0,000;0,000;0,000;0,000;0,000;17,183;1,000;2,000;

24570;2018.06.20 17:00:00;0,000;0,000;0,000;0,000;0,000;17,183;1,000;2,000;

24571;2018.06.20 18:00:00;0,000;0,000;0,000;0,000;0,000;17,183;1,000;2,000;

24572;2018.06.20 19:00:00;0,000;0,000;0,000;0,000;0,000;17,183;1,000;2,000;

24573;2018.06.20 20:00:00;0,000;0,000;0,000;0,000;0,000;17,183;1,000;2,000;

24574;2018.06.20 21:00:00;0,000;0,000;0,000;0,000;0,000;17,183;1,000;2,000;

24575;2018.06.20 22:00:00;0,000;0,000;0,000;0,000;0,000;17,183;1,000;2,000;

24576;2018.06.20 23:00:00;0,000;0,000;0,000;0,000;0,000;17,183;1,000;2,000;

24577;2018.06.21 00:00:00;0,000;0,000;0,000;0,000;0,000;17,200;1,000;2,000;

24578;2018.06.21 01:00:00;0,000;0,000;0,000;0,000;0,000;17,200;1,000;2,000;

24579;2018.06.21 02:00:00;0,000;0,000;0,000;0,000;0,000;17,200;1,000;2,000;

24580;2018.06.21 03:00:00;0,000;0,000;0,000;0,000;0,000;17,200;1,000;2,000;

24581;2018.06.21 04:00:00;0,000;0,000;0,000;0,000;0,000;17,200;1,000;2,000;

24582;2018.06.21 05:00:00;0,000;0,000;0,000;0,000;0,000;17,200;1,000;2,000;

24583;2018.06.21 06:00:00;0,000;0,000;0,000;0,000;0,000;17,200;1,000;2,000;

24584;2018.06.21 07:00:00;0,000;0,000;0,000;0,000;0,000;17,200;1,000;2,000;

24585;2018.06.21 08:00:00;0,000;0,000;0,000;0,000;0,000;17,200;1,000;2,000;

24586;2018.06.21 09:00:00;0,000;0,000;0,000;0,000;0,000;17,200;1,000;2,000;

24587;2018.06.21 10:00:00;0,000;0,000;0,000;0,000;0,000;17,200;1,000;2,000;

24588;2018.06.21 11:00:00;0,000;0,000;0,000;0,000;0,000;17,200;1,000;2,000;

24589;2018.06.21 12:00:00;0,000;0,000;0,000;0,000;0,000;17,200;1,000;2,000;

24590;2018.06.21 13:00:00;0,000;0,000;0,000;0,000;0,000;17,200;1,000;2,000;

24591;2018.06.21 14:00:00;0,000;0,000;0,000;0,000;0,000;17,200;1,000;2,000;

24592;2018.06.21 15:00:00;0,000;0,000;0,000;0,000;0,000;17,200;1,000;2,000;

24593;2018.06.21 16:00:00;0,000;0,000;0,000;0,000;0,000;17,200;1,000;2,000;

24594;2018.06.21 17:00:00;0,000;0,000;0,000;0,000;0,000;17,200;1,000;2,000;

24595;2018.06.21 18:00:00;0,000;0,000;0,000;0,000;0,000;17,200;1,000;2,000;

24596;2018.06.21 19:00:00;0,000;0,000;0,000;0,000;0,000;17,200;1,000;2,000;

24597;2018.06.21 20:00:00;0,000;0,000;0,000;0,000;0,000;17,200;1,000;2,000;

24598;2018.06.21 21:00:00;0,000;0,000;0,000;0,000;0,000;17,200;1,000;2,000;

24599;2018.06.21 22:00:00;0,000;0,000;0,000;0,000;0,000;17,200;1,000;2,000;

24600;2018.06.21 23:00:00;0,000;0,000;0,000;0,000;0,000;17,200;1,000;2,000;

24601;2018.06.22 00:00:00;0,000;0,000;0,000;0,000;0,000;17,183;2,000;2,000;

24602;2018.06.22 01:00:00;0,000;0,000;0,000;0,000;0,000;17,183;2,000;2,000;

24603;2018.06.22 02:00:00;0,000;0,000;0,000;0,000;0,000;17,183;2,000;2,000;

24604;2018.06.22 03:00:00;0,000;0,000;0,000;0,000;0,000;17,183;2,000;2,000;

24605;2018.06.22 04:00:00;0,000;0,000;0,000;0,000;0,000;17,183;2,000;2,000;

24606;2018.06.22 05:00:00;0,000;0,000;0,000;0,000;0,000;17,183;2,000;2,000;

24607;2018.06.22 06:00:00;0,000;0,000;0,000;0,000;0,000;17,183;2,000;2,000;

24608;2018.06.22 07:00:00;0,000;0,000;0,000;0,000;0,000;17,183;2,000;2,000;

24609;2018.06.22 08:00:00;0,000;0,000;0,000;0,000;0,000;17,183;2,000;2,000;

24610;2018.06.22 09:00:00;0,000;0,000;0,000;0,000;0,000;17,183;2,000;2,000;

24611;2018.06.22 10:00:00;0,000;0,000;0,000;0,000;0,000;17,183;2,000;2,000;

24612;2018.06.22 11:00:00;0,000;0,000;0,000;0,000;0,000;17,183;2,000;2,000;

24613;2018.06.22 12:00:00;0,000;0,000;0,000;0,000;0,000;17,183;2,000;2,000;

24614;2018.06.22 13:00:00;0,000;0,000;0,000;0,000;0,000;17,183;2,000;2,000;

24615;2018.06.22 14:00:00;0,000;0,000;0,000;0,000;0,000;17,183;2,000;2,000;

24616;2018.06.22 15:00:00;0,000;0,000;0,000;0,000;0,000;17,183;2,000;2,000;

24617;2018.06.22 16:00:00;0,000;0,000;0,000;0,000;0,000;17,183;2,000;2,000;

24618;2018.06.22 17:00:00;0,000;0,000;0,000;0,000;0,000;17,183;2,000;2,000;

24619;2018.06.22 18:00:00;0,000;0,000;0,000;0,000;0,000;17,183;2,000;2,000;

24620;2018.06.22 19:00:00;0,000;0,000;0,000;0,000;0,000;17,183;2,000;2,000;

24621;2018.06.22 20:00:00;0,000;0,000;0,000;0,000;0,000;17,183;2,000;2,000;

24622;2018.06.22 21:00:00;0,000;0,000;0,000;0,000;0,000;17,183;2,000;2,000;

24623;2018.06.22 22:00:00;0,000;0,000;0,000;0,000;0,000;17,183;2,000;2,000;

24624;2018.06.22 23:00:00;0,000;0,000;0,000;0,000;0,000;17,183;2,000;2,000;

24625;2018.06.23 00:00:00;0,000;0,000;0,000;0,000;0,000;17,183;3,000;2,000;

24626;2018.06.23 01:00:00;0,000;0,000;0,000;0,000;0,000;17,183;3,000;2,000;

24627;2018.06.23 02:00:00;0,000;0,000;0,000;0,000;0,000;17,183;3,000;2,000;

24628;2018.06.23 03:00:00;0,000;0,000;0,000;0,000;0,000;17,183;3,000;2,000;

24629;2018.06.23 04:00:00;0,000;0,000;0,000;0,000;0,000;17,183;3,000;2,000;

24630;2018.06.23 05:00:00;0,000;0,000;0,000;0,000;0,000;17,183;3,000;2,000;

24631;2018.06.23 06:00:00;0,000;0,000;0,000;0,000;0,000;17,183;3,000;2,000;

24632;2018.06.23 07:00:00;0,000;0,000;0,000;0,000;0,000;17,183;3,000;2,000;

24633;2018.06.23 08:00:00;0,000;0,000;0,000;0,000;0,000;17,183;3,000;2,000;

24634;2018.06.23 09:00:00;0,000;0,000;0,000;0,000;0,000;17,183;3,000;2,000;

24635;2018.06.23 10:00:00;0,000;0,000;0,000;0,000;0,000;17,183;3,000;2,000;

24636;2018.06.23 11:00:00;0,000;0,000;0,000;0,000;0,000;17,183;3,000;2,000;

24637;2018.06.23 12:00:00;0,000;0,000;0,000;0,000;0,000;17,183;3,000;2,000;

24638;2018.06.23 13:00:00;0,000;0,000;0,000;0,000;0,000;17,183;3,000;2,000;

24639;2018.06.23 14:00:00;0,000;0,000;0,000;0,000;0,000;17,183;3,000;2,000;

24640;2018.06.23 15:00:00;0,000;0,000;0,000;0,000;0,000;17,183;3,000;2,000;

24641;2018.06.23 16:00:00;0,000;0,000;0,000;0,000;0,000;17,183;3,000;2,000;

24642;2018.06.23 17:00:00;0,000;0,000;0,000;0,000;0,000;17,183;3,000;2,000;

24643;2018.06.23 18:00:00;0,000;0,000;0,000;0,000;0,000;17,183;3,000;2,000;

24644;2018.06.23 19:00:00;0,000;0,000;0,000;0,000;0,000;17,183;3,000;2,000;

24645;2018.06.23 20:00:00;0,000;0,000;0,000;0,000;0,000;17,183;3,000;2,000;

24646;2018.06.23 21:00:00;0,000;0,000;0,000;0,000;0,000;17,183;3,000;2,000;

24647;2018.06.23 22:00:00;0,000;0,000;0,000;0,000;0,000;17,183;3,000;2,000;

24648;2018.06.23 23:00:00;0,000;0,000;0,000;0,000;0,000;17,183;3,000;2,000;

24649;2018.06.24 00:00:00;0,000;0,000;0,000;0,000;0,000;17,183;4,000;2,000;

24650;2018.06.24 01:00:00;0,000;0,000;0,000;0,000;0,000;17,183;4,000;2,000;

24651;2018.06.24 02:00:00;0,000;0,000;0,000;0,000;0,000;17,183;4,000;2,000;

24652;2018.06.24 03:00:00;0,000;0,000;0,000;0,000;0,000;17,183;4,000;2,000;

24653;2018.06.24 04:00:00;0,000;0,000;0,000;0,000;0,000;17,183;4,000;2,000;

24654;2018.06.24 05:00:00;0,000;0,000;0,000;0,000;0,000;17,183;4,000;2,000;

24655;2018.06.24 06:00:00;0,000;0,000;0,000;0,000;0,000;17,183;4,000;2,000;

24656;2018.06.24 07:00:00;0,000;0,000;0,000;0,000;0,000;17,183;4,000;2,000;

24657;2018.06.24 08:00:00;0,000;0,000;0,000;0,000;0,000;17,183;4,000;2,000;

24658;2018.06.24 09:00:00;0,000;0,000;0,000;0,000;0,000;17,183;4,000;2,000;

24659;2018.06.24 10:00:00;0,000;0,000;0,000;0,000;0,000;17,183;4,000;2,000;

24660;2018.06.24 11:00:00;0,000;0,000;0,000;0,000;0,000;17,183;4,000;2,000;

24661;2018.06.24 12:00:00;0,000;0,000;0,000;0,000;0,000;17,183;4,000;2,000;

24662;2018.06.24 13:00:00;0,000;0,000;0,000;0,000;0,000;17,183;4,000;2,000;

24663;2018.06.24 14:00:00;0,000;0,000;0,000;0,000;0,000;17,183;4,000;2,000;

24664;2018.06.24 15:00:00;0,000;0,000;0,000;0,000;0,000;17,183;4,000;2,000;

24665;2018.06.24 16:00:00;0,000;0,000;0,000;0,000;0,000;17,183;4,000;2,000;

24666;2018.06.24 17:00:00;0,000;0,000;0,000;0,000;0,000;17,183;4,000;2,000;

24667;2018.06.24 18:00:00;0,000;0,000;0,000;0,000;0,000;17,183;4,000;2,000;

24668;2018.06.24 19:00:00;0,000;0,000;0,000;0,000;0,000;17,183;4,000;2,000;

24669;2018.06.24 20:00:00;0,000;0,000;0,000;0,000;0,000;17,183;4,000;2,000;

24670;2018.06.24 21:00:00;0,000;0,000;0,000;0,000;0,000;17,183;4,000;2,000;

24671;2018.06.24 22:00:00;0,000;0,000;0,000;0,000;0,000;17,183;4,000;2,000;

24672;2018.06.24 23:00:00;0,000;0,000;0,000;0,000;0,000;17,183;4,000;2,000;

24673;2018.06.25 00:00:00;0,000;0,000;0,000;0,000;0,000;17,167;1,000;2,000;

24674;2018.06.25 01:00:00;0,000;0,000;0,000;0,000;0,000;17,167;1,000;2,000;

24675;2018.06.25 02:00:00;0,000;0,000;0,000;0,000;0,000;17,167;1,000;2,000;

24676;2018.06.25 03:00:00;0,000;0,000;0,000;0,000;0,000;17,167;1,000;2,000;

24677;2018.06.25 04:00:00;0,000;0,000;0,000;0,000;0,000;17,167;1,000;2,000;

24678;2018.06.25 05:00:00;0,000;0,000;0,000;0,000;0,000;17,167;1,000;2,000;

24679;2018.06.25 06:00:00;0,000;0,000;0,000;0,000;0,000;17,167;1,000;2,000;

24680;2018.06.25 07:00:00;0,000;0,000;0,000;0,000;0,000;17,167;1,000;2,000;

24681;2018.06.25 08:00:00;0,000;0,000;0,000;0,000;0,000;17,167;1,000;2,000;

24682;2018.06.25 09:00:00;0,000;0,000;0,000;0,000;0,000;17,167;1,000;2,000;

24683;2018.06.25 10:00:00;0,000;0,000;0,000;0,000;0,000;17,167;1,000;2,000;

24684;2018.06.25 11:00:00;0,000;0,000;0,000;0,000;0,000;17,167;1,000;2,000;

24685;2018.06.25 12:00:00;0,000;0,000;0,000;0,000;0,000;17,167;1,000;2,000;

24686;2018.06.25 13:00:00;0,000;0,000;0,000;0,000;0,000;17,167;1,000;2,000;

24687;2018.06.25 14:00:00;0,000;0,000;0,000;0,000;0,000;17,167;1,000;2,000;

24688;2018.06.25 15:00:00;0,000;0,000;0,000;0,000;0,000;17,167;1,000;2,000;

24689;2018.06.25 16:00:00;0,000;0,000;0,000;0,000;0,000;17,167;1,000;2,000;

24690;2018.06.25 17:00:00;0,000;0,000;0,000;0,000;0,000;17,167;1,000;2,000;

24691;2018.06.25 18:00:00;0,000;0,000;0,000;0,000;0,000;17,167;1,000;2,000;

24692;2018.06.25 19:00:00;0,000;0,000;0,000;0,000;0,000;17,167;1,000;2,000;

24693;2018.06.25 20:00:00;0,000;0,000;0,000;0,000;0,000;17,167;1,000;2,000;

24694;2018.06.25 21:00:00;0,000;0,000;0,000;0,000;0,000;17,167;1,000;2,000;

24695;2018.06.25 22:00:00;0,000;0,000;0,000;0,000;0,000;17,167;1,000;2,000;

24696;2018.06.25 23:00:00;0,000;0,000;0,000;0,000;0,000;17,167;1,000;2,000;

24697;2018.06.26 00:00:00;0,000;0,000;0,000;0,000;0,000;17,167;1,000;2,000;

24698;2018.06.26 01:00:00;0,000;0,000;0,000;0,000;0,000;17,167;1,000;2,000;

24699;2018.06.26 02:00:00;0,000;0,000;0,000;0,000;0,000;17,167;1,000;2,000;

24700;2018.06.26 03:00:00;0,000;0,000;0,000;0,000;0,000;17,167;1,000;2,000;

24701;2018.06.26 04:00:00;0,000;0,000;0,000;0,000;0,000;17,167;1,000;2,000;

24702;2018.06.26 05:00:00;0,000;0,000;0,000;0,000;0,000;17,167;1,000;2,000;

24703;2018.06.26 06:00:00;0,000;0,000;0,000;0,000;0,000;17,167;1,000;2,000;

24704;2018.06.26 07:00:00;0,000;0,000;0,000;0,000;0,000;17,167;1,000;2,000;

24705;2018.06.26 08:00:00;0,000;0,000;0,000;0,000;0,000;17,167;1,000;2,000;

24706;2018.06.26 09:00:00;0,000;0,000;0,000;0,000;0,000;17,167;1,000;2,000;

24707;2018.06.26 10:00:00;0,000;0,000;0,000;0,000;0,000;17,167;1,000;2,000;

24708;2018.06.26 11:00:00;0,000;0,000;0,000;0,000;0,000;17,167;1,000;2,000;

24709;2018.06.26 12:00:00;0,000;0,000;0,000;0,000;0,000;17,167;1,000;2,000;

24710;2018.06.26 13:00:00;0,000;0,000;0,000;0,000;0,000;17,167;1,000;2,000;

24711;2018.06.26 14:00:00;0,000;0,000;0,000;0,000;0,000;17,167;1,000;2,000;

24712;2018.06.26 15:00:00;0,000;0,000;0,000;0,000;0,000;17,167;1,000;2,000;

24713;2018.06.26 16:00:00;0,000;0,000;0,000;0,000;0,000;17,167;1,000;2,000;

24714;2018.06.26 17:00:00;0,000;0,000;0,000;0,000;0,000;17,167;1,000;2,000;

24715;2018.06.26 18:00:00;0,000;0,000;0,000;0,000;0,000;17,167;1,000;2,000;

24716;2018.06.26 19:00:00;0,000;0,000;0,000;0,000;0,000;17,167;1,000;2,000;

24717;2018.06.26 20:00:00;0,000;0,000;0,000;0,000;0,000;17,167;1,000;2,000;

24718;2018.06.26 21:00:00;0,000;0,000;0,000;0,000;0,000;17,167;1,000;2,000;

24719;2018.06.26 22:00:00;0,000;0,000;0,000;0,000;0,000;17,167;1,000;2,000;

24720;2018.06.26 23:00:00;0,000;0,000;0,000;0,000;0,000;17,167;1,000;2,000;

24721;2018.06.27 00:00:00;0,000;0,000;0,000;0,000;0,000;17,167;1,000;2,000;

24722;2018.06.27 01:00:00;0,000;0,000;0,000;0,000;0,000;17,167;1,000;2,000;

24723;2018.06.27 02:00:00;0,000;0,000;0,000;0,000;0,000;17,167;1,000;2,000;

24724;2018.06.27 03:00:00;0,000;0,000;0,000;0,000;0,000;17,167;1,000;2,000;

24725;2018.06.27 04:00:00;0,000;0,000;0,000;0,000;0,000;17,167;1,000;2,000;

24726;2018.06.27 05:00:00;0,000;0,000;0,000;0,000;0,000;17,167;1,000;2,000;

24727;2018.06.27 06:00:00;0,000;0,000;0,000;0,000;0,000;17,167;1,000;2,000;

24728;2018.06.27 07:00:00;0,000;0,000;0,000;0,000;0,000;17,167;1,000;2,000;

24729;2018.06.27 08:00:00;0,000;0,000;0,000;0,000;0,000;17,167;1,000;2,000;

24730;2018.06.27 09:00:00;0,000;0,000;0,000;0,000;0,000;17,167;1,000;2,000;

24731;2018.06.27 10:00:00;0,000;0,000;0,000;0,000;0,000;17,167;1,000;2,000;

24732;2018.06.27 11:00:00;0,000;0,000;0,000;0,000;0,000;17,167;1,000;2,000;

24733;2018.06.27 12:00:00;0,000;0,000;0,000;0,000;0,000;17,167;1,000;2,000;

24734;2018.06.27 13:00:00;0,000;0,000;0,000;0,000;0,000;17,167;1,000;2,000;

24735;2018.06.27 14:00:00;0,000;0,000;0,000;0,000;0,000;17,167;1,000;2,000;

24736;2018.06.27 15:00:00;0,000;0,000;0,000;0,000;0,000;17,167;1,000;2,000;

24737;2018.06.27 16:00:00;0,000;0,000;0,000;0,000;0,000;17,167;1,000;2,000;

24738;2018.06.27 17:00:00;0,000;0,000;0,000;0,000;0,000;17,167;1,000;2,000;

24739;2018.06.27 18:00:00;0,000;0,000;0,000;0,000;0,000;17,167;1,000;2,000;

24740;2018.06.27 19:00:00;0,000;0,000;0,000;0,000;0,000;17,167;1,000;2,000;

24741;2018.06.27 20:00:00;0,000;0,000;0,000;0,000;0,000;17,167;1,000;2,000;

24742;2018.06.27 21:00:00;0,000;0,000;0,000;0,000;0,000;17,167;1,000;2,000;

24743;2018.06.27 22:00:00;0,000;0,000;0,000;0,000;0,000;17,167;1,000;2,000;

24744;2018.06.27 23:00:00;0,000;0,000;0,000;0,000;0,000;17,167;1,000;2,000;

24745;2018.06.28 00:00:00;0,000;0,000;0,000;0,000;0,000;17,150;1,000;2,000;

24746;2018.06.28 01:00:00;0,000;0,000;0,000;0,000;0,000;17,150;1,000;2,000;

24747;2018.06.28 02:00:00;0,000;0,000;0,000;0,000;0,000;17,150;1,000;2,000;

24748;2018.06.28 03:00:00;0,000;0,000;0,000;0,000;0,000;17,150;1,000;2,000;

24749;2018.06.28 04:00:00;0,000;0,000;0,000;0,000;0,000;17,150;1,000;2,000;

24750;2018.06.28 05:00:00;0,000;0,000;0,000;0,000;0,000;17,150;1,000;2,000;

24751;2018.06.28 06:00:00;0,000;0,000;0,000;0,000;0,000;17,150;1,000;2,000;

24752;2018.06.28 07:00:00;0,000;0,000;0,000;0,000;0,000;17,150;1,000;2,000;

24753;2018.06.28 08:00:00;0,000;0,000;0,000;0,000;0,000;17,150;1,000;2,000;

24754;2018.06.28 09:00:00;0,000;0,000;0,000;0,000;0,000;17,150;1,000;2,000;

24755;2018.06.28 10:00:00;0,000;0,000;0,000;0,000;0,000;17,150;1,000;2,000;

24756;2018.06.28 11:00:00;0,000;0,000;0,000;0,000;0,000;17,150;1,000;2,000;

24757;2018.06.28 12:00:00;0,000;0,000;0,000;0,000;0,000;17,150;1,000;2,000;

24758;2018.06.28 13:00:00;0,000;0,000;0,000;0,000;0,000;17,150;1,000;2,000;

24759;2018.06.28 14:00:00;0,000;0,000;0,000;0,000;0,000;17,150;1,000;2,000;

24760;2018.06.28 15:00:00;0,000;0,000;0,000;0,000;0,000;17,150;1,000;2,000;

24761;2018.06.28 16:00:00;0,000;0,000;0,000;0,000;0,000;17,150;1,000;2,000;

24762;2018.06.28 17:00:00;0,000;0,000;0,000;0,000;0,000;17,150;1,000;2,000;

24763;2018.06.28 18:00:00;0,000;0,000;0,000;0,000;0,000;17,150;1,000;2,000;

24764;2018.06.28 19:00:00;0,000;0,000;0,000;0,000;0,000;17,150;1,000;2,000;

24765;2018.06.28 20:00:00;0,000;0,000;0,000;0,000;0,000;17,150;1,000;2,000;

24766;2018.06.28 21:00:00;0,000;0,000;0,000;0,000;0,000;17,150;1,000;2,000;

24767;2018.06.28 22:00:00;0,000;0,000;0,000;0,000;0,000;17,150;1,000;2,000;

24768;2018.06.28 23:00:00;0,000;0,000;0,000;0,000;0,000;17,150;1,000;2,000;

24769;2018.06.29 00:00:00;0,000;0,000;0,000;0,000;0,000;17,117;2,000;2,000;

24770;2018.06.29 01:00:00;0,000;0,000;0,000;0,000;0,000;17,117;2,000;2,000;

24771;2018.06.29 02:00:00;0,000;0,000;0,000;0,000;0,000;17,117;2,000;2,000;

24772;2018.06.29 03:00:00;0,000;0,000;0,000;0,000;0,000;17,117;2,000;2,000;

24773;2018.06.29 04:00:00;0,000;0,000;0,000;0,000;0,000;17,117;2,000;2,000;

24774;2018.06.29 05:00:00;0,000;0,000;0,000;0,000;0,000;17,117;2,000;2,000;

24775;2018.06.29 06:00:00;0,000;0,000;0,000;0,000;0,000;17,117;2,000;2,000;

24776;2018.06.29 07:00:00;0,000;0,000;0,000;0,000;0,000;17,117;2,000;2,000;

24777;2018.06.29 08:00:00;0,000;0,000;0,000;0,000;0,000;17,117;2,000;2,000;

24778;2018.06.29 09:00:00;0,000;0,000;0,000;0,000;0,000;17,117;2,000;2,000;

24779;2018.06.29 10:00:00;0,000;0,000;0,000;0,000;0,000;17,117;2,000;2,000;

24780;2018.06.29 11:00:00;0,000;0,000;0,000;0,000;0,000;17,117;2,000;2,000;

24781;2018.06.29 12:00:00;0,000;0,000;0,000;0,000;0,000;17,117;2,000;2,000;

24782;2018.06.29 13:00:00;0,000;0,000;0,000;0,000;0,000;17,117;2,000;2,000;

24783;2018.06.29 14:00:00;0,000;0,000;0,000;0,000;0,000;17,117;2,000;2,000;

24784;2018.06.29 15:00:00;0,000;0,000;0,000;0,000;0,000;17,117;2,000;2,000;

24785;2018.06.29 16:00:00;0,000;0,000;0,000;0,000;0,000;17,117;2,000;2,000;

24786;2018.06.29 17:00:00;0,000;0,000;0,000;0,000;0,000;17,117;2,000;2,000;

24787;2018.06.29 18:00:00;0,000;0,000;0,000;0,000;0,000;17,117;2,000;2,000;

24788;2018.06.29 19:00:00;0,000;0,000;0,000;0,000;0,000;17,117;2,000;2,000;

24789;2018.06.29 20:00:00;0,000;0,000;0,000;0,000;0,000;17,117;2,000;2,000;

24790;2018.06.29 21:00:00;0,000;0,000;0,000;0,000;0,000;17,117;2,000;2,000;

24791;2018.06.29 22:00:00;0,000;0,000;0,000;0,000;0,000;17,117;2,000;2,000;

24792;2018.06.29 23:00:00;0,000;0,000;0,000;0,000;0,000;17,117;2,000;2,000;

24793;2018.06.30 00:00:00;0,000;0,000;0,000;0,000;0,000;17,117;3,000;2,000;

24794;2018.06.30 01:00:00;0,000;0,000;0,000;0,000;0,000;17,117;3,000;2,000;

24795;2018.06.30 02:00:00;0,000;0,000;0,000;0,000;0,000;17,117;3,000;2,000;

24796;2018.06.30 03:00:00;0,000;0,000;0,000;0,000;0,000;17,117;3,000;2,000;

24797;2018.06.30 04:00:00;0,000;0,000;0,000;0,000;0,000;17,117;3,000;2,000;

24798;2018.06.30 05:00:00;0,000;0,000;0,000;0,000;0,000;17,117;3,000;2,000;

24799;2018.06.30 06:00:00;0,000;0,000;0,000;0,000;0,000;17,117;3,000;2,000;

24800;2018.06.30 07:00:00;0,000;0,000;0,000;0,000;0,000;17,117;3,000;2,000;

24801;2018.06.30 08:00:00;0,000;0,000;0,000;0,000;0,000;17,117;3,000;2,000;

24802;2018.06.30 09:00:00;0,000;0,000;0,000;0,000;0,000;17,117;3,000;2,000;

24803;2018.06.30 10:00:00;0,000;0,000;0,000;0,000;0,000;17,117;3,000;2,000;

24804;2018.06.30 11:00:00;0,000;0,000;0,000;0,000;0,000;17,117;3,000;2,000;

24805;2018.06.30 12:00:00;0,000;0,000;0,000;0,000;0,000;17,117;3,000;2,000;

24806;2018.06.30 13:00:00;0,000;0,000;0,000;0,000;0,000;17,117;3,000;2,000;

24807;2018.06.30 14:00:00;0,000;0,000;0,000;0,000;0,000;17,117;3,000;2,000;

24808;2018.06.30 15:00:00;0,000;0,000;0,000;0,000;0,000;17,117;3,000;2,000;

24809;2018.06.30 16:00:00;0,000;0,000;0,000;0,000;0,000;17,117;3,000;2,000;

24810;2018.06.30 17:00:00;0,000;0,000;0,000;0,000;0,000;17,117;3,000;2,000;

24811;2018.06.30 18:00:00;0,000;0,000;0,000;0,000;0,000;17,117;3,000;2,000;

24812;2018.06.30 19:00:00;0,000;0,000;0,000;0,000;0,000;17,117;3,000;2,000;

24813;2018.06.30 20:00:00;0,000;0,000;0,000;0,000;0,000;17,117;3,000;2,000;

24814;2018.06.30 21:00:00;0,000;0,000;0,000;0,000;0,000;17,117;3,000;2,000;

24815;2018.06.30 22:00:00;0,000;0,000;0,000;0,000;0,000;17,117;3,000;2,000;

24816;2018.06.30 23:00:00;0,000;0,000;0,000;0,000;0,000;17,117;3,000;2,000;

24817;2018.07.01 00:00:00;0,000;0,000;0,000;0,000;0,000;17,100;4,000;2,000;

24818;2018.07.01 01:00:00;0,000;0,000;0,000;0,000;0,000;17,100;4,000;2,000;

24819;2018.07.01 02:00:00;0,000;0,000;0,000;0,000;0,000;17,100;4,000;2,000;

24820;2018.07.01 03:00:00;0,000;0,000;0,000;0,000;0,000;17,100;4,000;2,000;

24821;2018.07.01 04:00:00;0,000;0,000;0,000;0,000;0,000;17,100;4,000;2,000;

24822;2018.07.01 05:00:00;0,000;0,000;0,000;0,000;0,000;17,100;4,000;2,000;

24823;2018.07.01 06:00:00;0,000;0,000;0,000;0,000;0,000;17,100;4,000;2,000;

24824;2018.07.01 07:00:00;0,000;0,000;0,000;0,000;0,000;17,100;4,000;2,000;

24825;2018.07.01 08:00:00;0,000;0,000;0,000;0,000;0,000;17,100;4,000;2,000;

24826;2018.07.01 09:00:00;0,000;0,000;0,000;0,000;0,000;17,100;4,000;2,000;

24827;2018.07.01 10:00:00;0,000;0,000;0,000;0,000;0,000;17,100;4,000;2,000;

24828;2018.07.01 11:00:00;0,000;0,000;0,000;0,000;0,000;17,100;4,000;2,000;

24829;2018.07.01 12:00:00;0,000;0,000;0,000;0,000;0,000;17,100;4,000;2,000;

24830;2018.07.01 13:00:00;0,000;0,000;0,000;0,000;0,000;17,100;4,000;2,000;

24831;2018.07.01 14:00:00;0,000;0,000;0,000;0,000;0,000;17,100;4,000;2,000;

24832;2018.07.01 15:00:00;0,000;0,000;0,000;0,000;0,000;17,100;4,000;2,000;

24833;2018.07.01 16:00:00;0,000;0,000;0,000;0,000;0,000;17,100;4,000;2,000;

24834;2018.07.01 17:00:00;0,000;0,000;0,000;0,000;0,000;17,100;4,000;2,000;

24835;2018.07.01 18:00:00;0,000;0,000;0,000;0,000;0,000;17,100;4,000;2,000;

24836;2018.07.01 19:00:00;0,000;0,000;0,000;0,000;0,000;17,100;4,000;2,000;

24837;2018.07.01 20:00:00;0,000;0,000;0,000;0,000;0,000;17,100;4,000;2,000;

24838;2018.07.01 21:00:00;0,000;0,000;0,000;0,000;0,000;17,100;4,000;2,000;

24839;2018.07.01 22:00:00;0,000;0,000;0,000;0,000;0,000;17,100;4,000;2,000;

24840;2018.07.01 23:00:00;0,000;0,000;0,000;0,000;0,000;17,100;4,000;2,000;

24841;2018.07.02 00:00:00;0,000;0,000;0,000;0,000;0,000;17,067;1,000;2,000;

24842;2018.07.02 01:00:00;0,000;0,000;0,000;0,000;0,000;17,067;1,000;2,000;

24843;2018.07.02 02:00:00;0,000;0,000;0,000;0,000;0,000;17,067;1,000;2,000;

24844;2018.07.02 03:00:00;0,000;0,000;0,000;0,000;0,000;17,067;1,000;2,000;

24845;2018.07.02 04:00:00;0,000;0,000;0,000;0,000;0,000;17,067;1,000;2,000;

24846;2018.07.02 05:00:00;0,000;0,000;0,000;0,000;0,000;17,067;1,000;2,000;

24847;2018.07.02 06:00:00;0,000;0,000;0,000;0,000;0,000;17,067;1,000;2,000;

24848;2018.07.02 07:00:00;0,000;0,000;0,000;0,000;0,000;17,067;1,000;2,000;

24849;2018.07.02 08:00:00;0,000;0,000;0,000;0,000;0,000;17,067;1,000;2,000;

24850;2018.07.02 09:00:00;0,000;0,000;0,000;0,000;0,000;17,067;1,000;2,000;

24851;2018.07.02 10:00:00;0,000;0,000;0,000;0,000;0,000;17,067;1,000;2,000;

24852;2018.07.02 11:00:00;0,000;0,000;0,000;0,000;0,000;17,067;1,000;2,000;

24853;2018.07.02 12:00:00;0,000;0,000;0,000;0,000;0,000;17,067;1,000;2,000;

24854;2018.07.02 13:00:00;0,000;0,000;0,000;0,000;0,000;17,067;1,000;2,000;

24855;2018.07.02 14:00:00;0,000;0,000;0,000;0,000;0,000;17,067;1,000;2,000;

24856;2018.07.02 15:00:00;0,000;0,000;0,000;0,000;0,000;17,067;1,000;2,000;

24857;2018.07.02 16:00:00;0,000;0,000;0,000;0,000;0,000;17,067;1,000;2,000;

24858;2018.07.02 17:00:00;0,000;0,000;0,000;0,000;0,000;17,067;1,000;2,000;

24859;2018.07.02 18:00:00;0,000;0,000;0,000;0,000;0,000;17,067;1,000;2,000;

24860;2018.07.02 19:00:00;0,000;0,000;0,000;0,000;0,000;17,067;1,000;2,000;

24861;2018.07.02 20:00:00;0,000;0,000;0,000;0,000;0,000;17,067;1,000;2,000;

24862;2018.07.02 21:00:00;0,000;0,000;0,000;0,000;0,000;17,067;1,000;2,000;

24863;2018.07.02 22:00:00;0,000;0,000;0,000;0,000;0,000;17,067;1,000;2,000;

24864;2018.07.02 23:00:00;0,000;0,000;0,000;0,000;0,000;17,067;1,000;2,000;

24865;2018.07.03 00:00:00;0,000;0,000;0,000;0,000;0,000;17,050;1,000;2,000;

24866;2018.07.03 01:00:00;0,000;0,000;0,000;0,000;0,000;17,050;1,000;2,000;

24867;2018.07.03 02:00:00;0,000;0,000;0,000;0,000;0,000;17,050;1,000;2,000;

24868;2018.07.03 03:00:00;0,000;0,000;0,000;0,000;0,000;17,050;1,000;2,000;

24869;2018.07.03 04:00:00;0,000;0,000;0,000;0,000;0,000;17,050;1,000;2,000;

24870;2018.07.03 05:00:00;0,000;0,000;0,000;0,000;0,000;17,050;1,000;2,000;

24871;2018.07.03 06:00:00;0,000;0,000;0,000;0,000;0,000;17,050;1,000;2,000;

24872;2018.07.03 07:00:00;0,000;0,000;0,000;0,000;0,000;17,050;1,000;2,000;

24873;2018.07.03 08:00:00;0,000;0,000;0,000;0,000;0,000;17,050;1,000;2,000;

24874;2018.07.03 09:00:00;0,000;0,000;0,000;0,000;0,000;17,050;1,000;2,000;

24875;2018.07.03 10:00:00;0,000;0,000;0,000;0,000;0,000;17,050;1,000;2,000;

24876;2018.07.03 11:00:00;0,000;0,000;0,000;0,000;0,000;17,050;1,000;2,000;

24877;2018.07.03 12:00:00;0,000;0,000;0,000;0,000;0,000;17,050;1,000;2,000;

24878;2018.07.03 13:00:00;0,000;0,000;0,000;0,000;0,000;17,050;1,000;2,000;

24879;2018.07.03 14:00:00;0,000;0,000;0,000;0,000;0,000;17,050;1,000;2,000;

24880;2018.07.03 15:00:00;0,000;0,000;0,000;0,000;0,000;17,050;1,000;2,000;

24881;2018.07.03 16:00:00;0,000;0,000;0,000;0,000;0,000;17,050;1,000;2,000;

24882;2018.07.03 17:00:00;0,000;0,000;0,000;0,000;0,000;17,050;1,000;2,000;

24883;2018.07.03 18:00:00;0,000;0,000;0,000;0,000;0,000;17,050;1,000;2,000;

24884;2018.07.03 19:00:00;0,000;0,000;0,000;0,000;0,000;17,050;1,000;2,000;

24885;2018.07.03 20:00:00;0,000;0,000;0,000;0,000;0,000;17,050;1,000;2,000;

24886;2018.07.03 21:00:00;0,000;0,000;0,000;0,000;0,000;17,050;1,000;2,000;

24887;2018.07.03 22:00:00;0,000;0,000;0,000;0,000;0,000;17,050;1,000;2,000;

24888;2018.07.03 23:00:00;0,000;0,000;0,000;0,000;0,000;17,050;1,000;2,000;

24889;2018.07.04 00:00:00;0,000;0,000;0,000;0,000;0,000;17,033;1,000;2,000;

24890;2018.07.04 01:00:00;0,000;0,000;0,000;0,000;0,000;17,033;1,000;2,000;

24891;2018.07.04 02:00:00;0,000;0,000;0,000;0,000;0,000;17,033;1,000;2,000;

24892;2018.07.04 03:00:00;0,000;0,000;0,000;0,000;0,000;17,033;1,000;2,000;

24893;2018.07.04 04:00:00;0,000;0,000;0,000;0,000;0,000;17,033;1,000;2,000;

24894;2018.07.04 05:00:00;0,000;0,000;0,000;0,000;0,000;17,033;1,000;2,000;

24895;2018.07.04 06:00:00;0,000;0,000;0,000;0,000;0,000;17,033;1,000;2,000;

24896;2018.07.04 07:00:00;0,000;0,000;0,000;0,000;0,000;17,033;1,000;2,000;

24897;2018.07.04 08:00:00;0,000;0,000;0,000;0,000;0,000;17,033;1,000;2,000;

24898;2018.07.04 09:00:00;0,000;0,000;0,000;0,000;0,000;17,033;1,000;2,000;

24899;2018.07.04 10:00:00;0,000;0,000;0,000;0,000;0,000;17,033;1,000;2,000;

24900;2018.07.04 11:00:00;0,000;0,000;0,000;0,000;0,000;17,033;1,000;2,000;

24901;2018.07.04 12:00:00;0,000;0,000;0,000;0,000;0,000;17,033;1,000;2,000;

24902;2018.07.04 13:00:00;0,000;0,000;0,000;0,000;0,000;17,033;1,000;2,000;

24903;2018.07.04 14:00:00;0,000;0,000;0,000;0,000;0,000;17,033;1,000;2,000;

24904;2018.07.04 15:00:00;0,000;0,000;0,000;0,000;0,000;17,033;1,000;2,000;

24905;2018.07.04 16:00:00;0,000;0,000;0,000;0,000;0,000;17,033;1,000;2,000;

24906;2018.07.04 17:00:00;0,000;0,000;0,000;0,000;0,000;17,033;1,000;2,000;

24907;2018.07.04 18:00:00;0,000;0,000;0,000;0,000;0,000;17,033;1,000;2,000;

24908;2018.07.04 19:00:00;0,000;0,000;0,000;0,000;0,000;17,033;1,000;2,000;

24909;2018.07.04 20:00:00;0,000;0,000;0,000;0,000;0,000;17,033;1,000;2,000;

24910;2018.07.04 21:00:00;0,000;0,000;0,000;0,000;0,000;17,033;1,000;2,000;

24911;2018.07.04 22:00:00;0,000;0,000;0,000;0,000;0,000;17,033;1,000;2,000;

24912;2018.07.04 23:00:00;0,000;0,000;0,000;0,000;0,000;17,033;1,000;2,000;

24913;2018.07.05 00:00:00;0,000;0,000;0,000;0,000;0,000;17,017;1,000;2,000;

24914;2018.07.05 01:00:00;0,000;0,000;0,000;0,000;0,000;17,017;1,000;2,000;

24915;2018.07.05 02:00:00;0,000;0,000;0,000;0,000;0,000;17,017;1,000;2,000;

24916;2018.07.05 03:00:00;0,000;0,000;0,000;0,000;0,000;17,017;1,000;2,000;

24917;2018.07.05 04:00:00;0,000;0,000;0,000;0,000;0,000;17,017;1,000;2,000;

24918;2018.07.05 05:00:00;0,000;0,000;0,000;0,000;0,000;17,017;1,000;2,000;

24919;2018.07.05 06:00:00;0,000;0,000;0,000;0,000;0,000;17,017;1,000;2,000;

24920;2018.07.05 07:00:00;0,000;0,000;0,000;0,000;0,000;17,017;1,000;2,000;

24921;2018.07.05 08:00:00;0,000;0,000;0,000;0,000;0,000;17,017;1,000;2,000;

24922;2018.07.05 09:00:00;0,000;0,000;0,000;0,000;0,000;17,017;1,000;2,000;

24923;2018.07.05 10:00:00;0,000;0,000;0,000;0,000;0,000;17,017;1,000;2,000;

24924;2018.07.05 11:00:00;0,000;0,000;0,000;0,000;0,000;17,017;1,000;2,000;

24925;2018.07.05 12:00:00;0,000;0,000;0,000;0,000;0,000;17,017;1,000;2,000;

24926;2018.07.05 13:00:00;0,000;0,000;0,000;0,000;0,000;17,017;1,000;2,000;

24927;2018.07.05 14:00:00;0,000;0,000;0,000;0,000;0,000;17,017;1,000;2,000;

24928;2018.07.05 15:00:00;0,000;0,000;0,000;0,000;0,000;17,017;1,000;2,000;

24929;2018.07.05 16:00:00;0,000;0,000;0,000;0,000;0,000;17,017;1,000;2,000;

24930;2018.07.05 17:00:00;0,000;0,000;0,000;0,000;0,000;17,017;1,000;2,000;

24931;2018.07.05 18:00:00;0,000;0,000;0,000;0,000;0,000;17,017;1,000;2,000;

24932;2018.07.05 19:00:00;0,000;0,000;0,000;0,000;0,000;17,017;1,000;2,000;

24933;2018.07.05 20:00:00;0,000;0,000;0,000;0,000;0,000;17,017;1,000;2,000;

24934;2018.07.05 21:00:00;0,000;0,000;0,000;0,000;0,000;17,017;1,000;2,000;

24935;2018.07.05 22:00:00;0,000;0,000;0,000;0,000;0,000;17,017;1,000;2,000;

24936;2018.07.05 23:00:00;0,000;0,000;0,000;0,000;0,000;17,017;1,000;2,000;

24937;2018.07.06 00:00:00;0,000;0,000;0,000;0,000;0,000;16,983;2,000;2,000;

24938;2018.07.06 01:00:00;0,000;0,000;0,000;0,000;0,000;16,983;2,000;2,000;

24939;2018.07.06 02:00:00;0,000;0,000;0,000;0,000;0,000;16,983;2,000;2,000;

24940;2018.07.06 03:00:00;0,000;0,000;0,000;0,000;0,000;16,983;2,000;2,000;

24941;2018.07.06 04:00:00;0,000;0,000;0,000;0,000;0,000;16,983;2,000;2,000;

24942;2018.07.06 05:00:00;0,000;0,000;0,000;0,000;0,000;16,983;2,000;2,000;

24943;2018.07.06 06:00:00;0,000;0,000;0,000;0,000;0,000;16,983;2,000;2,000;

24944;2018.07.06 07:00:00;0,000;0,000;0,000;0,000;0,000;16,983;2,000;2,000;

24945;2018.07.06 08:00:00;0,000;0,000;0,000;0,000;0,000;16,983;2,000;2,000;

24946;2018.07.06 09:00:00;0,000;0,000;0,000;0,000;0,000;16,983;2,000;2,000;

24947;2018.07.06 10:00:00;0,000;0,000;0,000;0,000;0,000;16,983;2,000;2,000;

24948;2018.07.06 11:00:00;0,000;0,000;0,000;0,000;0,000;16,983;2,000;2,000;

24949;2018.07.06 12:00:00;0,000;0,000;0,000;0,000;0,000;16,983;2,000;2,000;

24950;2018.07.06 13:00:00;0,000;0,000;0,000;0,000;0,000;16,983;2,000;2,000;

24951;2018.07.06 14:00:00;0,000;0,000;0,000;0,000;0,000;16,983;2,000;2,000;

24952;2018.07.06 15:00:00;0,000;0,000;0,000;0,000;0,000;16,983;2,000;2,000;

24953;2018.07.06 16:00:00;0,000;0,000;0,000;0,000;0,000;16,983;2,000;2,000;

24954;2018.07.06 17:00:00;0,000;0,000;0,000;0,000;0,000;16,983;2,000;2,000;

24955;2018.07.06 18:00:00;0,000;0,000;0,000;0,000;0,000;16,983;2,000;2,000;

24956;2018.07.06 19:00:00;0,000;0,000;0,000;0,000;0,000;16,983;2,000;2,000;

24957;2018.07.06 20:00:00;0,000;0,000;0,000;0,000;0,000;16,983;2,000;2,000;

24958;2018.07.06 21:00:00;0,000;0,000;0,000;0,000;0,000;16,983;2,000;2,000;

24959;2018.07.06 22:00:00;0,000;0,000;0,000;0,000;0,000;16,983;2,000;2,000;

24960;2018.07.06 23:00:00;0,000;0,000;0,000;0,000;0,000;16,983;2,000;2,000;

24961;2018.07.07 00:00:00;0,000;0,000;0,000;0,000;0,000;16,967;3,000;2,000;

24962;2018.07.07 01:00:00;0,000;0,000;0,000;0,000;0,000;16,967;3,000;2,000;

24963;2018.07.07 02:00:00;0,000;0,000;0,000;0,000;0,000;16,967;3,000;2,000;

24964;2018.07.07 03:00:00;0,000;0,000;0,000;0,000;0,000;16,967;3,000;2,000;

24965;2018.07.07 04:00:00;0,000;0,000;0,000;0,000;0,000;16,967;3,000;2,000;

24966;2018.07.07 05:00:00;0,000;0,000;0,000;0,000;0,000;16,967;3,000;2,000;

24967;2018.07.07 06:00:00;0,000;0,000;0,000;0,000;0,000;16,967;3,000;2,000;

24968;2018.07.07 07:00:00;0,000;0,000;0,000;0,000;0,000;16,967;3,000;2,000;

24969;2018.07.07 08:00:00;0,000;0,000;0,000;0,000;0,000;16,967;3,000;2,000;

24970;2018.07.07 09:00:00;0,000;0,000;0,000;0,000;0,000;16,967;3,000;2,000;

24971;2018.07.07 10:00:00;0,000;0,000;0,000;0,000;0,000;16,967;3,000;2,000;

24972;2018.07.07 11:00:00;0,000;0,000;0,000;0,000;0,000;16,967;3,000;2,000;

24973;2018.07.07 12:00:00;0,000;0,000;0,000;0,000;0,000;16,967;3,000;2,000;

24974;2018.07.07 13:00:00;0,000;0,000;0,000;0,000;0,000;16,967;3,000;2,000;

24975;2018.07.07 14:00:00;0,000;0,000;0,000;0,000;0,000;16,967;3,000;2,000;

24976;2018.07.07 15:00:00;0,000;0,000;0,000;0,000;0,000;16,967;3,000;2,000;

24977;2018.07.07 16:00:00;0,000;0,000;0,000;0,000;0,000;16,967;3,000;2,000;

24978;2018.07.07 17:00:00;0,000;0,000;0,000;0,000;0,000;16,967;3,000;2,000;

24979;2018.07.07 18:00:00;0,000;0,000;0,000;0,000;0,000;16,967;3,000;2,000;

24980;2018.07.07 19:00:00;0,000;0,000;0,000;0,000;0,000;16,967;3,000;2,000;

24981;2018.07.07 20:00:00;0,000;0,000;0,000;0,000;0,000;16,967;3,000;2,000;

24982;2018.07.07 21:00:00;0,000;0,000;0,000;0,000;0,000;16,967;3,000;2,000;

24983;2018.07.07 22:00:00;0,000;0,000;0,000;0,000;0,000;16,967;3,000;2,000;

24984;2018.07.07 23:00:00;0,000;0,000;0,000;0,000;0,000;16,967;3,000;2,000;

24985;2018.07.08 00:00:00;0,000;0,000;0,000;0,000;0,000;16,933;4,000;2,000;

24986;2018.07.08 01:00:00;0,000;0,000;0,000;0,000;0,000;16,933;4,000;2,000;

24987;2018.07.08 02:00:00;0,000;0,000;0,000;0,000;0,000;16,933;4,000;2,000;

24988;2018.07.08 03:00:00;0,000;0,000;0,000;0,000;0,000;16,933;4,000;2,000;

24989;2018.07.08 04:00:00;0,000;0,000;0,000;0,000;0,000;16,933;4,000;2,000;

24990;2018.07.08 05:00:00;0,000;0,000;0,000;0,000;0,000;16,933;4,000;2,000;

24991;2018.07.08 06:00:00;0,000;0,000;0,000;0,000;0,000;16,933;4,000;2,000;

24992;2018.07.08 07:00:00;0,000;0,000;0,000;0,000;0,000;16,933;4,000;2,000;

24993;2018.07.08 08:00:00;0,000;0,000;0,000;0,000;0,000;16,933;4,000;2,000;

24994;2018.07.08 09:00:00;0,000;0,000;0,000;0,000;0,000;16,933;4,000;2,000;

24995;2018.07.08 10:00:00;0,000;0,000;0,000;0,000;0,000;16,933;4,000;2,000;

24996;2018.07.08 11:00:00;0,000;0,000;0,000;0,000;0,000;16,933;4,000;2,000;

24997;2018.07.08 12:00:00;0,000;0,000;0,000;0,000;0,000;16,933;4,000;2,000;

24998;2018.07.08 13:00:00;0,000;0,000;0,000;0,000;0,000;16,933;4,000;2,000;

24999;2018.07.08 14:00:00;0,000;0,000;0,000;0,000;0,000;16,933;4,000;2,000;

25000;2018.07.08 15:00:00;0,000;0,000;0,000;0,000;0,000;16,933;4,000;2,000;

25001;2018.07.08 16:00:00;0,000;0,000;0,000;0,000;0,000;16,933;4,000;2,000;

25002;2018.07.08 17:00:00;0,000;0,000;0,000;0,000;0,000;16,933;4,000;2,000;

25003;2018.07.08 18:00:00;0,000;0,000;0,000;0,000;0,000;16,933;4,000;2,000;

25004;2018.07.08 19:00:00;0,000;0,000;0,000;0,000;0,000;16,933;4,000;2,000;

25005;2018.07.08 20:00:00;0,000;0,000;0,000;0,000;0,000;16,933;4,000;2,000;

25006;2018.07.08 21:00:00;0,000;0,000;0,000;0,000;0,000;16,933;4,000;2,000;

25007;2018.07.08 22:00:00;0,000;0,000;0,000;0,000;0,000;16,933;4,000;2,000;

25008;2018.07.08 23:00:00;0,000;0,000;0,000;0,000;0,000;16,933;4,000;2,000;

25009;2018.07.09 00:00:00;0,000;0,000;0,000;0,000;0,000;16,900;1,000;2,000;

25010;2018.07.09 01:00:00;0,000;0,000;0,000;0,000;0,000;16,900;1,000;2,000;

25011;2018.07.09 02:00:00;0,000;0,000;0,000;0,000;0,000;16,900;1,000;2,000;

25012;2018.07.09 03:00:00;0,000;0,000;0,000;0,000;0,000;16,900;1,000;2,000;

25013;2018.07.09 04:00:00;0,000;0,000;0,000;0,000;0,000;16,900;1,000;2,000;

25014;2018.07.09 05:00:00;0,000;0,000;0,000;0,000;0,000;16,900;1,000;2,000;

25015;2018.07.09 06:00:00;0,000;0,000;0,000;0,000;0,000;16,900;1,000;2,000;

25016;2018.07.09 07:00:00;0,000;0,000;0,000;0,000;0,000;16,900;1,000;2,000;

25017;2018.07.09 08:00:00;0,000;0,000;0,000;0,000;0,000;16,900;1,000;2,000;

25018;2018.07.09 09:00:00;0,000;0,000;0,000;0,000;0,000;16,900;1,000;2,000;

25019;2018.07.09 10:00:00;0,000;0,000;0,000;0,000;0,000;16,900;1,000;2,000;

25020;2018.07.09 11:00:00;0,000;0,000;0,000;0,000;0,000;16,900;1,000;2,000;

25021;2018.07.09 12:00:00;0,000;0,000;0,000;0,000;0,000;16,900;1,000;2,000;

25022;2018.07.09 13:00:00;0,000;0,000;0,000;0,000;0,000;16,900;1,000;2,000;

25023;2018.07.09 14:00:00;0,000;0,000;0,000;0,000;0,000;16,900;1,000;2,000;

25024;2018.07.09 15:00:00;0,000;0,000;0,000;0,000;0,000;16,900;1,000;2,000;

25025;2018.07.09 16:00:00;0,000;0,000;0,000;0,000;0,000;16,900;1,000;2,000;

25026;2018.07.09 17:00:00;0,000;0,000;0,000;0,000;0,000;16,900;1,000;2,000;

25027;2018.07.09 18:00:00;0,000;0,000;0,000;0,000;0,000;16,900;1,000;2,000;

25028;2018.07.09 19:00:00;0,000;0,000;0,000;0,000;0,000;16,900;1,000;2,000;

25029;2018.07.09 20:00:00;0,000;0,000;0,000;0,000;0,000;16,900;1,000;2,000;

25030;2018.07.09 21:00:00;0,000;0,000;0,000;0,000;0,000;16,900;1,000;2,000;

25031;2018.07.09 22:00:00;0,000;0,000;0,000;0,000;0,000;16,900;1,000;2,000;

25032;2018.07.09 23:00:00;0,000;0,000;0,000;0,000;0,000;16,900;1,000;2,000;

25033;2018.07.10 00:00:00;0,000;0,000;0,000;0,000;0,000;16,850;1,000;2,000;

25034;2018.07.10 01:00:00;0,000;0,000;0,000;0,000;0,000;16,850;1,000;2,000;

25035;2018.07.10 02:00:00;0,000;0,000;0,000;0,000;0,000;16,850;1,000;2,000;

25036;2018.07.10 03:00:00;0,000;0,000;0,000;0,000;0,000;16,850;1,000;2,000;

25037;2018.07.10 04:00:00;0,000;0,000;0,000;0,000;0,000;16,850;1,000;2,000;

25038;2018.07.10 05:00:00;0,000;0,000;0,000;0,000;0,000;16,850;1,000;2,000;

25039;2018.07.10 06:00:00;0,000;0,000;0,000;0,000;0,000;16,850;1,000;2,000;

25040;2018.07.10 07:00:00;0,000;0,000;0,000;0,000;0,000;16,850;1,000;2,000;

25041;2018.07.10 08:00:00;0,000;0,000;0,000;0,000;0,000;16,850;1,000;2,000;

25042;2018.07.10 09:00:00;0,000;0,000;0,000;0,000;0,000;16,850;1,000;2,000;

25043;2018.07.10 10:00:00;0,000;0,000;0,000;0,000;0,000;16,850;1,000;2,000;

25044;2018.07.10 11:00:00;0,000;0,000;0,000;0,000;0,000;16,850;1,000;2,000;

25045;2018.07.10 12:00:00;0,000;0,000;0,000;0,000;0,000;16,850;1,000;2,000;

25046;2018.07.10 13:00:00;0,000;0,000;0,000;0,000;0,000;16,850;1,000;2,000;

25047;2018.07.10 14:00:00;0,000;0,000;0,000;0,000;0,000;16,850;1,000;2,000;

25048;2018.07.10 15:00:00;0,000;0,000;0,000;0,000;0,000;16,850;1,000;2,000;

25049;2018.07.10 16:00:00;0,000;0,000;0,000;0,000;0,000;16,850;1,000;2,000;

25050;2018.07.10 17:00:00;0,000;0,000;0,000;0,000;0,000;16,850;1,000;2,000;

25051;2018.07.10 18:00:00;0,000;0,000;0,000;0,000;0,000;16,850;1,000;2,000;

25052;2018.07.10 19:00:00;0,000;0,000;0,000;0,000;0,000;16,850;1,000;2,000;

25053;2018.07.10 20:00:00;0,000;0,000;0,000;0,000;0,000;16,850;1,000;2,000;

25054;2018.07.10 21:00:00;0,000;0,000;0,000;0,000;0,000;16,850;1,000;2,000;

25055;2018.07.10 22:00:00;0,000;0,000;0,000;0,000;0,000;16,850;1,000;2,000;

25056;2018.07.10 23:00:00;0,000;0,000;0,000;0,000;0,000;16,850;1,000;2,000;

25057;2018.07.11 00:00:00;0,000;0,000;0,000;0,000;0,000;16,817;1,000;2,000;

25058;2018.07.11 01:00:00;0,000;0,000;0,000;0,000;0,000;16,817;1,000;2,000;

25059;2018.07.11 02:00:00;0,000;0,000;0,000;0,000;0,000;16,817;1,000;2,000;

25060;2018.07.11 03:00:00;0,000;0,000;0,000;0,000;0,000;16,817;1,000;2,000;

25061;2018.07.11 04:00:00;0,000;0,000;0,000;0,000;0,000;16,817;1,000;2,000;

25062;2018.07.11 05:00:00;0,000;0,000;0,000;0,000;0,000;16,817;1,000;2,000;

25063;2018.07.11 06:00:00;0,000;0,000;0,000;0,000;0,000;16,817;1,000;2,000;

25064;2018.07.11 07:00:00;0,000;0,000;0,000;0,000;0,000;16,817;1,000;2,000;

25065;2018.07.11 08:00:00;0,000;0,000;0,000;0,000;0,000;16,817;1,000;2,000;

25066;2018.07.11 09:00:00;0,000;0,000;0,000;0,000;0,000;16,817;1,000;2,000;

25067;2018.07.11 10:00:00;0,000;0,000;0,000;0,000;0,000;16,817;1,000;2,000;

25068;2018.07.11 11:00:00;0,000;0,000;0,000;0,000;0,000;16,817;1,000;2,000;

25069;2018.07.11 12:00:00;0,000;0,000;0,000;0,000;0,000;16,817;1,000;2,000;

25070;2018.07.11 13:00:00;0,000;0,000;0,000;0,000;0,000;16,817;1,000;2,000;

25071;2018.07.11 14:00:00;0,000;0,000;0,000;0,000;0,000;16,817;1,000;2,000;

25072;2018.07.11 15:00:00;0,000;0,000;0,000;0,000;0,000;16,817;1,000;2,000;

25073;2018.07.11 16:00:00;0,000;0,000;0,000;0,000;0,000;16,817;1,000;2,000;

25074;2018.07.11 17:00:00;0,000;0,000;0,000;0,000;0,000;16,817;1,000;2,000;

25075;2018.07.11 18:00:00;0,000;0,000;0,000;0,000;0,000;16,817;1,000;2,000;

25076;2018.07.11 19:00:00;0,000;0,000;0,000;0,000;0,000;16,817;1,000;2,000;

25077;2018.07.11 20:00:00;0,000;0,000;0,000;0,000;0,000;16,817;1,000;2,000;

25078;2018.07.11 21:00:00;0,000;0,000;0,000;0,000;0,000;16,817;1,000;2,000;

25079;2018.07.11 22:00:00;0,000;0,000;0,000;0,000;0,000;16,817;1,000;2,000;

25080;2018.07.11 23:00:00;0,000;0,000;0,000;0,000;0,000;16,817;1,000;2,000;

25081;2018.07.12 00:00:00;0,000;0,000;0,000;0,000;0,000;16,783;1,000;2,000;

25082;2018.07.12 01:00:00;0,000;0,000;0,000;0,000;0,000;16,783;1,000;2,000;

25083;2018.07.12 02:00:00;0,000;0,000;0,000;0,000;0,000;16,783;1,000;2,000;

25084;2018.07.12 03:00:00;0,000;0,000;0,000;0,000;0,000;16,783;1,000;2,000;

25085;2018.07.12 04:00:00;0,000;0,000;0,000;0,000;0,000;16,783;1,000;2,000;

25086;2018.07.12 05:00:00;0,000;0,000;0,000;0,000;0,000;16,783;1,000;2,000;

25087;2018.07.12 06:00:00;0,000;0,000;0,000;0,000;0,000;16,783;1,000;2,000;

25088;2018.07.12 07:00:00;0,000;0,000;0,000;0,000;0,000;16,783;1,000;2,000;

25089;2018.07.12 08:00:00;0,000;0,000;0,000;0,000;0,000;16,783;1,000;2,000;

25090;2018.07.12 09:00:00;0,000;0,000;0,000;0,000;0,000;16,783;1,000;2,000;

25091;2018.07.12 10:00:00;0,000;0,000;0,000;0,000;0,000;16,783;1,000;2,000;

25092;2018.07.12 11:00:00;0,000;0,000;0,000;0,000;0,000;16,783;1,000;2,000;

25093;2018.07.12 12:00:00;0,000;0,000;0,000;0,000;0,000;16,783;1,000;2,000;

25094;2018.07.12 13:00:00;0,000;0,000;0,000;0,000;0,000;16,783;1,000;2,000;

25095;2018.07.12 14:00:00;0,000;0,000;0,000;0,000;0,000;16,783;1,000;2,000;

25096;2018.07.12 15:00:00;0,000;0,000;0,000;0,000;0,000;16,783;1,000;2,000;

25097;2018.07.12 16:00:00;0,000;0,000;0,000;0,000;0,000;16,783;1,000;2,000;

25098;2018.07.12 17:00:00;0,000;0,000;0,000;0,000;0,000;16,783;1,000;2,000;

25099;2018.07.12 18:00:00;0,000;0,000;0,000;0,000;0,000;16,783;1,000;2,000;

25100;2018.07.12 19:00:00;0,000;0,000;0,000;0,000;0,000;16,783;1,000;2,000;

25101;2018.07.12 20:00:00;0,000;0,000;0,000;0,000;0,000;16,783;1,000;2,000;

25102;2018.07.12 21:00:00;0,000;0,000;0,000;0,000;0,000;16,783;1,000;2,000;

25103;2018.07.12 22:00:00;0,000;0,000;0,000;0,000;0,000;16,783;1,000;2,000;

25104;2018.07.12 23:00:00;0,000;0,000;0,000;0,000;0,000;16,783;1,000;2,000;

25105;2018.07.13 00:00:00;0,000;0,000;0,000;0,000;0,000;16,750;2,000;2,000;

25106;2018.07.13 01:00:00;0,000;0,000;0,000;0,000;0,000;16,750;2,000;2,000;

25107;2018.07.13 02:00:00;0,000;0,000;0,000;0,000;0,000;16,750;2,000;2,000;

25108;2018.07.13 03:00:00;0,000;0,000;0,000;0,000;0,000;16,750;2,000;2,000;

25109;2018.07.13 04:00:00;0,000;0,000;0,000;0,000;0,000;16,750;2,000;2,000;

25110;2018.07.13 05:00:00;0,000;0,000;0,000;0,000;0,000;16,750;2,000;2,000;

25111;2018.07.13 06:00:00;0,000;0,000;0,000;0,000;0,000;16,750;2,000;2,000;

25112;2018.07.13 07:00:00;0,000;0,000;0,000;0,000;0,000;16,750;2,000;2,000;

25113;2018.07.13 08:00:00;0,000;0,000;0,000;0,000;0,000;16,750;2,000;2,000;

25114;2018.07.13 09:00:00;0,000;0,000;0,000;0,000;0,000;16,750;2,000;2,000;

25115;2018.07.13 10:00:00;0,000;0,000;0,000;0,000;0,000;16,750;2,000;2,000;

25116;2018.07.13 11:00:00;0,000;0,000;0,000;0,000;0,000;16,750;2,000;2,000;

25117;2018.07.13 12:00:00;0,000;0,000;0,000;0,000;0,000;16,750;2,000;2,000;

25118;2018.07.13 13:00:00;0,000;0,000;0,000;0,000;0,000;16,750;2,000;2,000;

25119;2018.07.13 14:00:00;0,000;0,000;0,000;0,000;0,000;16,750;2,000;2,000;

25120;2018.07.13 15:00:00;0,000;0,000;0,000;0,000;0,000;16,750;2,000;2,000;

25121;2018.07.13 16:00:00;0,000;0,000;0,000;0,000;0,000;16,750;2,000;2,000;

25122;2018.07.13 17:00:00;0,000;0,000;0,000;0,000;0,000;16,750;2,000;2,000;

25123;2018.07.13 18:00:00;0,000;0,000;0,000;0,000;0,000;16,750;2,000;2,000;

25124;2018.07.13 19:00:00;0,000;0,000;0,000;0,000;0,000;16,750;2,000;2,000;

25125;2018.07.13 20:00:00;0,000;0,000;0,000;0,000;0,000;16,750;2,000;2,000;

25126;2018.07.13 21:00:00;0,000;0,000;0,000;0,000;0,000;16,750;2,000;2,000;

25127;2018.07.13 22:00:00;0,000;0,000;0,000;0,000;0,000;16,750;2,000;2,000;

25128;2018.07.13 23:00:00;0,000;0,000;0,000;0,000;0,000;16,750;2,000;2,000;

25129;2018.07.14 00:00:00;0,000;0,000;0,000;0,000;0,000;16,717;3,000;2,000;

25130;2018.07.14 01:00:00;0,000;0,000;0,000;0,000;0,000;16,717;3,000;2,000;

25131;2018.07.14 02:00:00;0,000;0,000;0,000;0,000;0,000;16,717;3,000;2,000;

25132;2018.07.14 03:00:00;0,000;0,000;0,000;0,000;0,000;16,717;3,000;2,000;

25133;2018.07.14 04:00:00;0,000;0,000;0,000;0,000;0,000;16,717;3,000;2,000;

25134;2018.07.14 05:00:00;0,000;0,000;0,000;0,000;0,000;16,717;3,000;2,000;

25135;2018.07.14 06:00:00;0,000;0,000;0,000;0,000;0,000;16,717;3,000;2,000;

25136;2018.07.14 07:00:00;0,000;0,000;0,000;0,000;0,000;16,717;3,000;2,000;

25137;2018.07.14 08:00:00;0,000;0,000;0,000;0,000;0,000;16,717;3,000;2,000;

25138;2018.07.14 09:00:00;0,000;0,000;0,000;0,000;0,000;16,717;3,000;2,000;

25139;2018.07.14 10:00:00;0,000;0,000;0,000;0,000;0,000;16,717;3,000;2,000;

25140;2018.07.14 11:00:00;0,000;0,000;0,000;0,000;0,000;16,717;3,000;2,000;

25141;2018.07.14 12:00:00;0,000;0,000;0,000;0,000;0,000;16,717;3,000;2,000;

25142;2018.07.14 13:00:00;0,000;0,000;0,000;0,000;0,000;16,717;3,000;2,000;

25143;2018.07.14 14:00:00;0,000;0,000;0,000;0,000;0,000;16,717;3,000;2,000;

25144;2018.07.14 15:00:00;0,000;0,000;0,000;0,000;0,000;16,717;3,000;2,000;

25145;2018.07.14 16:00:00;0,000;0,000;0,000;0,000;0,000;16,717;3,000;2,000;

25146;2018.07.14 17:00:00;0,000;0,000;0,000;0,000;0,000;16,717;3,000;2,000;

25147;2018.07.14 18:00:00;0,000;0,000;0,000;0,000;0,000;16,717;3,000;2,000;

25148;2018.07.14 19:00:00;0,000;0,000;0,000;0,000;0,000;16,717;3,000;2,000;

25149;2018.07.14 20:00:00;0,000;0,000;0,000;0,000;0,000;16,717;3,000;2,000;

25150;2018.07.14 21:00:00;0,000;0,000;0,000;0,000;0,000;16,717;3,000;2,000;

25151;2018.07.14 22:00:00;0,000;0,000;0,000;0,000;0,000;16,717;3,000;2,000;

25152;2018.07.14 23:00:00;0,000;0,000;0,000;0,000;0,000;16,717;3,000;2,000;

25153;2018.07.15 00:00:00;0,000;0,000;0,000;0,000;0,000;16,667;4,000;2,000;

25154;2018.07.15 01:00:00;0,000;0,000;0,000;0,000;0,000;16,667;4,000;2,000;

25155;2018.07.15 02:00:00;0,000;0,000;0,000;0,000;0,000;16,667;4,000;2,000;

25156;2018.07.15 03:00:00;0,000;0,000;0,000;0,000;0,000;16,667;4,000;2,000;

25157;2018.07.15 04:00:00;0,000;0,000;0,000;0,000;0,000;16,667;4,000;2,000;

25158;2018.07.15 05:00:00;0,000;0,000;0,000;0,000;0,000;16,667;4,000;2,000;

25159;2018.07.15 06:00:00;0,000;0,000;0,000;0,000;0,000;16,667;4,000;2,000;

25160;2018.07.15 07:00:00;0,000;0,000;0,000;0,000;0,000;16,667;4,000;2,000;

25161;2018.07.15 08:00:00;0,000;0,000;0,000;0,000;0,000;16,667;4,000;2,000;

25162;2018.07.15 09:00:00;0,000;0,000;0,000;0,000;0,000;16,667;4,000;2,000;

25163;2018.07.15 10:00:00;0,000;0,000;0,000;0,000;0,000;16,667;4,000;2,000;

25164;2018.07.15 11:00:00;0,000;0,000;0,000;0,000;0,000;16,667;4,000;2,000;

25165;2018.07.15 12:00:00;0,000;0,000;0,000;0,000;0,000;16,667;4,000;2,000;

25166;2018.07.15 13:00:00;0,000;0,000;0,000;0,000;0,000;16,667;4,000;2,000;

25167;2018.07.15 14:00:00;0,000;0,000;0,000;0,000;0,000;16,667;4,000;2,000;

25168;2018.07.15 15:00:00;0,000;0,000;0,000;0,000;0,000;16,667;4,000;2,000;

25169;2018.07.15 16:00:00;0,000;0,000;0,000;0,000;0,000;16,667;4,000;2,000;

25170;2018.07.15 17:00:00;0,000;0,000;0,000;0,000;0,000;16,667;4,000;2,000;

25171;2018.07.15 18:00:00;0,000;0,000;0,000;0,000;0,000;16,667;4,000;2,000;

25172;2018.07.15 19:00:00;0,000;0,000;0,000;0,000;0,000;16,667;4,000;2,000;

25173;2018.07.15 20:00:00;0,000;0,000;0,000;0,000;0,000;16,667;4,000;2,000;

25174;2018.07.15 21:00:00;0,000;0,000;0,000;0,000;0,000;16,667;4,000;2,000;

25175;2018.07.15 22:00:00;0,000;0,000;0,000;0,000;0,000;16,667;4,000;2,000;

25176;2018.07.15 23:00:00;0,000;0,000;0,000;0,000;0,000;16,667;4,000;2,000;

25177;2018.07.16 00:00:00;0,000;0,000;0,000;0,000;0,000;16,633;1,000;2,000;

25178;2018.07.16 01:00:00;0,000;0,000;0,000;0,000;0,000;16,633;1,000;2,000;

25179;2018.07.16 02:00:00;0,000;0,000;0,000;0,000;0,000;16,633;1,000;2,000;

25180;2018.07.16 03:00:00;0,000;0,000;0,000;0,000;0,000;16,633;1,000;2,000;

25181;2018.07.16 04:00:00;0,000;0,000;0,000;0,000;0,000;16,633;1,000;2,000;

25182;2018.07.16 05:00:00;0,000;0,000;0,000;0,000;0,000;16,633;1,000;2,000;

25183;2018.07.16 06:00:00;0,000;0,000;0,000;0,000;0,000;16,633;1,000;2,000;

25184;2018.07.16 07:00:00;0,000;0,000;0,000;0,000;0,000;16,633;1,000;2,000;

25185;2018.07.16 08:00:00;0,000;0,000;0,000;0,000;0,000;16,633;1,000;2,000;

25186;2018.07.16 09:00:00;0,000;0,000;0,000;0,000;0,000;16,633;1,000;2,000;

25187;2018.07.16 10:00:00;0,000;0,000;0,000;0,000;0,000;16,633;1,000;2,000;

25188;2018.07.16 11:00:00;0,000;0,000;0,000;0,000;0,000;16,633;1,000;2,000;

25189;2018.07.16 12:00:00;0,000;0,000;0,000;0,000;0,000;16,633;1,000;2,000;

25190;2018.07.16 13:00:00;0,000;0,000;0,000;0,000;0,000;16,633;1,000;2,000;

25191;2018.07.16 14:00:00;0,000;0,000;0,000;0,000;0,000;16,633;1,000;2,000;

25192;2018.07.16 15:00:00;0,000;0,000;0,000;0,000;0,000;16,633;1,000;2,000;

25193;2018.07.16 16:00:00;0,000;0,000;0,000;0,000;0,000;16,633;1,000;2,000;

25194;2018.07.16 17:00:00;0,000;0,000;0,000;0,000;0,000;16,633;1,000;2,000;

25195;2018.07.16 18:00:00;0,000;0,000;0,000;0,000;0,000;16,633;1,000;2,000;

25196;2018.07.16 19:00:00;0,000;0,000;0,000;0,000;0,000;16,633;1,000;2,000;

25197;2018.07.16 20:00:00;0,000;0,000;0,000;0,000;0,000;16,633;1,000;2,000;

25198;2018.07.16 21:00:00;0,000;0,000;0,000;0,000;0,000;16,633;1,000;2,000;

25199;2018.07.16 22:00:00;0,000;0,000;0,000;0,000;0,000;16,633;1,000;2,000;

25200;2018.07.16 23:00:00;0,000;0,000;0,000;0,000;0,000;16,633;1,000;2,000;

25201;2018.07.17 00:00:00;0,000;0,000;0,000;0,000;0,000;16,583;1,000;2,000;

25202;2018.07.17 01:00:00;0,000;0,000;0,000;0,000;0,000;16,583;1,000;2,000;

25203;2018.07.17 02:00:00;0,000;0,000;0,000;0,000;0,000;16,583;1,000;2,000;

25204;2018.07.17 03:00:00;0,000;0,000;0,000;0,000;0,000;16,583;1,000;2,000;

25205;2018.07.17 04:00:00;0,000;0,000;0,000;0,000;0,000;16,583;1,000;2,000;

25206;2018.07.17 05:00:00;0,000;0,000;0,000;0,000;0,000;16,583;1,000;2,000;

25207;2018.07.17 06:00:00;0,000;0,000;0,000;0,000;0,000;16,583;1,000;2,000;

25208;2018.07.17 07:00:00;0,000;0,000;0,000;0,000;0,000;16,583;1,000;2,000;

25209;2018.07.17 08:00:00;0,000;0,000;0,000;0,000;0,000;16,583;1,000;2,000;

25210;2018.07.17 09:00:00;0,000;0,000;0,000;0,000;0,000;16,583;1,000;2,000;

25211;2018.07.17 10:00:00;0,000;0,000;0,000;0,000;0,000;16,583;1,000;2,000;

25212;2018.07.17 11:00:00;0,000;0,000;0,000;0,000;0,000;16,583;1,000;2,000;

25213;2018.07.17 12:00:00;0,000;0,000;0,000;0,000;0,000;16,583;1,000;2,000;

25214;2018.07.17 13:00:00;0,000;0,000;0,000;0,000;0,000;16,583;1,000;2,000;

25215;2018.07.17 14:00:00;0,000;0,000;0,000;0,000;0,000;16,583;1,000;2,000;

25216;2018.07.17 15:00:00;0,000;0,000;0,000;0,000;0,000;16,583;1,000;2,000;

25217;2018.07.17 16:00:00;0,000;0,000;0,000;0,000;0,000;16,583;1,000;2,000;

25218;2018.07.17 17:00:00;0,000;0,000;0,000;0,000;0,000;16,583;1,000;2,000;

25219;2018.07.17 18:00:00;0,000;0,000;0,000;0,000;0,000;16,583;1,000;2,000;

25220;2018.07.17 19:00:00;0,000;0,000;0,000;0,000;0,000;16,583;1,000;2,000;

25221;2018.07.17 20:00:00;0,000;0,000;0,000;0,000;0,000;16,583;1,000;2,000;

25222;2018.07.17 21:00:00;0,000;0,000;0,000;0,000;0,000;16,583;1,000;2,000;

25223;2018.07.17 22:00:00;0,000;0,000;0,000;0,000;0,000;16,583;1,000;2,000;

25224;2018.07.17 23:00:00;0,000;0,000;0,000;0,000;0,000;16,583;1,000;2,000;

25225;2018.07.18 00:00:00;0,000;0,000;0,000;0,000;0,000;16,533;1,000;2,000;

25226;2018.07.18 01:00:00;0,000;0,000;0,000;0,000;0,000;16,533;1,000;2,000;

25227;2018.07.18 02:00:00;0,000;0,000;0,000;0,000;0,000;16,533;1,000;2,000;

25228;2018.07.18 03:00:00;0,000;0,000;0,000;0,000;0,000;16,533;1,000;2,000;

25229;2018.07.18 04:00:00;0,000;0,000;0,000;0,000;0,000;16,533;1,000;2,000;

25230;2018.07.18 05:00:00;0,000;0,000;0,000;0,000;0,000;16,533;1,000;2,000;

25231;2018.07.18 06:00:00;0,000;0,000;0,000;0,000;0,000;16,533;1,000;2,000;

25232;2018.07.18 07:00:00;0,000;0,000;0,000;0,000;0,000;16,533;1,000;2,000;

25233;2018.07.18 08:00:00;0,000;0,000;0,000;0,000;0,000;16,533;1,000;2,000;

25234;2018.07.18 09:00:00;0,000;0,000;0,000;0,000;0,000;16,533;1,000;2,000;

25235;2018.07.18 10:00:00;0,000;0,000;0,000;0,000;0,000;16,533;1,000;2,000;

25236;2018.07.18 11:00:00;0,000;0,000;0,000;0,000;0,000;16,533;1,000;2,000;

25237;2018.07.18 12:00:00;0,000;0,000;0,000;0,000;0,000;16,533;1,000;2,000;

25238;2018.07.18 13:00:00;0,000;0,000;0,000;0,000;0,000;16,533;1,000;2,000;

25239;2018.07.18 14:00:00;0,000;0,000;0,000;0,000;0,000;16,533;1,000;2,000;

25240;2018.07.18 15:00:00;0,000;0,000;0,000;0,000;0,000;16,533;1,000;2,000;

25241;2018.07.18 16:00:00;0,000;0,000;0,000;0,000;0,000;16,533;1,000;2,000;

25242;2018.07.18 17:00:00;0,000;0,000;0,000;0,000;0,000;16,533;1,000;2,000;

25243;2018.07.18 18:00:00;0,000;0,000;0,000;0,000;0,000;16,533;1,000;2,000;

25244;2018.07.18 19:00:00;0,000;0,000;0,000;0,000;0,000;16,533;1,000;2,000;

25245;2018.07.18 20:00:00;0,000;0,000;0,000;0,000;0,000;16,533;1,000;2,000;

25246;2018.07.18 21:00:00;0,000;0,000;0,000;0,000;0,000;16,533;1,000;2,000;

25247;2018.07.18 22:00:00;0,000;0,000;0,000;0,000;0,000;16,533;1,000;2,000;

25248;2018.07.18 23:00:00;0,000;0,000;0,000;0,000;0,000;16,533;1,000;2,000;

25249;2018.07.19 00:00:00;0,000;0,000;0,000;0,000;0,000;16,500;1,000;2,000;

25250;2018.07.19 01:00:00;0,000;0,000;0,000;0,000;0,000;16,500;1,000;2,000;

25251;2018.07.19 02:00:00;0,000;0,000;0,000;0,000;0,000;16,500;1,000;2,000;

25252;2018.07.19 03:00:00;0,000;0,000;0,000;0,000;0,000;16,500;1,000;2,000;

25253;2018.07.19 04:00:00;0,000;0,000;0,000;0,000;0,000;16,500;1,000;2,000;

25254;2018.07.19 05:00:00;0,000;0,000;0,000;0,000;0,000;16,500;1,000;2,000;

25255;2018.07.19 06:00:00;0,000;0,000;0,000;0,000;0,000;16,500;1,000;2,000;

25256;2018.07.19 07:00:00;0,000;0,000;0,000;0,000;0,000;16,500;1,000;2,000;

25257;2018.07.19 08:00:00;0,000;0,000;0,000;0,000;0,000;16,500;1,000;2,000;

25258;2018.07.19 09:00:00;0,000;0,000;0,000;0,000;0,000;16,500;1,000;2,000;

25259;2018.07.19 10:00:00;0,000;0,000;0,000;0,000;0,000;16,500;1,000;2,000;

25260;2018.07.19 11:00:00;0,000;0,000;0,000;0,000;0,000;16,500;1,000;2,000;

25261;2018.07.19 12:00:00;0,000;0,000;0,000;0,000;0,000;16,500;1,000;2,000;

25262;2018.07.19 13:00:00;0,000;0,000;0,000;0,000;0,000;16,500;1,000;2,000;

25263;2018.07.19 14:00:00;0,000;0,000;0,000;0,000;0,000;16,500;1,000;2,000;

25264;2018.07.19 15:00:00;0,000;0,000;0,000;0,000;0,000;16,500;1,000;2,000;

25265;2018.07.19 16:00:00;0,000;0,000;0,000;0,000;0,000;16,500;1,000;2,000;

25266;2018.07.19 17:00:00;0,000;0,000;0,000;0,000;0,000;16,500;1,000;2,000;

25267;2018.07.19 18:00:00;0,000;0,000;0,000;0,000;0,000;16,500;1,000;2,000;

25268;2018.07.19 19:00:00;0,000;0,000;0,000;0,000;0,000;16,500;1,000;2,000;

25269;2018.07.19 20:00:00;0,000;0,000;0,000;0,000;0,000;16,500;1,000;2,000;

25270;2018.07.19 21:00:00;0,000;0,000;0,000;0,000;0,000;16,500;1,000;2,000;

25271;2018.07.19 22:00:00;0,000;0,000;0,000;0,000;0,000;16,500;1,000;2,000;

25272;2018.07.19 23:00:00;0,000;0,000;0,000;0,000;0,000;16,500;1,000;2,000;

25273;2018.07.20 00:00:00;0,000;0,000;0,000;0,000;0,000;16,450;2,000;2,000;

25274;2018.07.20 01:00:00;0,000;0,000;0,000;0,000;0,000;16,450;2,000;2,000;

25275;2018.07.20 02:00:00;0,000;0,000;0,000;0,000;0,000;16,450;2,000;2,000;

25276;2018.07.20 03:00:00;0,000;0,000;0,000;0,000;0,000;16,450;2,000;2,000;

25277;2018.07.20 04:00:00;0,000;0,000;0,000;0,000;0,000;16,450;2,000;2,000;

25278;2018.07.20 05:00:00;0,000;0,000;0,000;0,000;0,000;16,450;2,000;2,000;

25279;2018.07.20 06:00:00;0,000;0,000;0,000;0,000;0,000;16,450;2,000;2,000;

25280;2018.07.20 07:00:00;0,000;0,000;0,000;0,000;0,000;16,450;2,000;2,000;

25281;2018.07.20 08:00:00;0,000;0,000;0,000;0,000;0,000;16,450;2,000;2,000;

25282;2018.07.20 09:00:00;0,000;0,000;0,000;0,000;0,000;16,450;2,000;2,000;

25283;2018.07.20 10:00:00;0,000;0,000;0,000;0,000;0,000;16,450;2,000;2,000;

25284;2018.07.20 11:00:00;0,000;0,000;0,000;0,000;0,000;16,450;2,000;2,000;

25285;2018.07.20 12:00:00;0,000;0,000;0,000;0,000;0,000;16,450;2,000;2,000;

25286;2018.07.20 13:00:00;0,000;0,000;0,000;0,000;0,000;16,450;2,000;2,000;

25287;2018.07.20 14:00:00;0,000;0,000;0,000;0,000;0,000;16,450;2,000;2,000;

25288;2018.07.20 15:00:00;0,000;0,000;0,000;0,000;0,000;16,450;2,000;2,000;

25289;2018.07.20 16:00:00;0,000;0,000;0,000;0,000;0,000;16,450;2,000;2,000;

25290;2018.07.20 17:00:00;0,000;0,000;0,000;0,000;0,000;16,450;2,000;2,000;

25291;2018.07.20 18:00:00;0,000;0,000;0,000;0,000;0,000;16,450;2,000;2,000;

25292;2018.07.20 19:00:00;0,000;0,000;0,000;0,000;0,000;16,450;2,000;2,000;

25293;2018.07.20 20:00:00;0,000;0,000;0,000;0,000;0,000;16,450;2,000;2,000;

25294;2018.07.20 21:00:00;0,000;0,000;0,000;0,000;0,000;16,450;2,000;2,000;

25295;2018.07.20 22:00:00;0,000;0,000;0,000;0,000;0,000;16,450;2,000;2,000;

25296;2018.07.20 23:00:00;0,000;0,000;0,000;0,000;0,000;16,450;2,000;2,000;

25297;2018.07.21 00:00:00;0,000;0,000;0,000;0,000;0,000;16,400;3,000;2,000;

25298;2018.07.21 01:00:00;0,000;0,000;0,000;0,000;0,000;16,400;3,000;2,000;

25299;2018.07.21 02:00:00;0,000;0,000;0,000;0,000;0,000;16,400;3,000;2,000;

25300;2018.07.21 03:00:00;0,000;0,000;0,000;0,000;0,000;16,400;3,000;2,000;

25301;2018.07.21 04:00:00;0,000;0,000;0,000;0,000;0,000;16,400;3,000;2,000;

25302;2018.07.21 05:00:00;0,000;0,000;0,000;0,000;0,000;16,400;3,000;2,000;

25303;2018.07.21 06:00:00;0,000;0,000;0,000;0,000;0,000;16,400;3,000;2,000;

25304;2018.07.21 07:00:00;0,000;0,000;0,000;0,000;0,000;16,400;3,000;2,000;

25305;2018.07.21 08:00:00;0,000;0,000;0,000;0,000;0,000;16,400;3,000;2,000;

25306;2018.07.21 09:00:00;0,000;0,000;0,000;0,000;0,000;16,400;3,000;2,000;

25307;2018.07.21 10:00:00;0,000;0,000;0,000;0,000;0,000;16,400;3,000;2,000;

25308;2018.07.21 11:00:00;0,000;0,000;0,000;0,000;0,000;16,400;3,000;2,000;

25309;2018.07.21 12:00:00;0,000;0,000;0,000;0,000;0,000;16,400;3,000;2,000;

25310;2018.07.21 13:00:00;0,000;0,000;0,000;0,000;0,000;16,400;3,000;2,000;

25311;2018.07.21 14:00:00;0,000;0,000;0,000;0,000;0,000;16,400;3,000;2,000;

25312;2018.07.21 15:00:00;0,000;0,000;0,000;0,000;0,000;16,400;3,000;2,000;

25313;2018.07.21 16:00:00;0,000;0,000;0,000;0,000;0,000;16,400;3,000;2,000;

25314;2018.07.21 17:00:00;0,000;0,000;0,000;0,000;0,000;16,400;3,000;2,000;

25315;2018.07.21 18:00:00;0,000;0,000;0,000;0,000;0,000;16,400;3,000;2,000;

25316;2018.07.21 19:00:00;0,000;0,000;0,000;0,000;0,000;16,400;3,000;2,000;

25317;2018.07.21 20:00:00;0,000;0,000;0,000;0,000;0,000;16,400;3,000;2,000;

25318;2018.07.21 21:00:00;0,000;0,000;0,000;0,000;0,000;16,400;3,000;2,000;

25319;2018.07.21 22:00:00;0,000;0,000;0,000;0,000;0,000;16,400;3,000;2,000;

25320;2018.07.21 23:00:00;0,000;0,000;0,000;0,000;0,000;16,400;3,000;2,000;

25321;2018.07.22 00:00:00;0,000;0,000;0,000;0,000;0,000;16,350;4,000;2,000;

25322;2018.07.22 01:00:00;0,000;0,000;0,000;0,000;0,000;16,350;4,000;2,000;

25323;2018.07.22 02:00:00;0,000;0,000;0,000;0,000;0,000;16,350;4,000;2,000;

25324;2018.07.22 03:00:00;0,000;0,000;0,000;0,000;0,000;16,350;4,000;2,000;

25325;2018.07.22 04:00:00;0,000;0,000;0,000;0,000;0,000;16,350;4,000;2,000;

25326;2018.07.22 05:00:00;0,000;0,000;0,000;0,000;0,000;16,350;4,000;2,000;

25327;2018.07.22 06:00:00;0,000;0,000;0,000;0,000;0,000;16,350;4,000;2,000;

25328;2018.07.22 07:00:00;0,000;0,000;0,000;0,000;0,000;16,350;4,000;2,000;

25329;2018.07.22 08:00:00;0,000;0,000;0,000;0,000;0,000;16,350;4,000;2,000;

25330;2018.07.22 09:00:00;0,000;0,000;0,000;0,000;0,000;16,350;4,000;2,000;

25331;2018.07.22 10:00:00;0,000;0,000;0,000;0,000;0,000;16,350;4,000;2,000;

25332;2018.07.22 11:00:00;0,000;0,000;0,000;0,000;0,000;16,350;4,000;2,000;

25333;2018.07.22 12:00:00;0,000;0,000;0,000;0,000;0,000;16,350;4,000;2,000;

25334;2018.07.22 13:00:00;0,000;0,000;0,000;0,000;0,000;16,350;4,000;2,000;

25335;2018.07.22 14:00:00;0,000;0,000;0,000;0,000;0,000;16,350;4,000;2,000;

25336;2018.07.22 15:00:00;0,000;0,000;0,000;0,000;0,000;16,350;4,000;2,000;

25337;2018.07.22 16:00:00;0,000;0,000;0,000;0,000;0,000;16,350;4,000;2,000;

25338;2018.07.22 17:00:00;0,000;0,000;0,000;0,000;0,000;16,350;4,000;2,000;

25339;2018.07.22 18:00:00;0,000;0,000;0,000;0,000;0,000;16,350;4,000;2,000;

25340;2018.07.22 19:00:00;0,000;0,000;0,000;0,000;0,000;16,350;4,000;2,000;

25341;2018.07.22 20:00:00;0,000;0,000;0,000;0,000;0,000;16,350;4,000;2,000;

25342;2018.07.22 21:00:00;0,000;0,000;0,000;0,000;0,000;16,350;4,000;2,000;

25343;2018.07.22 22:00:00;0,000;0,000;0,000;0,000;0,000;16,350;4,000;2,000;

25344;2018.07.22 23:00:00;0,000;0,000;0,000;0,000;0,000;16,350;4,000;2,000;

25345;2018.07.23 00:00:00;0,000;0,000;0,000;0,000;0,000;16,300;1,000;2,000;

25346;2018.07.23 01:00:00;0,000;0,000;0,000;0,000;0,000;16,300;1,000;2,000;

25347;2018.07.23 02:00:00;0,000;0,000;0,000;0,000;0,000;16,300;1,000;2,000;

25348;2018.07.23 03:00:00;0,000;0,000;0,000;0,000;0,000;16,300;1,000;2,000;

25349;2018.07.23 04:00:00;0,000;0,000;0,000;0,000;0,000;16,300;1,000;2,000;

25350;2018.07.23 05:00:00;0,000;0,000;0,000;0,000;0,000;16,300;1,000;2,000;

25351;2018.07.23 06:00:00;0,000;0,000;0,000;0,000;0,000;16,300;1,000;2,000;

25352;2018.07.23 07:00:00;0,000;0,000;0,000;0,000;0,000;16,300;1,000;2,000;

25353;2018.07.23 08:00:00;0,000;0,000;0,000;0,000;0,000;16,300;1,000;2,000;

25354;2018.07.23 09:00:00;0,000;0,000;0,000;0,000;0,000;16,300;1,000;2,000;

25355;2018.07.23 10:00:00;0,000;0,000;0,000;0,000;0,000;16,300;1,000;2,000;

25356;2018.07.23 11:00:00;0,000;0,000;0,000;0,000;0,000;16,300;1,000;2,000;

25357;2018.07.23 12:00:00;0,000;0,000;0,000;0,000;0,000;16,300;1,000;2,000;

25358;2018.07.23 13:00:00;0,000;0,000;0,000;0,000;0,000;16,300;1,000;2,000;

25359;2018.07.23 14:00:00;0,000;0,000;0,000;0,000;0,000;16,300;1,000;2,000;

25360;2018.07.23 15:00:00;0,000;0,000;0,000;0,000;0,000;16,300;1,000;2,000;

25361;2018.07.23 16:00:00;0,000;0,000;0,000;0,000;0,000;16,300;1,000;2,000;

25362;2018.07.23 17:00:00;0,000;0,000;0,000;0,000;0,000;16,300;1,000;2,000;

25363;2018.07.23 18:00:00;0,000;0,000;0,000;0,000;0,000;16,300;1,000;2,000;

25364;2018.07.23 19:00:00;0,000;0,000;0,000;0,000;0,000;16,300;1,000;2,000;

25365;2018.07.23 20:00:00;0,000;0,000;0,000;0,000;0,000;16,300;1,000;2,000;

25366;2018.07.23 21:00:00;0,000;0,000;0,000;0,000;0,000;16,300;1,000;2,000;

25367;2018.07.23 22:00:00;0,000;0,000;0,000;0,000;0,000;16,300;1,000;2,000;

25368;2018.07.23 23:00:00;0,000;0,000;0,000;0,000;0,000;16,300;1,000;2,000;

25369;2018.07.24 00:00:00;0,000;0,000;0,000;0,000;0,000;16,250;1,000;2,000;

25370;2018.07.24 01:00:00;0,000;0,000;0,000;0,000;0,000;16,250;1,000;2,000;

25371;2018.07.24 02:00:00;0,000;0,000;0,000;0,000;0,000;16,250;1,000;2,000;

25372;2018.07.24 03:00:00;0,000;0,000;0,000;0,000;0,000;16,250;1,000;2,000;

25373;2018.07.24 04:00:00;0,000;0,000;0,000;0,000;0,000;16,250;1,000;2,000;

25374;2018.07.24 05:00:00;0,000;0,000;0,000;0,000;0,000;16,250;1,000;2,000;

25375;2018.07.24 06:00:00;0,000;0,000;0,000;0,000;0,000;16,250;1,000;2,000;

25376;2018.07.24 07:00:00;0,000;0,000;0,000;0,000;0,000;16,250;1,000;2,000;

25377;2018.07.24 08:00:00;0,000;0,000;0,000;0,000;0,000;16,250;1,000;2,000;

25378;2018.07.24 09:00:00;0,000;0,000;0,000;0,000;0,000;16,250;1,000;2,000;

25379;2018.07.24 10:00:00;0,000;0,000;0,000;0,000;0,000;16,250;1,000;2,000;

25380;2018.07.24 11:00:00;0,000;0,000;0,000;0,000;0,000;16,250;1,000;2,000;

25381;2018.07.24 12:00:00;0,000;0,000;0,000;0,000;0,000;16,250;1,000;2,000;

25382;2018.07.24 13:00:00;0,000;0,000;0,000;0,000;0,000;16,250;1,000;2,000;

25383;2018.07.24 14:00:00;0,000;0,000;0,000;0,000;0,000;16,250;1,000;2,000;

25384;2018.07.24 15:00:00;0,000;0,000;0,000;0,000;0,000;16,250;1,000;2,000;

25385;2018.07.24 16:00:00;0,000;0,000;0,000;0,000;0,000;16,250;1,000;2,000;

25386;2018.07.24 17:00:00;0,000;0,000;0,000;0,000;0,000;16,250;1,000;2,000;

25387;2018.07.24 18:00:00;0,000;0,000;0,000;0,000;0,000;16,250;1,000;2,000;

25388;2018.07.24 19:00:00;0,000;0,000;0,000;0,000;0,000;16,250;1,000;2,000;

25389;2018.07.24 20:00:00;0,000;0,000;0,000;0,000;0,000;16,250;1,000;2,000;

25390;2018.07.24 21:00:00;0,000;0,000;0,000;0,000;0,000;16,250;1,000;2,000;

25391;2018.07.24 22:00:00;0,000;0,000;0,000;0,000;0,000;16,250;1,000;2,000;

25392;2018.07.24 23:00:00;0,000;0,000;0,000;0,000;0,000;16,250;1,000;2,000;

25393;2018.07.25 00:00:00;0,000;0,000;0,000;0,000;0,000;16,183;1,000;2,000;

25394;2018.07.25 01:00:00;0,000;0,000;0,000;0,000;0,000;16,183;1,000;2,000;

25395;2018.07.25 02:00:00;0,000;0,000;0,000;0,000;0,000;16,183;1,000;2,000;

25396;2018.07.25 03:00:00;0,000;0,000;0,000;0,000;0,000;16,183;1,000;2,000;

25397;2018.07.25 04:00:00;0,000;0,000;0,000;0,000;0,000;16,183;1,000;2,000;

25398;2018.07.25 05:00:00;0,000;0,000;0,000;0,000;0,000;16,183;1,000;2,000;

25399;2018.07.25 06:00:00;0,000;0,000;0,000;0,000;0,000;16,183;1,000;2,000;

25400;2018.07.25 07:00:00;0,000;0,000;0,000;0,000;0,000;16,183;1,000;2,000;

25401;2018.07.25 08:00:00;0,000;0,000;0,000;0,000;0,000;16,183;1,000;2,000;

25402;2018.07.25 09:00:00;0,000;0,000;0,000;0,000;0,000;16,183;1,000;2,000;

25403;2018.07.25 10:00:00;0,000;0,000;0,000;0,000;0,000;16,183;1,000;2,000;

25404;2018.07.25 11:00:00;0,000;0,000;0,000;0,000;0,000;16,183;1,000;2,000;

25405;2018.07.25 12:00:00;0,000;0,000;0,000;0,000;0,000;16,183;1,000;2,000;

25406;2018.07.25 13:00:00;0,000;0,000;0,000;0,000;0,000;16,183;1,000;2,000;

25407;2018.07.25 14:00:00;0,000;0,000;0,000;0,000;0,000;16,183;1,000;2,000;

25408;2018.07.25 15:00:00;0,000;0,000;0,000;0,000;0,000;16,183;1,000;2,000;

25409;2018.07.25 16:00:00;0,000;0,000;0,000;0,000;0,000;16,183;1,000;2,000;

25410;2018.07.25 17:00:00;0,000;0,000;0,000;0,000;0,000;16,183;1,000;2,000;

25411;2018.07.25 18:00:00;0,000;0,000;0,000;0,000;0,000;16,183;1,000;2,000;

25412;2018.07.25 19:00:00;0,000;0,000;0,000;0,000;0,000;16,183;1,000;2,000;

25413;2018.07.25 20:00:00;0,000;0,000;0,000;0,000;0,000;16,183;1,000;2,000;

25414;2018.07.25 21:00:00;0,000;0,000;0,000;0,000;0,000;16,183;1,000;2,000;

25415;2018.07.25 22:00:00;0,000;0,000;0,000;0,000;0,000;16,183;1,000;2,000;

25416;2018.07.25 23:00:00;0,000;0,000;0,000;0,000;0,000;16,183;1,000;2,000;

25417;2018.07.26 00:00:00;0,000;0,000;0,000;0,000;0,000;16,150;1,000;2,000;

25418;2018.07.26 01:00:00;0,000;0,000;0,000;0,000;0,000;16,150;1,000;2,000;

25419;2018.07.26 02:00:00;0,000;0,000;0,000;0,000;0,000;16,150;1,000;2,000;

25420;2018.07.26 03:00:00;0,000;0,000;0,000;0,000;0,000;16,150;1,000;2,000;

25421;2018.07.26 04:00:00;0,000;0,000;0,000;0,000;0,000;16,150;1,000;2,000;

25422;2018.07.26 05:00:00;0,000;0,000;0,000;0,000;0,000;16,150;1,000;2,000;

25423;2018.07.26 06:00:00;0,000;0,000;0,000;0,000;0,000;16,150;1,000;2,000;

25424;2018.07.26 07:00:00;0,000;0,000;0,000;0,000;0,000;16,150;1,000;2,000;

25425;2018.07.26 08:00:00;0,000;0,000;0,000;0,000;0,000;16,150;1,000;2,000;

25426;2018.07.26 09:00:00;0,000;0,000;0,000;0,000;0,000;16,150;1,000;2,000;

25427;2018.07.26 10:00:00;0,000;0,000;0,000;0,000;0,000;16,150;1,000;2,000;

25428;2018.07.26 11:00:00;0,000;0,000;0,000;0,000;0,000;16,150;1,000;2,000;

25429;2018.07.26 12:00:00;0,000;0,000;0,000;0,000;0,000;16,150;1,000;2,000;

25430;2018.07.26 13:00:00;0,000;0,000;0,000;0,000;0,000;16,150;1,000;2,000;

25431;2018.07.26 14:00:00;0,000;0,000;0,000;0,000;0,000;16,150;1,000;2,000;

25432;2018.07.26 15:00:00;0,000;0,000;0,000;0,000;0,000;16,150;1,000;2,000;

25433;2018.07.26 16:00:00;0,000;0,000;0,000;0,000;0,000;16,150;1,000;2,000;

25434;2018.07.26 17:00:00;0,000;0,000;0,000;0,000;0,000;16,150;1,000;2,000;

25435;2018.07.26 18:00:00;0,000;0,000;0,000;0,000;0,000;16,150;1,000;2,000;

25436;2018.07.26 19:00:00;0,000;0,000;0,000;0,000;0,000;16,150;1,000;2,000;

25437;2018.07.26 20:00:00;0,000;0,000;0,000;0,000;0,000;16,150;1,000;2,000;

25438;2018.07.26 21:00:00;0,000;0,000;0,000;0,000;0,000;16,150;1,000;2,000;

25439;2018.07.26 22:00:00;0,000;0,000;0,000;0,000;0,000;16,150;1,000;2,000;

25440;2018.07.26 23:00:00;0,000;0,000;0,000;0,000;0,000;16,150;1,000;2,000;

25441;2018.07.27 00:00:00;0,000;0,000;0,000;0,000;0,000;16,083;2,000;2,000;

25442;2018.07.27 01:00:00;0,000;0,000;0,000;0,000;0,000;16,083;2,000;2,000;

25443;2018.07.27 02:00:00;0,000;0,000;0,000;0,000;0,000;16,083;2,000;2,000;

25444;2018.07.27 03:00:00;0,000;0,000;0,000;0,000;0,000;16,083;2,000;2,000;

25445;2018.07.27 04:00:00;0,000;0,000;0,000;0,000;0,000;16,083;2,000;2,000;

25446;2018.07.27 05:00:00;0,000;0,000;0,000;0,000;0,000;16,083;2,000;2,000;

25447;2018.07.27 06:00:00;0,000;0,000;0,000;0,000;0,000;16,083;2,000;2,000;

25448;2018.07.27 07:00:00;0,000;0,000;0,000;0,000;0,000;16,083;2,000;2,000;

25449;2018.07.27 08:00:00;0,000;0,000;0,000;0,000;0,000;16,083;2,000;2,000;

25450;2018.07.27 09:00:00;0,000;0,000;0,000;0,000;0,000;16,083;2,000;2,000;

25451;2018.07.27 10:00:00;0,000;0,000;0,000;0,000;0,000;16,083;2,000;2,000;

25452;2018.07.27 11:00:00;0,000;0,000;0,000;0,000;0,000;16,083;2,000;2,000;

25453;2018.07.27 12:00:00;0,000;0,000;0,000;0,000;0,000;16,083;2,000;2,000;

25454;2018.07.27 13:00:00;0,000;0,000;0,000;0,000;0,000;16,083;2,000;2,000;

25455;2018.07.27 14:00:00;0,000;0,000;0,000;0,000;0,000;16,083;2,000;2,000;

25456;2018.07.27 15:00:00;0,000;0,000;0,000;0,000;0,000;16,083;2,000;2,000;

25457;2018.07.27 16:00:00;0,000;0,000;0,000;0,000;0,000;16,083;2,000;2,000;

25458;2018.07.27 17:00:00;0,000;0,000;0,000;0,000;0,000;16,083;2,000;2,000;

25459;2018.07.27 18:00:00;0,000;0,000;0,000;0,000;0,000;16,083;2,000;2,000;

25460;2018.07.27 19:00:00;0,000;0,000;0,000;0,000;0,000;16,083;2,000;2,000;

25461;2018.07.27 20:00:00;0,000;0,000;0,000;0,000;0,000;16,083;2,000;2,000;

25462;2018.07.27 21:00:00;0,000;0,000;0,000;0,000;0,000;16,083;2,000;2,000;

25463;2018.07.27 22:00:00;0,000;0,000;0,000;0,000;0,000;16,083;2,000;2,000;

25464;2018.07.27 23:00:00;0,000;0,000;0,000;0,000;0,000;16,083;2,000;2,000;

25465;2018.07.28 00:00:00;0,000;0,000;0,000;0,000;0,000;16,033;3,000;2,000;

25466;2018.07.28 01:00:00;0,000;0,000;0,000;0,000;0,000;16,033;3,000;2,000;

25467;2018.07.28 02:00:00;0,000;0,000;0,000;0,000;0,000;16,033;3,000;2,000;

25468;2018.07.28 03:00:00;0,000;0,000;0,000;0,000;0,000;16,033;3,000;2,000;

25469;2018.07.28 04:00:00;0,000;0,000;0,000;0,000;0,000;16,033;3,000;2,000;

25470;2018.07.28 05:00:00;0,000;0,000;0,000;0,000;0,000;16,033;3,000;2,000;

25471;2018.07.28 06:00:00;0,000;0,000;0,000;0,000;0,000;16,033;3,000;2,000;

25472;2018.07.28 07:00:00;0,000;0,000;0,000;0,000;0,000;16,033;3,000;2,000;

25473;2018.07.28 08:00:00;0,000;0,000;0,000;0,000;0,000;16,033;3,000;2,000;

25474;2018.07.28 09:00:00;0,000;0,000;0,000;0,000;0,000;16,033;3,000;2,000;

25475;2018.07.28 10:00:00;0,000;0,000;0,000;0,000;0,000;16,033;3,000;2,000;

25476;2018.07.28 11:00:00;0,000;0,000;0,000;0,000;0,000;16,033;3,000;2,000;

25477;2018.07.28 12:00:00;0,000;0,000;0,000;0,000;0,000;16,033;3,000;2,000;

25478;2018.07.28 13:00:00;0,000;0,000;0,000;0,000;0,000;16,033;3,000;2,000;

25479;2018.07.28 14:00:00;0,000;0,000;0,000;0,000;0,000;16,033;3,000;2,000;

25480;2018.07.28 15:00:00;0,000;0,000;0,000;0,000;0,000;16,033;3,000;2,000;

25481;2018.07.28 16:00:00;0,000;0,000;0,000;0,000;0,000;16,033;3,000;2,000;

25482;2018.07.28 17:00:00;0,000;0,000;0,000;0,000;0,000;16,033;3,000;2,000;

25483;2018.07.28 18:00:00;0,000;0,000;0,000;0,000;0,000;16,033;3,000;2,000;

25484;2018.07.28 19:00:00;0,000;0,000;0,000;0,000;0,000;16,033;3,000;2,000;

25485;2018.07.28 20:00:00;0,000;0,000;0,000;0,000;0,000;16,033;3,000;2,000;

25486;2018.07.28 21:00:00;0,000;0,000;0,000;0,000;0,000;16,033;3,000;2,000;

25487;2018.07.28 22:00:00;0,000;0,000;0,000;0,000;0,000;16,033;3,000;2,000;

25488;2018.07.28 23:00:00;0,000;0,000;0,000;0,000;0,000;16,033;3,000;2,000;

25489;2018.07.29 00:00:00;0,000;0,000;0,000;0,000;0,000;15,983;4,000;2,000;

25490;2018.07.29 01:00:00;0,000;0,000;0,000;0,000;0,000;15,983;4,000;2,000;

25491;2018.07.29 02:00:00;0,000;0,000;0,000;0,000;0,000;15,983;4,000;2,000;

25492;2018.07.29 03:00:00;0,000;0,000;0,000;0,000;0,000;15,983;4,000;2,000;

25493;2018.07.29 04:00:00;0,000;0,000;0,000;0,000;0,000;15,983;4,000;2,000;

25494;2018.07.29 05:00:00;0,000;0,000;0,000;0,000;0,000;15,983;4,000;2,000;

25495;2018.07.29 06:00:00;0,000;0,000;0,000;0,000;0,000;15,983;4,000;2,000;

25496;2018.07.29 07:00:00;0,000;0,000;0,000;0,000;0,000;15,983;4,000;2,000;

25497;2018.07.29 08:00:00;0,000;0,000;0,000;0,000;0,000;15,983;4,000;2,000;

25498;2018.07.29 09:00:00;0,000;0,000;0,000;0,000;0,000;15,983;4,000;2,000;

25499;2018.07.29 10:00:00;0,000;0,000;0,000;0,000;0,000;15,983;4,000;2,000;

25500;2018.07.29 11:00:00;0,000;0,000;0,000;0,000;0,000;15,983;4,000;2,000;

25501;2018.07.29 12:00:00;0,000;0,000;0,000;0,000;0,000;15,983;4,000;2,000;

25502;2018.07.29 13:00:00;0,000;0,000;0,000;0,000;0,000;15,983;4,000;2,000;

25503;2018.07.29 14:00:00;0,000;0,000;0,000;0,000;0,000;15,983;4,000;2,000;

25504;2018.07.29 15:00:00;0,000;0,000;0,000;0,000;0,000;15,983;4,000;2,000;

25505;2018.07.29 16:00:00;0,000;0,000;0,000;0,000;0,000;15,983;4,000;2,000;

25506;2018.07.29 17:00:00;0,000;0,000;0,000;0,000;0,000;15,983;4,000;2,000;

25507;2018.07.29 18:00:00;0,000;0,000;0,000;0,000;0,000;15,983;4,000;2,000;

25508;2018.07.29 19:00:00;0,000;0,000;0,000;0,000;0,000;15,983;4,000;2,000;

25509;2018.07.29 20:00:00;0,000;0,000;0,000;0,000;0,000;15,983;4,000;2,000;

25510;2018.07.29 21:00:00;0,000;0,000;0,000;0,000;0,000;15,983;4,000;2,000;

25511;2018.07.29 22:00:00;0,000;0,000;0,000;0,000;0,000;15,983;4,000;2,000;

25512;2018.07.29 23:00:00;0,000;0,000;0,000;0,000;0,000;15,983;4,000;2,000;

25513;2018.07.30 00:00:00;0,000;0,000;0,000;0,000;0,000;15,917;1,000;2,000;

25514;2018.07.30 01:00:00;0,000;0,000;0,000;0,000;0,000;15,917;1,000;2,000;

25515;2018.07.30 02:00:00;0,000;0,000;0,000;0,000;0,000;15,917;1,000;2,000;

25516;2018.07.30 03:00:00;0,000;0,000;0,000;0,000;0,000;15,917;1,000;2,000;

25517;2018.07.30 04:00:00;0,000;0,000;0,000;0,000;0,000;15,917;1,000;2,000;

25518;2018.07.30 05:00:00;0,000;0,000;0,000;0,000;0,000;15,917;1,000;2,000;

25519;2018.07.30 06:00:00;0,000;0,000;0,000;0,000;0,000;15,917;1,000;2,000;

25520;2018.07.30 07:00:00;0,000;0,000;0,000;0,000;0,000;15,917;1,000;2,000;

25521;2018.07.30 08:00:00;0,000;0,000;0,000;0,000;0,000;15,917;1,000;2,000;

25522;2018.07.30 09:00:00;0,000;0,000;0,000;0,000;0,000;15,917;1,000;2,000;

25523;2018.07.30 10:00:00;0,000;0,000;0,000;0,000;0,000;15,917;1,000;2,000;

25524;2018.07.30 11:00:00;0,000;0,000;0,000;0,000;0,000;15,917;1,000;2,000;

25525;2018.07.30 12:00:00;0,000;0,000;0,000;0,000;0,000;15,917;1,000;2,000;

25526;2018.07.30 13:00:00;0,000;0,000;0,000;0,000;0,000;15,917;1,000;2,000;

25527;2018.07.30 14:00:00;0,000;0,000;0,000;0,000;0,000;15,917;1,000;2,000;

25528;2018.07.30 15:00:00;0,000;0,000;0,000;0,000;0,000;15,917;1,000;2,000;

25529;2018.07.30 16:00:00;0,000;0,000;0,000;0,000;0,000;15,917;1,000;2,000;

25530;2018.07.30 17:00:00;0,000;0,000;0,000;0,000;0,000;15,917;1,000;2,000;

25531;2018.07.30 18:00:00;0,000;0,000;0,000;0,000;0,000;15,917;1,000;2,000;

25532;2018.07.30 19:00:00;0,000;0,000;0,000;0,000;0,000;15,917;1,000;2,000;

25533;2018.07.30 20:00:00;0,000;0,000;0,000;0,000;0,000;15,917;1,000;2,000;

25534;2018.07.30 21:00:00;0,000;0,000;0,000;0,000;0,000;15,917;1,000;2,000;

25535;2018.07.30 22:00:00;0,000;0,000;0,000;0,000;0,000;15,917;1,000;2,000;

25536;2018.07.30 23:00:00;0,000;0,000;0,000;0,000;0,000;15,917;1,000;2,000;

25537;2018.07.31 00:00:00;0,000;0,000;0,000;0,000;0,000;15,867;1,000;2,000;

25538;2018.07.31 01:00:00;0,000;0,000;0,000;0,000;0,000;15,867;1,000;2,000;

25539;2018.07.31 02:00:00;0,000;0,000;0,000;0,000;0,000;15,867;1,000;2,000;

25540;2018.07.31 03:00:00;0,000;0,000;0,000;0,000;0,000;15,867;1,000;2,000;

25541;2018.07.31 04:00:00;0,000;0,000;0,000;0,000;0,000;15,867;1,000;2,000;

25542;2018.07.31 05:00:00;0,000;0,000;0,000;0,000;0,000;15,867;1,000;2,000;

25543;2018.07.31 06:00:00;0,000;0,000;0,000;0,000;0,000;15,867;1,000;2,000;

25544;2018.07.31 07:00:00;0,000;0,000;0,000;0,000;0,000;15,867;1,000;2,000;

25545;2018.07.31 08:00:00;0,000;0,000;0,000;0,000;0,000;15,867;1,000;2,000;

25546;2018.07.31 09:00:00;0,000;0,000;0,000;0,000;0,000;15,867;1,000;2,000;

25547;2018.07.31 10:00:00;0,000;0,000;0,000;0,000;0,000;15,867;1,000;2,000;

25548;2018.07.31 11:00:00;0,000;0,000;0,000;0,000;0,000;15,867;1,000;2,000;

25549;2018.07.31 12:00:00;0,000;0,000;0,000;0,000;0,000;15,867;1,000;2,000;

25550;2018.07.31 13:00:00;0,000;0,000;0,000;0,000;0,000;15,867;1,000;2,000;

25551;2018.07.31 14:00:00;0,000;0,000;0,000;0,000;0,000;15,867;1,000;2,000;

25552;2018.07.31 15:00:00;0,000;0,000;0,000;0,000;0,000;15,867;1,000;2,000;

25553;2018.07.31 16:00:00;0,000;0,000;0,000;0,000;0,000;15,867;1,000;2,000;

25554;2018.07.31 17:00:00;0,000;0,000;0,000;0,000;0,000;15,867;1,000;2,000;

25555;2018.07.31 18:00:00;0,000;0,000;0,000;0,000;0,000;15,867;1,000;2,000;

25556;2018.07.31 19:00:00;0,000;0,000;0,000;0,000;0,000;15,867;1,000;2,000;

25557;2018.07.31 20:00:00;0,000;0,000;0,000;0,000;0,000;15,867;1,000;2,000;

25558;2018.07.31 21:00:00;0,000;0,000;0,000;0,000;0,000;15,867;1,000;2,000;

25559;2018.07.31 22:00:00;0,000;0,000;0,000;0,000;0,000;15,867;1,000;2,000;

25560;2018.07.31 23:00:00;0,000;0,000;0,000;0,000;0,000;15,867;1,000;2,000;

25561;2018.08.01 00:00:00;0,000;0,000;0,000;0,000;0,000;15,800;1,000;2,000;

25562;2018.08.01 01:00:00;0,000;0,000;0,000;0,000;0,000;15,800;1,000;2,000;

25563;2018.08.01 02:00:00;0,000;0,000;0,000;0,000;0,000;15,800;1,000;2,000;

25564;2018.08.01 03:00:00;0,000;0,000;0,000;0,000;0,000;15,800;1,000;2,000;

25565;2018.08.01 04:00:00;0,000;0,000;0,000;0,000;0,000;15,800;1,000;2,000;

25566;2018.08.01 05:00:00;0,000;0,000;0,000;0,000;0,000;15,800;1,000;2,000;

25567;2018.08.01 06:00:00;0,000;0,000;0,000;0,000;0,000;15,800;1,000;2,000;

25568;2018.08.01 07:00:00;0,000;0,000;0,000;0,000;0,000;15,800;1,000;2,000;

25569;2018.08.01 08:00:00;0,000;0,000;0,000;0,000;0,000;15,800;1,000;2,000;

25570;2018.08.01 09:00:00;0,000;0,000;0,000;0,000;0,000;15,800;1,000;2,000;

25571;2018.08.01 10:00:00;0,000;0,000;0,000;0,000;0,000;15,800;1,000;2,000;

25572;2018.08.01 11:00:00;0,000;0,000;0,000;0,000;0,000;15,800;1,000;2,000;

25573;2018.08.01 12:00:00;0,000;0,000;0,000;0,000;0,000;15,800;1,000;2,000;

25574;2018.08.01 13:00:00;0,000;0,000;0,000;0,000;0,000;15,800;1,000;2,000;

25575;2018.08.01 14:00:00;0,000;0,000;0,000;0,000;0,000;15,800;1,000;2,000;

25576;2018.08.01 15:00:00;0,000;0,000;0,000;0,000;0,000;15,800;1,000;2,000;

25577;2018.08.01 16:00:00;0,000;0,000;0,000;0,000;0,000;15,800;1,000;2,000;

25578;2018.08.01 17:00:00;0,000;0,000;0,000;0,000;0,000;15,800;1,000;2,000;

25579;2018.08.01 18:00:00;0,000;0,000;0,000;0,000;0,000;15,800;1,000;2,000;

25580;2018.08.01 19:00:00;0,000;0,000;0,000;0,000;0,000;15,800;1,000;2,000;

25581;2018.08.01 20:00:00;0,000;0,000;0,000;0,000;0,000;15,800;1,000;2,000;

25582;2018.08.01 21:00:00;0,000;0,000;0,000;0,000;0,000;15,800;1,000;2,000;

25583;2018.08.01 22:00:00;0,000;0,000;0,000;0,000;0,000;15,800;1,000;2,000;

25584;2018.08.01 23:00:00;0,000;0,000;0,000;0,000;0,000;15,800;1,000;2,000;

25585;2018.08.02 00:00:00;0,000;0,000;0,000;0,000;0,000;15,733;1,000;2,000;

25586;2018.08.02 01:00:00;0,000;0,000;0,000;0,000;0,000;15,733;1,000;2,000;

25587;2018.08.02 02:00:00;0,000;0,000;0,000;0,000;0,000;15,733;1,000;2,000;

25588;2018.08.02 03:00:00;0,000;0,000;0,000;0,000;0,000;15,733;1,000;2,000;

25589;2018.08.02 04:00:00;0,000;0,000;0,000;0,000;0,000;15,733;1,000;2,000;

25590;2018.08.02 05:00:00;0,000;0,000;0,000;0,000;0,000;15,733;1,000;2,000;

25591;2018.08.02 06:00:00;0,000;0,000;0,000;0,000;0,000;15,733;1,000;2,000;

25592;2018.08.02 07:00:00;0,000;0,000;0,000;0,000;0,000;15,733;1,000;2,000;

25593;2018.08.02 08:00:00;0,000;0,000;0,000;0,000;0,000;15,733;1,000;2,000;

25594;2018.08.02 09:00:00;0,000;0,000;0,000;0,000;0,000;15,733;1,000;2,000;

25595;2018.08.02 10:00:00;0,000;0,000;0,000;0,000;0,000;15,733;1,000;2,000;

25596;2018.08.02 11:00:00;0,000;0,000;0,000;0,000;0,000;15,733;1,000;2,000;

25597;2018.08.02 12:00:00;0,000;0,000;0,000;0,000;0,000;15,733;1,000;2,000;

25598;2018.08.02 13:00:00;0,000;0,000;0,000;0,000;0,000;15,733;1,000;2,000;

25599;2018.08.02 14:00:00;0,000;0,000;0,000;0,000;0,000;15,733;1,000;2,000;

25600;2018.08.02 15:00:00;0,000;0,000;0,000;0,000;0,000;15,733;1,000;2,000;

25601;2018.08.02 16:00:00;0,000;0,000;0,000;0,000;0,000;15,733;1,000;2,000;

25602;2018.08.02 17:00:00;0,000;0,000;0,000;0,000;0,000;15,733;1,000;2,000;

25603;2018.08.02 18:00:00;0,000;0,000;0,000;0,000;0,000;15,733;1,000;2,000;

25604;2018.08.02 19:00:00;0,000;0,000;0,000;0,000;0,000;15,733;1,000;2,000;

25605;2018.08.02 20:00:00;0,000;0,000;0,000;0,000;0,000;15,733;1,000;2,000;

25606;2018.08.02 21:00:00;0,000;0,000;0,000;0,000;0,000;15,733;1,000;2,000;

25607;2018.08.02 22:00:00;0,000;0,000;0,000;0,000;0,000;15,733;1,000;2,000;

25608;2018.08.02 23:00:00;0,000;0,000;0,000;0,000;0,000;15,733;1,000;2,000;

25609;2018.08.03 00:00:00;0,000;0,000;0,000;0,000;0,000;15,700;2,000;2,000;

25610;2018.08.03 01:00:00;0,000;0,000;0,000;0,000;0,000;15,700;2,000;2,000;

25611;2018.08.03 02:00:00;0,000;0,000;0,000;0,000;0,000;15,700;2,000;2,000;

25612;2018.08.03 03:00:00;0,000;0,000;0,000;0,000;0,000;15,700;2,000;2,000;

25613;2018.08.03 04:00:00;0,000;0,000;0,000;0,000;0,000;15,700;2,000;2,000;

25614;2018.08.03 05:00:00;0,000;0,000;0,000;0,000;0,000;15,700;2,000;2,000;

25615;2018.08.03 06:00:00;0,000;0,000;0,000;0,000;0,000;15,700;2,000;2,000;

25616;2018.08.03 07:00:00;0,000;0,000;0,000;0,000;0,000;15,700;2,000;2,000;

25617;2018.08.03 08:00:00;0,000;0,000;0,000;0,000;0,000;15,700;2,000;2,000;

25618;2018.08.03 09:00:00;0,000;0,000;0,000;0,000;0,000;15,700;2,000;2,000;

25619;2018.08.03 10:00:00;0,000;0,000;0,000;0,000;0,000;15,700;2,000;2,000;

25620;2018.08.03 11:00:00;0,000;0,000;0,000;0,000;0,000;15,700;2,000;2,000;

25621;2018.08.03 12:00:00;0,000;0,000;0,000;0,000;0,000;15,700;2,000;2,000;

25622;2018.08.03 13:00:00;0,000;0,000;0,000;0,000;0,000;15,700;2,000;2,000;

25623;2018.08.03 14:00:00;0,000;0,000;0,000;0,000;0,000;15,700;2,000;2,000;

25624;2018.08.03 15:00:00;0,000;0,000;0,000;0,000;0,000;15,700;2,000;2,000;

25625;2018.08.03 16:00:00;0,000;0,000;0,000;0,000;0,000;15,700;2,000;2,000;

25626;2018.08.03 17:00:00;0,000;0,000;0,000;0,000;0,000;15,700;2,000;2,000;

25627;2018.08.03 18:00:00;0,000;0,000;0,000;0,000;0,000;15,700;2,000;2,000;

25628;2018.08.03 19:00:00;0,000;0,000;0,000;0,000;0,000;15,700;2,000;2,000;

25629;2018.08.03 20:00:00;0,000;0,000;0,000;0,000;0,000;15,700;2,000;2,000;

25630;2018.08.03 21:00:00;0,000;0,000;0,000;0,000;0,000;15,700;2,000;2,000;

25631;2018.08.03 22:00:00;0,000;0,000;0,000;0,000;0,000;15,700;2,000;2,000;

25632;2018.08.03 23:00:00;0,000;0,000;0,000;0,000;0,000;15,700;2,000;2,000;

25633;2018.08.04 00:00:00;0,000;0,000;0,000;0,000;0,000;15,633;3,000;2,000;

25634;2018.08.04 01:00:00;0,000;0,000;0,000;0,000;0,000;15,633;3,000;2,000;

25635;2018.08.04 02:00:00;0,000;0,000;0,000;0,000;0,000;15,633;3,000;2,000;

25636;2018.08.04 03:00:00;0,000;0,000;0,000;0,000;0,000;15,633;3,000;2,000;

25637;2018.08.04 04:00:00;0,000;0,000;0,000;0,000;0,000;15,633;3,000;2,000;

25638;2018.08.04 05:00:00;0,000;0,000;0,000;0,000;0,000;15,633;3,000;2,000;

25639;2018.08.04 06:00:00;0,000;0,000;0,000;0,000;0,000;15,633;3,000;2,000;

25640;2018.08.04 07:00:00;0,000;0,000;0,000;0,000;0,000;15,633;3,000;2,000;

25641;2018.08.04 08:00:00;0,000;0,000;0,000;0,000;0,000;15,633;3,000;2,000;

25642;2018.08.04 09:00:00;0,000;0,000;0,000;0,000;0,000;15,633;3,000;2,000;

25643;2018.08.04 10:00:00;0,000;0,000;0,000;0,000;0,000;15,633;3,000;2,000;

25644;2018.08.04 11:00:00;0,000;0,000;0,000;0,000;0,000;15,633;3,000;2,000;

25645;2018.08.04 12:00:00;0,000;0,000;0,000;0,000;0,000;15,633;3,000;2,000;

25646;2018.08.04 13:00:00;0,000;0,000;0,000;0,000;0,000;15,633;3,000;2,000;

25647;2018.08.04 14:00:00;0,000;0,000;0,000;0,000;0,000;15,633;3,000;2,000;

25648;2018.08.04 15:00:00;0,000;0,000;0,000;0,000;0,000;15,633;3,000;2,000;

25649;2018.08.04 16:00:00;0,000;0,000;0,000;0,000;0,000;15,633;3,000;2,000;

25650;2018.08.04 17:00:00;0,000;0,000;0,000;0,000;0,000;15,633;3,000;2,000;

25651;2018.08.04 18:00:00;0,000;0,000;0,000;0,000;0,000;15,633;3,000;2,000;

25652;2018.08.04 19:00:00;0,000;0,000;0,000;0,000;0,000;15,633;3,000;2,000;

25653;2018.08.04 20:00:00;0,000;0,000;0,000;0,000;0,000;15,633;3,000;2,000;

25654;2018.08.04 21:00:00;0,000;0,000;0,000;0,000;0,000;15,633;3,000;2,000;

25655;2018.08.04 22:00:00;0,000;0,000;0,000;0,000;0,000;15,633;3,000;2,000;

25656;2018.08.04 23:00:00;0,000;0,000;0,000;0,000;0,000;15,633;3,000;2,000;

25657;2018.08.05 00:00:00;0,000;0,000;0,000;0,000;0,000;15,567;4,000;2,000;

25658;2018.08.05 01:00:00;0,000;0,000;0,000;0,000;0,000;15,567;4,000;2,000;

25659;2018.08.05 02:00:00;0,000;0,000;0,000;0,000;0,000;15,567;4,000;2,000;

25660;2018.08.05 03:00:00;0,000;0,000;0,000;0,000;0,000;15,567;4,000;2,000;

25661;2018.08.05 04:00:00;0,000;0,000;0,000;0,000;0,000;15,567;4,000;2,000;

25662;2018.08.05 05:00:00;0,000;0,000;0,000;0,000;0,000;15,567;4,000;2,000;

25663;2018.08.05 06:00:00;0,000;0,000;0,000;0,000;0,000;15,567;4,000;2,000;

25664;2018.08.05 07:00:00;0,000;0,000;0,000;0,000;0,000;15,567;4,000;2,000;

25665;2018.08.05 08:00:00;0,000;0,000;0,000;0,000;0,000;15,567;4,000;2,000;

25666;2018.08.05 09:00:00;0,000;0,000;0,000;0,000;0,000;15,567;4,000;2,000;

25667;2018.08.05 10:00:00;0,000;0,000;0,000;0,000;0,000;15,567;4,000;2,000;

25668;2018.08.05 11:00:00;0,000;0,000;0,000;0,000;0,000;15,567;4,000;2,000;

25669;2018.08.05 12:00:00;0,000;0,000;0,000;0,000;0,000;15,567;4,000;2,000;

25670;2018.08.05 13:00:00;0,000;0,000;0,000;0,000;0,000;15,567;4,000;2,000;

25671;2018.08.05 14:00:00;0,000;0,000;0,000;0,000;0,000;15,567;4,000;2,000;

25672;2018.08.05 15:00:00;0,000;0,000;0,000;0,000;0,000;15,567;4,000;2,000;

25673;2018.08.05 16:00:00;0,000;0,000;0,000;0,000;0,000;15,567;4,000;2,000;

25674;2018.08.05 17:00:00;0,000;0,000;0,000;0,000;0,000;15,567;4,000;2,000;

25675;2018.08.05 18:00:00;0,000;0,000;0,000;0,000;0,000;15,567;4,000;2,000;

25676;2018.08.05 19:00:00;0,000;0,000;0,000;0,000;0,000;15,567;4,000;2,000;

25677;2018.08.05 20:00:00;0,000;0,000;0,000;0,000;0,000;15,567;4,000;2,000;

25678;2018.08.05 21:00:00;0,000;0,000;0,000;0,000;0,000;15,567;4,000;2,000;

25679;2018.08.05 22:00:00;0,000;0,000;0,000;0,000;0,000;15,567;4,000;2,000;

25680;2018.08.05 23:00:00;0,000;0,000;0,000;0,000;0,000;15,567;4,000;2,000;

25681;2018.08.06 00:00:00;0,000;0,000;0,000;0,000;0,000;15,500;1,000;2,000;

25682;2018.08.06 01:00:00;0,000;0,000;0,000;0,000;0,000;15,500;1,000;2,000;

25683;2018.08.06 02:00:00;0,000;0,000;0,000;0,000;0,000;15,500;1,000;2,000;

25684;2018.08.06 03:00:00;0,000;0,000;0,000;0,000;0,000;15,500;1,000;2,000;

25685;2018.08.06 04:00:00;0,000;0,000;0,000;0,000;0,000;15,500;1,000;2,000;

25686;2018.08.06 05:00:00;0,000;0,000;0,000;0,000;0,000;15,500;1,000;2,000;

25687;2018.08.06 06:00:00;0,000;0,000;0,000;0,000;0,000;15,500;1,000;2,000;

25688;2018.08.06 07:00:00;0,000;0,000;0,000;0,000;0,000;15,500;1,000;2,000;

25689;2018.08.06 08:00:00;0,000;0,000;0,000;0,000;0,000;15,500;1,000;2,000;

25690;2018.08.06 09:00:00;0,000;0,000;0,000;0,000;0,000;15,500;1,000;2,000;

25691;2018.08.06 10:00:00;0,000;0,000;0,000;0,000;0,000;15,500;1,000;2,000;

25692;2018.08.06 11:00:00;0,000;0,000;0,000;0,000;0,000;15,500;1,000;2,000;

25693;2018.08.06 12:00:00;0,000;0,000;0,000;0,000;0,000;15,500;1,000;2,000;

25694;2018.08.06 13:00:00;0,000;0,000;0,000;0,000;0,000;15,500;1,000;2,000;

25695;2018.08.06 14:00:00;0,000;0,000;0,000;0,000;0,000;15,500;1,000;2,000;

25696;2018.08.06 15:00:00;0,000;0,000;0,000;0,000;0,000;15,500;1,000;2,000;

25697;2018.08.06 16:00:00;0,000;0,000;0,000;0,000;0,000;15,500;1,000;2,000;

25698;2018.08.06 17:00:00;0,000;0,000;0,000;0,000;0,000;15,500;1,000;2,000;

25699;2018.08.06 18:00:00;0,000;0,000;0,000;0,000;0,000;15,500;1,000;2,000;

25700;2018.08.06 19:00:00;0,000;0,000;0,000;0,000;0,000;15,500;1,000;2,000;

25701;2018.08.06 20:00:00;0,000;0,000;0,000;0,000;0,000;15,500;1,000;2,000;

25702;2018.08.06 21:00:00;0,000;0,000;0,000;0,000;0,000;15,500;1,000;2,000;

25703;2018.08.06 22:00:00;0,000;0,000;0,000;0,000;0,000;15,500;1,000;2,000;

25704;2018.08.06 23:00:00;0,000;0,000;0,000;0,000;0,000;15,500;1,000;2,000;

25705;2018.08.07 00:00:00;0,000;0,000;0,000;0,000;0,000;15,450;1,000;2,000;

25706;2018.08.07 01:00:00;0,000;0,000;0,000;0,000;0,000;15,450;1,000;2,000;

25707;2018.08.07 02:00:00;0,000;0,000;0,000;0,000;0,000;15,450;1,000;2,000;

25708;2018.08.07 03:00:00;0,000;0,000;0,000;0,000;0,000;15,450;1,000;2,000;

25709;2018.08.07 04:00:00;0,000;0,000;0,000;0,000;0,000;15,450;1,000;2,000;

25710;2018.08.07 05:00:00;0,000;0,000;0,000;0,000;0,000;15,450;1,000;2,000;

25711;2018.08.07 06:00:00;0,000;0,000;0,000;0,000;0,000;15,450;1,000;2,000;

25712;2018.08.07 07:00:00;0,000;0,000;0,000;0,000;0,000;15,450;1,000;2,000;

25713;2018.08.07 08:00:00;0,000;0,000;0,000;0,000;0,000;15,450;1,000;2,000;

25714;2018.08.07 09:00:00;0,000;0,000;0,000;0,000;0,000;15,450;1,000;2,000;

25715;2018.08.07 10:00:00;0,000;0,000;0,000;0,000;0,000;15,450;1,000;2,000;

25716;2018.08.07 11:00:00;0,000;0,000;0,000;0,000;0,000;15,450;1,000;2,000;

25717;2018.08.07 12:00:00;0,000;0,000;0,000;0,000;0,000;15,450;1,000;2,000;

25718;2018.08.07 13:00:00;0,000;0,000;0,000;0,000;0,000;15,450;1,000;2,000;

25719;2018.08.07 14:00:00;0,000;0,000;0,000;0,000;0,000;15,450;1,000;2,000;

25720;2018.08.07 15:00:00;0,000;0,000;0,000;0,000;0,000;15,450;1,000;2,000;

25721;2018.08.07 16:00:00;0,000;0,000;0,000;0,000;0,000;15,450;1,000;2,000;

25722;2018.08.07 17:00:00;0,000;0,000;0,000;0,000;0,000;15,450;1,000;2,000;

25723;2018.08.07 18:00:00;0,000;0,000;0,000;0,000;0,000;15,450;1,000;2,000;

25724;2018.08.07 19:00:00;0,000;0,000;0,000;0,000;0,000;15,450;1,000;2,000;

25725;2018.08.07 20:00:00;0,000;0,000;0,000;0,000;0,000;15,450;1,000;2,000;

25726;2018.08.07 21:00:00;0,000;0,000;0,000;0,000;0,000;15,450;1,000;2,000;

25727;2018.08.07 22:00:00;0,000;0,000;0,000;0,000;0,000;15,450;1,000;2,000;

25728;2018.08.07 23:00:00;0,000;0,000;0,000;0,000;0,000;15,450;1,000;2,000;

25729;2018.08.08 00:00:00;0,000;0,000;0,000;0,000;0,000;15,383;1,000;2,000;

25730;2018.08.08 01:00:00;0,000;0,000;0,000;0,000;0,000;15,383;1,000;2,000;

25731;2018.08.08 02:00:00;0,000;0,000;0,000;0,000;0,000;15,383;1,000;2,000;

25732;2018.08.08 03:00:00;0,000;0,000;0,000;0,000;0,000;15,383;1,000;2,000;

25733;2018.08.08 04:00:00;0,000;0,000;0,000;0,000;0,000;15,383;1,000;2,000;

25734;2018.08.08 05:00:00;0,000;0,000;0,000;0,000;0,000;15,383;1,000;2,000;

25735;2018.08.08 06:00:00;0,000;0,000;0,000;0,000;0,000;15,383;1,000;2,000;

25736;2018.08.08 07:00:00;0,000;0,000;0,000;0,000;0,000;15,383;1,000;2,000;

25737;2018.08.08 08:00:00;0,000;0,000;0,000;0,000;0,000;15,383;1,000;2,000;

25738;2018.08.08 09:00:00;0,000;0,000;0,000;0,000;0,000;15,383;1,000;2,000;

25739;2018.08.08 10:00:00;0,000;0,000;0,000;0,000;0,000;15,383;1,000;2,000;

25740;2018.08.08 11:00:00;0,000;0,000;0,000;0,000;0,000;15,383;1,000;2,000;

25741;2018.08.08 12:00:00;0,000;0,000;0,000;0,000;0,000;15,383;1,000;2,000;

25742;2018.08.08 13:00:00;0,000;0,000;0,000;0,000;0,000;15,383;1,000;2,000;

25743;2018.08.08 14:00:00;0,000;0,000;0,000;0,000;0,000;15,383;1,000;2,000;

25744;2018.08.08 15:00:00;0,000;0,000;0,000;0,000;0,000;15,383;1,000;2,000;

25745;2018.08.08 16:00:00;0,000;0,000;0,000;0,000;0,000;15,383;1,000;2,000;

25746;2018.08.08 17:00:00;0,000;0,000;0,000;0,000;0,000;15,383;1,000;2,000;

25747;2018.08.08 18:00:00;0,000;0,000;0,000;0,000;0,000;15,383;1,000;2,000;

25748;2018.08.08 19:00:00;0,000;0,000;0,000;0,000;0,000;15,383;1,000;2,000;

25749;2018.08.08 20:00:00;0,000;0,000;0,000;0,000;0,000;15,383;1,000;2,000;

25750;2018.08.08 21:00:00;0,000;0,000;0,000;0,000;0,000;15,383;1,000;2,000;

25751;2018.08.08 22:00:00;0,000;0,000;0,000;0,000;0,000;15,383;1,000;2,000;

25752;2018.08.08 23:00:00;0,000;0,000;0,000;0,000;0,000;15,383;1,000;2,000;

25753;2018.08.09 00:00:00;0,000;0,000;0,000;0,000;0,000;15,317;1,000;2,000;

25754;2018.08.09 01:00:00;0,000;0,000;0,000;0,000;0,000;15,317;1,000;2,000;

25755;2018.08.09 02:00:00;0,000;0,000;0,000;0,000;0,000;15,317;1,000;2,000;

25756;2018.08.09 03:00:00;0,000;0,000;0,000;0,000;0,000;15,317;1,000;2,000;

25757;2018.08.09 04:00:00;0,000;0,000;0,000;0,000;0,000;15,317;1,000;2,000;

25758;2018.08.09 05:00:00;0,000;0,000;0,000;0,000;0,000;15,317;1,000;2,000;

25759;2018.08.09 06:00:00;0,000;0,000;0,000;0,000;0,000;15,317;1,000;2,000;

25760;2018.08.09 07:00:00;0,000;0,000;0,000;0,000;0,000;15,317;1,000;2,000;

25761;2018.08.09 08:00:00;0,000;0,000;0,000;0,000;0,000;15,317;1,000;2,000;

25762;2018.08.09 09:00:00;0,000;0,000;0,000;0,000;0,000;15,317;1,000;2,000;

25763;2018.08.09 10:00:00;0,000;0,000;0,000;0,000;0,000;15,317;1,000;2,000;

25764;2018.08.09 11:00:00;0,000;0,000;0,000;0,000;0,000;15,317;1,000;2,000;

25765;2018.08.09 12:00:00;0,000;0,000;0,000;0,000;0,000;15,317;1,000;2,000;

25766;2018.08.09 13:00:00;0,000;0,000;0,000;0,000;0,000;15,317;1,000;2,000;

25767;2018.08.09 14:00:00;0,000;0,000;0,000;0,000;0,000;15,317;1,000;2,000;

25768;2018.08.09 15:00:00;0,000;0,000;0,000;0,000;0,000;15,317;1,000;2,000;

25769;2018.08.09 16:00:00;0,000;0,000;0,000;0,000;0,000;15,317;1,000;2,000;

25770;2018.08.09 17:00:00;0,000;0,000;0,000;0,000;0,000;15,317;1,000;2,000;

25771;2018.08.09 18:00:00;0,000;0,000;0,000;0,000;0,000;15,317;1,000;2,000;

25772;2018.08.09 19:00:00;0,000;0,000;0,000;0,000;0,000;15,317;1,000;2,000;

25773;2018.08.09 20:00:00;0,000;0,000;0,000;0,000;0,000;15,317;1,000;2,000;

25774;2018.08.09 21:00:00;0,000;0,000;0,000;0,000;0,000;15,317;1,000;2,000;

25775;2018.08.09 22:00:00;0,000;0,000;0,000;0,000;0,000;15,317;1,000;2,000;

25776;2018.08.09 23:00:00;0,000;0,000;0,000;0,000;0,000;15,317;1,000;2,000;

25777;2018.08.10 00:00:00;0,000;0,000;0,000;0,000;0,000;15,250;2,000;2,000;

25778;2018.08.10 01:00:00;0,000;0,000;0,000;0,000;0,000;15,250;2,000;2,000;

25779;2018.08.10 02:00:00;0,000;0,000;0,000;0,000;0,000;15,250;2,000;2,000;

25780;2018.08.10 03:00:00;0,000;0,000;0,000;0,000;0,000;15,250;2,000;2,000;

25781;2018.08.10 04:00:00;0,000;0,000;0,000;0,000;0,000;15,250;2,000;2,000;

25782;2018.08.10 05:00:00;0,000;0,000;0,000;0,000;0,000;15,250;2,000;2,000;

25783;2018.08.10 06:00:00;0,000;0,000;0,000;0,000;0,000;15,250;2,000;2,000;

25784;2018.08.10 07:00:00;0,000;0,000;0,000;0,000;0,000;15,250;2,000;2,000;

25785;2018.08.10 08:00:00;0,000;0,000;0,000;0,000;0,000;15,250;2,000;2,000;

25786;2018.08.10 09:00:00;0,000;0,000;0,000;0,000;0,000;15,250;2,000;2,000;

25787;2018.08.10 10:00:00;0,000;0,000;0,000;0,000;0,000;15,250;2,000;2,000;

25788;2018.08.10 11:00:00;0,000;0,000;0,000;0,000;0,000;15,250;2,000;2,000;

25789;2018.08.10 12:00:00;0,000;0,000;0,000;0,000;0,000;15,250;2,000;2,000;

25790;2018.08.10 13:00:00;0,000;0,000;0,000;0,000;0,000;15,250;2,000;2,000;

25791;2018.08.10 14:00:00;0,000;0,000;0,000;0,000;0,000;15,250;2,000;2,000;

25792;2018.08.10 15:00:00;0,000;0,000;0,000;0,000;0,000;15,250;2,000;2,000;

25793;2018.08.10 16:00:00;0,000;0,000;0,000;0,000;0,000;15,250;2,000;2,000;

25794;2018.08.10 17:00:00;0,000;0,000;0,000;0,000;0,000;15,250;2,000;2,000;

25795;2018.08.10 18:00:00;0,000;0,000;0,000;0,000;0,000;15,250;2,000;2,000;

25796;2018.08.10 19:00:00;0,000;0,000;0,000;0,000;0,000;15,250;2,000;2,000;

25797;2018.08.10 20:00:00;0,000;0,000;0,000;0,000;0,000;15,250;2,000;2,000;

25798;2018.08.10 21:00:00;0,000;0,000;0,000;0,000;0,000;15,250;2,000;2,000;

25799;2018.08.10 22:00:00;0,000;0,000;0,000;0,000;0,000;15,250;2,000;2,000;

25800;2018.08.10 23:00:00;0,000;0,000;0,000;0,000;0,000;15,250;2,000;2,000;

25801;2018.08.11 00:00:00;0,000;0,000;0,000;0,000;0,000;15,183;3,000;2,000;

25802;2018.08.11 01:00:00;0,000;0,000;0,000;0,000;0,000;15,183;3,000;2,000;

25803;2018.08.11 02:00:00;0,000;0,000;0,000;0,000;0,000;15,183;3,000;2,000;

25804;2018.08.11 03:00:00;0,000;0,000;0,000;0,000;0,000;15,183;3,000;2,000;

25805;2018.08.11 04:00:00;0,000;0,000;0,000;0,000;0,000;15,183;3,000;2,000;

25806;2018.08.11 05:00:00;0,000;0,000;0,000;0,000;0,000;15,183;3,000;2,000;

25807;2018.08.11 06:00:00;0,000;0,000;0,000;0,000;0,000;15,183;3,000;2,000;

25808;2018.08.11 07:00:00;0,000;0,000;0,000;0,000;0,000;15,183;3,000;2,000;

25809;2018.08.11 08:00:00;0,000;0,000;0,000;0,000;0,000;15,183;3,000;2,000;

25810;2018.08.11 09:00:00;0,000;0,000;0,000;0,000;0,000;15,183;3,000;2,000;

25811;2018.08.11 10:00:00;0,000;0,000;0,000;0,000;0,000;15,183;3,000;2,000;

25812;2018.08.11 11:00:00;0,000;0,000;0,000;0,000;0,000;15,183;3,000;2,000;

25813;2018.08.11 12:00:00;0,000;0,000;0,000;0,000;0,000;15,183;3,000;2,000;

25814;2018.08.11 13:00:00;0,000;0,000;0,000;0,000;0,000;15,183;3,000;2,000;

25815;2018.08.11 14:00:00;0,000;0,000;0,000;0,000;0,000;15,183;3,000;2,000;

25816;2018.08.11 15:00:00;0,000;0,000;0,000;0,000;0,000;15,183;3,000;2,000;

25817;2018.08.11 16:00:00;0,000;0,000;0,000;0,000;0,000;15,183;3,000;2,000;

25818;2018.08.11 17:00:00;0,000;0,000;0,000;0,000;0,000;15,183;3,000;2,000;

25819;2018.08.11 18:00:00;0,000;0,000;0,000;0,000;0,000;15,183;3,000;2,000;

25820;2018.08.11 19:00:00;0,000;0,000;0,000;0,000;0,000;15,183;3,000;2,000;

25821;2018.08.11 20:00:00;0,000;0,000;0,000;0,000;0,000;15,183;3,000;2,000;

25822;2018.08.11 21:00:00;0,000;0,000;0,000;0,000;0,000;15,183;3,000;2,000;

25823;2018.08.11 22:00:00;0,000;0,000;0,000;0,000;0,000;15,183;3,000;2,000;

25824;2018.08.11 23:00:00;0,000;0,000;0,000;0,000;0,000;15,183;3,000;2,000;

25825;2018.08.12 00:00:00;0,000;0,000;0,000;0,000;0,000;15,117;4,000;2,000;

25826;2018.08.12 01:00:00;0,000;0,000;0,000;0,000;0,000;15,117;4,000;2,000;

25827;2018.08.12 02:00:00;0,000;0,000;0,000;0,000;0,000;15,117;4,000;2,000;

25828;2018.08.12 03:00:00;0,000;0,000;0,000;0,000;0,000;15,117;4,000;2,000;

25829;2018.08.12 04:00:00;0,000;0,000;0,000;0,000;0,000;15,117;4,000;2,000;

25830;2018.08.12 05:00:00;0,000;0,000;0,000;0,000;0,000;15,117;4,000;2,000;

25831;2018.08.12 06:00:00;0,000;0,000;0,000;0,000;0,000;15,117;4,000;2,000;

25832;2018.08.12 07:00:00;0,000;0,000;0,000;0,000;0,000;15,117;4,000;2,000;

25833;2018.08.12 08:00:00;0,000;0,000;0,000;0,000;0,000;15,117;4,000;2,000;

25834;2018.08.12 09:00:00;0,000;0,000;0,000;0,000;0,000;15,117;4,000;2,000;

25835;2018.08.12 10:00:00;0,000;0,000;0,000;0,000;0,000;15,117;4,000;2,000;

25836;2018.08.12 11:00:00;0,000;0,000;0,000;0,000;0,000;15,117;4,000;2,000;

25837;2018.08.12 12:00:00;0,000;0,000;0,000;0,000;0,000;15,117;4,000;2,000;

25838;2018.08.12 13:00:00;0,000;0,000;0,000;0,000;0,000;15,117;4,000;2,000;

25839;2018.08.12 14:00:00;0,000;0,000;0,000;0,000;0,000;15,117;4,000;2,000;

25840;2018.08.12 15:00:00;0,000;0,000;0,000;0,000;0,000;15,117;4,000;2,000;

25841;2018.08.12 16:00:00;0,000;0,000;0,000;0,000;0,000;15,117;4,000;2,000;

25842;2018.08.12 17:00:00;0,000;0,000;0,000;0,000;0,000;15,117;4,000;2,000;

25843;2018.08.12 18:00:00;0,000;0,000;0,000;0,000;0,000;15,117;4,000;2,000;

25844;2018.08.12 19:00:00;0,000;0,000;0,000;0,000;0,000;15,117;4,000;2,000;

25845;2018.08.12 20:00:00;0,000;0,000;0,000;0,000;0,000;15,117;4,000;2,000;

25846;2018.08.12 21:00:00;0,000;0,000;0,000;0,000;0,000;15,117;4,000;2,000;

25847;2018.08.12 22:00:00;0,000;0,000;0,000;0,000;0,000;15,117;4,000;2,000;

25848;2018.08.12 23:00:00;0,000;0,000;0,000;0,000;0,000;15,117;4,000;2,000;

25849;2018.08.13 00:00:00;0,000;0,000;0,000;0,000;0,000;15,050;1,000;2,000;

25850;2018.08.13 01:00:00;0,000;0,000;0,000;0,000;0,000;15,050;1,000;2,000;

25851;2018.08.13 02:00:00;0,000;0,000;0,000;0,000;0,000;15,050;1,000;2,000;

25852;2018.08.13 03:00:00;0,000;0,000;0,000;0,000;0,000;15,050;1,000;2,000;

25853;2018.08.13 04:00:00;0,000;0,000;0,000;0,000;0,000;15,050;1,000;2,000;

25854;2018.08.13 05:00:00;0,000;0,000;0,000;0,000;0,000;15,050;1,000;2,000;

25855;2018.08.13 06:00:00;0,000;0,000;0,000;0,000;0,000;15,050;1,000;2,000;

25856;2018.08.13 07:00:00;0,000;0,000;0,000;0,000;0,000;15,050;1,000;2,000;

25857;2018.08.13 08:00:00;0,000;0,000;0,000;0,000;0,000;15,050;1,000;2,000;

25858;2018.08.13 09:00:00;0,000;0,000;0,000;0,000;0,000;15,050;1,000;2,000;

25859;2018.08.13 10:00:00;0,000;0,000;0,000;0,000;0,000;15,050;1,000;2,000;

25860;2018.08.13 11:00:00;0,000;0,000;0,000;0,000;0,000;15,050;1,000;2,000;

25861;2018.08.13 12:00:00;0,000;0,000;0,000;0,000;0,000;15,050;1,000;2,000;

25862;2018.08.13 13:00:00;0,000;0,000;0,000;0,000;0,000;15,050;1,000;2,000;

25863;2018.08.13 14:00:00;0,000;0,000;0,000;0,000;0,000;15,050;1,000;2,000;

25864;2018.08.13 15:00:00;0,000;0,000;0,000;0,000;0,000;15,050;1,000;2,000;

25865;2018.08.13 16:00:00;0,000;0,000;0,000;0,000;0,000;15,050;1,000;2,000;

25866;2018.08.13 17:00:00;0,000;0,000;0,000;0,000;0,000;15,050;1,000;2,000;

25867;2018.08.13 18:00:00;0,000;0,000;0,000;0,000;0,000;15,050;1,000;2,000;

25868;2018.08.13 19:00:00;0,000;0,000;0,000;0,000;0,000;15,050;1,000;2,000;

25869;2018.08.13 20:00:00;0,000;0,000;0,000;0,000;0,000;15,050;1,000;2,000;

25870;2018.08.13 21:00:00;0,000;0,000;0,000;0,000;0,000;15,050;1,000;2,000;

25871;2018.08.13 22:00:00;0,000;0,000;0,000;0,000;0,000;15,050;1,000;2,000;

25872;2018.08.13 23:00:00;0,000;0,000;0,000;0,000;0,000;15,050;1,000;2,000;

25873;2018.08.14 00:00:00;0,000;0,000;0,000;0,000;0,000;14,983;1,000;2,000;

25874;2018.08.14 01:00:00;0,000;0,000;0,000;0,000;0,000;14,983;1,000;2,000;

25875;2018.08.14 02:00:00;0,000;0,000;0,000;0,000;0,000;14,983;1,000;2,000;

25876;2018.08.14 03:00:00;0,000;0,000;0,000;0,000;0,000;14,983;1,000;2,000;

25877;2018.08.14 04:00:00;0,000;0,000;0,000;0,000;0,000;14,983;1,000;2,000;

25878;2018.08.14 05:00:00;0,000;0,000;0,000;0,000;0,000;14,983;1,000;2,000;

25879;2018.08.14 06:00:00;0,000;0,000;0,000;0,000;0,000;14,983;1,000;2,000;

25880;2018.08.14 07:00:00;0,000;0,000;0,000;0,000;0,000;14,983;1,000;2,000;

25881;2018.08.14 08:00:00;0,000;0,000;0,000;0,000;0,000;14,983;1,000;2,000;

25882;2018.08.14 09:00:00;0,000;0,000;0,000;0,000;0,000;14,983;1,000;2,000;

25883;2018.08.14 10:00:00;0,000;0,000;0,000;0,000;0,000;14,983;1,000;2,000;

25884;2018.08.14 11:00:00;0,000;0,000;0,000;0,000;0,000;14,983;1,000;2,000;

25885;2018.08.14 12:00:00;0,000;0,000;0,000;0,000;0,000;14,983;1,000;2,000;

25886;2018.08.14 13:00:00;0,000;0,000;0,000;0,000;0,000;14,983;1,000;2,000;

25887;2018.08.14 14:00:00;0,000;0,000;0,000;0,000;0,000;14,983;1,000;2,000;

25888;2018.08.14 15:00:00;0,000;0,000;0,000;0,000;0,000;14,983;1,000;2,000;

25889;2018.08.14 16:00:00;0,000;0,000;0,000;0,000;0,000;14,983;1,000;2,000;

25890;2018.08.14 17:00:00;0,000;0,000;0,000;0,000;0,000;14,983;1,000;2,000;

25891;2018.08.14 18:00:00;0,000;0,000;0,000;0,000;0,000;14,983;1,000;2,000;

25892;2018.08.14 19:00:00;0,000;0,000;0,000;0,000;0,000;14,983;1,000;2,000;

25893;2018.08.14 20:00:00;0,000;0,000;0,000;0,000;0,000;14,983;1,000;2,000;

25894;2018.08.14 21:00:00;0,000;0,000;0,000;0,000;0,000;14,983;1,000;2,000;

25895;2018.08.14 22:00:00;0,000;0,000;0,000;0,000;0,000;14,983;1,000;2,000;

25896;2018.08.14 23:00:00;0,000;0,000;0,000;0,000;0,000;14,983;1,000;2,000;

25897;2018.08.15 00:00:00;0,000;0,000;0,000;0,000;0,000;14,917;5,000;2,000;

25898;2018.08.15 01:00:00;0,000;0,000;0,000;0,000;0,000;14,917;5,000;2,000;

25899;2018.08.15 02:00:00;0,000;0,000;0,000;0,000;0,000;14,917;5,000;2,000;

25900;2018.08.15 03:00:00;0,000;0,000;0,000;0,000;0,000;14,917;5,000;2,000;

25901;2018.08.15 04:00:00;0,000;0,000;0,000;0,000;0,000;14,917;5,000;2,000;

25902;2018.08.15 05:00:00;0,000;0,000;0,000;0,000;0,000;14,917;5,000;2,000;

25903;2018.08.15 06:00:00;0,000;0,000;0,000;0,000;0,000;14,917;5,000;2,000;

25904;2018.08.15 07:00:00;0,000;0,000;0,000;0,000;0,000;14,917;5,000;2,000;

25905;2018.08.15 08:00:00;0,000;0,000;0,000;0,000;0,000;14,917;5,000;2,000;

25906;2018.08.15 09:00:00;0,000;0,000;0,000;0,000;0,000;14,917;5,000;2,000;

25907;2018.08.15 10:00:00;0,000;0,000;0,000;0,000;0,000;14,917;5,000;2,000;

25908;2018.08.15 11:00:00;0,000;0,000;0,000;0,000;0,000;14,917;5,000;2,000;

25909;2018.08.15 12:00:00;0,000;0,000;0,000;0,000;0,000;14,917;5,000;2,000;

25910;2018.08.15 13:00:00;0,000;0,000;0,000;0,000;0,000;14,917;5,000;2,000;

25911;2018.08.15 14:00:00;0,000;0,000;0,000;0,000;0,000;14,917;5,000;2,000;

25912;2018.08.15 15:00:00;0,000;0,000;0,000;0,000;0,000;14,917;5,000;2,000;

25913;2018.08.15 16:00:00;0,000;0,000;0,000;0,000;0,000;14,917;5,000;2,000;

25914;2018.08.15 17:00:00;0,000;0,000;0,000;0,000;0,000;14,917;5,000;2,000;

25915;2018.08.15 18:00:00;0,000;0,000;0,000;0,000;0,000;14,917;5,000;2,000;

25916;2018.08.15 19:00:00;0,000;0,000;0,000;0,000;0,000;14,917;5,000;2,000;

25917;2018.08.15 20:00:00;0,000;0,000;0,000;0,000;0,000;14,917;5,000;2,000;

25918;2018.08.15 21:00:00;0,000;0,000;0,000;0,000;0,000;14,917;5,000;2,000;

25919;2018.08.15 22:00:00;0,000;0,000;0,000;0,000;0,000;14,917;5,000;2,000;

25920;2018.08.15 23:00:00;0,000;0,000;0,000;0,000;0,000;14,917;5,000;2,000;

25921;2018.08.16 00:00:00;0,000;0,000;0,000;0,000;0,000;14,867;1,000;2,000;

25922;2018.08.16 01:00:00;0,000;0,000;0,000;0,000;0,000;14,867;1,000;2,000;

25923;2018.08.16 02:00:00;0,000;0,000;0,000;0,000;0,000;14,867;1,000;2,000;

25924;2018.08.16 03:00:00;0,000;0,000;0,000;0,000;0,000;14,867;1,000;2,000;

25925;2018.08.16 04:00:00;0,000;0,000;0,000;0,000;0,000;14,867;1,000;2,000;

25926;2018.08.16 05:00:00;0,000;0,000;0,000;0,000;0,000;14,867;1,000;2,000;

25927;2018.08.16 06:00:00;0,000;0,000;0,000;0,000;0,000;14,867;1,000;2,000;

25928;2018.08.16 07:00:00;0,000;0,000;0,000;0,000;0,000;14,867;1,000;2,000;

25929;2018.08.16 08:00:00;0,000;0,000;0,000;0,000;0,000;14,867;1,000;2,000;

25930;2018.08.16 09:00:00;0,000;0,000;0,000;0,000;0,000;14,867;1,000;2,000;

25931;2018.08.16 10:00:00;0,000;0,000;0,000;0,000;0,000;14,867;1,000;2,000;

25932;2018.08.16 11:00:00;0,000;0,000;0,000;0,000;0,000;14,867;1,000;2,000;

25933;2018.08.16 12:00:00;0,000;0,000;0,000;0,000;0,000;14,867;1,000;2,000;

25934;2018.08.16 13:00:00;0,000;0,000;0,000;0,000;0,000;14,867;1,000;2,000;

25935;2018.08.16 14:00:00;0,000;0,000;0,000;0,000;0,000;14,867;1,000;2,000;

25936;2018.08.16 15:00:00;0,000;0,000;0,000;0,000;0,000;14,867;1,000;2,000;

25937;2018.08.16 16:00:00;0,000;0,000;0,000;0,000;0,000;14,867;1,000;2,000;

25938;2018.08.16 17:00:00;0,000;0,000;0,000;0,000;0,000;14,867;1,000;2,000;

25939;2018.08.16 18:00:00;0,000;0,000;0,000;0,000;0,000;14,867;1,000;2,000;

25940;2018.08.16 19:00:00;0,000;0,000;0,000;0,000;0,000;14,867;1,000;2,000;

25941;2018.08.16 20:00:00;0,000;0,000;0,000;0,000;0,000;14,867;1,000;2,000;

25942;2018.08.16 21:00:00;0,000;0,000;0,000;0,000;0,000;14,867;1,000;2,000;

25943;2018.08.16 22:00:00;0,000;0,000;0,000;0,000;0,000;14,867;1,000;2,000;

25944;2018.08.16 23:00:00;0,000;0,000;0,000;0,000;0,000;14,867;1,000;2,000;

25945;2018.08.17 00:00:00;0,000;0,000;0,000;0,000;0,000;14,800;2,000;2,000;

25946;2018.08.17 01:00:00;0,000;0,000;0,000;0,000;0,000;14,800;2,000;2,000;

25947;2018.08.17 02:00:00;0,000;0,000;0,000;0,000;0,000;14,800;2,000;2,000;

25948;2018.08.17 03:00:00;0,000;0,000;0,000;0,000;0,000;14,800;2,000;2,000;

25949;2018.08.17 04:00:00;0,000;0,000;0,000;0,000;0,000;14,800;2,000;2,000;

25950;2018.08.17 05:00:00;0,000;0,000;0,000;0,000;0,000;14,800;2,000;2,000;

25951;2018.08.17 06:00:00;0,000;0,000;0,000;0,000;0,000;14,800;2,000;2,000;

25952;2018.08.17 07:00:00;0,000;0,000;0,000;0,000;0,000;14,800;2,000;2,000;

25953;2018.08.17 08:00:00;0,000;0,000;0,000;0,000;0,000;14,800;2,000;2,000;

25954;2018.08.17 09:00:00;0,000;0,000;0,000;0,000;0,000;14,800;2,000;2,000;

25955;2018.08.17 10:00:00;0,000;0,000;0,000;0,000;0,000;14,800;2,000;2,000;

25956;2018.08.17 11:00:00;0,000;0,000;0,000;0,000;0,000;14,800;2,000;2,000;

25957;2018.08.17 12:00:00;0,000;0,000;0,000;0,000;0,000;14,800;2,000;2,000;

25958;2018.08.17 13:00:00;0,000;0,000;0,000;0,000;0,000;14,800;2,000;2,000;

25959;2018.08.17 14:00:00;0,000;0,000;0,000;0,000;0,000;14,800;2,000;2,000;

25960;2018.08.17 15:00:00;0,000;0,000;0,000;0,000;0,000;14,800;2,000;2,000;

25961;2018.08.17 16:00:00;0,000;0,000;0,000;0,000;0,000;14,800;2,000;2,000;

25962;2018.08.17 17:00:00;0,000;0,000;0,000;0,000;0,000;14,800;2,000;2,000;

25963;2018.08.17 18:00:00;0,000;0,000;0,000;0,000;0,000;14,800;2,000;2,000;

25964;2018.08.17 19:00:00;0,000;0,000;0,000;0,000;0,000;14,800;2,000;2,000;

25965;2018.08.17 20:00:00;0,000;0,000;0,000;0,000;0,000;14,800;2,000;2,000;

25966;2018.08.17 21:00:00;0,000;0,000;0,000;0,000;0,000;14,800;2,000;2,000;

25967;2018.08.17 22:00:00;0,000;0,000;0,000;0,000;0,000;14,800;2,000;2,000;

25968;2018.08.17 23:00:00;0,000;0,000;0,000;0,000;0,000;14,800;2,000;2,000;

25969;2018.08.18 00:00:00;0,000;0,000;0,000;0,000;0,000;14,717;3,000;2,000;

25970;2018.08.18 01:00:00;0,000;0,000;0,000;0,000;0,000;14,717;3,000;2,000;

25971;2018.08.18 02:00:00;0,000;0,000;0,000;0,000;0,000;14,717;3,000;2,000;

25972;2018.08.18 03:00:00;0,000;0,000;0,000;0,000;0,000;14,717;3,000;2,000;

25973;2018.08.18 04:00:00;0,000;0,000;0,000;0,000;0,000;14,717;3,000;2,000;

25974;2018.08.18 05:00:00;0,000;0,000;0,000;0,000;0,000;14,717;3,000;2,000;

25975;2018.08.18 06:00:00;0,000;0,000;0,000;0,000;0,000;14,717;3,000;2,000;

25976;2018.08.18 07:00:00;0,000;0,000;0,000;0,000;0,000;14,717;3,000;2,000;

25977;2018.08.18 08:00:00;0,000;0,000;0,000;0,000;0,000;14,717;3,000;2,000;

25978;2018.08.18 09:00:00;0,000;0,000;0,000;0,000;0,000;14,717;3,000;2,000;

25979;2018.08.18 10:00:00;0,000;0,000;0,000;0,000;0,000;14,717;3,000;2,000;

25980;2018.08.18 11:00:00;0,000;0,000;0,000;0,000;0,000;14,717;3,000;2,000;

25981;2018.08.18 12:00:00;0,000;0,000;0,000;0,000;0,000;14,717;3,000;2,000;

25982;2018.08.18 13:00:00;0,000;0,000;0,000;0,000;0,000;14,717;3,000;2,000;

25983;2018.08.18 14:00:00;0,000;0,000;0,000;0,000;0,000;14,717;3,000;2,000;

25984;2018.08.18 15:00:00;0,000;0,000;0,000;0,000;0,000;14,717;3,000;2,000;

25985;2018.08.18 16:00:00;0,000;0,000;0,000;0,000;0,000;14,717;3,000;2,000;

25986;2018.08.18 17:00:00;0,000;0,000;0,000;0,000;0,000;14,717;3,000;2,000;

25987;2018.08.18 18:00:00;0,000;0,000;0,000;0,000;0,000;14,717;3,000;2,000;

25988;2018.08.18 19:00:00;0,000;0,000;0,000;0,000;0,000;14,717;3,000;2,000;

25989;2018.08.18 20:00:00;0,000;0,000;0,000;0,000;0,000;14,717;3,000;2,000;

25990;2018.08.18 21:00:00;0,000;0,000;0,000;0,000;0,000;14,717;3,000;2,000;

25991;2018.08.18 22:00:00;0,000;0,000;0,000;0,000;0,000;14,717;3,000;2,000;

25992;2018.08.18 23:00:00;0,000;0,000;0,000;0,000;0,000;14,717;3,000;2,000;

25993;2018.08.19 00:00:00;0,000;0,000;0,000;0,000;0,000;14,650;4,000;2,000;

25994;2018.08.19 01:00:00;0,000;0,000;0,000;0,000;0,000;14,650;4,000;2,000;

25995;2018.08.19 02:00:00;0,000;0,000;0,000;0,000;0,000;14,650;4,000;2,000;

25996;2018.08.19 03:00:00;0,000;0,000;0,000;0,000;0,000;14,650;4,000;2,000;

25997;2018.08.19 04:00:00;0,000;0,000;0,000;0,000;0,000;14,650;4,000;2,000;

25998;2018.08.19 05:00:00;0,000;0,000;0,000;0,000;0,000;14,650;4,000;2,000;

25999;2018.08.19 06:00:00;0,000;0,000;0,000;0,000;0,000;14,650;4,000;2,000;

26000;2018.08.19 07:00:00;0,000;0,000;0,000;0,000;0,000;14,650;4,000;2,000;

26001;2018.08.19 08:00:00;0,000;0,000;0,000;0,000;0,000;14,650;4,000;2,000;

26002;2018.08.19 09:00:00;0,000;0,000;0,000;0,000;0,000;14,650;4,000;2,000;

26003;2018.08.19 10:00:00;0,000;0,000;0,000;0,000;0,000;14,650;4,000;2,000;

26004;2018.08.19 11:00:00;0,000;0,000;0,000;0,000;0,000;14,650;4,000;2,000;

26005;2018.08.19 12:00:00;0,000;0,000;0,000;0,000;0,000;14,650;4,000;2,000;

26006;2018.08.19 13:00:00;0,000;0,000;0,000;0,000;0,000;14,650;4,000;2,000;

26007;2018.08.19 14:00:00;0,000;0,000;0,000;0,000;0,000;14,650;4,000;2,000;

26008;2018.08.19 15:00:00;0,000;0,000;0,000;0,000;0,000;14,650;4,000;2,000;

26009;2018.08.19 16:00:00;0,000;0,000;0,000;0,000;0,000;14,650;4,000;2,000;

26010;2018.08.19 17:00:00;0,000;0,000;0,000;0,000;0,000;14,650;4,000;2,000;

26011;2018.08.19 18:00:00;0,000;0,000;0,000;0,000;0,000;14,650;4,000;2,000;

26012;2018.08.19 19:00:00;0,000;0,000;0,000;0,000;0,000;14,650;4,000;2,000;

26013;2018.08.19 20:00:00;0,000;0,000;0,000;0,000;0,000;14,650;4,000;2,000;

26014;2018.08.19 21:00:00;0,000;0,000;0,000;0,000;0,000;14,650;4,000;2,000;

26015;2018.08.19 22:00:00;0,000;0,000;0,000;0,000;0,000;14,650;4,000;2,000;

26016;2018.08.19 23:00:00;0,000;0,000;0,000;0,000;0,000;14,650;4,000;2,000;

26017;2018.08.20 00:00:00;0,000;0,000;0,000;0,000;0,000;14,583;1,000;2,000;

26018;2018.08.20 01:00:00;0,000;0,000;0,000;0,000;0,000;14,583;1,000;2,000;

26019;2018.08.20 02:00:00;0,000;0,000;0,000;0,000;0,000;14,583;1,000;2,000;

26020;2018.08.20 03:00:00;0,000;0,000;0,000;0,000;0,000;14,583;1,000;2,000;

26021;2018.08.20 04:00:00;0,000;0,000;0,000;0,000;0,000;14,583;1,000;2,000;

26022;2018.08.20 05:00:00;0,000;0,000;0,000;0,000;0,000;14,583;1,000;2,000;

26023;2018.08.20 06:00:00;0,000;0,000;0,000;0,000;0,000;14,583;1,000;2,000;

26024;2018.08.20 07:00:00;0,000;0,000;0,000;0,000;0,000;14,583;1,000;2,000;

26025;2018.08.20 08:00:00;0,000;0,000;0,000;0,000;0,000;14,583;1,000;2,000;

26026;2018.08.20 09:00:00;0,000;0,000;0,000;0,000;0,000;14,583;1,000;2,000;

26027;2018.08.20 10:00:00;0,000;0,000;0,000;0,000;0,000;14,583;1,000;2,000;

26028;2018.08.20 11:00:00;0,000;0,000;0,000;0,000;0,000;14,583;1,000;2,000;

26029;2018.08.20 12:00:00;0,000;0,000;0,000;0,000;0,000;14,583;1,000;2,000;

26030;2018.08.20 13:00:00;0,000;0,000;0,000;0,000;0,000;14,583;1,000;2,000;

26031;2018.08.20 14:00:00;0,000;0,000;0,000;0,000;0,000;14,583;1,000;2,000;

26032;2018.08.20 15:00:00;0,000;0,000;0,000;0,000;0,000;14,583;1,000;2,000;

26033;2018.08.20 16:00:00;0,000;0,000;0,000;0,000;0,000;14,583;1,000;2,000;

26034;2018.08.20 17:00:00;0,000;0,000;0,000;0,000;0,000;14,583;1,000;2,000;

26035;2018.08.20 18:00:00;0,000;0,000;0,000;0,000;0,000;14,583;1,000;2,000;

26036;2018.08.20 19:00:00;0,000;0,000;0,000;0,000;0,000;14,583;1,000;2,000;

26037;2018.08.20 20:00:00;0,000;0,000;0,000;0,000;0,000;14,583;1,000;2,000;

26038;2018.08.20 21:00:00;0,000;0,000;0,000;0,000;0,000;14,583;1,000;2,000;

26039;2018.08.20 22:00:00;0,000;0,000;0,000;0,000;0,000;14,583;1,000;2,000;

26040;2018.08.20 23:00:00;0,000;0,000;0,000;0,000;0,000;14,583;1,000;2,000;

26041;2018.08.21 00:00:00;0,000;0,000;0,000;0,000;0,000;14,517;1,000;2,000;

26042;2018.08.21 01:00:00;0,000;0,000;0,000;0,000;0,000;14,517;1,000;2,000;

26043;2018.08.21 02:00:00;0,000;0,000;0,000;0,000;0,000;14,517;1,000;2,000;

26044;2018.08.21 03:00:00;0,000;0,000;0,000;0,000;0,000;14,517;1,000;2,000;

26045;2018.08.21 04:00:00;0,000;0,000;0,000;0,000;0,000;14,517;1,000;2,000;

26046;2018.08.21 05:00:00;0,000;0,000;0,000;0,000;0,000;14,517;1,000;2,000;

26047;2018.08.21 06:00:00;0,000;0,000;0,000;0,000;0,000;14,517;1,000;2,000;

26048;2018.08.21 07:00:00;0,000;0,000;0,000;0,000;0,000;14,517;1,000;2,000;

26049;2018.08.21 08:00:00;0,000;0,000;0,000;0,000;0,000;14,517;1,000;2,000;

26050;2018.08.21 09:00:00;0,000;0,000;0,000;0,000;0,000;14,517;1,000;2,000;

26051;2018.08.21 10:00:00;0,000;0,000;0,000;0,000;0,000;14,517;1,000;2,000;

26052;2018.08.21 11:00:00;0,000;0,000;0,000;0,000;0,000;14,517;1,000;2,000;

26053;2018.08.21 12:00:00;0,000;0,000;0,000;0,000;0,000;14,517;1,000;2,000;

26054;2018.08.21 13:00:00;0,000;0,000;0,000;0,000;0,000;14,517;1,000;2,000;

26055;2018.08.21 14:00:00;0,000;0,000;0,000;0,000;0,000;14,517;1,000;2,000;

26056;2018.08.21 15:00:00;0,000;0,000;0,000;0,000;0,000;14,517;1,000;2,000;

26057;2018.08.21 16:00:00;0,000;0,000;0,000;0,000;0,000;14,517;1,000;2,000;

26058;2018.08.21 17:00:00;0,000;0,000;0,000;0,000;0,000;14,517;1,000;2,000;

26059;2018.08.21 18:00:00;0,000;0,000;0,000;0,000;0,000;14,517;1,000;2,000;

26060;2018.08.21 19:00:00;0,000;0,000;0,000;0,000;0,000;14,517;1,000;2,000;

26061;2018.08.21 20:00:00;0,000;0,000;0,000;0,000;0,000;14,517;1,000;2,000;

26062;2018.08.21 21:00:00;0,000;0,000;0,000;0,000;0,000;14,517;1,000;2,000;

26063;2018.08.21 22:00:00;0,000;0,000;0,000;0,000;0,000;14,517;1,000;2,000;

26064;2018.08.21 23:00:00;0,000;0,000;0,000;0,000;0,000;14,517;1,000;2,000;

26065;2018.08.22 00:00:00;0,000;0,000;0,000;0,000;0,000;14,450;1,000;2,000;

26066;2018.08.22 01:00:00;0,000;0,000;0,000;0,000;0,000;14,450;1,000;2,000;

26067;2018.08.22 02:00:00;0,000;0,000;0,000;0,000;0,000;14,450;1,000;2,000;

26068;2018.08.22 03:00:00;0,000;0,000;0,000;0,000;0,000;14,450;1,000;2,000;

26069;2018.08.22 04:00:00;0,000;0,000;0,000;0,000;0,000;14,450;1,000;2,000;

26070;2018.08.22 05:00:00;0,000;0,000;0,000;0,000;0,000;14,450;1,000;2,000;

26071;2018.08.22 06:00:00;0,000;0,000;0,000;0,000;0,000;14,450;1,000;2,000;

26072;2018.08.22 07:00:00;0,000;0,000;0,000;0,000;0,000;14,450;1,000;2,000;

26073;2018.08.22 08:00:00;0,000;0,000;0,000;0,000;0,000;14,450;1,000;2,000;

26074;2018.08.22 09:00:00;0,000;0,000;0,000;0,000;0,000;14,450;1,000;2,000;

26075;2018.08.22 10:00:00;0,000;0,000;0,000;0,000;0,000;14,450;1,000;2,000;

26076;2018.08.22 11:00:00;0,000;0,000;0,000;0,000;0,000;14,450;1,000;2,000;

26077;2018.08.22 12:00:00;0,000;0,000;0,000;0,000;0,000;14,450;1,000;2,000;

26078;2018.08.22 13:00:00;0,000;0,000;0,000;0,000;0,000;14,450;1,000;2,000;

26079;2018.08.22 14:00:00;0,000;0,000;0,000;0,000;0,000;14,450;1,000;2,000;

26080;2018.08.22 15:00:00;0,000;0,000;0,000;0,000;0,000;14,450;1,000;2,000;

26081;2018.08.22 16:00:00;0,000;0,000;0,000;0,000;0,000;14,450;1,000;2,000;

26082;2018.08.22 17:00:00;0,000;0,000;0,000;0,000;0,000;14,450;1,000;2,000;

26083;2018.08.22 18:00:00;0,000;0,000;0,000;0,000;0,000;14,450;1,000;2,000;

26084;2018.08.22 19:00:00;0,000;0,000;0,000;0,000;0,000;14,450;1,000;2,000;

26085;2018.08.22 20:00:00;0,000;0,000;0,000;0,000;0,000;14,450;1,000;2,000;

26086;2018.08.22 21:00:00;0,000;0,000;0,000;0,000;0,000;14,450;1,000;2,000;

26087;2018.08.22 22:00:00;0,000;0,000;0,000;0,000;0,000;14,450;1,000;2,000;

26088;2018.08.22 23:00:00;0,000;0,000;0,000;0,000;0,000;14,450;1,000;2,000;

26089;2018.08.23 00:00:00;0,000;0,000;0,000;0,000;0,000;14,383;1,000;2,000;

26090;2018.08.23 01:00:00;0,000;0,000;0,000;0,000;0,000;14,383;1,000;2,000;

26091;2018.08.23 02:00:00;0,000;0,000;0,000;0,000;0,000;14,383;1,000;2,000;

26092;2018.08.23 03:00:00;0,000;0,000;0,000;0,000;0,000;14,383;1,000;2,000;

26093;2018.08.23 04:00:00;0,000;0,000;0,000;0,000;0,000;14,383;1,000;2,000;

26094;2018.08.23 05:00:00;0,000;0,000;0,000;0,000;0,000;14,383;1,000;2,000;

26095;2018.08.23 06:00:00;0,000;0,000;0,000;0,000;0,000;14,383;1,000;2,000;

26096;2018.08.23 07:00:00;0,000;0,000;0,000;0,000;0,000;14,383;1,000;2,000;

26097;2018.08.23 08:00:00;0,000;0,000;0,000;0,000;0,000;14,383;1,000;2,000;

26098;2018.08.23 09:00:00;0,000;0,000;0,000;0,000;0,000;14,383;1,000;2,000;

26099;2018.08.23 10:00:00;0,000;0,000;0,000;0,000;0,000;14,383;1,000;2,000;

26100;2018.08.23 11:00:00;0,000;0,000;0,000;0,000;0,000;14,383;1,000;2,000;

26101;2018.08.23 12:00:00;0,000;0,000;0,000;0,000;0,000;14,383;1,000;2,000;

26102;2018.08.23 13:00:00;0,000;0,000;0,000;0,000;0,000;14,383;1,000;2,000;

26103;2018.08.23 14:00:00;0,000;0,000;0,000;0,000;0,000;14,383;1,000;2,000;

26104;2018.08.23 15:00:00;0,000;0,000;0,000;0,000;0,000;14,383;1,000;2,000;

26105;2018.08.23 16:00:00;0,000;0,000;0,000;0,000;0,000;14,383;1,000;2,000;

26106;2018.08.23 17:00:00;0,000;0,000;0,000;0,000;0,000;14,383;1,000;2,000;

26107;2018.08.23 18:00:00;0,000;0,000;0,000;0,000;0,000;14,383;1,000;2,000;

26108;2018.08.23 19:00:00;0,000;0,000;0,000;0,000;0,000;14,383;1,000;2,000;

26109;2018.08.23 20:00:00;0,000;0,000;0,000;0,000;0,000;14,383;1,000;2,000;

26110;2018.08.23 21:00:00;0,000;0,000;0,000;0,000;0,000;14,383;1,000;2,000;

26111;2018.08.23 22:00:00;0,000;0,000;0,000;0,000;0,000;14,383;1,000;2,000;

26112;2018.08.23 23:00:00;0,000;0,000;0,000;0,000;0,000;14,383;1,000;2,000;

26113;2018.08.24 00:00:00;0,000;0,000;0,000;0,000;0,000;14,317;2,000;2,000;

26114;2018.08.24 01:00:00;0,000;0,000;0,000;0,000;0,000;14,317;2,000;2,000;

26115;2018.08.24 02:00:00;0,000;0,000;0,000;0,000;0,000;14,317;2,000;2,000;

26116;2018.08.24 03:00:00;0,000;0,000;0,000;0,000;0,000;14,317;2,000;2,000;

26117;2018.08.24 04:00:00;0,000;0,000;0,000;0,000;0,000;14,317;2,000;2,000;

26118;2018.08.24 05:00:00;0,000;0,000;0,000;0,000;0,000;14,317;2,000;2,000;

26119;2018.08.24 06:00:00;0,000;0,000;0,000;0,000;0,000;14,317;2,000;2,000;

26120;2018.08.24 07:00:00;0,000;0,000;0,000;0,000;0,000;14,317;2,000;2,000;

26121;2018.08.24 08:00:00;0,000;0,000;0,000;0,000;0,000;14,317;2,000;2,000;

26122;2018.08.24 09:00:00;0,000;0,000;0,000;0,000;0,000;14,317;2,000;2,000;

26123;2018.08.24 10:00:00;0,000;0,000;0,000;0,000;0,000;14,317;2,000;2,000;

26124;2018.08.24 11:00:00;0,000;0,000;0,000;0,000;0,000;14,317;2,000;2,000;

26125;2018.08.24 12:00:00;0,000;0,000;0,000;0,000;0,000;14,317;2,000;2,000;

26126;2018.08.24 13:00:00;0,000;0,000;0,000;0,000;0,000;14,317;2,000;2,000;

26127;2018.08.24 14:00:00;0,000;0,000;0,000;0,000;0,000;14,317;2,000;2,000;

26128;2018.08.24 15:00:00;0,000;0,000;0,000;0,000;0,000;14,317;2,000;2,000;

26129;2018.08.24 16:00:00;0,000;0,000;0,000;0,000;0,000;14,317;2,000;2,000;

26130;2018.08.24 17:00:00;0,000;0,000;0,000;0,000;0,000;14,317;2,000;2,000;

26131;2018.08.24 18:00:00;0,000;0,000;0,000;0,000;0,000;14,317;2,000;2,000;

26132;2018.08.24 19:00:00;0,000;0,000;0,000;0,000;0,000;14,317;2,000;2,000;

26133;2018.08.24 20:00:00;0,000;0,000;0,000;0,000;0,000;14,317;2,000;2,000;

26134;2018.08.24 21:00:00;0,000;0,000;0,000;0,000;0,000;14,317;2,000;2,000;

26135;2018.08.24 22:00:00;0,000;0,000;0,000;0,000;0,000;14,317;2,000;2,000;

26136;2018.08.24 23:00:00;0,000;0,000;0,000;0,000;0,000;14,317;2,000;2,000;

26137;2018.08.25 00:00:00;0,000;0,000;0,000;0,000;0,000;14,233;3,000;2,000;

26138;2018.08.25 01:00:00;0,000;0,000;0,000;0,000;0,000;14,233;3,000;2,000;

26139;2018.08.25 02:00:00;0,000;0,000;0,000;0,000;0,000;14,233;3,000;2,000;

26140;2018.08.25 03:00:00;0,000;0,000;0,000;0,000;0,000;14,233;3,000;2,000;

26141;2018.08.25 04:00:00;0,000;0,000;0,000;0,000;0,000;14,233;3,000;2,000;

26142;2018.08.25 05:00:00;0,000;0,000;0,000;0,000;0,000;14,233;3,000;2,000;

26143;2018.08.25 06:00:00;0,000;0,000;0,000;0,000;0,000;14,233;3,000;2,000;

26144;2018.08.25 07:00:00;0,000;0,000;0,000;0,000;0,000;14,233;3,000;2,000;

26145;2018.08.25 08:00:00;0,000;0,000;0,000;0,000;0,000;14,233;3,000;2,000;

26146;2018.08.25 09:00:00;0,000;0,000;0,000;0,000;0,000;14,233;3,000;2,000;

26147;2018.08.25 10:00:00;0,000;0,000;0,000;0,000;0,000;14,233;3,000;2,000;

26148;2018.08.25 11:00:00;0,000;0,000;0,000;0,000;0,000;14,233;3,000;2,000;

26149;2018.08.25 12:00:00;0,000;0,000;0,000;0,000;0,000;14,233;3,000;2,000;

26150;2018.08.25 13:00:00;0,000;0,000;0,000;0,000;0,000;14,233;3,000;2,000;

26151;2018.08.25 14:00:00;0,000;0,000;0,000;0,000;0,000;14,233;3,000;2,000;

26152;2018.08.25 15:00:00;0,000;0,000;0,000;0,000;0,000;14,233;3,000;2,000;

26153;2018.08.25 16:00:00;0,000;0,000;0,000;0,000;0,000;14,233;3,000;2,000;

26154;2018.08.25 17:00:00;0,000;0,000;0,000;0,000;0,000;14,233;3,000;2,000;

26155;2018.08.25 18:00:00;0,000;0,000;0,000;0,000;0,000;14,233;3,000;2,000;

26156;2018.08.25 19:00:00;0,000;0,000;0,000;0,000;0,000;14,233;3,000;2,000;

26157;2018.08.25 20:00:00;0,000;0,000;0,000;0,000;0,000;14,233;3,000;2,000;

26158;2018.08.25 21:00:00;0,000;0,000;0,000;0,000;0,000;14,233;3,000;2,000;

26159;2018.08.25 22:00:00;0,000;0,000;0,000;0,000;0,000;14,233;3,000;2,000;

26160;2018.08.25 23:00:00;0,000;0,000;0,000;0,000;0,000;14,233;3,000;2,000;

26161;2018.08.26 00:00:00;0,000;0,000;0,000;0,000;0,000;14,183;4,000;2,000;

26162;2018.08.26 01:00:00;0,000;0,000;0,000;0,000;0,000;14,183;4,000;2,000;

26163;2018.08.26 02:00:00;0,000;0,000;0,000;0,000;0,000;14,183;4,000;2,000;

26164;2018.08.26 03:00:00;0,000;0,000;0,000;0,000;0,000;14,183;4,000;2,000;

26165;2018.08.26 04:00:00;0,000;0,000;0,000;0,000;0,000;14,183;4,000;2,000;

26166;2018.08.26 05:00:00;0,000;0,000;0,000;0,000;0,000;14,183;4,000;2,000;

26167;2018.08.26 06:00:00;0,000;0,000;0,000;0,000;0,000;14,183;4,000;2,000;

26168;2018.08.26 07:00:00;0,000;0,000;0,000;0,000;0,000;14,183;4,000;2,000;

26169;2018.08.26 08:00:00;0,000;0,000;0,000;0,000;0,000;14,183;4,000;2,000;

26170;2018.08.26 09:00:00;0,000;0,000;0,000;0,000;0,000;14,183;4,000;2,000;

26171;2018.08.26 10:00:00;0,000;0,000;0,000;0,000;0,000;14,183;4,000;2,000;

26172;2018.08.26 11:00:00;0,000;0,000;0,000;0,000;0,000;14,183;4,000;2,000;

26173;2018.08.26 12:00:00;0,000;0,000;0,000;0,000;0,000;14,183;4,000;2,000;

26174;2018.08.26 13:00:00;0,000;0,000;0,000;0,000;0,000;14,183;4,000;2,000;

26175;2018.08.26 14:00:00;0,000;0,000;0,000;0,000;0,000;14,183;4,000;2,000;

26176;2018.08.26 15:00:00;0,000;0,000;0,000;0,000;0,000;14,183;4,000;2,000;

26177;2018.08.26 16:00:00;0,000;0,000;0,000;0,000;0,000;14,183;4,000;2,000;

26178;2018.08.26 17:00:00;0,000;0,000;0,000;0,000;0,000;14,183;4,000;2,000;

26179;2018.08.26 18:00:00;0,000;0,000;0,000;0,000;0,000;14,183;4,000;2,000;

26180;2018.08.26 19:00:00;0,000;0,000;0,000;0,000;0,000;14,183;4,000;2,000;

26181;2018.08.26 20:00:00;0,000;0,000;0,000;0,000;0,000;14,183;4,000;2,000;

26182;2018.08.26 21:00:00;0,000;0,000;0,000;0,000;0,000;14,183;4,000;2,000;

26183;2018.08.26 22:00:00;0,000;0,000;0,000;0,000;0,000;14,183;4,000;2,000;

26184;2018.08.26 23:00:00;0,000;0,000;0,000;0,000;0,000;14,183;4,000;2,000;

26185;2018.08.27 00:00:00;0,000;0,000;0,000;0,000;0,000;14,100;1,000;2,000;

26186;2018.08.27 01:00:00;0,000;0,000;0,000;0,000;0,000;14,100;1,000;2,000;

26187;2018.08.27 02:00:00;0,000;0,000;0,000;0,000;0,000;14,100;1,000;2,000;

26188;2018.08.27 03:00:00;0,000;0,000;0,000;0,000;0,000;14,100;1,000;2,000;

26189;2018.08.27 04:00:00;0,000;0,000;0,000;0,000;0,000;14,100;1,000;2,000;

26190;2018.08.27 05:00:00;0,000;0,000;0,000;0,000;0,000;14,100;1,000;2,000;

26191;2018.08.27 06:00:00;0,000;0,000;0,000;0,000;0,000;14,100;1,000;2,000;

26192;2018.08.27 07:00:00;0,000;0,000;0,000;0,000;0,000;14,100;1,000;2,000;

26193;2018.08.27 08:00:00;0,000;0,000;0,000;0,000;0,000;14,100;1,000;2,000;

26194;2018.08.27 09:00:00;0,000;0,000;0,000;0,000;0,000;14,100;1,000;2,000;

26195;2018.08.27 10:00:00;0,000;0,000;0,000;0,000;0,000;14,100;1,000;2,000;

26196;2018.08.27 11:00:00;0,000;0,000;0,000;0,000;0,000;14,100;1,000;2,000;

26197;2018.08.27 12:00:00;0,000;0,000;0,000;0,000;0,000;14,100;1,000;2,000;

26198;2018.08.27 13:00:00;0,000;0,000;0,000;0,000;0,000;14,100;1,000;2,000;

26199;2018.08.27 14:00:00;0,000;0,000;0,000;0,000;0,000;14,100;1,000;2,000;

26200;2018.08.27 15:00:00;0,000;0,000;0,000;0,000;0,000;14,100;1,000;2,000;

26201;2018.08.27 16:00:00;0,000;0,000;0,000;0,000;0,000;14,100;1,000;2,000;

26202;2018.08.27 17:00:00;0,000;0,000;0,000;0,000;0,000;14,100;1,000;2,000;

26203;2018.08.27 18:00:00;0,000;0,000;0,000;0,000;0,000;14,100;1,000;2,000;

26204;2018.08.27 19:00:00;0,000;0,000;0,000;0,000;0,000;14,100;1,000;2,000;

26205;2018.08.27 20:00:00;0,000;0,000;0,000;0,000;0,000;14,100;1,000;2,000;

26206;2018.08.27 21:00:00;0,000;0,000;0,000;0,000;0,000;14,100;1,000;2,000;

26207;2018.08.27 22:00:00;0,000;0,000;0,000;0,000;0,000;14,100;1,000;2,000;

26208;2018.08.27 23:00:00;0,000;0,000;0,000;0,000;0,000;14,100;1,000;2,000;

26209;2018.08.28 00:00:00;0,000;0,000;0,000;0,000;0,000;14,033;1,000;2,000;

26210;2018.08.28 01:00:00;0,000;0,000;0,000;0,000;0,000;14,033;1,000;2,000;

26211;2018.08.28 02:00:00;0,000;0,000;0,000;0,000;0,000;14,033;1,000;2,000;

26212;2018.08.28 03:00:00;0,000;0,000;0,000;0,000;0,000;14,033;1,000;2,000;

26213;2018.08.28 04:00:00;0,000;0,000;0,000;0,000;0,000;14,033;1,000;2,000;

26214;2018.08.28 05:00:00;0,000;0,000;0,000;0,000;0,000;14,033;1,000;2,000;

26215;2018.08.28 06:00:00;0,000;0,000;0,000;0,000;0,000;14,033;1,000;2,000;

26216;2018.08.28 07:00:00;0,000;0,000;0,000;0,000;0,000;14,033;1,000;2,000;

26217;2018.08.28 08:00:00;0,000;0,000;0,000;0,000;0,000;14,033;1,000;2,000;

26218;2018.08.28 09:00:00;0,000;0,000;0,000;0,000;0,000;14,033;1,000;2,000;

26219;2018.08.28 10:00:00;0,000;0,000;0,000;0,000;0,000;14,033;1,000;2,000;

26220;2018.08.28 11:00:00;0,000;0,000;0,000;0,000;0,000;14,033;1,000;2,000;

26221;2018.08.28 12:00:00;0,000;0,000;0,000;0,000;0,000;14,033;1,000;2,000;

26222;2018.08.28 13:00:00;0,000;0,000;0,000;0,000;0,000;14,033;1,000;2,000;

26223;2018.08.28 14:00:00;0,000;0,000;0,000;0,000;0,000;14,033;1,000;2,000;

26224;2018.08.28 15:00:00;0,000;0,000;0,000;0,000;0,000;14,033;1,000;2,000;

26225;2018.08.28 16:00:00;0,000;0,000;0,000;0,000;0,000;14,033;1,000;2,000;

26226;2018.08.28 17:00:00;0,000;0,000;0,000;0,000;0,000;14,033;1,000;2,000;

26227;2018.08.28 18:00:00;0,000;0,000;0,000;0,000;0,000;14,033;1,000;2,000;

26228;2018.08.28 19:00:00;0,000;0,000;0,000;0,000;0,000;14,033;1,000;2,000;

26229;2018.08.28 20:00:00;0,000;0,000;0,000;0,000;0,000;14,033;1,000;2,000;

26230;2018.08.28 21:00:00;0,000;0,000;0,000;0,000;0,000;14,033;1,000;2,000;

26231;2018.08.28 22:00:00;0,000;0,000;0,000;0,000;0,000;14,033;1,000;2,000;

26232;2018.08.28 23:00:00;0,000;0,000;0,000;0,000;0,000;14,033;1,000;2,000;

26233;2018.08.29 00:00:00;0,000;0,000;0,000;0,000;0,000;13,967;1,000;2,000;

26234;2018.08.29 01:00:00;0,000;0,000;0,000;0,000;0,000;13,967;1,000;2,000;

26235;2018.08.29 02:00:00;0,000;0,000;0,000;0,000;0,000;13,967;1,000;2,000;

26236;2018.08.29 03:00:00;0,000;0,000;0,000;0,000;0,000;13,967;1,000;2,000;

26237;2018.08.29 04:00:00;0,000;0,000;0,000;0,000;0,000;13,967;1,000;2,000;

26238;2018.08.29 05:00:00;0,000;0,000;0,000;0,000;0,000;13,967;1,000;2,000;

26239;2018.08.29 06:00:00;0,000;0,000;0,000;0,000;0,000;13,967;1,000;2,000;

26240;2018.08.29 07:00:00;0,000;0,000;0,000;0,000;0,000;13,967;1,000;2,000;

26241;2018.08.29 08:00:00;0,000;0,000;0,000;0,000;0,000;13,967;1,000;2,000;

26242;2018.08.29 09:00:00;0,000;0,000;0,000;0,000;0,000;13,967;1,000;2,000;

26243;2018.08.29 10:00:00;0,000;0,000;0,000;0,000;0,000;13,967;1,000;2,000;

26244;2018.08.29 11:00:00;0,000;0,000;0,000;0,000;0,000;13,967;1,000;2,000;

26245;2018.08.29 12:00:00;0,000;0,000;0,000;0,000;0,000;13,967;1,000;2,000;

26246;2018.08.29 13:00:00;0,000;0,000;0,000;0,000;0,000;13,967;1,000;2,000;

26247;2018.08.29 14:00:00;0,000;0,000;0,000;0,000;0,000;13,967;1,000;2,000;

26248;2018.08.29 15:00:00;0,000;0,000;0,000;0,000;0,000;13,967;1,000;2,000;

26249;2018.08.29 16:00:00;0,000;0,000;0,000;0,000;0,000;13,967;1,000;2,000;

26250;2018.08.29 17:00:00;0,000;0,000;0,000;0,000;0,000;13,967;1,000;2,000;

26251;2018.08.29 18:00:00;0,000;0,000;0,000;0,000;0,000;13,967;1,000;2,000;

26252;2018.08.29 19:00:00;0,000;0,000;0,000;0,000;0,000;13,967;1,000;2,000;

26253;2018.08.29 20:00:00;0,000;0,000;0,000;0,000;0,000;13,967;1,000;2,000;

26254;2018.08.29 21:00:00;0,000;0,000;0,000;0,000;0,000;13,967;1,000;2,000;

26255;2018.08.29 22:00:00;0,000;0,000;0,000;0,000;0,000;13,967;1,000;2,000;

26256;2018.08.29 23:00:00;0,000;0,000;0,000;0,000;0,000;13,967;1,000;2,000;

26257;2018.08.30 00:00:00;0,000;0,000;0,000;0,000;0,000;13,883;1,000;2,000;

26258;2018.08.30 01:00:00;0,000;0,000;0,000;0,000;0,000;13,883;1,000;2,000;

26259;2018.08.30 02:00:00;0,000;0,000;0,000;0,000;0,000;13,883;1,000;2,000;

26260;2018.08.30 03:00:00;0,000;0,000;0,000;0,000;0,000;13,883;1,000;2,000;

26261;2018.08.30 04:00:00;0,000;0,000;0,000;0,000;0,000;13,883;1,000;2,000;

26262;2018.08.30 05:00:00;0,000;0,000;0,000;0,000;0,000;13,883;1,000;2,000;

26263;2018.08.30 06:00:00;0,000;0,000;0,000;0,000;0,000;13,883;1,000;2,000;

26264;2018.08.30 07:00:00;0,000;0,000;0,000;0,000;0,000;13,883;1,000;2,000;

26265;2018.08.30 08:00:00;0,000;0,000;0,000;0,000;0,000;13,883;1,000;2,000;

26266;2018.08.30 09:00:00;0,000;0,000;0,000;0,000;0,000;13,883;1,000;2,000;

26267;2018.08.30 10:00:00;0,000;0,000;0,000;0,000;0,000;13,883;1,000;2,000;

26268;2018.08.30 11:00:00;0,000;0,000;0,000;0,000;0,000;13,883;1,000;2,000;

26269;2018.08.30 12:00:00;0,000;0,000;0,000;0,000;0,000;13,883;1,000;2,000;

26270;2018.08.30 13:00:00;0,000;0,000;0,000;0,000;0,000;13,883;1,000;2,000;

26271;2018.08.30 14:00:00;0,000;0,000;0,000;0,000;0,000;13,883;1,000;2,000;

26272;2018.08.30 15:00:00;0,000;0,000;0,000;0,000;0,000;13,883;1,000;2,000;

26273;2018.08.30 16:00:00;0,000;0,000;0,000;0,000;0,000;13,883;1,000;2,000;

26274;2018.08.30 17:00:00;0,000;0,000;0,000;0,000;0,000;13,883;1,000;2,000;

26275;2018.08.30 18:00:00;0,000;0,000;0,000;0,000;0,000;13,883;1,000;2,000;

26276;2018.08.30 19:00:00;0,000;0,000;0,000;0,000;0,000;13,883;1,000;2,000;

26277;2018.08.30 20:00:00;0,000;0,000;0,000;0,000;0,000;13,883;1,000;2,000;

26278;2018.08.30 21:00:00;0,000;0,000;0,000;0,000;0,000;13,883;1,000;2,000;

26279;2018.08.30 22:00:00;0,000;0,000;0,000;0,000;0,000;13,883;1,000;2,000;

26280;2018.08.30 23:00:00;0,000;0,000;0,000;0,000;0,000;13,883;1,000;2,000;

26281;2018.08.31 00:00:00;0,000;0,000;0,000;0,000;0,000;13,833;2,000;2,000;

26282;2018.08.31 01:00:00;0,000;0,000;0,000;0,000;0,000;13,833;2,000;2,000;

26283;2018.08.31 02:00:00;0,000;0,000;0,000;0,000;0,000;13,833;2,000;2,000;

26284;2018.08.31 03:00:00;0,000;0,000;0,000;0,000;0,000;13,833;2,000;2,000;

26285;2018.08.31 04:00:00;0,000;0,000;0,000;0,000;0,000;13,833;2,000;2,000;

26286;2018.08.31 05:00:00;0,000;0,000;0,000;0,000;0,000;13,833;2,000;2,000;

26287;2018.08.31 06:00:00;0,000;0,000;0,000;0,000;0,000;13,833;2,000;2,000;

26288;2018.08.31 07:00:00;0,000;0,000;0,000;0,000;0,000;13,833;2,000;2,000;

26289;2018.08.31 08:00:00;0,000;0,000;0,000;0,000;0,000;13,833;2,000;2,000;

26290;2018.08.31 09:00:00;0,000;0,000;0,000;0,000;0,000;13,833;2,000;2,000;

26291;2018.08.31 10:00:00;0,000;0,000;0,000;0,000;0,000;13,833;2,000;2,000;

26292;2018.08.31 11:00:00;0,000;0,000;0,000;0,000;0,000;13,833;2,000;2,000;

26293;2018.08.31 12:00:00;0,000;0,000;0,000;0,000;0,000;13,833;2,000;2,000;

26294;2018.08.31 13:00:00;0,000;0,000;0,000;0,000;0,000;13,833;2,000;2,000;

26295;2018.08.31 14:00:00;0,000;0,000;0,000;0,000;0,000;13,833;2,000;2,000;

26296;2018.08.31 15:00:00;0,000;0,000;0,000;0,000;0,000;13,833;2,000;2,000;

26297;2018.08.31 16:00:00;0,000;0,000;0,000;0,000;0,000;13,833;2,000;2,000;

26298;2018.08.31 17:00:00;0,000;0,000;0,000;0,000;0,000;13,833;2,000;2,000;

26299;2018.08.31 18:00:00;0,000;0,000;0,000;0,000;0,000;13,833;2,000;2,000;

26300;2018.08.31 19:00:00;0,000;0,000;0,000;0,000;0,000;13,833;2,000;2,000;

26301;2018.08.31 20:00:00;0,000;0,000;0,000;0,000;0,000;13,833;2,000;2,000;

26302;2018.08.31 21:00:00;0,000;0,000;0,000;0,000;0,000;13,833;2,000;2,000;

26303;2018.08.31 22:00:00;0,000;0,000;0,000;0,000;0,000;13,833;2,000;2,000;

26304;2018.08.31 23:00:00;0,000;0,000;0,000;0,000;0,000;13,833;2,000;2,000;

26305;2018.09.01 00:00:00;0,000;0,000;0,000;0,000;0,000;13,750;3,000;3,000;

26306;2018.09.01 01:00:00;0,000;0,000;0,000;0,000;0,000;13,750;3,000;3,000;

26307;2018.09.01 02:00:00;0,000;0,000;0,000;0,000;0,000;13,750;3,000;3,000;

26308;2018.09.01 03:00:00;0,000;0,000;0,000;0,000;0,000;13,750;3,000;3,000;

26309;2018.09.01 04:00:00;0,000;0,000;0,000;0,000;0,000;13,750;3,000;3,000;

26310;2018.09.01 05:00:00;0,000;0,000;0,000;0,000;0,000;13,750;3,000;3,000;

26311;2018.09.01 06:00:00;0,000;0,000;0,000;0,000;0,000;13,750;3,000;3,000;

26312;2018.09.01 07:00:00;0,000;0,000;0,000;0,000;0,000;13,750;3,000;3,000;

26313;2018.09.01 08:00:00;0,000;0,000;0,000;0,000;0,000;13,750;3,000;3,000;

26314;2018.09.01 09:00:00;0,000;0,000;0,000;0,000;0,000;13,750;3,000;3,000;

26315;2018.09.01 10:00:00;0,000;0,000;0,000;0,000;0,000;13,750;3,000;3,000;

26316;2018.09.01 11:00:00;0,000;0,000;0,000;0,000;0,000;13,750;3,000;3,000;

26317;2018.09.01 12:00:00;0,000;0,000;0,000;0,000;0,000;13,750;3,000;3,000;

26318;2018.09.01 13:00:00;0,000;0,000;0,000;0,000;0,000;13,750;3,000;3,000;

26319;2018.09.01 14:00:00;0,000;0,000;0,000;0,000;0,000;13,750;3,000;3,000;

26320;2018.09.01 15:00:00;0,000;0,000;0,000;0,000;0,000;13,750;3,000;3,000;

26321;2018.09.01 16:00:00;0,000;0,000;0,000;0,000;0,000;13,750;3,000;3,000;

26322;2018.09.01 17:00:00;0,000;0,000;0,000;0,000;0,000;13,750;3,000;3,000;

26323;2018.09.01 18:00:00;0,000;0,000;0,000;0,000;0,000;13,750;3,000;3,000;

26324;2018.09.01 19:00:00;0,000;0,000;0,000;0,000;0,000;13,750;3,000;3,000;

26325;2018.09.01 20:00:00;0,000;0,000;0,000;0,000;0,000;13,750;3,000;3,000;

26326;2018.09.01 21:00:00;0,000;0,000;0,000;0,000;0,000;13,750;3,000;3,000;

26327;2018.09.01 22:00:00;0,000;0,000;0,000;0,000;0,000;13,750;3,000;3,000;

26328;2018.09.01 23:00:00;0,000;0,000;0,000;0,000;0,000;13,750;3,000;3,000;

26329;2018.09.02 00:00:00;0,000;0,000;0,000;0,000;0,000;13,683;4,000;3,000;

26330;2018.09.02 01:00:00;0,000;0,000;0,000;0,000;0,000;13,683;4,000;3,000;

26331;2018.09.02 02:00:00;0,000;0,000;0,000;0,000;0,000;13,683;4,000;3,000;

26332;2018.09.02 03:00:00;0,000;0,000;0,000;0,000;0,000;13,683;4,000;3,000;

26333;2018.09.02 04:00:00;0,000;0,000;0,000;0,000;0,000;13,683;4,000;3,000;

26334;2018.09.02 05:00:00;0,000;0,000;0,000;0,000;0,000;13,683;4,000;3,000;

26335;2018.09.02 06:00:00;0,000;0,000;0,000;0,000;0,000;13,683;4,000;3,000;

26336;2018.09.02 07:00:00;0,000;0,000;0,000;0,000;0,000;13,683;4,000;3,000;

26337;2018.09.02 08:00:00;0,000;0,000;0,000;0,000;0,000;13,683;4,000;3,000;

26338;2018.09.02 09:00:00;0,000;0,000;0,000;0,000;0,000;13,683;4,000;3,000;

26339;2018.09.02 10:00:00;0,000;0,000;0,000;0,000;0,000;13,683;4,000;3,000;

26340;2018.09.02 11:00:00;0,000;0,000;0,000;0,000;0,000;13,683;4,000;3,000;

26341;2018.09.02 12:00:00;0,000;0,000;0,000;0,000;0,000;13,683;4,000;3,000;

26342;2018.09.02 13:00:00;0,000;0,000;0,000;0,000;0,000;13,683;4,000;3,000;

26343;2018.09.02 14:00:00;0,000;0,000;0,000;0,000;0,000;13,683;4,000;3,000;

26344;2018.09.02 15:00:00;0,000;0,000;0,000;0,000;0,000;13,683;4,000;3,000;

26345;2018.09.02 16:00:00;0,000;0,000;0,000;0,000;0,000;13,683;4,000;3,000;

26346;2018.09.02 17:00:00;0,000;0,000;0,000;0,000;0,000;13,683;4,000;3,000;

26347;2018.09.02 18:00:00;0,000;0,000;0,000;0,000;0,000;13,683;4,000;3,000;

26348;2018.09.02 19:00:00;0,000;0,000;0,000;0,000;0,000;13,683;4,000;3,000;

26349;2018.09.02 20:00:00;0,000;0,000;0,000;0,000;0,000;13,683;4,000;3,000;

26350;2018.09.02 21:00:00;0,000;0,000;0,000;0,000;0,000;13,683;4,000;3,000;

26351;2018.09.02 22:00:00;0,000;0,000;0,000;0,000;0,000;13,683;4,000;3,000;

26352;2018.09.02 23:00:00;0,000;0,000;0,000;0,000;0,000;13,683;4,000;3,000;

26353;2018.09.03 00:00:00;0,000;0,000;0,000;0,000;0,000;13,617;1,000;3,000;

26354;2018.09.03 01:00:00;0,000;0,000;0,000;0,000;0,000;13,617;1,000;3,000;

26355;2018.09.03 02:00:00;0,000;0,000;0,000;0,000;0,000;13,617;1,000;3,000;

26356;2018.09.03 03:00:00;0,000;0,000;0,000;0,000;0,000;13,617;1,000;3,000;

26357;2018.09.03 04:00:00;0,000;0,000;0,000;0,000;0,000;13,617;1,000;3,000;

26358;2018.09.03 05:00:00;0,000;0,000;0,000;0,000;0,000;13,617;1,000;3,000;

26359;2018.09.03 06:00:00;0,000;0,000;0,000;0,000;0,000;13,617;1,000;3,000;

26360;2018.09.03 07:00:00;0,000;0,000;0,000;0,000;0,000;13,617;1,000;3,000;

26361;2018.09.03 08:00:00;0,000;0,000;0,000;0,000;0,000;13,617;1,000;3,000;

26362;2018.09.03 09:00:00;0,000;0,000;0,000;0,000;0,000;13,617;1,000;3,000;

26363;2018.09.03 10:00:00;0,000;0,000;0,000;0,000;0,000;13,617;1,000;3,000;

26364;2018.09.03 11:00:00;0,000;0,000;0,000;0,000;0,000;13,617;1,000;3,000;

26365;2018.09.03 12:00:00;0,000;0,000;0,000;0,000;0,000;13,617;1,000;3,000;

26366;2018.09.03 13:00:00;0,000;0,000;0,000;0,000;0,000;13,617;1,000;3,000;

26367;2018.09.03 14:00:00;0,000;0,000;0,000;0,000;0,000;13,617;1,000;3,000;

26368;2018.09.03 15:00:00;0,000;0,000;0,000;0,000;0,000;13,617;1,000;3,000;

26369;2018.09.03 16:00:00;0,000;0,000;0,000;0,000;0,000;13,617;1,000;3,000;

26370;2018.09.03 17:00:00;0,000;0,000;0,000;0,000;0,000;13,617;1,000;3,000;

26371;2018.09.03 18:00:00;0,000;0,000;0,000;0,000;0,000;13,617;1,000;3,000;

26372;2018.09.03 19:00:00;0,000;0,000;0,000;0,000;0,000;13,617;1,000;3,000;

26373;2018.09.03 20:00:00;0,000;0,000;0,000;0,000;0,000;13,617;1,000;3,000;

26374;2018.09.03 21:00:00;0,000;0,000;0,000;0,000;0,000;13,617;1,000;3,000;

26375;2018.09.03 22:00:00;0,000;0,000;0,000;0,000;0,000;13,617;1,000;3,000;

26376;2018.09.03 23:00:00;0,000;0,000;0,000;0,000;0,000;13,617;1,000;3,000;

26377;2018.09.04 00:00:00;0,000;0,000;0,000;0,000;0,000;13,533;1,000;3,000;

26378;2018.09.04 01:00:00;0,000;0,000;0,000;0,000;0,000;13,533;1,000;3,000;

26379;2018.09.04 02:00:00;0,000;0,000;0,000;0,000;0,000;13,533;1,000;3,000;

26380;2018.09.04 03:00:00;0,000;0,000;0,000;0,000;0,000;13,533;1,000;3,000;

26381;2018.09.04 04:00:00;0,000;0,000;0,000;0,000;0,000;13,533;1,000;3,000;

26382;2018.09.04 05:00:00;0,000;0,000;0,000;0,000;0,000;13,533;1,000;3,000;

26383;2018.09.04 06:00:00;0,000;0,000;0,000;0,000;0,000;13,533;1,000;3,000;

26384;2018.09.04 07:00:00;0,000;0,000;0,000;0,000;0,000;13,533;1,000;3,000;

26385;2018.09.04 08:00:00;0,000;0,000;0,000;0,000;0,000;13,533;1,000;3,000;

26386;2018.09.04 09:00:00;0,000;0,000;0,000;0,000;0,000;13,533;1,000;3,000;

26387;2018.09.04 10:00:00;0,000;0,000;0,000;0,000;0,000;13,533;1,000;3,000;

26388;2018.09.04 11:00:00;0,000;0,000;0,000;0,000;0,000;13,533;1,000;3,000;

26389;2018.09.04 12:00:00;0,000;0,000;0,000;0,000;0,000;13,533;1,000;3,000;

26390;2018.09.04 13:00:00;0,000;0,000;0,000;0,000;0,000;13,533;1,000;3,000;

26391;2018.09.04 14:00:00;0,000;0,000;0,000;0,000;0,000;13,533;1,000;3,000;

26392;2018.09.04 15:00:00;0,000;0,000;0,000;0,000;0,000;13,533;1,000;3,000;

26393;2018.09.04 16:00:00;0,000;0,000;0,000;0,000;0,000;13,533;1,000;3,000;

26394;2018.09.04 17:00:00;0,000;0,000;0,000;0,000;0,000;13,533;1,000;3,000;

26395;2018.09.04 18:00:00;0,000;0,000;0,000;0,000;0,000;13,533;1,000;3,000;

26396;2018.09.04 19:00:00;0,000;0,000;0,000;0,000;0,000;13,533;1,000;3,000;

26397;2018.09.04 20:00:00;0,000;0,000;0,000;0,000;0,000;13,533;1,000;3,000;

26398;2018.09.04 21:00:00;0,000;0,000;0,000;0,000;0,000;13,533;1,000;3,000;

26399;2018.09.04 22:00:00;0,000;0,000;0,000;0,000;0,000;13,533;1,000;3,000;

26400;2018.09.04 23:00:00;0,000;0,000;0,000;0,000;0,000;13,533;1,000;3,000;

26401;2018.09.05 00:00:00;0,000;0,000;0,000;0,000;0,000;13,483;1,000;3,000;

26402;2018.09.05 01:00:00;0,000;0,000;0,000;0,000;0,000;13,483;1,000;3,000;

26403;2018.09.05 02:00:00;0,000;0,000;0,000;0,000;0,000;13,483;1,000;3,000;

26404;2018.09.05 03:00:00;0,000;0,000;0,000;0,000;0,000;13,483;1,000;3,000;

26405;2018.09.05 04:00:00;0,000;0,000;0,000;0,000;0,000;13,483;1,000;3,000;

26406;2018.09.05 05:00:00;0,000;0,000;0,000;0,000;0,000;13,483;1,000;3,000;

26407;2018.09.05 06:00:00;0,000;0,000;0,000;0,000;0,000;13,483;1,000;3,000;

26408;2018.09.05 07:00:00;0,000;0,000;0,000;0,000;0,000;13,483;1,000;3,000;

26409;2018.09.05 08:00:00;0,000;0,000;0,000;0,000;0,000;13,483;1,000;3,000;

26410;2018.09.05 09:00:00;0,000;0,000;0,000;0,000;0,000;13,483;1,000;3,000;

26411;2018.09.05 10:00:00;0,000;0,000;0,000;0,000;0,000;13,483;1,000;3,000;

26412;2018.09.05 11:00:00;0,000;0,000;0,000;0,000;0,000;13,483;1,000;3,000;

26413;2018.09.05 12:00:00;0,000;0,000;0,000;0,000;0,000;13,483;1,000;3,000;

26414;2018.09.05 13:00:00;0,000;0,000;0,000;0,000;0,000;13,483;1,000;3,000;

26415;2018.09.05 14:00:00;0,000;0,000;0,000;0,000;0,000;13,483;1,000;3,000;

26416;2018.09.05 15:00:00;0,000;0,000;0,000;0,000;0,000;13,483;1,000;3,000;

26417;2018.09.05 16:00:00;0,000;0,000;0,000;0,000;0,000;13,483;1,000;3,000;

26418;2018.09.05 17:00:00;0,000;0,000;0,000;0,000;0,000;13,483;1,000;3,000;

26419;2018.09.05 18:00:00;0,000;0,000;0,000;0,000;0,000;13,483;1,000;3,000;

26420;2018.09.05 19:00:00;0,000;0,000;0,000;0,000;0,000;13,483;1,000;3,000;

26421;2018.09.05 20:00:00;0,000;0,000;0,000;0,000;0,000;13,483;1,000;3,000;

26422;2018.09.05 21:00:00;0,000;0,000;0,000;0,000;0,000;13,483;1,000;3,000;

26423;2018.09.05 22:00:00;0,000;0,000;0,000;0,000;0,000;13,483;1,000;3,000;

26424;2018.09.05 23:00:00;0,000;0,000;0,000;0,000;0,000;13,483;1,000;3,000;

26425;2018.09.06 00:00:00;0,000;0,000;0,000;0,000;0,000;13,400;1,000;3,000;

26426;2018.09.06 01:00:00;0,000;0,000;0,000;0,000;0,000;13,400;1,000;3,000;

26427;2018.09.06 02:00:00;0,000;0,000;0,000;0,000;0,000;13,400;1,000;3,000;

26428;2018.09.06 03:00:00;0,000;0,000;0,000;0,000;0,000;13,400;1,000;3,000;

26429;2018.09.06 04:00:00;0,000;0,000;0,000;0,000;0,000;13,400;1,000;3,000;

26430;2018.09.06 05:00:00;0,000;0,000;0,000;0,000;0,000;13,400;1,000;3,000;

26431;2018.09.06 06:00:00;0,000;0,000;0,000;0,000;0,000;13,400;1,000;3,000;

26432;2018.09.06 07:00:00;0,000;0,000;0,000;0,000;0,000;13,400;1,000;3,000;

26433;2018.09.06 08:00:00;0,000;0,000;0,000;0,000;0,000;13,400;1,000;3,000;

26434;2018.09.06 09:00:00;0,000;0,000;0,000;0,000;0,000;13,400;1,000;3,000;

26435;2018.09.06 10:00:00;0,000;0,000;0,000;0,000;0,000;13,400;1,000;3,000;

26436;2018.09.06 11:00:00;0,000;0,000;0,000;0,000;0,000;13,400;1,000;3,000;

26437;2018.09.06 12:00:00;0,000;0,000;0,000;0,000;0,000;13,400;1,000;3,000;

26438;2018.09.06 13:00:00;0,000;0,000;0,000;0,000;0,000;13,400;1,000;3,000;

26439;2018.09.06 14:00:00;0,000;0,000;0,000;0,000;0,000;13,400;1,000;3,000;

26440;2018.09.06 15:00:00;0,000;0,000;0,000;0,000;0,000;13,400;1,000;3,000;

26441;2018.09.06 16:00:00;0,000;0,000;0,000;0,000;0,000;13,400;1,000;3,000;

26442;2018.09.06 17:00:00;0,000;0,000;0,000;0,000;0,000;13,400;1,000;3,000;

26443;2018.09.06 18:00:00;0,000;0,000;0,000;0,000;0,000;13,400;1,000;3,000;

26444;2018.09.06 19:00:00;0,000;0,000;0,000;0,000;0,000;13,400;1,000;3,000;

26445;2018.09.06 20:00:00;0,000;0,000;0,000;0,000;0,000;13,400;1,000;3,000;

26446;2018.09.06 21:00:00;0,000;0,000;0,000;0,000;0,000;13,400;1,000;3,000;

26447;2018.09.06 22:00:00;0,000;0,000;0,000;0,000;0,000;13,400;1,000;3,000;

26448;2018.09.06 23:00:00;0,000;0,000;0,000;0,000;0,000;13,400;1,000;3,000;

26449;2018.09.07 00:00:00;0,000;0,000;0,000;0,000;0,000;13,333;2,000;3,000;

26450;2018.09.07 01:00:00;0,000;0,000;0,000;0,000;0,000;13,333;2,000;3,000;

26451;2018.09.07 02:00:00;0,000;0,000;0,000;0,000;0,000;13,333;2,000;3,000;

26452;2018.09.07 03:00:00;0,000;0,000;0,000;0,000;0,000;13,333;2,000;3,000;

26453;2018.09.07 04:00:00;0,000;0,000;0,000;0,000;0,000;13,333;2,000;3,000;

26454;2018.09.07 05:00:00;0,000;0,000;0,000;0,000;0,000;13,333;2,000;3,000;

26455;2018.09.07 06:00:00;0,000;0,000;0,000;0,000;0,000;13,333;2,000;3,000;

26456;2018.09.07 07:00:00;0,000;0,000;0,000;0,000;0,000;13,333;2,000;3,000;

26457;2018.09.07 08:00:00;0,000;0,000;0,000;0,000;0,000;13,333;2,000;3,000;

26458;2018.09.07 09:00:00;0,000;0,000;0,000;0,000;0,000;13,333;2,000;3,000;

26459;2018.09.07 10:00:00;0,000;0,000;0,000;0,000;0,000;13,333;2,000;3,000;

26460;2018.09.07 11:00:00;0,000;0,000;0,000;0,000;0,000;13,333;2,000;3,000;

26461;2018.09.07 12:00:00;0,000;0,000;0,000;0,000;0,000;13,333;2,000;3,000;

26462;2018.09.07 13:00:00;0,000;0,000;0,000;0,000;0,000;13,333;2,000;3,000;

26463;2018.09.07 14:00:00;0,000;0,000;0,000;0,000;0,000;13,333;2,000;3,000;

26464;2018.09.07 15:00:00;0,000;0,000;0,000;0,000;0,000;13,333;2,000;3,000;

26465;2018.09.07 16:00:00;0,000;0,000;0,000;0,000;0,000;13,333;2,000;3,000;

26466;2018.09.07 17:00:00;0,000;0,000;0,000;0,000;0,000;13,333;2,000;3,000;

26467;2018.09.07 18:00:00;0,000;0,000;0,000;0,000;0,000;13,333;2,000;3,000;

26468;2018.09.07 19:00:00;0,000;0,000;0,000;0,000;0,000;13,333;2,000;3,000;

26469;2018.09.07 20:00:00;0,000;0,000;0,000;0,000;0,000;13,333;2,000;3,000;

26470;2018.09.07 21:00:00;0,000;0,000;0,000;0,000;0,000;13,333;2,000;3,000;

26471;2018.09.07 22:00:00;0,000;0,000;0,000;0,000;0,000;13,333;2,000;3,000;

26472;2018.09.07 23:00:00;0,000;0,000;0,000;0,000;0,000;13,333;2,000;3,000;

26473;2018.09.08 00:00:00;0,000;0,000;0,000;0,000;0,000;13,250;3,000;3,000;

26474;2018.09.08 01:00:00;0,000;0,000;0,000;0,000;0,000;13,250;3,000;3,000;

26475;2018.09.08 02:00:00;0,000;0,000;0,000;0,000;0,000;13,250;3,000;3,000;

26476;2018.09.08 03:00:00;0,000;0,000;0,000;0,000;0,000;13,250;3,000;3,000;

26477;2018.09.08 04:00:00;0,000;0,000;0,000;0,000;0,000;13,250;3,000;3,000;

26478;2018.09.08 05:00:00;0,000;0,000;0,000;0,000;0,000;13,250;3,000;3,000;

26479;2018.09.08 06:00:00;0,000;0,000;0,000;0,000;0,000;13,250;3,000;3,000;

26480;2018.09.08 07:00:00;0,000;0,000;0,000;0,000;0,000;13,250;3,000;3,000;

26481;2018.09.08 08:00:00;0,000;0,000;0,000;0,000;0,000;13,250;3,000;3,000;

26482;2018.09.08 09:00:00;0,000;0,000;0,000;0,000;0,000;13,250;3,000;3,000;

26483;2018.09.08 10:00:00;0,000;0,000;0,000;0,000;0,000;13,250;3,000;3,000;

26484;2018.09.08 11:00:00;0,000;0,000;0,000;0,000;0,000;13,250;3,000;3,000;

26485;2018.09.08 12:00:00;0,000;0,000;0,000;0,000;0,000;13,250;3,000;3,000;

26486;2018.09.08 13:00:00;0,000;0,000;0,000;0,000;0,000;13,250;3,000;3,000;

26487;2018.09.08 14:00:00;0,000;0,000;0,000;0,000;0,000;13,250;3,000;3,000;

26488;2018.09.08 15:00:00;0,000;0,000;0,000;0,000;0,000;13,250;3,000;3,000;

26489;2018.09.08 16:00:00;0,000;0,000;0,000;0,000;0,000;13,250;3,000;3,000;

26490;2018.09.08 17:00:00;0,000;0,000;0,000;0,000;0,000;13,250;3,000;3,000;

26491;2018.09.08 18:00:00;0,000;0,000;0,000;0,000;0,000;13,250;3,000;3,000;

26492;2018.09.08 19:00:00;0,000;0,000;0,000;0,000;0,000;13,250;3,000;3,000;

26493;2018.09.08 20:00:00;0,000;0,000;0,000;0,000;0,000;13,250;3,000;3,000;

26494;2018.09.08 21:00:00;0,000;0,000;0,000;0,000;0,000;13,250;3,000;3,000;

26495;2018.09.08 22:00:00;0,000;0,000;0,000;0,000;0,000;13,250;3,000;3,000;

26496;2018.09.08 23:00:00;0,000;0,000;0,000;0,000;0,000;13,250;3,000;3,000;

26497;2018.09.09 00:00:00;0,000;0,000;0,000;0,000;0,000;13,183;4,000;3,000;

26498;2018.09.09 01:00:00;0,000;0,000;0,000;0,000;0,000;13,183;4,000;3,000;

26499;2018.09.09 02:00:00;0,000;0,000;0,000;0,000;0,000;13,183;4,000;3,000;

26500;2018.09.09 03:00:00;0,000;0,000;0,000;0,000;0,000;13,183;4,000;3,000;

26501;2018.09.09 04:00:00;0,000;0,000;0,000;0,000;0,000;13,183;4,000;3,000;

26502;2018.09.09 05:00:00;0,000;0,000;0,000;0,000;0,000;13,183;4,000;3,000;

26503;2018.09.09 06:00:00;0,000;0,000;0,000;0,000;0,000;13,183;4,000;3,000;

26504;2018.09.09 07:00:00;0,000;0,000;0,000;0,000;0,000;13,183;4,000;3,000;

26505;2018.09.09 08:00:00;0,000;0,000;0,000;0,000;0,000;13,183;4,000;3,000;

26506;2018.09.09 09:00:00;0,000;0,000;0,000;0,000;0,000;13,183;4,000;3,000;

26507;2018.09.09 10:00:00;0,000;0,000;0,000;0,000;0,000;13,183;4,000;3,000;

26508;2018.09.09 11:00:00;0,000;0,000;0,000;0,000;0,000;13,183;4,000;3,000;

26509;2018.09.09 12:00:00;0,000;0,000;0,000;0,000;0,000;13,183;4,000;3,000;

26510;2018.09.09 13:00:00;0,000;0,000;0,000;0,000;0,000;13,183;4,000;3,000;

26511;2018.09.09 14:00:00;0,000;0,000;0,000;0,000;0,000;13,183;4,000;3,000;

26512;2018.09.09 15:00:00;0,000;0,000;0,000;0,000;0,000;13,183;4,000;3,000;

26513;2018.09.09 16:00:00;0,000;0,000;0,000;0,000;0,000;13,183;4,000;3,000;

26514;2018.09.09 17:00:00;0,000;0,000;0,000;0,000;0,000;13,183;4,000;3,000;

26515;2018.09.09 18:00:00;0,000;0,000;0,000;0,000;0,000;13,183;4,000;3,000;

26516;2018.09.09 19:00:00;0,000;0,000;0,000;0,000;0,000;13,183;4,000;3,000;

26517;2018.09.09 20:00:00;0,000;0,000;0,000;0,000;0,000;13,183;4,000;3,000;

26518;2018.09.09 21:00:00;0,000;0,000;0,000;0,000;0,000;13,183;4,000;3,000;

26519;2018.09.09 22:00:00;0,000;0,000;0,000;0,000;0,000;13,183;4,000;3,000;

26520;2018.09.09 23:00:00;0,000;0,000;0,000;0,000;0,000;13,183;4,000;3,000;

26521;2018.09.10 00:00:00;0,000;0,000;0,000;0,000;0,000;13,117;1,000;3,000;

26522;2018.09.10 01:00:00;0,000;0,000;0,000;0,000;0,000;13,117;1,000;3,000;

26523;2018.09.10 02:00:00;0,000;0,000;0,000;0,000;0,000;13,117;1,000;3,000;

26524;2018.09.10 03:00:00;0,000;0,000;0,000;0,000;0,000;13,117;1,000;3,000;

26525;2018.09.10 04:00:00;0,000;0,000;0,000;0,000;0,000;13,117;1,000;3,000;

26526;2018.09.10 05:00:00;0,000;0,000;0,000;0,000;0,000;13,117;1,000;3,000;

26527;2018.09.10 06:00:00;0,000;0,000;0,000;0,000;0,000;13,117;1,000;3,000;

26528;2018.09.10 07:00:00;0,000;0,000;0,000;0,000;0,000;13,117;1,000;3,000;

26529;2018.09.10 08:00:00;0,000;0,000;0,000;0,000;0,000;13,117;1,000;3,000;

26530;2018.09.10 09:00:00;0,000;0,000;0,000;0,000;0,000;13,117;1,000;3,000;

26531;2018.09.10 10:00:00;0,000;0,000;0,000;0,000;0,000;13,117;1,000;3,000;

26532;2018.09.10 11:00:00;0,000;0,000;0,000;0,000;0,000;13,117;1,000;3,000;

26533;2018.09.10 12:00:00;0,000;0,000;0,000;0,000;0,000;13,117;1,000;3,000;

26534;2018.09.10 13:00:00;0,000;0,000;0,000;0,000;0,000;13,117;1,000;3,000;

26535;2018.09.10 14:00:00;0,000;0,000;0,000;0,000;0,000;13,117;1,000;3,000;

26536;2018.09.10 15:00:00;0,000;0,000;0,000;0,000;0,000;13,117;1,000;3,000;

26537;2018.09.10 16:00:00;0,000;0,000;0,000;0,000;0,000;13,117;1,000;3,000;

26538;2018.09.10 17:00:00;0,000;0,000;0,000;0,000;0,000;13,117;1,000;3,000;

26539;2018.09.10 18:00:00;0,000;0,000;0,000;0,000;0,000;13,117;1,000;3,000;

26540;2018.09.10 19:00:00;0,000;0,000;0,000;0,000;0,000;13,117;1,000;3,000;

26541;2018.09.10 20:00:00;0,000;0,000;0,000;0,000;0,000;13,117;1,000;3,000;

26542;2018.09.10 21:00:00;0,000;0,000;0,000;0,000;0,000;13,117;1,000;3,000;

26543;2018.09.10 22:00:00;0,000;0,000;0,000;0,000;0,000;13,117;1,000;3,000;

26544;2018.09.10 23:00:00;0,000;0,000;0,000;0,000;0,000;13,117;1,000;3,000;

26545;2018.09.11 00:00:00;0,000;0,000;0,000;0,000;0,000;13,050;1,000;3,000;

26546;2018.09.11 01:00:00;0,000;0,000;0,000;0,000;0,000;13,050;1,000;3,000;

26547;2018.09.11 02:00:00;0,000;0,000;0,000;0,000;0,000;13,050;1,000;3,000;

26548;2018.09.11 03:00:00;0,000;0,000;0,000;0,000;0,000;13,050;1,000;3,000;

26549;2018.09.11 04:00:00;0,000;0,000;0,000;0,000;0,000;13,050;1,000;3,000;

26550;2018.09.11 05:00:00;0,000;0,000;0,000;0,000;0,000;13,050;1,000;3,000;

26551;2018.09.11 06:00:00;0,000;0,000;0,000;0,000;0,000;13,050;1,000;3,000;

26552;2018.09.11 07:00:00;0,000;0,000;0,000;0,000;0,000;13,050;1,000;3,000;

26553;2018.09.11 08:00:00;0,000;0,000;0,000;0,000;0,000;13,050;1,000;3,000;

26554;2018.09.11 09:00:00;0,000;0,000;0,000;0,000;0,000;13,050;1,000;3,000;

26555;2018.09.11 10:00:00;0,000;0,000;0,000;0,000;0,000;13,050;1,000;3,000;

26556;2018.09.11 11:00:00;0,000;0,000;0,000;0,000;0,000;13,050;1,000;3,000;

26557;2018.09.11 12:00:00;0,000;0,000;0,000;0,000;0,000;13,050;1,000;3,000;

26558;2018.09.11 13:00:00;0,000;0,000;0,000;0,000;0,000;13,050;1,000;3,000;

26559;2018.09.11 14:00:00;0,000;0,000;0,000;0,000;0,000;13,050;1,000;3,000;

26560;2018.09.11 15:00:00;0,000;0,000;0,000;0,000;0,000;13,050;1,000;3,000;

26561;2018.09.11 16:00:00;0,000;0,000;0,000;0,000;0,000;13,050;1,000;3,000;

26562;2018.09.11 17:00:00;0,000;0,000;0,000;0,000;0,000;13,050;1,000;3,000;

26563;2018.09.11 18:00:00;0,000;0,000;0,000;0,000;0,000;13,050;1,000;3,000;

26564;2018.09.11 19:00:00;0,000;0,000;0,000;0,000;0,000;13,050;1,000;3,000;

26565;2018.09.11 20:00:00;0,000;0,000;0,000;0,000;0,000;13,050;1,000;3,000;

26566;2018.09.11 21:00:00;0,000;0,000;0,000;0,000;0,000;13,050;1,000;3,000;

26567;2018.09.11 22:00:00;0,000;0,000;0,000;0,000;0,000;13,050;1,000;3,000;

26568;2018.09.11 23:00:00;0,000;0,000;0,000;0,000;0,000;13,050;1,000;3,000;

26569;2018.09.12 00:00:00;0,000;0,000;0,000;0,000;0,000;12,967;1,000;3,000;

26570;2018.09.12 01:00:00;0,000;0,000;0,000;0,000;0,000;12,967;1,000;3,000;

26571;2018.09.12 02:00:00;0,000;0,000;0,000;0,000;0,000;12,967;1,000;3,000;

26572;2018.09.12 03:00:00;0,000;0,000;0,000;0,000;0,000;12,967;1,000;3,000;

26573;2018.09.12 04:00:00;0,000;0,000;0,000;0,000;0,000;12,967;1,000;3,000;

26574;2018.09.12 05:00:00;0,000;0,000;0,000;0,000;0,000;12,967;1,000;3,000;

26575;2018.09.12 06:00:00;0,000;0,000;0,000;0,000;0,000;12,967;1,000;3,000;

26576;2018.09.12 07:00:00;0,000;0,000;0,000;0,000;0,000;12,967;1,000;3,000;

26577;2018.09.12 08:00:00;0,000;0,000;0,000;0,000;0,000;12,967;1,000;3,000;

26578;2018.09.12 09:00:00;0,000;0,000;0,000;0,000;0,000;12,967;1,000;3,000;

26579;2018.09.12 10:00:00;0,000;0,000;0,000;0,000;0,000;12,967;1,000;3,000;

26580;2018.09.12 11:00:00;0,000;0,000;0,000;0,000;0,000;12,967;1,000;3,000;

26581;2018.09.12 12:00:00;0,000;0,000;0,000;0,000;0,000;12,967;1,000;3,000;

26582;2018.09.12 13:00:00;0,000;0,000;0,000;0,000;0,000;12,967;1,000;3,000;

26583;2018.09.12 14:00:00;0,000;0,000;0,000;0,000;0,000;12,967;1,000;3,000;

26584;2018.09.12 15:00:00;0,000;0,000;0,000;0,000;0,000;12,967;1,000;3,000;

26585;2018.09.12 16:00:00;0,000;0,000;0,000;0,000;0,000;12,967;1,000;3,000;

26586;2018.09.12 17:00:00;0,000;0,000;0,000;0,000;0,000;12,967;1,000;3,000;

26587;2018.09.12 18:00:00;0,000;0,000;0,000;0,000;0,000;12,967;1,000;3,000;

26588;2018.09.12 19:00:00;0,000;0,000;0,000;0,000;0,000;12,967;1,000;3,000;

26589;2018.09.12 20:00:00;0,000;0,000;0,000;0,000;0,000;12,967;1,000;3,000;

26590;2018.09.12 21:00:00;0,000;0,000;0,000;0,000;0,000;12,967;1,000;3,000;

26591;2018.09.12 22:00:00;0,000;0,000;0,000;0,000;0,000;12,967;1,000;3,000;

26592;2018.09.12 23:00:00;0,000;0,000;0,000;0,000;0,000;12,967;1,000;3,000;

26593;2018.09.13 00:00:00;0,000;0,000;0,000;0,000;0,000;12,900;1,000;3,000;

26594;2018.09.13 01:00:00;0,000;0,000;0,000;0,000;0,000;12,900;1,000;3,000;

26595;2018.09.13 02:00:00;0,000;0,000;0,000;0,000;0,000;12,900;1,000;3,000;

26596;2018.09.13 03:00:00;0,000;0,000;0,000;0,000;0,000;12,900;1,000;3,000;

26597;2018.09.13 04:00:00;0,000;0,000;0,000;0,000;0,000;12,900;1,000;3,000;

26598;2018.09.13 05:00:00;0,000;0,000;0,000;0,000;0,000;12,900;1,000;3,000;

26599;2018.09.13 06:00:00;0,000;0,000;0,000;0,000;0,000;12,900;1,000;3,000;

26600;2018.09.13 07:00:00;0,000;0,000;0,000;0,000;0,000;12,900;1,000;3,000;

26601;2018.09.13 08:00:00;0,000;0,000;0,000;0,000;0,000;12,900;1,000;3,000;

26602;2018.09.13 09:00:00;0,000;0,000;0,000;0,000;0,000;12,900;1,000;3,000;

26603;2018.09.13 10:00:00;0,000;0,000;0,000;0,000;0,000;12,900;1,000;3,000;

26604;2018.09.13 11:00:00;0,000;0,000;0,000;0,000;0,000;12,900;1,000;3,000;

26605;2018.09.13 12:00:00;0,000;0,000;0,000;0,000;0,000;12,900;1,000;3,000;

26606;2018.09.13 13:00:00;0,000;0,000;0,000;0,000;0,000;12,900;1,000;3,000;

26607;2018.09.13 14:00:00;0,000;0,000;0,000;0,000;0,000;12,900;1,000;3,000;

26608;2018.09.13 15:00:00;0,000;0,000;0,000;0,000;0,000;12,900;1,000;3,000;

26609;2018.09.13 16:00:00;0,000;0,000;0,000;0,000;0,000;12,900;1,000;3,000;

26610;2018.09.13 17:00:00;0,000;0,000;0,000;0,000;0,000;12,900;1,000;3,000;

26611;2018.09.13 18:00:00;0,000;0,000;0,000;0,000;0,000;12,900;1,000;3,000;

26612;2018.09.13 19:00:00;0,000;0,000;0,000;0,000;0,000;12,900;1,000;3,000;

26613;2018.09.13 20:00:00;0,000;0,000;0,000;0,000;0,000;12,900;1,000;3,000;

26614;2018.09.13 21:00:00;0,000;0,000;0,000;0,000;0,000;12,900;1,000;3,000;

26615;2018.09.13 22:00:00;0,000;0,000;0,000;0,000;0,000;12,900;1,000;3,000;

26616;2018.09.13 23:00:00;0,000;0,000;0,000;0,000;0,000;12,900;1,000;3,000;

26617;2018.09.14 00:00:00;0,000;0,000;0,000;0,000;0,000;12,817;2,000;3,000;

26618;2018.09.14 01:00:00;0,000;0,000;0,000;0,000;0,000;12,817;2,000;3,000;

26619;2018.09.14 02:00:00;0,000;0,000;0,000;0,000;0,000;12,817;2,000;3,000;

26620;2018.09.14 03:00:00;0,000;0,000;0,000;0,000;0,000;12,817;2,000;3,000;

26621;2018.09.14 04:00:00;0,000;0,000;0,000;0,000;0,000;12,817;2,000;3,000;

26622;2018.09.14 05:00:00;0,000;0,000;0,000;0,000;0,000;12,817;2,000;3,000;

26623;2018.09.14 06:00:00;0,000;0,000;0,000;0,000;0,000;12,817;2,000;3,000;

26624;2018.09.14 07:00:00;0,000;0,000;0,000;0,000;0,000;12,817;2,000;3,000;

26625;2018.09.14 08:00:00;0,000;0,000;0,000;0,000;0,000;12,817;2,000;3,000;

26626;2018.09.14 09:00:00;0,000;0,000;0,000;0,000;0,000;12,817;2,000;3,000;

26627;2018.09.14 10:00:00;0,000;0,000;0,000;0,000;0,000;12,817;2,000;3,000;

26628;2018.09.14 11:00:00;0,000;0,000;0,000;0,000;0,000;12,817;2,000;3,000;

26629;2018.09.14 12:00:00;0,000;0,000;0,000;0,000;0,000;12,817;2,000;3,000;

26630;2018.09.14 13:00:00;0,000;0,000;0,000;0,000;0,000;12,817;2,000;3,000;

26631;2018.09.14 14:00:00;0,000;0,000;0,000;0,000;0,000;12,817;2,000;3,000;

26632;2018.09.14 15:00:00;0,000;0,000;0,000;0,000;0,000;12,817;2,000;3,000;

26633;2018.09.14 16:00:00;0,000;0,000;0,000;0,000;0,000;12,817;2,000;3,000;

26634;2018.09.14 17:00:00;0,000;0,000;0,000;0,000;0,000;12,817;2,000;3,000;

26635;2018.09.14 18:00:00;0,000;0,000;0,000;0,000;0,000;12,817;2,000;3,000;

26636;2018.09.14 19:00:00;0,000;0,000;0,000;0,000;0,000;12,817;2,000;3,000;

26637;2018.09.14 20:00:00;0,000;0,000;0,000;0,000;0,000;12,817;2,000;3,000;

26638;2018.09.14 21:00:00;0,000;0,000;0,000;0,000;0,000;12,817;2,000;3,000;

26639;2018.09.14 22:00:00;0,000;0,000;0,000;0,000;0,000;12,817;2,000;3,000;

26640;2018.09.14 23:00:00;0,000;0,000;0,000;0,000;0,000;12,817;2,000;3,000;

26641;2018.09.15 00:00:00;0,000;0,000;0,000;0,000;0,000;12,767;3,000;3,000;

26642;2018.09.15 01:00:00;0,000;0,000;0,000;0,000;0,000;12,767;3,000;3,000;

26643;2018.09.15 02:00:00;0,000;0,000;0,000;0,000;0,000;12,767;3,000;3,000;

26644;2018.09.15 03:00:00;0,000;0,000;0,000;0,000;0,000;12,767;3,000;3,000;

26645;2018.09.15 04:00:00;0,000;0,000;0,000;0,000;0,000;12,767;3,000;3,000;

26646;2018.09.15 05:00:00;0,000;0,000;0,000;0,000;0,000;12,767;3,000;3,000;

26647;2018.09.15 06:00:00;0,000;0,000;0,000;0,000;0,000;12,767;3,000;3,000;

26648;2018.09.15 07:00:00;0,000;0,000;0,000;0,000;0,000;12,767;3,000;3,000;

26649;2018.09.15 08:00:00;0,000;0,000;0,000;0,000;0,000;12,767;3,000;3,000;

26650;2018.09.15 09:00:00;0,000;0,000;0,000;0,000;0,000;12,767;3,000;3,000;

26651;2018.09.15 10:00:00;0,000;0,000;0,000;0,000;0,000;12,767;3,000;3,000;

26652;2018.09.15 11:00:00;0,000;0,000;0,000;0,000;0,000;12,767;3,000;3,000;

26653;2018.09.15 12:00:00;0,000;0,000;0,000;0,000;0,000;12,767;3,000;3,000;

26654;2018.09.15 13:00:00;0,000;0,000;0,000;0,000;0,000;12,767;3,000;3,000;

26655;2018.09.15 14:00:00;0,000;0,000;0,000;0,000;0,000;12,767;3,000;3,000;

26656;2018.09.15 15:00:00;0,000;0,000;0,000;0,000;0,000;12,767;3,000;3,000;

26657;2018.09.15 16:00:00;0,000;0,000;0,000;0,000;0,000;12,767;3,000;3,000;

26658;2018.09.15 17:00:00;0,000;0,000;0,000;0,000;0,000;12,767;3,000;3,000;

26659;2018.09.15 18:00:00;0,000;0,000;0,000;0,000;0,000;12,767;3,000;3,000;

26660;2018.09.15 19:00:00;0,000;0,000;0,000;0,000;0,000;12,767;3,000;3,000;

26661;2018.09.15 20:00:00;0,000;0,000;0,000;0,000;0,000;12,767;3,000;3,000;

26662;2018.09.15 21:00:00;0,000;0,000;0,000;0,000;0,000;12,767;3,000;3,000;

26663;2018.09.15 22:00:00;0,000;0,000;0,000;0,000;0,000;12,767;3,000;3,000;

26664;2018.09.15 23:00:00;0,000;0,000;0,000;0,000;0,000;12,767;3,000;3,000;

26665;2018.09.16 00:00:00;0,000;0,000;0,000;0,000;0,000;12,683;4,000;3,000;

26666;2018.09.16 01:00:00;0,000;0,000;0,000;0,000;0,000;12,683;4,000;3,000;

26667;2018.09.16 02:00:00;0,000;0,000;0,000;0,000;0,000;12,683;4,000;3,000;

26668;2018.09.16 03:00:00;0,000;0,000;0,000;0,000;0,000;12,683;4,000;3,000;

26669;2018.09.16 04:00:00;0,000;0,000;0,000;0,000;0,000;12,683;4,000;3,000;

26670;2018.09.16 05:00:00;0,000;0,000;0,000;0,000;0,000;12,683;4,000;3,000;

26671;2018.09.16 06:00:00;0,000;0,000;0,000;0,000;0,000;12,683;4,000;3,000;

26672;2018.09.16 07:00:00;0,000;0,000;0,000;0,000;0,000;12,683;4,000;3,000;

26673;2018.09.16 08:00:00;0,000;0,000;0,000;0,000;0,000;12,683;4,000;3,000;

26674;2018.09.16 09:00:00;0,000;0,000;0,000;0,000;0,000;12,683;4,000;3,000;

26675;2018.09.16 10:00:00;0,000;0,000;0,000;0,000;0,000;12,683;4,000;3,000;

26676;2018.09.16 11:00:00;0,000;0,000;0,000;0,000;0,000;12,683;4,000;3,000;

26677;2018.09.16 12:00:00;0,000;0,000;0,000;0,000;0,000;12,683;4,000;3,000;

26678;2018.09.16 13:00:00;0,000;0,000;0,000;0,000;0,000;12,683;4,000;3,000;

26679;2018.09.16 14:00:00;0,000;0,000;0,000;0,000;0,000;12,683;4,000;3,000;

26680;2018.09.16 15:00:00;0,000;0,000;0,000;0,000;0,000;12,683;4,000;3,000;

26681;2018.09.16 16:00:00;0,000;0,000;0,000;0,000;0,000;12,683;4,000;3,000;

26682;2018.09.16 17:00:00;0,000;0,000;0,000;0,000;0,000;12,683;4,000;3,000;

26683;2018.09.16 18:00:00;0,000;0,000;0,000;0,000;0,000;12,683;4,000;3,000;

26684;2018.09.16 19:00:00;0,000;0,000;0,000;0,000;0,000;12,683;4,000;3,000;

26685;2018.09.16 20:00:00;0,000;0,000;0,000;0,000;0,000;12,683;4,000;3,000;

26686;2018.09.16 21:00:00;0,000;0,000;0,000;0,000;0,000;12,683;4,000;3,000;

26687;2018.09.16 22:00:00;0,000;0,000;0,000;0,000;0,000;12,683;4,000;3,000;

26688;2018.09.16 23:00:00;0,000;0,000;0,000;0,000;0,000;12,683;4,000;3,000;

26689;2018.09.17 00:00:00;0,000;0,000;0,000;0,000;0,000;12,617;1,000;3,000;

26690;2018.09.17 01:00:00;0,000;0,000;0,000;0,000;0,000;12,617;1,000;3,000;

26691;2018.09.17 02:00:00;0,000;0,000;0,000;0,000;0,000;12,617;1,000;3,000;

26692;2018.09.17 03:00:00;0,000;0,000;0,000;0,000;0,000;12,617;1,000;3,000;

26693;2018.09.17 04:00:00;0,000;0,000;0,000;0,000;0,000;12,617;1,000;3,000;

26694;2018.09.17 05:00:00;0,000;0,000;0,000;0,000;0,000;12,617;1,000;3,000;

26695;2018.09.17 06:00:00;0,000;0,000;0,000;0,000;0,000;12,617;1,000;3,000;

26696;2018.09.17 07:00:00;0,000;0,000;0,000;0,000;0,000;12,617;1,000;3,000;

26697;2018.09.17 08:00:00;0,000;0,000;0,000;0,000;0,000;12,617;1,000;3,000;

26698;2018.09.17 09:00:00;0,000;0,000;0,000;0,000;0,000;12,617;1,000;3,000;

26699;2018.09.17 10:00:00;0,000;0,000;0,000;0,000;0,000;12,617;1,000;3,000;

26700;2018.09.17 11:00:00;0,000;0,000;0,000;0,000;0,000;12,617;1,000;3,000;

26701;2018.09.17 12:00:00;0,000;0,000;0,000;0,000;0,000;12,617;1,000;3,000;

26702;2018.09.17 13:00:00;0,000;0,000;0,000;0,000;0,000;12,617;1,000;3,000;

26703;2018.09.17 14:00:00;0,000;0,000;0,000;0,000;0,000;12,617;1,000;3,000;

26704;2018.09.17 15:00:00;0,000;0,000;0,000;0,000;0,000;12,617;1,000;3,000;

26705;2018.09.17 16:00:00;0,000;0,000;0,000;0,000;0,000;12,617;1,000;3,000;

26706;2018.09.17 17:00:00;0,000;0,000;0,000;0,000;0,000;12,617;1,000;3,000;

26707;2018.09.17 18:00:00;0,000;0,000;0,000;0,000;0,000;12,617;1,000;3,000;

26708;2018.09.17 19:00:00;0,000;0,000;0,000;0,000;0,000;12,617;1,000;3,000;

26709;2018.09.17 20:00:00;0,000;0,000;0,000;0,000;0,000;12,617;1,000;3,000;

26710;2018.09.17 21:00:00;0,000;0,000;0,000;0,000;0,000;12,617;1,000;3,000;

26711;2018.09.17 22:00:00;0,000;0,000;0,000;0,000;0,000;12,617;1,000;3,000;

26712;2018.09.17 23:00:00;0,000;0,000;0,000;0,000;0,000;12,617;1,000;3,000;

26713;2018.09.18 00:00:00;0,000;0,000;0,000;0,000;0,000;12,533;1,000;3,000;

26714;2018.09.18 01:00:00;0,000;0,000;0,000;0,000;0,000;12,533;1,000;3,000;

26715;2018.09.18 02:00:00;0,000;0,000;0,000;0,000;0,000;12,533;1,000;3,000;

26716;2018.09.18 03:00:00;0,000;0,000;0,000;0,000;0,000;12,533;1,000;3,000;

26717;2018.09.18 04:00:00;0,000;0,000;0,000;0,000;0,000;12,533;1,000;3,000;

26718;2018.09.18 05:00:00;0,000;0,000;0,000;0,000;0,000;12,533;1,000;3,000;

26719;2018.09.18 06:00:00;0,000;0,000;0,000;0,000;0,000;12,533;1,000;3,000;

26720;2018.09.18 07:00:00;0,000;0,000;0,000;0,000;0,000;12,533;1,000;3,000;

26721;2018.09.18 08:00:00;0,000;0,000;0,000;0,000;0,000;12,533;1,000;3,000;

26722;2018.09.18 09:00:00;0,000;0,000;0,000;0,000;0,000;12,533;1,000;3,000;

26723;2018.09.18 10:00:00;0,000;0,000;0,000;0,000;0,000;12,533;1,000;3,000;

26724;2018.09.18 11:00:00;0,000;0,000;0,000;0,000;0,000;12,533;1,000;3,000;

26725;2018.09.18 12:00:00;0,000;0,000;0,000;0,000;0,000;12,533;1,000;3,000;

26726;2018.09.18 13:00:00;0,000;0,000;0,000;0,000;0,000;12,533;1,000;3,000;

26727;2018.09.18 14:00:00;0,000;0,000;0,000;0,000;0,000;12,533;1,000;3,000;

26728;2018.09.18 15:00:00;0,000;0,000;0,000;0,000;0,000;12,533;1,000;3,000;

26729;2018.09.18 16:00:00;0,000;0,000;0,000;0,000;0,000;12,533;1,000;3,000;

26730;2018.09.18 17:00:00;0,000;0,000;0,000;0,000;0,000;12,533;1,000;3,000;

26731;2018.09.18 18:00:00;0,000;0,000;0,000;0,000;0,000;12,533;1,000;3,000;

26732;2018.09.18 19:00:00;0,000;0,000;0,000;0,000;0,000;12,533;1,000;3,000;

26733;2018.09.18 20:00:00;0,000;0,000;0,000;0,000;0,000;12,533;1,000;3,000;

26734;2018.09.18 21:00:00;0,000;0,000;0,000;0,000;0,000;12,533;1,000;3,000;

26735;2018.09.18 22:00:00;0,000;0,000;0,000;0,000;0,000;12,533;1,000;3,000;

26736;2018.09.18 23:00:00;0,000;0,000;0,000;0,000;0,000;12,533;1,000;3,000;

26737;2018.09.19 00:00:00;0,000;0,000;0,000;0,000;0,000;12,467;1,000;3,000;

26738;2018.09.19 01:00:00;0,000;0,000;0,000;0,000;0,000;12,467;1,000;3,000;

26739;2018.09.19 02:00:00;0,000;0,000;0,000;0,000;0,000;12,467;1,000;3,000;

26740;2018.09.19 03:00:00;0,000;0,000;0,000;0,000;0,000;12,467;1,000;3,000;

26741;2018.09.19 04:00:00;0,000;0,000;0,000;0,000;0,000;12,467;1,000;3,000;

26742;2018.09.19 05:00:00;0,000;0,000;0,000;0,000;0,000;12,467;1,000;3,000;

26743;2018.09.19 06:00:00;0,000;0,000;0,000;0,000;0,000;12,467;1,000;3,000;

26744;2018.09.19 07:00:00;0,000;0,000;0,000;0,000;0,000;12,467;1,000;3,000;

26745;2018.09.19 08:00:00;0,000;0,000;0,000;0,000;0,000;12,467;1,000;3,000;

26746;2018.09.19 09:00:00;0,000;0,000;0,000;0,000;0,000;12,467;1,000;3,000;

26747;2018.09.19 10:00:00;0,000;0,000;0,000;0,000;0,000;12,467;1,000;3,000;

26748;2018.09.19 11:00:00;0,139;0,000;0,000;0,000;0,000;12,467;1,000;3,000;

26749;2018.09.19 12:00:00;0,139;0,000;0,000;0,000;0,000;12,467;1,000;3,000;

26750;2018.09.19 13:00:00;0,000;0,000;0,000;0,000;0,000;12,467;1,000;3,000;

26751;2018.09.19 14:00:00;0,000;0,000;0,000;0,000;0,000;12,467;1,000;3,000;

26752;2018.09.19 15:00:00;0,000;0,000;0,000;0,000;0,000;12,467;1,000;3,000;

26753;2018.09.19 16:00:00;0,000;0,000;0,000;0,000;0,000;12,467;1,000;3,000;

26754;2018.09.19 17:00:00;0,000;0,000;0,000;0,000;0,000;12,467;1,000;3,000;

26755;2018.09.19 18:00:00;0,000;0,000;0,000;0,000;0,000;12,467;1,000;3,000;

26756;2018.09.19 19:00:00;0,000;0,000;0,000;0,000;0,000;12,467;1,000;3,000;

26757;2018.09.19 20:00:00;0,000;0,000;0,000;0,000;0,000;12,467;1,000;3,000;

26758;2018.09.19 21:00:00;0,000;0,000;0,000;0,000;0,000;12,467;1,000;3,000;

26759;2018.09.19 22:00:00;0,000;0,000;0,000;0,000;0,000;12,467;1,000;3,000;

26760;2018.09.19 23:00:00;0,000;0,000;0,000;0,000;0,000;12,467;1,000;3,000;

26761;2018.09.20 00:00:00;0,000;0,000;0,000;0,000;0,000;12,400;1,000;3,000;

26762;2018.09.20 01:00:00;0,000;0,000;0,000;0,000;0,000;12,400;1,000;3,000;

26763;2018.09.20 02:00:00;0,000;0,000;0,000;0,000;0,000;12,400;1,000;3,000;

26764;2018.09.20 03:00:00;0,000;0,000;0,000;0,000;0,000;12,400;1,000;3,000;

26765;2018.09.20 04:00:00;0,000;0,000;0,000;0,000;0,000;12,400;1,000;3,000;

26766;2018.09.20 05:00:00;0,000;0,000;0,000;0,000;0,000;12,400;1,000;3,000;

26767;2018.09.20 06:00:00;0,000;0,000;0,000;0,000;0,000;12,400;1,000;3,000;

26768;2018.09.20 07:00:00;0,000;0,000;0,000;0,000;0,000;12,400;1,000;3,000;

26769;2018.09.20 08:00:00;0,000;0,000;0,000;0,000;0,000;12,400;1,000;3,000;

26770;2018.09.20 09:00:00;0,000;0,000;0,000;0,000;0,000;12,400;1,000;3,000;

26771;2018.09.20 10:00:00;0,000;0,000;0,000;0,000;0,000;12,400;1,000;3,000;

26772;2018.09.20 11:00:00;0,000;0,000;0,000;0,000;0,000;12,400;1,000;3,000;

26773;2018.09.20 12:00:00;0,000;0,000;0,000;0,000;0,000;12,400;1,000;3,000;

26774;2018.09.20 13:00:00;0,000;0,000;0,000;0,000;0,000;12,400;1,000;3,000;

26775;2018.09.20 14:00:00;0,000;0,000;0,000;0,000;0,000;12,400;1,000;3,000;

26776;2018.09.20 15:00:00;0,000;0,000;0,000;0,000;0,000;12,400;1,000;3,000;

26777;2018.09.20 16:00:00;0,000;0,000;0,000;0,000;0,000;12,400;1,000;3,000;

26778;2018.09.20 17:00:00;0,000;0,000;0,000;0,000;0,000;12,400;1,000;3,000;

26779;2018.09.20 18:00:00;0,000;0,000;0,000;0,000;0,000;12,400;1,000;3,000;

26780;2018.09.20 19:00:00;0,000;0,000;0,000;0,000;0,000;12,400;1,000;3,000;

26781;2018.09.20 20:00:00;0,000;0,000;0,000;0,000;0,000;12,400;1,000;3,000;

26782;2018.09.20 21:00:00;0,000;0,000;0,000;0,000;0,000;12,400;1,000;3,000;

26783;2018.09.20 22:00:00;0,000;0,000;0,000;0,000;0,000;12,400;1,000;3,000;

26784;2018.09.20 23:00:00;0,000;0,000;0,000;0,000;0,000;12,400;1,000;3,000;

26785;2018.09.21 00:00:00;0,000;0,000;0,000;0,000;0,000;12,333;2,000;3,000;

26786;2018.09.21 01:00:00;0,000;0,000;0,000;0,000;0,000;12,333;2,000;3,000;

26787;2018.09.21 02:00:00;0,000;0,000;0,000;0,000;0,000;12,333;2,000;3,000;

26788;2018.09.21 03:00:00;0,000;0,000;0,000;0,000;0,000;12,333;2,000;3,000;

26789;2018.09.21 04:00:00;0,000;0,000;0,000;0,000;0,000;12,333;2,000;3,000;

26790;2018.09.21 05:00:00;0,000;0,000;0,000;0,000;0,000;12,333;2,000;3,000;

26791;2018.09.21 06:00:00;0,000;0,000;0,000;0,000;0,000;12,333;2,000;3,000;

26792;2018.09.21 07:00:00;0,000;0,000;0,000;0,000;0,000;12,333;2,000;3,000;

26793;2018.09.21 08:00:00;0,000;0,000;0,000;0,000;0,000;12,333;2,000;3,000;

26794;2018.09.21 09:00:00;0,000;0,000;0,000;0,000;0,000;12,333;2,000;3,000;

26795;2018.09.21 10:00:00;0,000;0,000;0,000;0,000;0,000;12,333;2,000;3,000;

26796;2018.09.21 11:00:00;0,000;0,000;0,000;0,000;0,000;12,333;2,000;3,000;

26797;2018.09.21 12:00:00;0,000;0,000;0,000;0,000;0,000;12,333;2,000;3,000;

26798;2018.09.21 13:00:00;0,000;0,000;0,000;0,000;0,000;12,333;2,000;3,000;

26799;2018.09.21 14:00:00;0,000;0,000;0,000;0,000;0,000;12,333;2,000;3,000;

26800;2018.09.21 15:00:00;0,000;0,000;0,000;0,000;0,000;12,333;2,000;3,000;

26801;2018.09.21 16:00:00;0,000;0,000;0,000;0,000;0,000;12,333;2,000;3,000;

26802;2018.09.21 17:00:00;0,000;0,000;0,000;0,000;0,000;12,333;2,000;3,000;

26803;2018.09.21 18:00:00;0,000;0,000;0,000;0,000;0,000;12,333;2,000;3,000;

26804;2018.09.21 19:00:00;0,000;0,000;0,000;0,000;0,000;12,333;2,000;3,000;

26805;2018.09.21 20:00:00;0,000;0,000;0,000;0,000;0,000;12,333;2,000;3,000;

26806;2018.09.21 21:00:00;0,000;0,000;0,000;0,000;0,000;12,333;2,000;3,000;

26807;2018.09.21 22:00:00;0,000;0,000;0,000;0,000;0,000;12,333;2,000;3,000;

26808;2018.09.21 23:00:00;0,000;0,000;0,000;0,000;0,000;12,333;2,000;3,000;

26809;2018.09.22 00:00:00;0,000;0,000;0,000;0,000;0,000;12,250;3,000;3,000;

26810;2018.09.22 01:00:00;0,000;0,000;0,000;0,000;0,000;12,250;3,000;3,000;

26811;2018.09.22 02:00:00;0,000;0,000;0,000;0,000;0,000;12,250;3,000;3,000;

26812;2018.09.22 03:00:00;0,000;0,000;0,000;0,000;0,000;12,250;3,000;3,000;

26813;2018.09.22 04:00:00;0,000;0,000;0,000;0,000;0,000;12,250;3,000;3,000;

26814;2018.09.22 05:00:00;0,000;0,000;0,000;0,000;0,000;12,250;3,000;3,000;

26815;2018.09.22 06:00:00;0,000;0,000;0,000;0,000;0,000;12,250;3,000;3,000;

26816;2018.09.22 07:00:00;0,000;0,000;0,000;0,000;0,000;12,250;3,000;3,000;

26817;2018.09.22 08:00:00;0,000;0,000;0,000;0,000;0,000;12,250;3,000;3,000;

26818;2018.09.22 09:00:00;0,000;0,000;0,000;0,000;0,000;12,250;3,000;3,000;

26819;2018.09.22 10:00:00;0,000;0,000;0,000;0,000;0,000;12,250;3,000;3,000;

26820;2018.09.22 11:00:00;0,000;0,000;0,000;0,000;0,000;12,250;3,000;3,000;

26821;2018.09.22 12:00:00;0,000;0,000;0,000;0,000;0,000;12,250;3,000;3,000;

26822;2018.09.22 13:00:00;0,000;0,000;0,000;0,000;0,000;12,250;3,000;3,000;

26823;2018.09.22 14:00:00;0,000;0,000;0,000;0,000;0,000;12,250;3,000;3,000;

26824;2018.09.22 15:00:00;0,000;0,000;0,000;0,000;0,000;12,250;3,000;3,000;

26825;2018.09.22 16:00:00;0,000;0,000;0,000;0,000;0,000;12,250;3,000;3,000;

26826;2018.09.22 17:00:00;0,000;0,000;0,000;0,000;0,000;12,250;3,000;3,000;

26827;2018.09.22 18:00:00;0,000;0,000;0,000;0,000;0,000;12,250;3,000;3,000;

26828;2018.09.22 19:00:00;0,000;0,000;0,000;0,000;0,000;12,250;3,000;3,000;

26829;2018.09.22 20:00:00;0,000;0,000;0,000;0,000;0,000;12,250;3,000;3,000;

26830;2018.09.22 21:00:00;0,000;0,000;0,000;0,000;0,000;12,250;3,000;3,000;

26831;2018.09.22 22:00:00;0,000;0,000;0,000;0,000;0,000;12,250;3,000;3,000;

26832;2018.09.22 23:00:00;0,000;0,000;0,000;0,000;0,000;12,250;3,000;3,000;

26833;2018.09.23 00:00:00;0,000;0,000;0,000;0,000;0,000;12,183;4,000;3,000;

26834;2018.09.23 01:00:00;0,000;0,000;0,000;0,000;0,000;12,183;4,000;3,000;

26835;2018.09.23 02:00:00;0,000;0,000;0,000;0,000;0,000;12,183;4,000;3,000;

26836;2018.09.23 03:00:00;0,000;0,000;0,000;0,000;0,000;12,183;4,000;3,000;

26837;2018.09.23 04:00:00;0,000;0,000;0,000;0,000;0,000;12,183;4,000;3,000;

26838;2018.09.23 05:00:00;0,000;0,000;0,000;0,000;0,000;12,183;4,000;3,000;

26839;2018.09.23 06:00:00;0,000;0,000;0,000;0,000;0,000;12,183;4,000;3,000;

26840;2018.09.23 07:00:00;0,000;0,000;0,000;0,000;0,000;12,183;4,000;3,000;

26841;2018.09.23 08:00:00;0,000;0,000;0,000;0,000;0,000;12,183;4,000;3,000;

26842;2018.09.23 09:00:00;0,000;0,000;0,000;0,000;0,000;12,183;4,000;3,000;

26843;2018.09.23 10:00:00;0,000;0,000;0,000;0,000;0,000;12,183;4,000;3,000;

26844;2018.09.23 11:00:00;0,000;0,000;0,000;0,000;0,000;12,183;4,000;3,000;

26845;2018.09.23 12:00:00;0,000;0,000;0,000;0,000;0,000;12,183;4,000;3,000;

26846;2018.09.23 13:00:00;0,000;0,000;0,000;0,000;0,000;12,183;4,000;3,000;

26847;2018.09.23 14:00:00;0,000;0,000;0,000;0,000;0,000;12,183;4,000;3,000;

26848;2018.09.23 15:00:00;0,000;0,000;0,000;0,000;0,000;12,183;4,000;3,000;

26849;2018.09.23 16:00:00;0,000;0,000;0,000;0,000;0,000;12,183;4,000;3,000;

26850;2018.09.23 17:00:00;0,000;0,000;0,000;0,000;0,000;12,183;4,000;3,000;

26851;2018.09.23 18:00:00;0,000;0,000;0,000;0,000;0,000;12,183;4,000;3,000;

26852;2018.09.23 19:00:00;0,000;0,000;0,000;0,000;0,000;12,183;4,000;3,000;

26853;2018.09.23 20:00:00;0,000;0,000;0,000;0,000;0,000;12,183;4,000;3,000;

26854;2018.09.23 21:00:00;0,000;0,000;0,000;0,000;0,000;12,183;4,000;3,000;

26855;2018.09.23 22:00:00;0,000;0,000;0,000;0,000;0,000;12,183;4,000;3,000;

26856;2018.09.23 23:00:00;0,000;0,000;0,000;0,000;0,000;12,183;4,000;3,000;

26857;2018.09.24 00:00:00;0,000;0,000;0,000;0,000;0,000;12,100;1,000;3,000;

26858;2018.09.24 01:00:00;0,000;0,000;0,000;0,000;0,000;12,100;1,000;3,000;

26859;2018.09.24 02:00:00;0,000;0,000;0,000;0,000;0,000;12,100;1,000;3,000;

26860;2018.09.24 03:00:00;0,000;0,000;0,000;0,000;0,000;12,100;1,000;3,000;

26861;2018.09.24 04:00:00;0,000;0,000;0,000;0,000;0,000;12,100;1,000;3,000;

26862;2018.09.24 05:00:00;0,000;0,000;0,000;0,000;0,000;12,100;1,000;3,000;

26863;2018.09.24 06:00:00;0,000;0,000;0,000;0,000;0,000;12,100;1,000;3,000;

26864;2018.09.24 07:00:00;0,000;0,000;0,000;0,000;0,000;12,100;1,000;3,000;

26865;2018.09.24 08:00:00;0,000;0,000;0,000;0,000;0,000;12,100;1,000;3,000;

26866;2018.09.24 09:00:00;0,000;0,000;0,000;0,000;0,000;12,100;1,000;3,000;

26867;2018.09.24 10:00:00;0,000;0,000;0,000;0,000;0,000;12,100;1,000;3,000;

26868;2018.09.24 11:00:00;0,000;0,000;0,000;0,000;0,000;12,100;1,000;3,000;

26869;2018.09.24 12:00:00;0,000;0,000;0,000;0,000;0,000;12,100;1,000;3,000;

26870;2018.09.24 13:00:00;0,000;0,000;0,000;0,000;0,000;12,100;1,000;3,000;

26871;2018.09.24 14:00:00;0,000;0,000;0,000;0,000;0,000;12,100;1,000;3,000;

26872;2018.09.24 15:00:00;0,000;0,000;0,000;0,000;0,000;12,100;1,000;3,000;

26873;2018.09.24 16:00:00;0,000;0,000;0,000;0,000;0,000;12,100;1,000;3,000;

26874;2018.09.24 17:00:00;0,000;0,000;0,000;0,000;0,000;12,100;1,000;3,000;

26875;2018.09.24 18:00:00;0,000;0,000;0,000;0,000;0,000;12,100;1,000;3,000;

26876;2018.09.24 19:00:00;0,000;0,000;0,000;0,000;0,000;12,100;1,000;3,000;

26877;2018.09.24 20:00:00;0,000;0,000;0,000;0,000;0,000;12,100;1,000;3,000;

26878;2018.09.24 21:00:00;0,000;0,000;0,000;0,000;0,000;12,100;1,000;3,000;

26879;2018.09.24 22:00:00;0,000;0,000;0,000;0,000;0,000;12,100;1,000;3,000;

26880;2018.09.24 23:00:00;0,000;0,000;0,000;0,000;0,000;12,100;1,000;3,000;

26881;2018.09.25 00:00:00;0,000;0,000;0,000;0,000;0,000;12,050;1,000;3,000;

26882;2018.09.25 01:00:00;0,000;0,000;0,000;0,000;0,000;12,050;1,000;3,000;

26883;2018.09.25 02:00:00;0,000;0,000;0,000;0,000;0,000;12,050;1,000;3,000;

26884;2018.09.25 03:00:00;0,000;0,000;0,000;0,000;0,000;12,050;1,000;3,000;

26885;2018.09.25 04:00:00;0,000;0,000;0,000;0,000;0,000;12,050;1,000;3,000;

26886;2018.09.25 05:00:00;0,000;0,000;0,000;0,000;0,000;12,050;1,000;3,000;

26887;2018.09.25 06:00:00;0,000;0,000;0,000;0,000;0,000;12,050;1,000;3,000;

26888;2018.09.25 07:00:00;0,000;0,000;0,000;0,000;0,000;12,050;1,000;3,000;

26889;2018.09.25 08:00:00;0,000;0,000;0,000;0,000;0,000;12,050;1,000;3,000;

26890;2018.09.25 09:00:00;0,000;0,000;0,000;0,000;0,000;12,050;1,000;3,000;

26891;2018.09.25 10:00:00;0,000;0,000;0,000;0,000;0,000;12,050;1,000;3,000;

26892;2018.09.25 11:00:00;0,000;0,000;0,000;0,000;0,000;12,050;1,000;3,000;

26893;2018.09.25 12:00:00;0,000;0,000;0,000;0,000;0,000;12,050;1,000;3,000;

26894;2018.09.25 13:00:00;0,000;0,000;0,000;0,000;0,000;12,050;1,000;3,000;

26895;2018.09.25 14:00:00;14,723;0,000;0,000;0,000;0,000;12,050;1,000;3,000;

26896;2018.09.25 15:00:00;33,753;0,000;0,000;0,000;0,000;12,050;1,000;3,000;

26897;2018.09.25 16:00:00;21,946;0,000;0,000;0,000;0,000;12,050;1,000;3,000;

26898;2018.09.25 17:00:00;18,890;0,000;0,000;0,000;0,000;12,050;1,000;3,000;

26899;2018.09.25 18:00:00;19,585;0,000;0,000;0,000;0,000;12,050;1,000;3,000;

26900;2018.09.25 19:00:00;20,418;0,000;0,000;0,000;0,000;12,050;1,000;3,000;

26901;2018.09.25 20:00:00;21,529;0,000;0,000;0,000;0,000;12,050;1,000;3,000;

26902;2018.09.25 21:00:00;22,085;0,000;0,000;0,000;0,000;12,050;1,000;3,000;

26903;2018.09.25 22:00:00;21,668;0,000;0,000;0,000;0,000;12,050;1,000;3,000;

26904;2018.09.25 23:00:00;21,946;0,000;0,000;0,000;0,000;12,050;1,000;3,000;

26905;2018.09.26 00:00:00;21,807;0,000;0,000;0,000;0,000;11,967;1,000;3,000;

26906;2018.09.26 01:00:00;25,280;0,000;0,000;0,000;0,000;11,967;1,000;3,000;

26907;2018.09.26 02:00:00;24,308;0,000;0,000;0,000;0,000;11,967;1,000;3,000;

26908;2018.09.26 03:00:00;25,419;0,000;0,000;0,000;0,000;11,967;1,000;3,000;

26909;2018.09.26 04:00:00;24,863;0,000;0,000;0,000;0,000;11,967;1,000;3,000;

26910;2018.09.26 05:00:00;26,391;0,000;0,000;0,000;0,000;11,967;1,000;3,000;

26911;2018.09.26 06:00:00;26,391;0,000;0,000;0,000;0,000;11,967;1,000;3,000;

26912;2018.09.26 07:00:00;23,127;0,000;0,000;0,000;0,000;11,967;1,000;3,000;

26913;2018.09.26 08:00:00;22,762;0,000;0,000;0,000;0,000;11,967;1,000;3,000;

26914;2018.09.26 09:00:00;21,061;0,000;0,000;0,000;0,000;11,967;1,000;3,000;

26915;2018.09.26 10:00:00;19,446;0,000;0,000;0,000;0,000;11,967;1,000;3,000;

26916;2018.09.26 11:00:00;18,563;0,000;0,000;0,000;0,000;11,967;1,000;3,000;

26917;2018.09.26 12:00:00;17,968;0,000;0,000;0,000;0,000;11,967;1,000;3,000;

26918;2018.09.26 13:00:00;16,529;0,000;0,000;0,000;0,000;11,967;1,000;3,000;

26919;2018.09.26 14:00:00;16,390;0,000;0,000;0,000;0,000;11,967;1,000;3,000;

26920;2018.09.26 15:00:00;15,696;0,000;0,000;0,000;0,000;11,967;1,000;3,000;

26921;2018.09.26 16:00:00;14,446;0,000;0,000;0,000;0,000;11,967;1,000;3,000;

26922;2018.09.26 17:00:00;14,168;0,000;0,000;0,000;0,000;11,967;1,000;3,000;

26923;2018.09.26 18:00:00;13,473;0,000;0,000;0,000;0,000;11,967;1,000;3,000;

26924;2018.09.26 19:00:00;12,501;0,000;0,000;0,000;0,000;11,967;1,000;3,000;

26925;2018.09.26 20:00:00;12,640;0,000;0,000;0,000;0,000;11,967;1,000;3,000;

26926;2018.09.26 21:00:00;12,640;0,000;0,000;0,000;0,000;11,967;1,000;3,000;

26927;2018.09.26 22:00:00;12,223;0,000;0,000;0,000;0,000;11,967;1,000;3,000;

26928;2018.09.26 23:00:00;10,834;0,000;0,000;0,000;0,000;11,967;1,000;3,000;

26929;2018.09.27 00:00:00;10,695;0,000;0,000;0,000;0,000;11,900;1,000;3,000;

26930;2018.09.27 01:00:00;10,973;0,000;0,000;0,000;0,000;11,900;1,000;3,000;

26931;2018.09.27 02:00:00;11,668;0,000;0,000;0,000;0,000;11,900;1,000;3,000;

26932;2018.09.27 03:00:00;11,112;0,000;0,000;0,000;0,000;11,900;1,000;3,000;

26933;2018.09.27 04:00:00;11,390;0,000;0,000;0,000;0,000;11,900;1,000;3,000;

26934;2018.09.27 05:00:00;12,640;0,000;0,000;0,000;0,000;11,900;1,000;3,000;

26935;2018.09.27 06:00:00;12,362;0,000;0,000;0,000;0,000;11,900;1,000;3,000;

26936;2018.09.27 07:00:00;12,223;0,000;0,000;0,000;0,000;11,900;1,000;3,000;

26937;2018.09.27 08:00:00;12,084;0,000;0,000;0,000;0,000;11,900;1,000;3,000;

26938;2018.09.27 09:00:00;11,668;0,000;0,000;0,000;0,000;11,900;1,000;3,000;

26939;2018.09.27 10:00:00;11,251;0,000;0,000;0,000;0,000;11,900;1,000;3,000;

26940;2018.09.27 11:00:00;10,556;0,000;0,000;0,000;0,000;11,900;1,000;3,000;

26941;2018.09.27 12:00:00;10,140;0,000;0,000;0,000;0,000;11,900;1,000;3,000;

26942;2018.09.27 13:00:00;9,167;0,000;0,000;0,000;0,000;11,900;1,000;3,000;

26943;2018.09.27 14:00:00;8,473;0,000;0,000;0,000;0,000;11,900;1,000;3,000;

26944;2018.09.27 15:00:00;8,138;0,000;0,000;0,000;0,000;11,900;1,000;3,000;

26945;2018.09.27 16:00:00;7,002;0,000;0,000;0,000;0,000;11,900;1,000;3,000;

26946;2018.09.27 17:00:00;6,251;0,000;0,000;0,000;0,000;11,900;1,000;3,000;

26947;2018.09.27 18:00:00;6,251;0,000;0,000;0,000;0,000;11,900;1,000;3,000;

26948;2018.09.27 19:00:00;7,198;0,000;0,000;0,000;0,000;11,900;1,000;3,000;

26949;2018.09.27 20:00:00;6,943;0,000;0,000;0,000;0,000;11,900;1,000;3,000;

26950;2018.09.27 21:00:00;7,003;0,000;0,000;0,000;0,000;11,900;1,000;3,000;

26951;2018.09.27 22:00:00;7,377;0,000;0,000;0,000;0,000;11,900;1,000;3,000;

26952;2018.09.27 23:00:00;6,926;0,000;0,000;0,000;0,000;11,900;1,000;3,000;

26953;2018.09.28 00:00:00;7,104;0,000;0,000;0,000;0,000;11,817;2,000;3,000;

26954;2018.09.28 01:00:00;7,847;0,000;0,000;0,000;0,000;11,817;2,000;3,000;

26955;2018.09.28 02:00:00;7,652;0,000;0,000;0,000;0,000;11,817;2,000;3,000;

26956;2018.09.28 03:00:00;7,677;0,000;0,000;0,000;0,000;11,817;2,000;3,000;

26957;2018.09.28 04:00:00;9,189;0,000;0,000;0,000;0,000;11,817;2,000;3,000;

26958;2018.09.28 05:00:00;9,563;0,000;0,000;0,000;0,000;11,817;2,000;3,000;

26959;2018.09.28 06:00:00;11,084;0,000;0,000;0,000;0,000;11,817;2,000;3,000;

26960;2018.09.28 07:00:00;11,945;0,000;0,000;0,000;0,000;11,817;2,000;3,000;

26961;2018.09.28 08:00:00;12,154;0,000;0,000;0,000;0,000;11,817;2,000;3,000;

26962;2018.09.28 09:00:00;12,432;0,000;0,000;0,000;0,000;11,817;2,000;3,000;

26963;2018.09.28 10:00:00;12,248;0,000;0,000;0,000;0,000;11,817;2,000;3,000;

26964;2018.09.28 11:00:00;11,652;0,000;0,000;0,000;0,000;11,817;2,000;3,000;

26965;2018.09.28 12:00:00;12,149;0,000;0,000;0,000;0,000;11,817;2,000;3,000;

26966;2018.09.28 13:00:00;12,117;0,000;0,000;0,000;0,000;11,817;2,000;3,000;

26967;2018.09.28 14:00:00;11,209;0,000;0,000;0,000;0,000;11,817;2,000;3,000;

26968;2018.09.28 15:00:00;11,454;0,000;0,000;0,000;0,000;11,817;2,000;3,000;

26969;2018.09.28 16:00:00;11,650;0,000;0,000;0,000;0,000;11,817;2,000;3,000;

26970;2018.09.28 17:00:00;12,945;0,000;0,000;0,000;0,000;11,817;2,000;3,000;

26971;2018.09.28 18:00:00;13,890;0,000;0,000;0,000;0,000;11,817;2,000;3,000;

26972;2018.09.28 19:00:00;14,029;0,000;0,000;0,000;0,000;11,817;2,000;3,000;

26973;2018.09.28 20:00:00;14,168;0,000;0,000;0,000;0,000;11,817;2,000;3,000;

26974;2018.09.28 21:00:00;10,973;0,000;0,000;0,000;0,000;11,817;2,000;3,000;

26975;2018.09.28 22:00:00;0,000;0,000;0,000;0,000;0,000;11,817;2,000;3,000;

26976;2018.09.28 23:00:00;0,000;0,000;0,000;0,000;0,000;11,817;2,000;3,000;

26977;2018.09.29 00:00:00;0,000;0,000;0,000;0,000;0,000;11,750;3,000;3,000;

26978;2018.09.29 01:00:00;0,000;0,000;0,000;0,000;0,000;11,750;3,000;3,000;

26979;2018.09.29 02:00:00;0,000;0,000;0,000;0,000;0,000;11,750;3,000;3,000;

26980;2018.09.29 03:00:00;0,000;0,000;0,000;0,000;0,000;11,750;3,000;3,000;

26981;2018.09.29 04:00:00;0,000;0,000;0,000;0,000;0,000;11,750;3,000;3,000;

26982;2018.09.29 05:00:00;0,000;0,000;0,000;0,000;0,000;11,750;3,000;3,000;

26983;2018.09.29 06:00:00;0,000;0,000;0,000;0,000;0,000;11,750;3,000;3,000;

26984;2018.09.29 07:00:00;0,000;0,000;0,000;0,000;0,000;11,750;3,000;3,000;

26985;2018.09.29 08:00:00;0,000;0,000;0,000;0,000;0,000;11,750;3,000;3,000;

26986;2018.09.29 09:00:00;0,000;0,000;0,000;0,000;0,000;11,750;3,000;3,000;

26987;2018.09.29 10:00:00;0,000;0,000;0,000;0,000;0,000;11,750;3,000;3,000;

26988;2018.09.29 11:00:00;0,000;0,000;0,000;0,000;0,000;11,750;3,000;3,000;

26989;2018.09.29 12:00:00;0,000;0,000;0,000;0,000;0,000;11,750;3,000;3,000;

26990;2018.09.29 13:00:00;0,000;0,000;0,000;0,000;0,000;11,750;3,000;3,000;

26991;2018.09.29 14:00:00;0,000;0,000;0,000;0,000;0,000;11,750;3,000;3,000;

26992;2018.09.29 15:00:00;0,000;0,000;0,000;0,000;0,000;11,750;3,000;3,000;

26993;2018.09.29 16:00:00;0,000;0,000;0,000;0,000;0,000;11,750;3,000;3,000;

26994;2018.09.29 17:00:00;0,000;0,000;0,000;0,000;0,000;11,750;3,000;3,000;

26995;2018.09.29 18:00:00;0,000;0,000;0,000;0,000;0,000;11,750;3,000;3,000;

26996;2018.09.29 19:00:00;0,000;0,000;0,000;0,000;0,000;11,750;3,000;3,000;

26997;2018.09.29 20:00:00;0,000;0,000;0,000;0,000;0,000;11,750;3,000;3,000;

26998;2018.09.29 21:00:00;0,000;0,000;0,000;0,000;0,000;11,750;3,000;3,000;

26999;2018.09.29 22:00:00;0,000;0,000;0,000;0,000;0,000;11,750;3,000;3,000;

27000;2018.09.29 23:00:00;0,000;0,000;0,000;0,000;0,000;11,750;3,000;3,000;

27001;2018.09.30 00:00:00;0,000;0,000;0,000;0,000;0,000;11,667;4,000;3,000;

27002;2018.09.30 01:00:00;0,000;0,000;0,000;0,000;0,000;11,667;4,000;3,000;

27003;2018.09.30 02:00:00;0,000;0,000;0,000;0,000;0,000;11,667;4,000;3,000;

27004;2018.09.30 03:00:00;0,000;0,000;0,000;0,000;0,000;11,667;4,000;3,000;

27005;2018.09.30 04:00:00;0,000;0,000;0,000;0,000;0,000;11,667;4,000;3,000;

27006;2018.09.30 05:00:00;0,000;0,000;0,000;0,000;0,000;11,667;4,000;3,000;

27007;2018.09.30 06:00:00;0,000;0,000;0,000;0,000;0,000;11,667;4,000;3,000;

27008;2018.09.30 07:00:00;0,000;0,000;0,000;0,000;0,000;11,667;4,000;3,000;

27009;2018.09.30 08:00:00;0,000;0,000;0,000;0,000;0,000;11,667;4,000;3,000;

27010;2018.09.30 09:00:00;0,000;0,000;0,000;0,000;0,000;11,667;4,000;3,000;

27011;2018.09.30 10:00:00;0,000;13,860;0,000;0,000;0,000;11,667;4,000;3,000;

27012;2018.09.30 11:00:00;0,000;14,855;0,000;0,000;0,000;11,667;4,000;3,000;

27013;2018.09.30 12:00:00;0,000;17,048;0,000;0,000;0,000;11,667;4,000;3,000;

27014;2018.09.30 13:00:00;0,000;17,151;0,000;0,000;0,000;11,667;4,000;3,000;

27015;2018.09.30 14:00:00;0,000;17,073;0,000;0,000;0,000;11,667;4,000;3,000;

27016;2018.09.30 15:00:00;0,000;16,392;0,000;0,000;0,000;11,667;4,000;3,000;

27017;2018.09.30 16:00:00;0,000;15,748;0,000;0,000;0,000;11,667;4,000;3,000;

27018;2018.09.30 17:00:00;0,000;15,227;0,000;0,000;0,000;11,667;4,000;3,000;

27019;2018.09.30 18:00:00;0,000;11,645;0,000;0,000;0,000;11,667;4,000;3,000;

27020;2018.09.30 19:00:00;0,000;8,535;0,000;0,000;0,000;11,667;4,000;3,000;

27021;2018.09.30 20:00:00;0,000;6,967;0,000;0,000;0,000;11,667;4,000;3,000;

27022;2018.09.30 21:00:00;0,000;6,020;0,000;0,000;0,000;11,667;4,000;3,000;

27023;2018.09.30 22:00:00;0,000;5,303;0,000;0,000;0,000;11,667;4,000;3,000;

27024;2018.09.30 23:00:00;0,000;4,732;0,000;0,000;0,000;11,667;4,000;3,000;

27025;2018.10.01 00:00:00;0,000;4,004;0,000;0,000;0,000;11,617;1,000;3,000;

27026;2018.10.01 01:00:00;0,000;3,175;0,000;0,000;0,000;11,617;1,000;3,000;

27027;2018.10.01 02:00:00;0,000;2,615;0,000;0,000;0,000;11,617;1,000;3,000;

27028;2018.10.01 03:00:00;0,000;2,163;0,000;0,000;0,000;11,617;1,000;3,000;

27029;2018.10.01 04:00:00;0,000;1,659;0,000;0,000;0,000;11,617;1,000;3,000;

27030;2018.10.01 05:00:00;0,000;2,459;0,000;0,000;0,000;11,617;1,000;3,000;

27031;2018.10.01 06:00:00;0,000;2,320;0,000;0,000;0,000;11,617;1,000;3,000;

27032;2018.10.01 07:00:00;0,000;2,479;0,000;0,000;0,000;11,617;1,000;3,000;

27033;2018.10.01 08:00:00;0,000;5,309;0,000;0,000;0,000;11,617;1,000;3,000;

27034;2018.10.01 09:00:00;0,000;9,450;0,000;0,000;0,000;11,617;1,000;3,000;

27035;2018.10.01 10:00:00;0,000;13,367;0,000;0,000;0,000;11,617;1,000;3,000;

27036;2018.10.01 11:00:00;0,000;16,405;0,000;0,000;0,000;11,617;1,000;3,000;

27037;2018.10.01 12:00:00;2,639;17,905;0,000;0,000;0,000;11,617;1,000;3,000;

27038;2018.10.01 13:00:00;10,834;18,060;0,000;0,000;0,000;11,617;1,000;3,000;

27039;2018.10.01 14:00:00;9,445;18,123;0,000;0,000;0,000;11,617;1,000;3,000;

27040;2018.10.01 15:00:00;9,167;15,824;0,000;0,000;0,000;11,617;1,000;3,000;

27041;2018.10.01 16:00:00;8,751;14,635;0,000;0,000;0,000;11,617;1,000;3,000;

27042;2018.10.01 17:00:00;10,140;11,718;0,000;0,000;0,000;11,617;1,000;3,000;

27043;2018.10.01 18:00:00;10,001;11,394;0,000;0,000;0,000;11,617;1,000;3,000;

27044;2018.10.01 19:00:00;10,001;10,935;0,000;0,000;0,000;11,617;1,000;3,000;

27045;2018.10.01 20:00:00;10,001;10,468;0,000;0,000;0,000;11,617;1,000;3,000;

27046;2018.10.01 21:00:00;10,279;9,475;0,000;0,000;0,000;11,617;1,000;3,000;

27047;2018.10.01 22:00:00;10,834;8,531;0,000;0,000;0,000;11,617;1,000;3,000;

27048;2018.10.01 23:00:00;11,251;8,884;0,000;0,000;0,000;11,617;1,000;3,000;

27049;2018.10.02 00:00:00;9,445;9,094;0,000;0,000;0,000;11,533;1,000;3,000;

27050;2018.10.02 01:00:00;11,668;8,905;0,000;0,000;0,000;11,533;1,000;3,000;

27051;2018.10.02 02:00:00;11,485;8,196;0,000;0,000;0,000;11,533;1,000;3,000;

27052;2018.10.02 03:00:00;12,146;6,434;0,000;0,000;0,000;11,533;1,000;3,000;

27053;2018.10.02 04:00:00;13,547;6,620;0,000;0,000;0,000;11,533;1,000;3,000;

27054;2018.10.02 05:00:00;15,362;7,363;0,000;0,000;0,000;11,533;1,000;3,000;

27055;2018.10.02 06:00:00;15,685;7,619;0,000;0,000;0,000;11,533;1,000;3,000;

27056;2018.10.02 07:00:00;14,558;7,795;0,000;0,000;0,000;11,533;1,000;3,000;

27057;2018.10.02 08:00:00;14,585;8,223;0,000;0,000;0,000;11,533;1,000;3,000;

27058;2018.10.02 09:00:00;14,897;9,759;0,000;0,000;0,000;11,533;1,000;3,000;

27059;2018.10.02 10:00:00;14,151;10,752;0,000;0,000;0,000;11,533;1,000;3,000;

27060;2018.10.02 11:00:00;13,560;11,250;0,000;0,000;0,000;11,533;1,000;3,000;

27061;2018.10.02 12:00:00;13,448;12,425;0,000;0,000;0,000;11,533;1,000;3,000;

27062;2018.10.02 13:00:00;12,928;12,704;0,000;0,000;0,000;11,533;1,000;3,000;

27063;2018.10.02 14:00:00;12,273;11,860;0,000;0,000;0,000;11,533;1,000;3,000;

27064;2018.10.02 15:00:00;11,668;11,246;0,000;0,000;0,000;11,533;1,000;3,000;

27065;2018.10.02 16:00:00;13,612;9,994;0,000;0,000;0,000;11,533;1,000;3,000;

27066;2018.10.02 17:00:00;12,735;8,640;0,000;0,000;0,000;11,533;1,000;3,000;

27067;2018.10.02 18:00:00;12,744;8,041;0,000;0,000;0,000;11,533;1,000;3,000;

27068;2018.10.02 19:00:00;12,857;8,182;0,000;0,000;0,000;11,533;1,000;3,000;

27069;2018.10.02 20:00:00;13,639;8,812;0,000;0,000;0,000;11,533;1,000;3,000;

27070;2018.10.02 21:00:00;12,891;9,221;0,000;0,000;0,000;11,533;1,000;3,000;

27071;2018.10.02 22:00:00;11,945;9,283;0,000;0,000;0,000;11,533;1,000;3,000;

27072;2018.10.02 23:00:00;11,668;8,818;0,000;0,000;0,000;11,533;1,000;3,000;

27073;2018.10.03 00:00:00;9,723;8,947;0,000;0,000;0,000;11,467;1,000;3,000;

27074;2018.10.03 01:00:00;12,918;9,113;0,000;0,000;0,000;11,467;1,000;3,000;

27075;2018.10.03 02:00:00;11,945;9,269;0,000;0,000;0,000;11,467;1,000;3,000;

27076;2018.10.03 03:00:00;12,223;9,655;0,000;0,000;0,000;11,467;1,000;3,000;

27077;2018.10.03 04:00:00;12,779;8,979;0,000;0,000;0,000;11,467;1,000;3,000;

27078;2018.10.03 05:00:00;12,779;8,962;0,000;0,000;0,000;11,467;1,000;3,000;

27079;2018.10.03 06:00:00;13,057;8,882;0,000;0,000;0,000;11,467;1,000;3,000;

27080;2018.10.03 07:00:00;13,057;9,059;0,000;0,000;0,000;11,467;1,000;3,000;

27081;2018.10.03 08:00:00;12,918;9,668;0,000;0,000;0,000;11,467;1,000;3,000;

27082;2018.10.03 09:00:00;13,563;10,214;0,000;0,000;0,000;11,467;1,000;3,000;

27083;2018.10.03 10:00:00;13,634;11,696;0,000;0,000;0,000;11,467;1,000;3,000;

27084;2018.10.03 11:00:00;12,520;12,424;0,000;0,000;0,000;11,467;1,000;3,000;

27085;2018.10.03 12:00:00;12,094;12,279;0,000;0,000;0,000;11,467;1,000;3,000;

27086;2018.10.03 13:00:00;11,591;12,959;0,000;0,000;0,000;11,467;1,000;3,000;

27087;2018.10.03 14:00:00;10,525;13,589;0,000;0,000;0,000;11,467;1,000;3,000;

27088;2018.10.03 15:00:00;10,117;14,076;0,000;0,000;0,000;11,467;1,000;3,000;

27089;2018.10.03 16:00:00;9,992;12,358;0,000;0,000;0,000;11,467;1,000;3,000;

27090;2018.10.03 17:00:00;10,556;11,931;0,000;0,000;0,000;11,467;1,000;3,000;

27091;2018.10.03 18:00:00;10,834;10,636;0,000;0,000;0,000;11,467;1,000;3,000;

27092;2018.10.03 19:00:00;11,390;10,202;0,000;0,000;0,000;11,467;1,000;3,000;

27093;2018.10.03 20:00:00;10,973;8,928;0,000;0,000;0,000;11,467;1,000;3,000;

27094;2018.10.03 21:00:00;11,390;7,853;0,000;0,000;0,000;11,467;1,000;3,000;

27095;2018.10.03 22:00:00;11,251;8,878;0,000;0,000;0,000;11,467;1,000;3,000;

27096;2018.10.03 23:00:00;12,084;9,203;0,000;0,000;0,000;11,467;1,000;3,000;

27097;2018.10.04 00:00:00;10,556;8,891;0,000;0,000;0,000;11,383;1,000;3,000;

27098;2018.10.04 01:00:00;11,807;8,095;0,000;0,000;0,000;11,383;1,000;3,000;

27099;2018.10.04 02:00:00;11,807;8,238;0,000;0,000;0,000;11,383;1,000;3,000;

27100;2018.10.04 03:00:00;11,797;8,027;0,000;0,000;0,000;11,383;1,000;3,000;

27101;2018.10.04 04:00:00;12,103;8,147;0,000;0,000;0,000;11,383;1,000;3,000;

27102;2018.10.04 05:00:00;12,705;8,402;0,000;0,000;0,000;11,383;1,000;3,000;

27103;2018.10.04 06:00:00;13,408;8,161;0,000;0,000;0,000;11,383;1,000;3,000;

27104;2018.10.04 07:00:00;13,186;7,216;0,000;0,000;0,000;11,383;1,000;3,000;

27105;2018.10.04 08:00:00;13,195;8,524;0,000;0,000;0,000;11,383;1,000;3,000;

27106;2018.10.04 09:00:00;13,473;10,359;0,000;0,000;0,000;11,383;1,000;3,000;

27107;2018.10.04 10:00:00;12,501;12,185;0,000;0,000;0,000;11,383;1,000;3,000;

27108;2018.10.04 11:00:00;11,390;14,131;0,000;0,000;0,000;11,383;1,000;3,000;

27109;2018.10.04 12:00:00;10,417;15,212;0,000;0,000;0,000;11,383;1,000;3,000;

27110;2018.10.04 13:00:00;9,584;15,590;0,000;0,000;0,000;11,383;1,000;3,000;

27111;2018.10.04 14:00:00;8,881;14,398;0,000;0,000;0,000;11,383;1,000;3,000;

27112;2018.10.04 15:00:00;9,398;13,824;0,000;0,000;0,000;11,383;1,000;3,000;

27113;2018.10.04 16:00:00;8,927;13,053;0,000;0,000;0,000;11,383;1,000;3,000;

27114;2018.10.04 17:00:00;9,212;12,302;0,000;0,000;0,000;11,383;1,000;3,000;

27115;2018.10.04 18:00:00;9,919;11,719;0,000;0,000;0,000;11,383;1,000;3,000;

27116;2018.10.04 19:00:00;10,158;11,847;0,000;0,000;0,000;11,383;1,000;3,000;

27117;2018.10.04 20:00:00;9,880;11,861;0,000;0,000;0,000;11,383;1,000;3,000;

27118;2018.10.04 21:00:00;10,486;11,670;0,000;0,000;0,000;11,383;1,000;3,000;

27119;2018.10.04 22:00:00;9,554;11,888;0,000;0,000;0,000;11,383;1,000;3,000;

27120;2018.10.04 23:00:00;9,842;12,105;0,000;0,000;0,000;11,383;1,000;3,000;

27121;2018.10.05 00:00:00;7,621;12,255;0,000;0,000;0,000;11,317;2,000;3,000;

27122;2018.10.05 01:00:00;9,649;12,389;0,000;0,000;0,000;11,317;2,000;3,000;

27123;2018.10.05 02:00:00;10,195;12,407;0,000;0,000;0,000;11,317;2,000;3,000;

27124;2018.10.05 03:00:00;9,204;12,653;0,000;0,000;0,000;11,317;2,000;3,000;

27125;2018.10.05 04:00:00;9,686;12,677;0,000;0,000;0,000;11,317;2,000;3,000;

27126;2018.10.05 05:00:00;9,843;12,562;0,000;0,000;0,000;11,317;2,000;3,000;

27127;2018.10.05 06:00:00;10,001;12,935;0,000;0,000;0,000;11,317;2,000;3,000;

27128;2018.10.05 07:00:00;10,195;13,201;0,000;0,000;0,000;11,317;2,000;3,000;

27129;2018.10.05 08:00:00;9,167;13,975;0,000;0,000;0,000;11,317;2,000;3,000;

27130;2018.10.05 09:00:00;8,732;14,826;0,000;0,000;0,000;11,317;2,000;3,000;

27131;2018.10.05 10:00:00;8,612;15,816;0,000;0,000;0,000;11,317;2,000;3,000;

27132;2018.10.05 11:00:00;8,630;17,395;0,000;0,000;0,000;11,317;2,000;3,000;

27133;2018.10.05 12:00:00;7,890;18,553;0,000;0,000;0,000;11,317;2,000;3,000;

27134;2018.10.05 13:00:00;6,100;19,871;0,000;0,000;0,000;11,317;2,000;3,000;

27135;2018.10.05 14:00:00;6,021;19,675;0,000;0,000;0,000;11,317;2,000;3,000;

27136;2018.10.05 15:00:00;6,010;20,046;0,000;0,000;0,000;11,317;2,000;3,000;

27137;2018.10.05 16:00:00;4,843;19,541;0,000;0,000;0,000;11,317;2,000;3,000;

27138;2018.10.05 17:00:00;5,430;17,803;0,000;0,000;0,000;11,317;2,000;3,000;

27139;2018.10.05 18:00:00;5,840;15,435;0,000;0,000;0,000;11,317;2,000;3,000;

27140;2018.10.05 19:00:00;7,019;13,649;0,000;0,000;0,000;11,317;2,000;3,000;

27141;2018.10.05 20:00:00;6,954;12,986;0,000;0,000;0,000;11,317;2,000;3,000;

27142;2018.10.05 21:00:00;7,788;11,778;0,000;0,000;0,000;11,317;2,000;3,000;

27143;2018.10.05 22:00:00;8,070;11,186;0,000;0,000;0,000;11,317;2,000;3,000;

27144;2018.10.05 23:00:00;8,440;10,214;0,000;0,000;0,000;11,317;2,000;3,000;

27145;2018.10.06 00:00:00;8,582;10,031;0,000;0,000;0,000;11,233;3,000;3,000;

27146;2018.10.06 01:00:00;9,509;9,655;0,000;0,000;0,000;11,233;3,000;3,000;

27147;2018.10.06 02:00:00;9,125;9,079;0,000;0,000;0,000;11,233;3,000;3,000;

27148;2018.10.06 03:00:00;9,650;7,693;0,000;0,000;0,000;11,233;3,000;3,000;

27149;2018.10.06 04:00:00;10,796;7,706;0,000;0,000;0,000;11,233;3,000;3,000;

27150;2018.10.06 05:00:00;10,873;7,772;0,000;0,000;0,000;11,233;3,000;3,000;

27151;2018.10.06 06:00:00;11,486;7,283;0,000;0,000;0,000;11,233;3,000;3,000;

27152;2018.10.06 07:00:00;11,784;7,580;0,000;0,000;0,000;11,233;3,000;3,000;

27153;2018.10.06 08:00:00;11,945;10,452;0,000;0,000;0,000;11,233;3,000;3,000;

27154;2018.10.06 09:00:00;10,853;13,929;0,000;0,000;0,000;11,233;3,000;3,000;

27155;2018.10.06 10:00:00;10,090;15,983;0,000;0,000;0,000;11,233;3,000;3,000;

27156;2018.10.06 11:00:00;8,476;17,569;0,000;0,000;0,000;11,233;3,000;3,000;

27157;2018.10.06 12:00:00;7,936;18,789;0,000;0,000;0,000;11,233;3,000;3,000;

27158;2018.10.06 13:00:00;6,650;20,105;0,000;0,000;0,000;11,233;3,000;3,000;

27159;2018.10.06 14:00:00;6,026;20,820;0,000;0,000;0,000;11,233;3,000;3,000;

27160;2018.10.06 15:00:00;5,404;21,010;0,000;0,000;0,000;11,233;3,000;3,000;

27161;2018.10.06 16:00:00;5,114;20,021;0,000;0,000;0,000;11,233;3,000;3,000;

27162;2018.10.06 17:00:00;4,705;18,603;0,000;0,000;0,000;11,233;3,000;3,000;

27163;2018.10.06 18:00:00;5,573;15,122;0,000;0,000;0,000;11,233;3,000;3,000;

27164;2018.10.06 19:00:00;6,215;12,792;0,000;0,000;0,000;11,233;3,000;3,000;

27165;2018.10.06 20:00:00;6,739;11,883;0,000;0,000;0,000;11,233;3,000;3,000;

27166;2018.10.06 21:00:00;7,142;11,614;0,000;0,000;0,000;11,233;3,000;3,000;

27167;2018.10.06 22:00:00;7,388;11,167;0,000;0,000;0,000;11,233;3,000;3,000;

27168;2018.10.06 23:00:00;7,836;10,801;0,000;0,000;0,000;11,233;3,000;3,000;

27169;2018.10.07 00:00:00;6,778;10,757;0,000;0,000;0,000;11,167;4,000;3,000;

27170;2018.10.07 01:00:00;7,445;10,065;0,000;0,000;0,000;11,167;4,000;3,000;

27171;2018.10.07 02:00:00;7,890;9,149;0,000;0,000;0,000;11,167;4,000;3,000;

27172;2018.10.07 03:00:00;9,056;9,447;0,000;0,000;0,000;11,167;4,000;3,000;

27173;2018.10.07 04:00:00;8,723;10,289;0,000;0,000;0,000;11,167;4,000;3,000;

27174;2018.10.07 05:00:00;8,334;9,918;0,000;0,000;0,000;11,167;4,000;3,000;

27175;2018.10.07 06:00:00;9,056;9,628;0,000;0,000;0,000;11,167;4,000;3,000;

27176;2018.10.07 07:00:00;9,445;10,626;0,000;0,000;0,000;11,167;4,000;3,000;

27177;2018.10.07 08:00:00;8,777;13,384;0,000;0,000;0,000;11,167;4,000;3,000;

27178;2018.10.07 09:00:00;10,712;13,291;0,000;0,000;0,000;11,167;4,000;3,000;

27179;2018.10.07 10:00:00;11,052;13,278;0,000;0,000;0,000;11,167;4,000;3,000;

27180;2018.10.07 11:00:00;9,740;12,631;0,000;0,000;0,000;11,167;4,000;3,000;

27181;2018.10.07 12:00:00;11,269;11,865;0,000;0,000;0,000;11,167;4,000;3,000;

27182;2018.10.07 13:00:00;10,219;10,565;0,000;0,000;0,000;11,167;4,000;3,000;

27183;2018.10.07 14:00:00;12,070;9,548;0,000;0,000;0,000;11,167;4,000;3,000;

27184;2018.10.07 15:00:00;11,327;9,199;0,000;0,000;0,000;11,167;4,000;3,000;

27185;2018.10.07 16:00:00;11,786;8,876;0,000;0,000;0,000;11,167;4,000;3,000;

27186;2018.10.07 17:00:00;12,501;8,666;0,000;0,000;0,000;11,167;4,000;3,000;

27187;2018.10.07 18:00:00;12,418;8,883;0,000;0,000;0,000;11,167;4,000;3,000;

27188;2018.10.07 19:00:00;11,822;9,016;0,000;0,000;0,000;11,167;4,000;3,000;

27189;2018.10.07 20:00:00;12,624;8,594;0,000;0,000;0,000;11,167;4,000;3,000;

27190;2018.10.07 21:00:00;12,060;6,980;0,000;0,000;0,000;11,167;4,000;3,000;

27191;2018.10.07 22:00:00;12,280;5,385;0,000;0,000;0,000;11,167;4,000;3,000;

27192;2018.10.07 23:00:00;12,826;4,268;0,000;0,000;0,000;11,167;4,000;3,000;

27193;2018.10.08 00:00:00;11,597;3,647;0,000;0,000;0,000;11,100;1,000;3,000;

27194;2018.10.08 01:00:00;14,381;2,805;0,000;0,000;0,000;11,100;1,000;3,000;

27195;2018.10.08 02:00:00;13,073;2,716;0,000;0,000;0,000;11,100;1,000;3,000;

27196;2018.10.08 03:00:00;14,652;2,128;0,000;0,000;0,000;11,100;1,000;3,000;

27197;2018.10.08 04:00:00;13,446;1,618;0,000;0,000;0,000;11,100;1,000;3,000;

27198;2018.10.08 05:00:00;14,191;1,230;0,000;0,000;0,000;11,100;1,000;3,000;

27199;2018.10.08 06:00:00;15,041;1,476;0,000;0,000;0,000;11,100;1,000;3,000;

27200;2018.10.08 07:00:00;14,550;1,999;0,000;0,000;0,000;11,100;1,000;3,000;

27201;2018.10.08 08:00:00;15,522;4,529;0,000;0,000;0,000;11,100;1,000;3,000;

27202;2018.10.08 09:00:00;15,129;7,724;0,000;0,000;0,000;11,100;1,000;3,000;

27203;2018.10.08 10:00:00;13,612;9,980;0,000;0,000;0,000;11,100;1,000;3,000;

27204;2018.10.08 11:00:00;12,501;11,031;0,000;0,000;0,000;11,100;1,000;3,000;

27205;2018.10.08 12:00:00;11,297;12,549;0,000;0,000;0,000;11,100;1,000;3,000;

27206;2018.10.08 13:00:00;11,297;13,538;0,000;0,000;0,000;11,100;1,000;3,000;

27207;2018.10.08 14:00:00;9,697;13,757;0,000;0,000;0,000;11,100;1,000;3,000;

27208;2018.10.08 15:00:00;10,768;13,895;0,000;0,000;0,000;11,100;1,000;3,000;

27209;2018.10.08 16:00:00;9,353;13,694;0,000;0,000;0,000;11,100;1,000;3,000;

27210;2018.10.08 17:00:00;9,848;12,204;0,000;0,000;0,000;11,100;1,000;3,000;

27211;2018.10.08 18:00:00;10,710;10,336;0,000;0,000;0,000;11,100;1,000;3,000;

27212;2018.10.08 19:00:00;9,633;9,334;0,000;0,000;0,000;11,100;1,000;3,000;

27213;2018.10.08 20:00:00;10,521;8,618;0,000;0,000;0,000;11,100;1,000;3,000;

27214;2018.10.08 21:00:00;11,145;7,816;0,000;0,000;0,000;11,100;1,000;3,000;

27215;2018.10.08 22:00:00;11,252;7,392;0,000;0,000;0,000;11,100;1,000;3,000;

27216;2018.10.08 23:00:00;11,871;7,565;0,000;0,000;0,000;11,100;1,000;3,000;

27217;2018.10.09 00:00:00;9,287;6,833;0,000;0,000;0,000;11,033;1,000;3,000;

27218;2018.10.09 01:00:00;12,038;5,993;0,000;0,000;0,000;11,033;1,000;3,000;

27219;2018.10.09 02:00:00;11,760;5,467;0,000;0,000;0,000;11,033;1,000;3,000;

27220;2018.10.09 03:00:00;12,131;5,387;0,000;0,000;0,000;11,033;1,000;3,000;

27221;2018.10.09 04:00:00;12,594;4,568;0,000;0,000;0,000;11,033;1,000;3,000;

27222;2018.10.09 05:00:00;12,964;4,450;0,000;0,000;0,000;11,033;1,000;3,000;

27223;2018.10.09 06:00:00;13,520;4,521;0,000;0,000;0,000;11,033;1,000;3,000;

27224;2018.10.09 07:00:00;13,473;4,747;0,000;0,000;0,000;11,033;1,000;3,000;

27225;2018.10.09 08:00:00;13,936;7,342;0,000;0,000;0,000;11,033;1,000;3,000;

27226;2018.10.09 09:00:00;13,334;10,308;0,000;0,000;0,000;11,033;1,000;3,000;

27227;2018.10.09 10:00:00;12,501;12,157;0,000;0,000;0,000;11,033;1,000;3,000;

27228;2018.10.09 11:00:00;11,019;14,350;0,000;0,000;0,000;11,033;1,000;3,000;

27229;2018.10.09 12:00:00;9,630;16,126;0,000;0,000;0,000;11,033;1,000;3,000;

27230;2018.10.09 13:00:00;9,445;17,578;0,000;0,000;0,000;11,033;1,000;3,000;

27231;2018.10.09 14:00:00;8,149;18,810;0,000;0,000;0,000;11,033;1,000;3,000;

27232;2018.10.09 15:00:00;7,315;18,465;0,000;0,000;0,000;11,033;1,000;3,000;

27233;2018.10.09 16:00:00;7,315;17,097;0,000;0,000;0,000;11,033;1,000;3,000;

27234;2018.10.09 17:00:00;7,234;15,032;0,000;0,000;0,000;11,033;1,000;3,000;

27235;2018.10.09 18:00:00;8,776;12,972;0,000;0,000;0,000;11,033;1,000;3,000;

27236;2018.10.09 19:00:00;10,010;11,266;0,000;0,000;0,000;11,033;1,000;3,000;

27237;2018.10.09 20:00:00;9,260;10,547;0,000;0,000;0,000;11,033;1,000;3,000;

27238;2018.10.09 21:00:00;8,797;10,087;0,000;0,000;0,000;11,033;1,000;3,000;

27239;2018.10.09 22:00:00;10,001;8,680;0,000;0,000;0,000;11,033;1,000;3,000;

27240;2018.10.09 23:00:00;9,445;7,736;0,000;0,000;0,000;11,033;1,000;3,000;

27241;2018.10.10 00:00:00;8,797;7,443;0,000;0,000;0,000;10,967;1,000;3,000;

27242;2018.10.10 01:00:00;10,371;7,358;0,000;0,000;0,000;10,967;1,000;3,000;

27243;2018.10.10 02:00:00;10,649;7,106;0,000;0,000;0,000;10,967;1,000;3,000;

27244;2018.10.10 03:00:00;10,834;6,368;0,000;0,000;0,000;10,967;1,000;3,000;

27245;2018.10.10 04:00:00;10,927;6,115;0,000;0,000;0,000;10,967;1,000;3,000;

27246;2018.10.10 05:00:00;11,205;5,799;0,000;0,000;0,000;10,967;1,000;3,000;

27247;2018.10.10 06:00:00;12,131;5,636;0,000;0,000;0,000;10,967;1,000;3,000;

27248;2018.10.10 07:00:00;11,853;5,909;0,000;0,000;0,000;10,967;1,000;3,000;

27249;2018.10.10 08:00:00;12,594;8,021;0,000;0,000;0,000;10,967;1,000;3,000;

27250;2018.10.10 09:00:00;11,853;12,213;0,000;0,000;0,000;10,967;1,000;3,000;

27251;2018.10.10 10:00:00;10,556;15,447;0,000;0,000;0,000;10,967;1,000;3,000;

27252;2018.10.10 11:00:00;10,001;18,984;0,000;0,000;0,000;10,967;1,000;3,000;

27253;2018.10.10 12:00:00;8,528;20,946;0,000;0,000;0,000;10,967;1,000;3,000;

27254;2018.10.10 13:00:00;7,214;22,075;0,000;0,000;0,000;10,967;1,000;3,000;

27255;2018.10.10 14:00:00;6,019;22,745;0,000;0,000;0,000;10,967;1,000;3,000;

27256;2018.10.10 15:00:00;5,371;22,617;0,000;0,000;0,000;10,967;1,000;3,000;

27257;2018.10.10 16:00:00;5,278;21,194;0,000;0,000;0,000;10,967;1,000;3,000;

27258;2018.10.10 17:00:00;4,723;18,673;0,000;0,000;0,000;10,967;1,000;3,000;

27259;2018.10.10 18:00:00;6,389;14,727;0,000;0,000;0,000;10,967;1,000;3,000;

27260;2018.10.10 19:00:00;7,871;13,457;0,000;0,000;0,000;10,967;1,000;3,000;

27261;2018.10.10 20:00:00;7,315;13,028;0,000;0,000;0,000;10,967;1,000;3,000;

27262;2018.10.10 21:00:00;8,056;12,495;0,000;0,000;0,000;10,967;1,000;3,000;

27263;2018.10.10 22:00:00;8,241;11,897;0,000;0,000;0,000;10,967;1,000;3,000;

27264;2018.10.10 23:00:00;8,890;10,727;0,000;0,000;0,000;10,967;1,000;3,000;

27265;2018.10.11 00:00:00;7,593;10,618;0,000;0,000;0,000;10,883;1,000;3,000;

27266;2018.10.11 01:00:00;9,630;9,529;0,000;0,000;0,000;10,883;1,000;3,000;

27267;2018.10.11 02:00:00;9,538;9,112;0,000;0,000;0,000;10,883;1,000;3,000;

27268;2018.10.11 03:00:00;9,723;9,953;0,000;0,000;0,000;10,883;1,000;3,000;

27269;2018.10.11 04:00:00;10,279;10,518;0,000;0,000;0,000;10,883;1,000;3,000;

27270;2018.10.11 05:00:00;9,630;10,664;0,000;0,000;0,000;10,883;1,000;3,000;

27271;2018.10.11 06:00:00;10,186;10,615;0,000;0,000;0,000;10,883;1,000;3,000;

27272;2018.10.11 07:00:00;10,279;10,564;0,000;0,000;0,000;10,883;1,000;3,000;

27273;2018.10.11 08:00:00;9,425;11,849;0,000;0,000;0,000;10,883;1,000;3,000;

27274;2018.10.11 09:00:00;10,206;14,248;0,000;0,000;0,000;10,883;1,000;3,000;

27275;2018.10.11 10:00:00;9,167;17,290;0,000;0,000;0,000;10,883;1,000;3,000;

27276;2018.10.11 11:00:00;7,964;19,488;0,000;0,000;0,000;10,883;1,000;3,000;

27277;2018.10.11 12:00:00;6,945;20,881;0,000;0,000;0,000;10,883;1,000;3,000;

27278;2018.10.11 13:00:00;6,112;22,160;0,000;0,000;0,000;10,883;1,000;3,000;

27279;2018.10.11 14:00:00;5,186;23,093;0,000;0,000;0,000;10,883;1,000;3,000;

27280;2018.10.11 15:00:00;4,260;22,850;0,000;0,000;0,000;10,883;1,000;3,000;

27281;2018.10.11 16:00:00;4,397;21,758;0,000;0,000;0,000;10,883;1,000;3,000;

27282;2018.10.11 17:00:00;4,493;20,039;0,000;0,000;0,000;10,883;1,000;3,000;

27283;2018.10.11 18:00:00;4,537;17,992;0,000;0,000;0,000;10,883;1,000;3,000;

27284;2018.10.11 19:00:00;5,058;17,435;0,000;0,000;0,000;10,883;1,000;3,000;

27285;2018.10.11 20:00:00;6,204;16,823;0,000;0,000;0,000;10,883;1,000;3,000;

27286;2018.10.11 21:00:00;6,980;15,582;0,000;0,000;0,000;10,883;1,000;3,000;

27287;2018.10.11 22:00:00;6,852;14,181;0,000;0,000;0,000;10,883;1,000;3,000;

27288;2018.10.11 23:00:00;7,408;13,694;0,000;0,000;0,000;10,883;1,000;3,000;

27289;2018.10.12 00:00:00;7,223;13,184;0,000;0,000;0,000;10,817;2,000;3,000;

27290;2018.10.12 01:00:00;7,778;12,537;0,000;0,000;0,000;10,817;2,000;3,000;

27291;2018.10.12 02:00:00;8,056;12,634;0,000;0,000;0,000;10,817;2,000;3,000;

27292;2018.10.12 03:00:00;9,353;12,238;0,000;0,000;0,000;10,817;2,000;3,000;

27293;2018.10.12 04:00:00;8,334;11,678;0,000;0,000;0,000;10,817;2,000;3,000;

27294;2018.10.12 05:00:00;9,167;12,017;0,000;0,000;0,000;10,817;2,000;3,000;

27295;2018.10.12 06:00:00;9,445;11,503;0,000;0,000;0,000;10,817;2,000;3,000;

27296;2018.10.12 07:00:00;9,167;10,968;0,000;0,000;0,000;10,817;2,000;3,000;

27297;2018.10.12 08:00:00;9,192;12,241;0,000;0,000;0,000;10,817;2,000;3,000;

27298;2018.10.12 09:00:00;8,356;14,873;0,000;0,000;0,000;10,817;2,000;3,000;

27299;2018.10.12 10:00:00;8,371;17,582;0,000;0,000;0,000;10,817;2,000;3,000;

27300;2018.10.12 11:00:00;7,699;20,260;0,000;0,000;0,000;10,817;2,000;3,000;

27301;2018.10.12 12:00:00;6,478;21,643;0,000;0,000;0,000;10,817;2,000;3,000;

27302;2018.10.12 13:00:00;4,989;22,816;0,000;0,000;0,000;10,817;2,000;3,000;

27303;2018.10.12 14:00:00;4,175;23,394;0,000;0,000;0,000;10,817;2,000;3,000;

27304;2018.10.12 15:00:00;3,985;23,246;0,000;0,000;0,000;10,817;2,000;3,000;

27305;2018.10.12 16:00:00;3,148;22,244;0,000;0,000;0,000;10,817;2,000;3,000;

27306;2018.10.12 17:00:00;3,645;19,777;0,000;0,000;0,000;10,817;2,000;3,000;

27307;2018.10.12 18:00:00;4,596;16,421;0,000;0,000;0,000;10,817;2,000;3,000;

27308;2018.10.12 19:00:00;2,188;14,095;0,000;0,000;0,000;10,817;2,000;3,000;

27309;2018.10.12 20:00:00;1,201;12,856;0,000;0,000;0,000;10,817;2,000;3,000;

27310;2018.10.12 21:00:00;0,941;11,855;0,000;0,000;0,000;10,817;2,000;3,000;

27311;2018.10.12 22:00:00;0,671;11,209;0,000;0,000;0,000;10,817;2,000;3,000;

27312;2018.10.12 23:00:00;0,432;10,753;0,000;0,000;0,000;10,817;2,000;3,000;

27313;2018.10.13 00:00:00;0,290;10,727;0,000;0,000;0,000;10,733;3,000;3,000;

27314;2018.10.13 01:00:00;0,111;10,641;0,000;0,000;0,000;10,733;3,000;3,000;

27315;2018.10.13 02:00:00;0,278;10,411;0,000;0,000;0,000;10,733;3,000;3,000;

27316;2018.10.13 03:00:00;0,000;9,845;0,000;0,000;0,000;10,733;3,000;3,000;

27317;2018.10.13 04:00:00;0,167;9,943;0,000;0,000;0,000;10,733;3,000;3,000;

27318;2018.10.13 05:00:00;0,111;9,909;0,000;0,000;0,000;10,733;3,000;3,000;

27319;2018.10.13 06:00:00;0,000;9,645;0,000;0,000;0,000;10,733;3,000;3,000;

27320;2018.10.13 07:00:00;8,473;9,729;0,000;0,000;0,000;10,733;3,000;3,000;

27321;2018.10.13 08:00:00;18,474;10,945;0,000;0,000;0,000;10,733;3,000;3,000;

27322;2018.10.13 09:00:00;10,973;13,561;0,000;0,000;0,000;10,733;3,000;3,000;

27323;2018.10.13 10:00:00;9,029;16,629;0,000;0,000;0,000;10,733;3,000;3,000;

27324;2018.10.13 11:00:00;8,751;19,409;0,000;0,000;0,000;10,733;3,000;3,000;

27325;2018.10.13 12:00:00;7,251;22,020;0,000;0,000;0,000;10,733;3,000;3,000;

27326;2018.10.13 13:00:00;5,291;23,340;0,000;0,000;0,000;10,733;3,000;3,000;

27327;2018.10.13 14:00:00;4,849;23,727;0,000;0,000;0,000;10,733;3,000;3,000;

27328;2018.10.13 15:00:00;4,005;23,550;0,000;0,000;0,000;10,733;3,000;3,000;

27329;2018.10.13 16:00:00;3,674;22,482;0,000;0,000;0,000;10,733;3,000;3,000;

27330;2018.10.13 17:00:00;3,674;19,489;0,000;0,000;0,000;10,733;3,000;3,000;

27331;2018.10.13 18:00:00;4,760;15,924;0,000;0,000;0,000;10,733;3,000;3,000;

27332;2018.10.13 19:00:00;5,871;13,441;0,000;0,000;0,000;10,733;3,000;3,000;

27333;2018.10.13 20:00:00;6,149;11,818;0,000;0,000;0,000;10,733;3,000;3,000;

27334;2018.10.13 21:00:00;7,695;10,573;0,000;0,000;0,000;10,733;3,000;3,000;

27335;2018.10.13 22:00:00;8,149;10,637;0,000;0,000;0,000;10,733;3,000;3,000;

27336;2018.10.13 23:00:00;7,914;10,954;0,000;0,000;0,000;10,733;3,000;3,000;

27337;2018.10.14 00:00:00;7,152;11,478;0,000;0,000;0,000;10,667;4,000;3,000;

27338;2018.10.14 01:00:00;8,911;11,613;0,000;0,000;0,000;10,667;4,000;3,000;

27339;2018.10.14 02:00:00;8,026;11,406;0,000;0,000;0,000;10,667;4,000;3,000;

27340;2018.10.14 03:00:00;8,890;11,544;0,000;0,000;0,000;10,667;4,000;3,000;

27341;2018.10.14 04:00:00;8,667;10,080;0,000;0,000;0,000;10,667;4,000;3,000;

27342;2018.10.14 05:00:00;8,945;11,287;0,000;0,000;0,000;10,667;4,000;3,000;

27343;2018.10.14 06:00:00;8,834;10,937;0,000;0,000;0,000;10,667;4,000;3,000;

27344;2018.10.14 07:00:00;9,465;10,281;0,000;0,000;0,000;10,667;4,000;3,000;

27345;2018.10.14 08:00:00;9,657;11,880;0,000;0,000;0,000;10,667;4,000;3,000;

27346;2018.10.14 09:00:00;9,233;14,705;0,000;0,000;0,000;10,667;4,000;3,000;

27347;2018.10.14 10:00:00;8,658;17,068;0,000;0,000;0,000;10,667;4,000;3,000;

27348;2018.10.14 11:00:00;7,365;19,727;0,000;0,000;0,000;10,667;4,000;3,000;

27349;2018.10.14 12:00:00;6,622;21,740;0,000;0,000;0,000;10,667;4,000;3,000;

27350;2018.10.14 13:00:00;5,115;22,856;0,000;0,000;0,000;10,667;4,000;3,000;

27351;2018.10.14 14:00:00;4,079;23,315;0,000;0,000;0,000;10,667;4,000;3,000;

27352;2018.10.14 15:00:00;3,060;23,245;0,000;0,000;0,000;10,667;4,000;3,000;

27353;2018.10.14 16:00:00;3,584;22,325;0,000;0,000;0,000;10,667;4,000;3,000;

27354;2018.10.14 17:00:00;3,144;20,085;0,000;0,000;0,000;10,667;4,000;3,000;

27355;2018.10.14 18:00:00;3,936;17,793;0,000;0,000;0,000;10,667;4,000;3,000;

27356;2018.10.14 19:00:00;3,705;16,194;0,000;0,000;0,000;10,667;4,000;3,000;

27357;2018.10.14 20:00:00;1,664;15,652;0,000;0,000;0,000;10,667;4,000;3,000;

27358;2018.10.14 21:00:00;0,950;15,815;0,000;0,000;0,000;10,667;4,000;3,000;

27359;2018.10.14 22:00:00;10,288;15,244;0,000;0,000;0,000;10,667;4,000;3,000;

27360;2018.10.14 23:00:00;6,760;13,873;0,000;0,000;0,000;10,667;4,000;3,000;

27361;2018.10.15 00:00:00;6,482;13,457;0,000;0,000;0,000;10,600;1,000;3,000;

27362;2018.10.15 01:00:00;8,149;13,136;0,000;0,000;0,000;10,600;1,000;3,000;

27363;2018.10.15 02:00:00;7,501;12,001;0,000;0,000;0,000;10,600;1,000;3,000;

27364;2018.10.15 03:00:00;7,871;10,751;0,000;0,000;0,000;10,600;1,000;3,000;

27365;2018.10.15 04:00:00;8,785;11,127;0,000;0,000;0,000;10,600;1,000;3,000;

27366;2018.10.15 05:00:00;8,160;11,261;0,000;0,000;0,000;10,600;1,000;3,000;

27367;2018.10.15 06:00:00;8,704;10,293;0,000;0,000;0,000;10,600;1,000;3,000;

27368;2018.10.15 07:00:00;8,797;10,294;0,000;0,000;0,000;10,600;1,000;3,000;

27369;2018.10.15 08:00:00;9,260;11,714;0,000;0,000;0,000;10,600;1,000;3,000;

27370;2018.10.15 09:00:00;8,427;14,475;0,000;0,000;0,000;10,600;1,000;3,000;

27371;2018.10.15 10:00:00;8,519;17,005;0,000;0,000;0,000;10,600;1,000;3,000;

27372;2018.10.15 11:00:00;7,038;19,089;0,000;0,000;0,000;10,600;1,000;3,000;

27373;2018.10.15 12:00:00;5,926;20,691;0,000;0,000;0,000;10,600;1,000;3,000;

27374;2018.10.15 13:00:00;5,404;21,701;0,000;0,000;0,000;10,600;1,000;3,000;

27375;2018.10.15 14:00:00;4,782;22,129;0,000;0,000;0,000;10,600;1,000;3,000;

27376;2018.10.15 15:00:00;3,658;22,114;0,000;0,000;0,000;10,600;1,000;3,000;

27377;2018.10.15 16:00:00;4,028;21,280;0,000;0,000;0,000;10,600;1,000;3,000;

27378;2018.10.15 17:00:00;4,119;18,388;0,000;0,000;0,000;10,600;1,000;3,000;

27379;2018.10.15 18:00:00;4,831;16,466;0,000;0,000;0,000;10,600;1,000;3,000;

27380;2018.10.15 19:00:00;5,546;15,654;0,000;0,000;0,000;10,600;1,000;3,000;

27381;2018.10.15 20:00:00;6,153;14,553;0,000;0,000;0,000;10,600;1,000;3,000;

27382;2018.10.15 21:00:00;6,530;13,485;0,000;0,000;0,000;10,600;1,000;3,000;

27383;2018.10.15 22:00:00;7,213;10,885;0,000;0,000;0,000;10,600;1,000;3,000;

27384;2018.10.15 23:00:00;7,802;9,717;0,000;0,000;0,000;10,600;1,000;3,000;

27385;2018.10.16 00:00:00;7,627;9,500;0,000;0,000;0,000;10,533;1,000;3,000;

27386;2018.10.16 01:00:00;9,164;9,832;0,000;0,000;0,000;10,533;1,000;3,000;

27387;2018.10.16 02:00:00;9,353;9,604;0,000;0,000;0,000;10,533;1,000;3,000;

27388;2018.10.16 03:00:00;9,075;9,414;0,000;0,000;0,000;10,533;1,000;3,000;

27389;2018.10.16 04:00:00;10,001;9,238;0,000;0,000;0,000;10,533;1,000;3,000;

27390;2018.10.16 05:00:00;9,353;8,826;0,000;0,000;0,000;10,533;1,000;3,000;

27391;2018.10.16 06:00:00;9,908;8,685;0,000;0,000;0,000;10,533;1,000;3,000;

27392;2018.10.16 07:00:00;10,279;8,738;0,000;0,000;0,000;10,533;1,000;3,000;

27393;2018.10.16 08:00:00;10,927;10,041;0,000;0,000;0,000;10,533;1,000;3,000;

27394;2018.10.16 09:00:00;9,816;12,802;0,000;0,000;0,000;10,533;1,000;3,000;

27395;2018.10.16 10:00:00;9,714;16,221;0,000;0,000;0,000;10,533;1,000;3,000;

27396;2018.10.16 11:00:00;8,713;19,199;0,000;0,000;0,000;10,533;1,000;3,000;

27397;2018.10.16 12:00:00;7,130;20,812;0,000;0,000;0,000;10,533;1,000;3,000;

27398;2018.10.16 13:00:00;5,926;21,433;0,000;0,000;0,000;10,533;1,000;3,000;

27399;2018.10.16 14:00:00;5,741;22,490;0,000;0,000;0,000;10,533;1,000;3,000;

27400;2018.10.16 15:00:00;4,537;22,228;0,000;0,000;0,000;10,533;1,000;3,000;

27401;2018.10.16 16:00:00;4,908;20,666;0,000;0,000;0,000;10,533;1,000;3,000;

27402;2018.10.16 17:00:00;5,278;17,832;0,000;0,000;0,000;10,533;1,000;3,000;

27403;2018.10.16 18:00:00;5,741;14,205;0,000;0,000;0,000;10,533;1,000;3,000;

27404;2018.10.16 19:00:00;7,223;12,554;0,000;0,000;0,000;10,533;1,000;3,000;

27405;2018.10.16 20:00:00;7,408;12,126;0,000;0,000;0,000;10,533;1,000;3,000;

27406;2018.10.16 21:00:00;7,964;11,723;0,000;0,000;0,000;10,533;1,000;3,000;

27407;2018.10.16 22:00:00;7,871;11,182;0,000;0,000;0,000;10,533;1,000;3,000;

27408;2018.10.16 23:00:00;8,142;10,497;0,000;0,000;0,000;10,533;1,000;3,000;

27409;2018.10.17 00:00:00;7,322;9,734;0,000;0,000;0,000;10,467;1,000;3,000;

27410;2018.10.17 01:00:00;10,001;8,920;0,000;0,000;0,000;10,467;1,000;3,000;

27411;2018.10.17 02:00:00;9,445;8,263;0,000;0,000;0,000;10,467;1,000;3,000;

27412;2018.10.17 03:00:00;9,816;8,096;0,000;0,000;0,000;10,467;1,000;3,000;

27413;2018.10.17 04:00:00;10,927;7,424;0,000;0,000;0,000;10,467;1,000;3,000;

27414;2018.10.17 05:00:00;11,205;7,702;0,000;0,000;0,000;10,467;1,000;3,000;

27415;2018.10.17 06:00:00;11,760;7,532;0,000;0,000;0,000;10,467;1,000;3,000;

27416;2018.10.17 07:00:00;11,482;6,710;0,000;0,000;0,000;10,467;1,000;3,000;

27417;2018.10.17 08:00:00;10,936;8,160;0,000;0,000;0,000;10,467;1,000;3,000;

27418;2018.10.17 09:00:00;11,424;11,225;0,000;0,000;0,000;10,467;1,000;3,000;

27419;2018.10.17 10:00:00;10,846;14,557;0,000;0,000;0,000;10,467;1,000;3,000;

27420;2018.10.17 11:00:00;10,167;17,050;0,000;0,000;0,000;10,467;1,000;3,000;

27421;2018.10.17 12:00:00;8,284;19,139;0,000;0,000;0,000;10,467;1,000;3,000;

27422;2018.10.17 13:00:00;7,060;20,999;0,000;0,000;0,000;10,467;1,000;3,000;

27423;2018.10.17 14:00:00;6,287;21,759;0,000;0,000;0,000;10,467;1,000;3,000;

27424;2018.10.17 15:00:00;5,676;21,775;0,000;0,000;0,000;10,467;1,000;3,000;

27425;2018.10.17 16:00:00;5,000;20,604;0,000;0,000;0,000;10,467;1,000;3,000;

27426;2018.10.17 17:00:00;5,593;17,547;0,000;0,000;0,000;10,467;1,000;3,000;

27427;2018.10.17 18:00:00;6,547;13,570;0,000;0,000;0,000;10,467;1,000;3,000;

27428;2018.10.17 19:00:00;6,920;11,797;0,000;0,000;0,000;10,467;1,000;3,000;

27429;2018.10.17 20:00:00;7,878;10,749;0,000;0,000;0,000;10,467;1,000;3,000;

27430;2018.10.17 21:00:00;8,334;9,912;0,000;0,000;0,000;10,467;1,000;3,000;

27431;2018.10.17 22:00:00;9,640;9,150;0,000;0,000;0,000;10,467;1,000;3,000;

27432;2018.10.17 23:00:00;9,811;8,454;0,000;0,000;0,000;10,467;1,000;3,000;

27433;2018.10.18 00:00:00;9,481;8,177;0,000;0,000;0,000;10,400;1,000;3,000;

27434;2018.10.18 01:00:00;10,808;7,717;0,000;0,000;0,000;10,400;1,000;3,000;

27435;2018.10.18 02:00:00;11,346;8,289;0,000;0,000;0,000;10,400;1,000;3,000;

27436;2018.10.18 03:00:00;11,585;7,780;0,000;0,000;0,000;10,400;1,000;3,000;

27437;2018.10.18 04:00:00;12,131;6,992;0,000;0,000;0,000;10,400;1,000;3,000;

27438;2018.10.18 05:00:00;12,038;6,478;0,000;0,000;0,000;10,400;1,000;3,000;

27439;2018.10.18 06:00:00;12,223;5,914;0,000;0,000;0,000;10,400;1,000;3,000;

27440;2018.10.18 07:00:00;12,871;5,706;0,000;0,000;0,000;10,400;1,000;3,000;

27441;2018.10.18 08:00:00;13,242;7,058;0,000;0,000;0,000;10,400;1,000;3,000;

27442;2018.10.18 09:00:00;12,316;10,454;0,000;0,000;0,000;10,400;1,000;3,000;

27443;2018.10.18 10:00:00;12,038;13,959;0,000;0,000;0,000;10,400;1,000;3,000;

27444;2018.10.18 11:00:00;10,742;16,825;0,000;0,000;0,000;10,400;1,000;3,000;

27445;2018.10.18 12:00:00;9,445;18,727;0,000;0,000;0,000;10,400;1,000;3,000;

27446;2018.10.18 13:00:00;7,871;19,601;0,000;0,000;0,000;10,400;1,000;3,000;

27447;2018.10.18 14:00:00;7,097;19,764;0,000;0,000;0,000;10,400;1,000;3,000;

27448;2018.10.18 15:00:00;6,471;18,656;0,000;0,000;0,000;10,400;1,000;3,000;

27449;2018.10.18 16:00:00;6,064;16,811;0,000;0,000;0,000;10,400;1,000;3,000;

27450;2018.10.18 17:00:00;6,508;14,736;0,000;0,000;0,000;10,400;1,000;3,000;

27451;2018.10.18 18:00:00;7,345;14,055;0,000;0,000;0,000;10,400;1,000;3,000;

27452;2018.10.18 19:00:00;7,768;13,779;0,000;0,000;0,000;10,400;1,000;3,000;

27453;2018.10.18 20:00:00;9,583;13,177;0,000;0,000;0,000;10,400;1,000;3,000;

27454;2018.10.18 21:00:00;9,117;13,137;0,000;0,000;0,000;10,400;1,000;3,000;

27455;2018.10.18 22:00:00;9,221;12,965;0,000;0,000;0,000;10,400;1,000;3,000;

27456;2018.10.18 23:00:00;8,834;12,822;0,000;0,000;0,000;10,400;1,000;3,000;

27457;2018.10.19 00:00:00;8,390;12,195;0,000;0,000;0,000;10,317;2,000;3,000;

27458;2018.10.19 01:00:00;9,305;11,756;0,000;0,000;0,000;10,317;2,000;3,000;

27459;2018.10.19 02:00:00;9,771;11,850;0,000;0,000;0,000;10,317;2,000;3,000;

27460;2018.10.19 03:00:00;9,723;9,607;0,000;0,000;0,000;10,317;2,000;3,000;

27461;2018.10.19 04:00:00;10,371;7,983;0,000;0,000;0,000;10,317;2,000;3,000;

27462;2018.10.19 05:00:00;11,575;8,242;0,000;0,000;0,000;10,317;2,000;3,000;

27463;2018.10.19 06:00:00;11,760;7,841;0,000;0,000;0,000;10,317;2,000;3,000;

27464;2018.10.19 07:00:00;12,408;8,161;0,000;0,000;0,000;10,317;2,000;3,000;

27465;2018.10.19 08:00:00;12,408;8,742;0,000;0,000;0,000;10,317;2,000;3,000;

27466;2018.10.19 09:00:00;12,594;10,159;0,000;0,000;0,000;10,317;2,000;3,000;

27467;2018.10.19 10:00:00;12,098;11,990;0,000;0,000;0,000;10,317;2,000;3,000;

27468;2018.10.19 11:00:00;12,256;13,453;0,000;0,000;0,000;10,317;2,000;3,000;

27469;2018.10.19 12:00:00;11,112;14,555;0,000;0,000;0,000;10,317;2,000;3,000;

27470;2018.10.19 13:00:00;10,649;16,411;0,000;0,000;0,000;10,317;2,000;3,000;

27471;2018.10.19 14:00:00;9,908;15,833;0,000;0,000;0,000;10,317;2,000;3,000;

27472;2018.10.19 15:00:00;8,973;15,923;0,000;0,000;0,000;10,317;2,000;3,000;

27473;2018.10.19 16:00:00;8,713;15,256;0,000;0,000;0,000;10,317;2,000;3,000;

27474;2018.10.19 17:00:00;9,394;11,903;0,000;0,000;0,000;10,317;2,000;3,000;

27475;2018.10.19 18:00:00;9,955;9,482;0,000;0,000;0,000;10,317;2,000;3,000;

27476;2018.10.19 19:00:00;11,787;8,766;0,000;0,000;0,000;10,317;2,000;3,000;

27477;2018.10.19 20:00:00;10,979;7,053;0,000;0,000;0,000;10,317;2,000;3,000;

27478;2018.10.19 21:00:00;13,085;6,115;0,000;0,000;0,000;10,317;2,000;3,000;

27479;2018.10.19 22:00:00;13,769;6,402;0,000;0,000;0,000;10,317;2,000;3,000;

27480;2018.10.19 23:00:00;13,195;6,163;0,000;0,000;0,000;10,317;2,000;3,000;

27481;2018.10.20 00:00:00;11,641;7,315;0,000;0,000;0,000;10,250;3,000;3,000;

27482;2018.10.20 01:00:00;15,183;8,140;0,000;0,000;0,000;10,250;3,000;3,000;

27483;2018.10.20 02:00:00;13,375;7,743;0,000;0,000;0,000;10,250;3,000;3,000;

27484;2018.10.20 03:00:00;13,436;6,355;0,000;0,000;0,000;10,250;3,000;3,000;

27485;2018.10.20 04:00:00;14,760;5,908;0,000;0,000;0,000;10,250;3,000;3,000;

27486;2018.10.20 05:00:00;14,273;6,317;0,000;0,000;0,000;10,250;3,000;3,000;

27487;2018.10.20 06:00:00;15,480;5,984;0,000;0,000;0,000;10,250;3,000;3,000;

27488;2018.10.20 07:00:00;15,561;7,126;0,000;0,000;0,000;10,250;3,000;3,000;

27489;2018.10.20 08:00:00;15,116;8,041;0,000;0,000;0,000;10,250;3,000;3,000;

27490;2018.10.20 09:00:00;14,676;9,465;0,000;0,000;0,000;10,250;3,000;3,000;

27491;2018.10.20 10:00:00;13,597;10,891;0,000;0,000;0,000;10,250;3,000;3,000;

27492;2018.10.20 11:00:00;12,334;11,695;0,000;0,000;0,000;10,250;3,000;3,000;

27493;2018.10.20 12:00:00;13,205;13,414;0,000;0,000;0,000;10,250;3,000;3,000;

27494;2018.10.20 13:00:00;12,214;13,772;0,000;0,000;0,000;10,250;3,000;3,000;

27495;2018.10.20 14:00:00;11,251;13,272;0,000;0,000;0,000;10,250;3,000;3,000;

27496;2018.10.20 15:00:00;11,529;11,997;0,000;0,000;0,000;10,250;3,000;3,000;

27497;2018.10.20 16:00:00;10,973;11,927;0,000;0,000;0,000;10,250;3,000;3,000;

27498;2018.10.20 17:00:00;11,529;11,188;0,000;0,000;0,000;10,250;3,000;3,000;

27499;2018.10.20 18:00:00;11,846;10,342;0,000;0,000;0,000;10,250;3,000;3,000;

27500;2018.10.20 19:00:00;13,156;10,094;0,000;0,000;0,000;10,250;3,000;3,000;

27501;2018.10.20 20:00:00;12,362;10,028;0,000;0,000;0,000;10,250;3,000;3,000;

27502;2018.10.20 21:00:00;11,945;10,035;0,000;0,000;0,000;10,250;3,000;3,000;

27503;2018.10.20 22:00:00;12,501;8,783;0,000;0,000;0,000;10,250;3,000;3,000;

27504;2018.10.20 23:00:00;12,223;8,943;0,000;0,000;0,000;10,250;3,000;3,000;

27505;2018.10.21 00:00:00;10,417;9,461;0,000;0,000;0,000;10,183;4,000;3,000;

27506;2018.10.21 01:00:00;12,779;9,487;0,000;0,000;0,000;10,183;4,000;3,000;

27507;2018.10.21 02:00:00;11,806;9,255;0,000;0,000;0,000;10,183;4,000;3,000;

27508;2018.10.21 03:00:00;11,945;8,132;0,000;0,000;0,000;10,183;4,000;3,000;

27509;2018.10.21 04:00:00;12,084;6,367;0,000;0,000;0,000;10,183;4,000;3,000;

27510;2018.10.21 05:00:00;13,196;5,117;0,000;0,000;0,000;10,183;4,000;3,000;

27511;2018.10.21 06:00:00;13,473;4,356;0,000;0,000;0,000;10,183;4,000;3,000;

27512;2018.10.21 07:00:00;15,279;3,934;0,000;0,000;0,000;10,183;4,000;3,000;

27513;2018.10.21 08:00:00;15,140;4,951;0,000;0,000;0,000;10,183;4,000;3,000;

27514;2018.10.21 09:00:00;15,279;7,982;0,000;0,000;0,000;10,183;4,000;3,000;

27515;2018.10.21 10:00:00;14,029;10,955;0,000;0,000;0,000;10,183;4,000;3,000;

27516;2018.10.21 11:00:00;12,779;13,159;0,000;0,000;0,000;10,183;4,000;3,000;

27517;2018.10.21 12:00:00;12,432;14,811;0,000;0,000;0,000;10,183;4,000;3,000;

27518;2018.10.21 13:00:00;11,181;14,027;0,000;0,000;0,000;10,183;4,000;3,000;

27519;2018.10.21 14:00:00;10,556;14,026;0,000;0,000;0,000;10,183;4,000;3,000;

27520;2018.10.21 15:00:00;10,471;13,157;0,000;0,000;0,000;10,183;4,000;3,000;

27521;2018.10.21 16:00:00;11,197;12,384;0,000;0,000;0,000;10,183;4,000;3,000;

27522;2018.10.21 17:00:00;10,635;10,506;0,000;0,000;0,000;10,183;4,000;3,000;

27523;2018.10.21 18:00:00;12,395;8,438;0,000;0,000;0,000;10,183;4,000;3,000;

27524;2018.10.21 19:00:00;12,973;7,530;0,000;0,000;0,000;10,183;4,000;3,000;

27525;2018.10.21 20:00:00;12,663;7,462;0,000;0,000;0,000;10,183;4,000;3,000;

27526;2018.10.21 21:00:00;14,169;7,427;0,000;0,000;0,000;10,183;4,000;3,000;

27527;2018.10.21 22:00:00;13,705;7,156;0,000;0,000;0,000;10,183;4,000;3,000;

27528;2018.10.21 23:00:00;13,194;7,583;0,000;0,000;0,000;10,183;4,000;3,000;

27529;2018.10.22 00:00:00;12,793;8,104;0,000;0,000;0,000;10,117;1,000;3,000;

27530;2018.10.22 01:00:00;14,399;8,333;0,000;0,000;0,000;10,117;1,000;3,000;

27531;2018.10.22 02:00:00;13,177;8,249;0,000;0,000;0,000;10,117;1,000;3,000;

27532;2018.10.22 03:00:00;14,010;7,929;0,000;0,000;0,000;10,117;1,000;3,000;

27533;2018.10.22 04:00:00;13,927;7,987;0,000;0,000;0,000;10,117;1,000;3,000;

27534;2018.10.22 05:00:00;13,334;7,197;0,000;0,000;0,000;10,117;1,000;3,000;

27535;2018.10.22 06:00:00;13,274;7,855;0,000;0,000;0,000;10,117;1,000;3,000;

27536;2018.10.22 07:00:00;12,996;9,134;0,000;0,000;0,000;10,117;1,000;3,000;

27537;2018.10.22 08:00:00;12,779;9,824;0,000;0,000;0,000;10,117;1,000;3,000;

27538;2018.10.22 09:00:00;12,598;10,198;0,000;0,000;0,000;10,117;1,000;3,000;

27539;2018.10.22 10:00:00;12,006;10,003;0,000;0,000;0,000;10,117;1,000;3,000;

27540;2018.10.22 11:00:00;12,154;10,686;0,000;0,000;0,000;10,117;1,000;3,000;

27541;2018.10.22 12:00:00;12,561;11,193;0,000;0,000;0,000;10,117;1,000;3,000;

27542;2018.10.22 13:00:00;11,152;12,158;0,000;0,000;0,000;10,117;1,000;3,000;

27543;2018.10.22 14:00:00;11,822;11,992;0,000;0,000;0,000;10,117;1,000;3,000;

27544;2018.10.22 15:00:00;11,976;11,939;0,000;0,000;0,000;10,117;1,000;3,000;

27545;2018.10.22 16:00:00;11,470;11,074;0,000;0,000;0,000;10,117;1,000;3,000;

27546;2018.10.22 17:00:00;10,936;9,706;0,000;0,000;0,000;10,117;1,000;3,000;

27547;2018.10.22 18:00:00;12,622;8,486;0,000;0,000;0,000;10,117;1,000;3,000;

27548;2018.10.22 19:00:00;12,567;8,038;0,000;0,000;0,000;10,117;1,000;3,000;

27549;2018.10.22 20:00:00;13,213;8,649;0,000;0,000;0,000;10,117;1,000;3,000;

27550;2018.10.22 21:00:00;13,112;7,655;0,000;0,000;0,000;10,117;1,000;3,000;

27551;2018.10.22 22:00:00;13,779;7,227;0,000;0,000;0,000;10,117;1,000;3,000;

27552;2018.10.22 23:00:00;14,033;6,569;0,000;0,000;0,000;10,117;1,000;3,000;

27553;2018.10.23 00:00:00;13,024;5,811;0,000;0,000;0,000;10,033;1,000;3,000;

27554;2018.10.23 01:00:00;15,168;6,064;0,000;0,000;0,000;10,033;1,000;3,000;

27555;2018.10.23 02:00:00;14,612;6,226;0,000;0,000;0,000;10,033;1,000;3,000;

27556;2018.10.23 03:00:00;14,334;6,715;0,000;0,000;0,000;10,033;1,000;3,000;

27557;2018.10.23 04:00:00;15,279;7,099;0,000;0,000;0,000;10,033;1,000;3,000;

27558;2018.10.23 05:00:00;14,462;7,135;0,000;0,000;0,000;10,033;1,000;3,000;

27559;2018.10.23 06:00:00;15,395;6,796;0,000;0,000;0,000;10,033;1,000;3,000;

27560;2018.10.23 07:00:00;15,924;6,768;0,000;0,000;0,000;10,033;1,000;3,000;

27561;2018.10.23 08:00:00;15,955;7,023;0,000;0,000;0,000;10,033;1,000;3,000;

27562;2018.10.23 09:00:00;15,992;7,503;0,000;0,000;0,000;10,033;1,000;3,000;

27563;2018.10.23 10:00:00;16,668;8,092;0,000;0,000;0,000;10,033;1,000;3,000;

27564;2018.10.23 11:00:00;15,223;8,817;0,000;0,000;0,000;10,033;1,000;3,000;

27565;2018.10.23 12:00:00;15,287;9,586;0,000;0,000;0,000;10,033;1,000;3,000;

27566;2018.10.23 13:00:00;14,438;10,733;0,000;0,000;0,000;10,033;1,000;3,000;

27567;2018.10.23 14:00:00;13,972;12,769;0,000;0,000;0,000;10,033;1,000;3,000;

27568;2018.10.23 15:00:00;12,446;12,673;0,000;0,000;0,000;10,033;1,000;3,000;

27569;2018.10.23 16:00:00;12,918;12,164;0,000;0,000;0,000;10,033;1,000;3,000;

27570;2018.10.23 17:00:00;13,089;12,333;0,000;0,000;0,000;10,033;1,000;3,000;

27571;2018.10.23 18:00:00;13,012;12,137;0,000;0,000;0,000;10,033;1,000;3,000;

27572;2018.10.23 19:00:00;13,648;11,751;0,000;0,000;0,000;10,033;1,000;3,000;

27573;2018.10.23 20:00:00;13,660;11,731;0,000;0,000;0,000;10,033;1,000;3,000;

27574;2018.10.23 21:00:00;14,227;11,405;0,000;0,000;0,000;10,033;1,000;3,000;

27575;2018.10.23 22:00:00;13,381;10,798;0,000;0,000;0,000;10,033;1,000;3,000;

27576;2018.10.23 23:00:00;13,014;7,353;0,000;0,000;0,000;10,033;1,000;3,000;

27577;2018.10.24 00:00:00;12,970;7,014;0,000;0,000;0,000;9,967;1,000;3,000;

27578;2018.10.24 01:00:00;16,860;7,226;0,000;0,000;0,000;9,967;1,000;3,000;

27579;2018.10.24 02:00:00;15,835;7,631;0,000;0,000;0,000;9,967;1,000;3,000;

27580;2018.10.24 03:00:00;15,279;7,928;0,000;0,000;0,000;9,967;1,000;3,000;

27581;2018.10.24 04:00:00;16,078;7,456;0,000;0,000;0,000;9,967;1,000;3,000;

27582;2018.10.24 05:00:00;16,038;6,999;0,000;0,000;0,000;9,967;1,000;3,000;

27583;2018.10.24 06:00:00;16,626;6,699;0,000;0,000;0,000;9,967;1,000;3,000;

27584;2018.10.24 07:00:00;16,154;6,915;0,000;0,000;0,000;9,967;1,000;3,000;

27585;2018.10.24 08:00:00;17,146;7,329;0,000;0,000;0,000;9,967;1,000;3,000;

27586;2018.10.24 09:00:00;16,283;8,616;0,000;0,000;0,000;9,967;1,000;3,000;

27587;2018.10.24 10:00:00;15,723;9,592;0,000;0,000;0,000;9,967;1,000;3,000;

27588;2018.10.24 11:00:00;15,612;9,968;0,000;0,000;0,000;9,967;1,000;3,000;

27589;2018.10.24 12:00:00;15,073;10,158;0,000;0,000;0,000;9,967;1,000;3,000;

27590;2018.10.24 13:00:00;15,291;10,196;0,000;0,000;0,000;9,967;1,000;3,000;

27591;2018.10.24 14:00:00;16,029;10,100;0,000;0,000;0,000;9,967;1,000;3,000;

27592;2018.10.24 15:00:00;15,205;9,926;0,000;0,000;0,000;9,967;1,000;3,000;

27593;2018.10.24 16:00:00;14,603;9,269;0,000;0,000;0,000;9,967;1,000;3,000;

27594;2018.10.24 17:00:00;16,307;8,149;0,000;0,000;0,000;9,967;1,000;3,000;

27595;2018.10.24 18:00:00;16,390;7,595;0,000;0,000;0,000;9,967;1,000;3,000;

27596;2018.10.24 19:00:00;16,966;7,752;0,000;0,000;0,000;9,967;1,000;3,000;

27597;2018.10.24 20:00:00;16,926;7,451;0,000;0,000;0,000;9,967;1,000;3,000;

27598;2018.10.24 21:00:00;16,946;6,005;0,000;0,000;0,000;9,967;1,000;3,000;

27599;2018.10.24 22:00:00;16,270;4,037;0,000;0,000;0,000;9,967;1,000;3,000;

27600;2018.10.24 23:00:00;16,196;3,528;0,000;0,000;0,000;9,967;1,000;3,000;

27601;2018.10.25 00:00:00;16,427;4,430;0,000;0,000;0,000;9,900;1,000;3,000;

27602;2018.10.25 01:00:00;18,198;6,040;0,000;0,000;0,000;9,900;1,000;3,000;

27603;2018.10.25 02:00:00;17,319;6,361;0,000;0,000;0,000;9,900;1,000;3,000;

27604;2018.10.25 03:00:00;17,738;6,258;0,000;0,000;0,000;9,900;1,000;3,000;

27605;2018.10.25 04:00:00;16,437;6,474;0,000;0,000;0,000;9,900;1,000;3,000;

27606;2018.10.25 05:00:00;16,909;7,564;0,000;0,000;0,000;9,900;1,000;3,000;

27607;2018.10.25 06:00:00;16,136;9,464;0,000;0,000;0,000;9,900;1,000;3,000;

27608;2018.10.25 07:00:00;14,913;10,089;0,000;0,000;0,000;9,900;1,000;3,000;

27609;2018.10.25 08:00:00;15,418;10,452;0,000;0,000;0,000;9,900;1,000;3,000;

27610;2018.10.25 09:00:00;14,168;11,096;0,000;0,000;0,000;9,900;1,000;3,000;

27611;2018.10.25 10:00:00;14,029;9,947;0,000;0,000;0,000;9,900;1,000;3,000;

27612;2018.10.25 11:00:00;14,029;10,584;0,000;0,000;0,000;9,900;1,000;3,000;

27613;2018.10.25 12:00:00;13,682;11,319;0,000;0,000;0,000;9,900;1,000;3,000;

27614;2018.10.25 13:00:00;13,682;11,491;0,000;0,000;0,000;9,900;1,000;3,000;

27615;2018.10.25 14:00:00;13,682;11,780;0,000;0,000;0,000;9,900;1,000;3,000;

27616;2018.10.25 15:00:00;13,265;11,599;0,000;0,000;0,000;9,900;1,000;3,000;

27617;2018.10.25 16:00:00;13,612;11,458;0,000;0,000;0,000;9,900;1,000;3,000;

27618;2018.10.25 17:00:00;13,612;10,644;0,000;0,000;0,000;9,900;1,000;3,000;

27619;2018.10.25 18:00:00;14,154;9,745;0,000;0,000;0,000;9,900;1,000;3,000;

27620;2018.10.25 19:00:00;14,561;9,090;0,000;0,000;0,000;9,900;1,000;3,000;

27621;2018.10.25 20:00:00;15,818;9,102;0,000;0,000;0,000;9,900;1,000;3,000;

27622;2018.10.25 21:00:00;15,709;9,768;0,000;0,000;0,000;9,900;1,000;3,000;

27623;2018.10.25 22:00:00;13,838;10,228;0,000;0,000;0,000;9,900;1,000;3,000;

27624;2018.10.25 23:00:00;13,890;10,154;0,000;0,000;0,000;9,900;1,000;3,000;

27625;2018.10.26 00:00:00;7,376;9,844;0,000;0,000;0,000;9,833;2,000;3,000;

27626;2018.10.26 01:00:00;2,636;9,373;0,000;0,000;0,000;9,833;2,000;3,000;

27627;2018.10.26 02:00:00;14,383;9,025;0,000;0,000;0,000;9,833;2,000;3,000;

27628;2018.10.26 03:00:00;17,275;9,179;0,000;0,000;0,000;9,833;2,000;3,000;

27629;2018.10.26 04:00:00;13,890;8,975;0,000;0,000;0,000;9,833;2,000;3,000;

27630;2018.10.26 05:00:00;13,890;8,551;0,000;0,000;0,000;9,833;2,000;3,000;

27631;2018.10.26 06:00:00;14,760;8,180;0,000;0,000;0,000;9,833;2,000;3,000;

27632;2018.10.26 07:00:00;14,131;7,603;0,000;0,000;0,000;9,833;2,000;3,000;

27633;2018.10.26 08:00:00;15,413;7,944;0,000;0,000;0,000;9,833;2,000;3,000;

27634;2018.10.26 09:00:00;15,024;9,034;0,000;0,000;0,000;9,833;2,000;3,000;

27635;2018.10.26 10:00:00;15,761;9,882;0,000;0,000;0,000;9,833;2,000;3,000;

27636;2018.10.26 11:00:00;14,446;10,699;0,000;0,000;0,000;9,833;2,000;3,000;

27637;2018.10.26 12:00:00;14,038;11,137;0,000;0,000;0,000;9,833;2,000;3,000;

27638;2018.10.26 13:00:00;13,536;12,104;0,000;0,000;0,000;9,833;2,000;3,000;

27639;2018.10.26 14:00:00;12,855;12,190;0,000;0,000;0,000;9,833;2,000;3,000;

27640;2018.10.26 15:00:00;12,821;11,691;0,000;0,000;0,000;9,833;2,000;3,000;

27641;2018.10.26 16:00:00;12,746;10,872;0,000;0,000;0,000;9,833;2,000;3,000;

27642;2018.10.26 17:00:00;15,279;10,534;0,000;0,000;0,000;9,833;2,000;3,000;

27643;2018.10.26 18:00:00;13,540;9,898;0,000;0,000;0,000;9,833;2,000;3,000;

27644;2018.10.26 19:00:00;13,809;10,047;0,000;0,000;0,000;9,833;2,000;3,000;

27645;2018.10.26 20:00:00;13,583;9,759;0,000;0,000;0,000;9,833;2,000;3,000;

27646;2018.10.26 21:00:00;13,692;9,710;0,000;0,000;0,000;9,833;2,000;3,000;

27647;2018.10.26 22:00:00;13,427;9,973;0,000;0,000;0,000;9,833;2,000;3,000;

27648;2018.10.26 23:00:00;12,798;10,110;0,000;0,000;0,000;9,833;2,000;3,000;

27649;2018.10.27 00:00:00;11,556;9,961;0,000;0,000;0,000;9,767;3,000;3,000;

27650;2018.10.27 01:00:00;13,463;9,562;0,000;0,000;0,000;9,767;3,000;3,000;

27651;2018.10.27 02:00:00;14,317;9,740;0,000;0,000;0,000;9,767;3,000;3,000;

27652;2018.10.27 03:00:00;13,890;9,638;0,000;0,000;0,000;9,767;3,000;3,000;

27653;2018.10.27 04:00:00;13,890;8,942;0,000;0,000;0,000;9,767;3,000;3,000;

27654;2018.10.27 05:00:00;13,463;8,819;0,000;0,000;0,000;9,767;3,000;3,000;

27655;2018.10.27 06:00:00;14,410;8,446;0,000;0,000;0,000;9,767;3,000;3,000;

27656;2018.10.27 07:00:00;15,288;7,158;0,000;0,000;0,000;9,767;3,000;3,000;

27657;2018.10.27 08:00:00;15,372;7,156;0,000;0,000;0,000;9,767;3,000;3,000;

27658;2018.10.27 09:00:00;16,474;7,996;0,000;0,000;0,000;9,767;3,000;3,000;

27659;2018.10.27 10:00:00;15,390;8,453;0,000;0,000;0,000;9,767;3,000;3,000;

27660;2018.10.27 11:00:00;15,361;9,326;0,000;0,000;0,000;9,767;3,000;3,000;

27661;2018.10.27 12:00:00;15,734;9,901;0,000;0,000;0,000;9,767;3,000;3,000;

27662;2018.10.27 13:00:00;14,538;9,492;0,000;0,000;0,000;9,767;3,000;3,000;

27663;2018.10.27 14:00:00;14,631;9,076;0,000;0,000;0,000;9,767;3,000;3,000;

27664;2018.10.27 15:00:00;14,909;8,555;0,000;0,000;0,000;9,767;3,000;3,000;

27665;2018.10.27 16:00:00;16,761;8,216;0,000;0,000;0,000;9,767;3,000;3,000;

27666;2018.10.27 17:00:00;16,483;7,656;0,000;0,000;0,000;9,767;3,000;3,000;

27667;2018.10.27 18:00:00;16,112;6,965;0,000;0,000;0,000;9,767;3,000;3,000;

27668;2018.10.27 19:00:00;16,804;6,631;0,000;0,000;0,000;9,767;3,000;3,000;

27669;2018.10.27 20:00:00;16,936;6,596;0,000;0,000;0,000;9,767;3,000;3,000;

27670;2018.10.27 21:00:00;16,727;5,960;0,000;0,000;0,000;9,767;3,000;3,000;

27671;2018.10.27 22:00:00;16,946;6,138;0,000;0,000;0,000;9,767;3,000;3,000;

27672;2018.10.27 23:00:00;15,877;5,742;0,000;0,000;0,000;9,767;3,000;3,000;

27673;2018.10.28 00:00:00;15,096;5,731;0,000;0,000;0,000;9,700;4,000;3,000;

27674;2018.10.28 01:00:00;17,979;5,687;0,000;0,000;0,000;9,700;4,000;3,000;

27675;2018.10.28 02:00:00;28,554;3,886;0,000;0,000;0,000;9,700;4,000;3,000;

27676;2018.10.28 03:00:00;23,335;3,268;0,000;0,000;0,000;9,700;4,000;3,000;

27677;2018.10.28 04:00:00;17,779;3,674;0,000;0,000;0,000;9,700;4,000;3,000;

27678;2018.10.28 05:00:00;17,501;2,752;0,000;0,000;0,000;9,700;4,000;3,000;

27679;2018.10.28 06:00:00;19,607;1,890;0,000;0,000;0,000;9,700;4,000;3,000;

27680;2018.10.28 07:00:00;19,785;2,274;0,000;0,000;0,000;9,700;4,000;3,000;

27681;2018.10.28 08:00:00;20,218;5,036;0,000;0,000;0,000;9,700;4,000;3,000;

27682;2018.10.28 09:00:00;18,650;6,436;0,000;0,000;0,000;9,700;4,000;3,000;

27683;2018.10.28 10:00:00;17,228;7,687;0,000;0,000;0,000;9,700;4,000;3,000;

27684;2018.10.28 11:00:00;16,011;8,267;0,000;0,000;0,000;9,700;4,000;3,000;

27685;2018.10.28 12:00:00;15,659;8,324;0,000;0,000;0,000;9,700;4,000;3,000;

27686;2018.10.28 13:00:00;15,234;8,170;0,000;0,000;0,000;9,700;4,000;3,000;

27687;2018.10.28 14:00:00;14,592;8,460;0,000;0,000;0,000;9,700;4,000;3,000;

27688;2018.10.28 15:00:00;16,358;7,487;0,000;0,000;0,000;9,700;4,000;3,000;

27689;2018.10.28 16:00:00;17,774;6,569;0,000;0,000;0,000;9,700;4,000;3,000;

27690;2018.10.28 17:00:00;17,430;6,456;0,000;0,000;0,000;9,700;4,000;3,000;

27691;2018.10.28 18:00:00;19,134;6,121;0,000;0,000;0,000;9,700;4,000;3,000;

27692;2018.10.28 19:00:00;18,357;5,951;0,000;0,000;0,000;9,700;4,000;3,000;

27693;2018.10.28 20:00:00;18,418;5,897;0,000;0,000;0,000;9,700;4,000;3,000;

27694;2018.10.28 21:00:00;17,311;6,013;0,000;0,000;0,000;9,700;4,000;3,000;

27695;2018.10.28 22:00:00;18,998;5,906;0,000;0,000;0,000;9,700;4,000;3,000;

27696;2018.10.28 23:00:00;16,205;5,702;0,000;0,000;0,000;9,700;4,000;3,000;

27697;2018.10.29 00:00:00;18,335;5,517;0,000;0,000;0,000;9,617;1,000;3,000;

27698;2018.10.29 01:00:00;17,964;5,340;0,000;0,000;0,000;9,617;1,000;3,000;

27699;2018.10.29 02:00:00;17,224;5,179;0,000;0,000;0,000;9,617;1,000;3,000;

27700;2018.10.29 03:00:00;17,594;5,124;0,000;0,000;0,000;9,617;1,000;3,000;

27701;2018.10.29 04:00:00;18,057;5,030;0,000;0,000;0,000;9,617;1,000;3,000;

27702;2018.10.29 05:00:00;16,668;4,877;0,000;0,000;0,000;9,617;1,000;3,000;

27703;2018.10.29 06:00:00;17,820;4,665;0,000;0,000;0,000;9,617;1,000;3,000;

27704;2018.10.29 07:00:00;17,368;4,813;0,000;0,000;0,000;9,617;1,000;3,000;

27705;2018.10.29 08:00:00;18,798;5,331;0,000;0,000;0,000;9,617;1,000;3,000;

27706;2018.10.29 09:00:00;19,076;5,752;0,000;0,000;0,000;9,617;1,000;3,000;

27707;2018.10.29 10:00:00;17,872;5,961;0,000;0,000;0,000;9,617;1,000;3,000;

27708;2018.10.29 11:00:00;18,335;5,942;0,000;0,000;0,000;9,617;1,000;3,000;

27709;2018.10.29 12:00:00;19,816;5,750;0,000;0,000;0,000;9,617;1,000;3,000;

27710;2018.10.29 13:00:00;17,964;5,901;0,000;0,000;0,000;9,617;1,000;3,000;

27711;2018.10.29 14:00:00;17,131;5,598;0,000;0,000;0,000;9,617;1,000;3,000;

27712;2018.10.29 15:00:00;19,539;4,984;0,000;0,000;0,000;9,617;1,000;3,000;

27713;2018.10.29 16:00:00;21,483;4,513;0,000;0,000;0,000;9,617;1,000;3,000;

27714;2018.10.29 17:00:00;19,816;4,293;0,000;0,000;0,000;9,617;1,000;3,000;

27715;2018.10.29 18:00:00;19,261;4,444;0,000;0,000;0,000;9,617;1,000;3,000;

27716;2018.10.29 19:00:00;18,890;4,575;0,000;0,000;0,000;9,617;1,000;3,000;

27717;2018.10.29 20:00:00;18,983;4,813;0,000;0,000;0,000;9,617;1,000;3,000;

27718;2018.10.29 21:00:00;19,076;5,151;0,000;0,000;0,000;9,617;1,000;3,000;

27719;2018.10.29 22:00:00;17,501;5,378;0,000;0,000;0,000;9,617;1,000;3,000;

27720;2018.10.29 23:00:00;16,112;6,294;0,000;0,000;0,000;9,617;1,000;3,000;

27721;2018.10.30 00:00:00;17,316;7,188;0,000;0,000;0,000;9,550;1,000;3,000;

27722;2018.10.30 01:00:00;16,205;8,162;0,000;0,000;0,000;9,550;1,000;3,000;

27723;2018.10.30 02:00:00;16,298;9,155;0,000;0,000;0,000;9,550;1,000;3,000;

27724;2018.10.30 03:00:00;15,835;10,244;0,000;0,000;0,000;9,550;1,000;3,000;

27725;2018.10.30 04:00:00;14,991;11,439;0,000;0,000;0,000;9,550;1,000;3,000;

27726;2018.10.30 05:00:00;14,456;12,969;0,000;0,000;0,000;9,550;1,000;3,000;

27727;2018.10.30 06:00:00;12,527;14,043;0,000;0,000;0,000;9,550;1,000;3,000;

27728;2018.10.30 07:00:00;12,105;15,096;0,000;0,000;0,000;9,550;1,000;3,000;

27729;2018.10.30 08:00:00;11,390;16,349;0,000;0,000;0,000;9,550;1,000;3,000;

27730;2018.10.30 09:00:00;10,279;18,193;0,000;0,000;0,000;9,550;1,000;3,000;

27731;2018.10.30 10:00:00;9,260;18,898;0,000;0,000;0,000;9,550;1,000;3,000;

27732;2018.10.30 11:00:00;8,256;19,605;0,000;0,000;0,000;9,550;1,000;3,000;

27733;2018.10.30 12:00:00;7,671;19,713;0,000;0,000;0,000;9,550;1,000;3,000;

27734;2018.10.30 13:00:00;7,223;19,542;0,000;0,000;0,000;9,550;1,000;3,000;

27735;2018.10.30 14:00:00;6,725;20,000;0,000;0,000;0,000;9,550;1,000;3,000;

27736;2018.10.30 15:00:00;6,162;19,512;0,000;0,000;0,000;9,550;1,000;3,000;

27737;2018.10.30 16:00:00;6,981;17,469;0,000;0,000;0,000;9,550;1,000;3,000;

27738;2018.10.30 17:00:00;7,848;16,415;0,000;0,000;0,000;9,550;1,000;3,000;

27739;2018.10.30 18:00:00;8,903;15,699;0,000;0,000;0,000;9,550;1,000;3,000;

27740;2018.10.30 19:00:00;9,052;15,039;0,000;0,000;0,000;9,550;1,000;3,000;

27741;2018.10.30 20:00:00;10,001;14,825;0,000;0,000;0,000;9,550;1,000;3,000;

27742;2018.10.30 21:00:00;9,121;12,672;0,000;0,000;0,000;9,550;1,000;3,000;

27743;2018.10.30 22:00:00;10,223;11,594;0,000;0,000;0,000;9,550;1,000;3,000;

27744;2018.10.30 23:00:00;10,653;10,642;0,000;0,000;0,000;9,550;1,000;3,000;

27745;2018.10.31 00:00:00;11,098;9,952;0,000;0,000;0,000;9,483;1,000;3,000;

27746;2018.10.31 01:00:00;11,907;9,644;0,000;0,000;0,000;9,483;1,000;3,000;

27747;2018.10.31 02:00:00;12,843;9,603;0,000;0,000;0,000;9,483;1,000;3,000;

27748;2018.10.31 03:00:00;12,584;9,601;0,000;0,000;0,000;9,483;1,000;3,000;

27749;2018.10.31 04:00:00;13,133;9,224;0,000;0,000;0,000;9,483;1,000;3,000;

27750;2018.10.31 05:00:00;13,797;8,677;0,000;0,000;0,000;9,483;1,000;3,000;

27751;2018.10.31 06:00:00;13,350;8,282;0,000;0,000;0,000;9,483;1,000;3,000;

27752;2018.10.31 07:00:00;14,337;8,447;0,000;0,000;0,000;9,483;1,000;3,000;

27753;2018.10.31 08:00:00;13,793;9,433;0,000;0,000;0,000;9,483;1,000;3,000;

27754;2018.10.31 09:00:00;13,783;10,600;0,000;0,000;0,000;9,483;1,000;3,000;

27755;2018.10.31 10:00:00;12,612;11,709;0,000;0,000;0,000;9,483;1,000;3,000;

27756;2018.10.31 11:00:00;12,685;12,682;0,000;0,000;0,000;9,483;1,000;3,000;

27757;2018.10.31 12:00:00;12,151;13,069;0,000;0,000;0,000;9,483;1,000;3,000;

27758;2018.10.31 13:00:00;11,464;13,258;0,000;0,000;0,000;9,483;1,000;3,000;

27759;2018.10.31 14:00:00;11,415;12,962;0,000;0,000;0,000;9,483;1,000;3,000;

27760;2018.10.31 15:00:00;11,698;11,863;0,000;0,000;0,000;9,483;1,000;3,000;

27761;2018.10.31 16:00:00;11,945;9,490;0,000;0,000;0,000;9,483;1,000;3,000;

27762;2018.10.31 17:00:00;12,350;6,606;0,000;0,000;0,000;9,483;1,000;3,000;

27763;2018.10.31 18:00:00;15,338;5,160;0,000;0,000;0,000;9,483;1,000;3,000;

27764;2018.10.31 19:00:00;15,279;4,296;0,000;0,000;0,000;9,483;1,000;3,000;

27765;2018.10.31 20:00:00;16,044;3,551;0,000;0,000;0,000;9,483;1,000;3,000;

27766;2018.10.31 21:00:00;15,801;3,685;0,000;0,000;0,000;9,483;1,000;3,000;

27767;2018.10.31 22:00:00;16,807;3,402;0,000;0,000;0,000;9,483;1,000;3,000;

27768;2018.10.31 23:00:00;15,353;3,406;0,000;0,000;0,000;9,483;1,000;3,000;

27769;2018.11.01 00:00:00;17,112;4,048;0,000;0,000;0,000;9,417;5,000;3,000;

27770;2018.11.01 01:00:00;17,483;3,247;0,000;0,000;0,000;9,417;5,000;3,000;

27771;2018.11.01 02:00:00;16,131;2,585;0,000;0,000;0,000;9,417;5,000;3,000;

27772;2018.11.01 03:00:00;18,187;1,960;0,000;0,000;0,000;9,417;5,000;3,000;

27773;2018.11.01 04:00:00;17,057;3,368;0,000;0,000;0,000;9,417;5,000;3,000;

27774;2018.11.01 05:00:00;17,872;4,576;0,000;0,000;0,000;9,417;5,000;3,000;

27775;2018.11.01 06:00:00;17,501;4,110;0,000;0,000;0,000;9,417;5,000;3,000;

27776;2018.11.01 07:00:00;17,853;4,797;0,000;0,000;0,000;9,417;5,000;3,000;

27777;2018.11.01 08:00:00;19,224;7,885;0,000;0,000;0,000;9,417;5,000;3,000;

27778;2018.11.01 09:00:00;18,001;9,829;0,000;0,000;0,000;9,417;5,000;3,000;

27779;2018.11.01 10:00:00;15,779;12,517;0,000;0,000;0,000;9,417;5,000;3,000;

27780;2018.11.01 11:00:00;13,834;13,621;0,000;0,000;0,000;9,417;5,000;3,000;

27781;2018.11.01 12:00:00;11,890;15,109;0,000;0,000;0,000;9,417;5,000;3,000;

27782;2018.11.01 13:00:00;10,982;15,386;0,000;0,000;0,000;9,417;5,000;3,000;

27783;2018.11.01 14:00:00;11,112;14,909;0,000;0,000;0,000;9,417;5,000;3,000;

27784;2018.11.01 15:00:00;10,432;13,600;0,000;0,000;0,000;9,417;5,000;3,000;

27785;2018.11.01 16:00:00;11,311;11,684;0,000;0,000;0,000;9,417;5,000;3,000;

27786;2018.11.01 17:00:00;11,242;11,656;0,000;0,000;0,000;9,417;5,000;3,000;

27787;2018.11.01 18:00:00;11,853;12,327;0,000;0,000;0,000;9,417;5,000;3,000;

27788;2018.11.01 19:00:00;12,520;11,985;0,000;0,000;0,000;9,417;5,000;3,000;

27789;2018.11.01 20:00:00;11,767;11,631;0,000;0,000;0,000;9,417;5,000;3,000;

27790;2018.11.01 21:00:00;11,792;11,259;0,000;0,000;0,000;9,417;5,000;3,000;

27791;2018.11.01 22:00:00;12,332;10,499;0,000;0,000;0,000;9,417;5,000;3,000;

27792;2018.11.01 23:00:00;9,538;10,504;0,000;0,000;0,000;9,417;5,000;3,000;

27793;2018.11.02 00:00:00;12,908;10,236;0,000;0,000;0,000;9,350;2,000;3,000;

27794;2018.11.02 01:00:00;12,908;10,080;0,000;0,000;0,000;9,350;2,000;3,000;

27795;2018.11.02 02:00:00;12,881;9,758;0,000;0,000;0,000;9,350;2,000;3,000;

27796;2018.11.02 03:00:00;13,362;9,498;0,000;0,000;0,000;9,350;2,000;3,000;

27797;2018.11.02 04:00:00;13,057;8,966;0,000;0,000;0,000;9,350;2,000;3,000;

27798;2018.11.02 05:00:00;14,168;8,088;0,000;0,000;0,000;9,350;2,000;3,000;

27799;2018.11.02 06:00:00;13,408;8,142;0,000;0,000;0,000;9,350;2,000;3,000;

27800;2018.11.02 07:00:00;13,538;8,945;0,000;0,000;0,000;9,350;2,000;3,000;

27801;2018.11.02 08:00:00;13,248;9,771;0,000;0,000;0,000;9,350;2,000;3,000;

27802;2018.11.02 09:00:00;13,013;12,124;0,000;0,000;0,000;9,350;2,000;3,000;

27803;2018.11.02 10:00:00;12,538;12,628;0,000;0,000;0,000;9,350;2,000;3,000;

27804;2018.11.02 11:00:00;12,464;13,854;0,000;0,000;0,000;9,350;2,000;3,000;

27805;2018.11.02 12:00:00;10,982;14,823;0,000;0,000;0,000;9,350;2,000;3,000;

27806;2018.11.02 13:00:00;10,908;15,277;0,000;0,000;0,000;9,350;2,000;3,000;

27807;2018.11.02 14:00:00;10,149;14,231;0,000;0,000;0,000;9,350;2,000;3,000;

27808;2018.11.02 15:00:00;10,001;13,572;0,000;0,000;0,000;9,350;2,000;3,000;

27809;2018.11.02 16:00:00;10,964;10,608;0,000;0,000;0,000;9,350;2,000;3,000;

27810;2018.11.02 17:00:00;11,899;8,276;0,000;0,000;0,000;9,350;2,000;3,000;

27811;2018.11.02 18:00:00;12,807;7,472;0,000;0,000;0,000;9,350;2,000;3,000;

27812;2018.11.02 19:00:00;14,927;6,830;0,000;0,000;0,000;9,350;2,000;3,000;

27813;2018.11.02 20:00:00;13,612;6,673;0,000;0,000;0,000;9,350;2,000;3,000;

27814;2018.11.02 21:00:00;15,131;6,699;0,000;0,000;0,000;9,350;2,000;3,000;

27815;2018.11.02 22:00:00;8,501;7,308;0,000;0,000;0,000;9,350;2,000;3,000;

27816;2018.11.02 23:00:00;3,204;7,761;0,000;0,000;0,000;9,350;2,000;3,000;

27817;2018.11.03 00:00:00;1,537;7,880;0,000;0,000;0,000;9,283;3,000;3,000;

27818;2018.11.03 01:00:00;7,630;7,155;0,000;0,000;0,000;9,283;3,000;3,000;

27819;2018.11.03 02:00:00;21,454;6,774;0,000;0,000;0,000;9,283;3,000;3,000;

27820;2018.11.03 03:00:00;15,716;5,832;0,000;0,000;0,000;9,283;3,000;3,000;

27821;2018.11.03 04:00:00;16,464;5,125;0,000;0,000;0,000;9,283;3,000;3,000;

27822;2018.11.03 05:00:00;16,038;6,016;0,000;0,000;0,000;9,283;3,000;3,000;

27823;2018.11.03 06:00:00;16,316;6,333;0,000;0,000;0,000;9,283;3,000;3,000;

27824;2018.11.03 07:00:00;16,131;6,583;0,000;0,000;0,000;9,283;3,000;3,000;

27825;2018.11.03 08:00:00;14,797;7,747;0,000;0,000;0,000;9,283;3,000;3,000;

27826;2018.11.03 09:00:00;14,819;8,601;0,000;0,000;0,000;9,283;3,000;3,000;

27827;2018.11.03 10:00:00;14,922;10,876;0,000;0,000;0,000;9,283;3,000;3,000;

27828;2018.11.03 11:00:00;14,096;12,400;0,000;0,000;0,000;9,283;3,000;3,000;

27829;2018.11.03 12:00:00;13,001;13,405;0,000;0,000;0,000;9,283;3,000;3,000;

27830;2018.11.03 13:00:00;12,575;13,954;0,000;0,000;0,000;9,283;3,000;3,000;

27831;2018.11.03 14:00:00;11,834;11,939;0,000;0,000;0,000;9,283;3,000;3,000;

27832;2018.11.03 15:00:00;11,501;10,624;0,000;0,000;0,000;9,283;3,000;3,000;

27833;2018.11.03 16:00:00;14,705;8,114;0,000;0,000;0,000;9,283;3,000;3,000;

27834;2018.11.03 17:00:00;12,983;5,815;0,000;0,000;0,000;9,283;3,000;3,000;

27835;2018.11.03 18:00:00;15,538;4,473;0,000;0,000;0,000;9,283;3,000;3,000;

27836;2018.11.03 19:00:00;15,001;3,622;0,000;0,000;0,000;9,283;3,000;3,000;

27837;2018.11.03 20:00:00;15,761;2,769;0,000;0,000;0,000;9,283;3,000;3,000;

27838;2018.11.03 21:00:00;16,793;2,587;0,000;0,000;0,000;9,283;3,000;3,000;

27839;2018.11.03 22:00:00;16,340;1,937;0,000;0,000;0,000;9,283;3,000;3,000;

27840;2018.11.03 23:00:00;15,872;1,174;0,000;0,000;0,000;9,283;3,000;3,000;

27841;2018.11.04 00:00:00;18,581;0,506;0,000;0,000;0,000;9,217;4,000;3,000;

27842;2018.11.04 01:00:00;18,589;0,293;0,000;0,000;0,000;9,217;4,000;3,000;

27843;2018.11.04 02:00:00;18,576;0,228;0,000;0,000;0,000;9,217;4,000;3,000;

27844;2018.11.04 03:00:00;18,557;0,075;0,000;0,000;0,000;9,217;4,000;3,000;

27845;2018.11.04 04:00:00;19,242;0,949;0,000;0,000;0,000;9,217;4,000;3,000;

27846;2018.11.04 05:00:00;18,761;2,556;0,000;0,000;0,000;9,217;4,000;3,000;

27847;2018.11.04 06:00:00;19,520;3,719;0,000;0,000;0,000;9,217;4,000;3,000;

27848;2018.11.04 07:00:00;18,353;4,417;0,000;0,000;0,000;9,217;4,000;3,000;

27849;2018.11.04 08:00:00;12,833;6,922;0,000;0,000;0,000;9,217;4,000;3,000;

27850;2018.11.04 09:00:00;17,059;9,292;0,000;0,000;0,000;9,217;4,000;3,000;

27851;2018.11.04 10:00:00;15,787;10,838;0,000;0,000;0,000;9,217;4,000;3,000;

27852;2018.11.04 11:00:00;13,914;11,974;0,000;0,000;0,000;9,217;4,000;3,000;

27853;2018.11.04 12:00:00;14,063;12,571;0,000;0,000;0,000;9,217;4,000;3,000;

27854;2018.11.04 13:00:00;12,463;11,885;0,000;0,000;0,000;9,217;4,000;3,000;

27855;2018.11.04 14:00:00;15,387;11,494;0,000;0,000;0,000;9,217;4,000;3,000;

27856;2018.11.04 15:00:00;12,987;10,867;0,000;0,000;0,000;9,217;4,000;3,000;

27857;2018.11.04 16:00:00;13,539;10,344;0,000;0,000;0,000;9,217;4,000;3,000;

27858;2018.11.04 17:00:00;14,544;10,192;0,000;0,000;0,000;9,217;4,000;3,000;

27859;2018.11.04 18:00:00;12,197;9,994;0,000;0,000;0,000;9,217;4,000;3,000;

27860;2018.11.04 19:00:00;12,275;9,960;0,000;0,000;0,000;9,217;4,000;3,000;

27861;2018.11.04 20:00:00;13,707;10,124;0,000;0,000;0,000;9,217;4,000;3,000;

27862;2018.11.04 21:00:00;16,716;10,458;0,000;0,000;0,000;9,217;4,000;3,000;

27863;2018.11.04 22:00:00;13,472;10,799;0,000;0,000;0,000;9,217;4,000;3,000;

27864;2018.11.04 23:00:00;10,556;10,960;0,000;0,000;0,000;9,217;4,000;3,000;

27865;2018.11.05 00:00:00;13,153;11,174;0,000;0,000;0,000;9,150;1,000;3,000;

27866;2018.11.05 01:00:00;14,590;11,319;0,000;0,000;0,000;9,150;1,000;3,000;

27867;2018.11.05 02:00:00;12,293;11,494;0,000;0,000;0,000;9,150;1,000;3,000;

27868;2018.11.05 03:00:00;12,931;11,673;0,000;0,000;0,000;9,150;1,000;3,000;

27869;2018.11.05 04:00:00;12,779;11,753;0,000;0,000;0,000;9,150;1,000;3,000;

27870;2018.11.05 05:00:00;12,465;11,840;0,000;0,000;0,000;9,150;1,000;3,000;

27871;2018.11.05 06:00:00;10,801;11,882;0,000;0,000;0,000;9,150;1,000;3,000;

27872;2018.11.05 07:00:00;11,306;12,041;0,000;0,000;0,000;9,150;1,000;3,000;

27873;2018.11.05 08:00:00;11,422;12,601;0,000;0,000;0,000;9,150;1,000;3,000;

27874;2018.11.05 09:00:00;8,539;13,350;0,000;0,000;0,000;9,150;1,000;3,000;

27875;2018.11.05 10:00:00;12,140;13,884;0,000;0,000;0,000;9,150;1,000;3,000;

27876;2018.11.05 11:00:00;12,303;14,874;0,000;0,000;0,000;9,150;1,000;3,000;

27877;2018.11.05 12:00:00;9,921;15,231;0,000;0,000;0,000;9,150;1,000;3,000;

27878;2018.11.05 13:00:00;9,427;15,401;0,000;0,000;0,000;9,150;1,000;3,000;

27879;2018.11.05 14:00:00;11,066;14,872;0,000;0,000;0,000;9,150;1,000;3,000;

27880;2018.11.05 15:00:00;13,240;13,625;0,000;0,000;0,000;9,150;1,000;3,000;

27881;2018.11.05 16:00:00;12,345;12,125;0,000;0,000;0,000;9,150;1,000;3,000;

27882;2018.11.05 17:00:00;12,019;11,614;0,000;0,000;0,000;9,150;1,000;3,000;

27883;2018.11.05 18:00:00;11,742;11,849;0,000;0,000;0,000;9,150;1,000;3,000;

27884;2018.11.05 19:00:00;12,705;12,031;0,000;0,000;0,000;9,150;1,000;3,000;

27885;2018.11.05 20:00:00;11,945;11,694;0,000;0,000;0,000;9,150;1,000;3,000;

27886;2018.11.05 21:00:00;12,371;10,984;0,000;0,000;0,000;9,150;1,000;3,000;

27887;2018.11.05 22:00:00;12,353;10,667;0,000;0,000;0,000;9,150;1,000;3,000;

27888;2018.11.05 23:00:00;12,223;10,024;0,000;0,000;0,000;9,150;1,000;3,000;

27889;2018.11.06 00:00:00;13,390;9,572;0,000;0,000;0,000;9,117;1,000;3,000;

27890;2018.11.06 01:00:00;13,816;9,669;0,000;0,000;0,000;9,117;1,000;3,000;

27891;2018.11.06 02:00:00;13,964;9,754;0,000;0,000;0,000;9,117;1,000;3,000;

27892;2018.11.06 03:00:00;13,890;9,273;0,000;0,000;0,000;9,117;1,000;3,000;

27893;2018.11.06 04:00:00;13,816;8,921;0,000;0,000;0,000;9,117;1,000;3,000;

27894;2018.11.06 05:00:00;14,547;8,611;0,000;0,000;0,000;9,117;1,000;3,000;

27895;2018.11.06 06:00:00;14,622;8,433;0,000;0,000;0,000;9,117;1,000;3,000;

27896;2018.11.06 07:00:00;14,094;8,808;0,000;0,000;0,000;9,117;1,000;3,000;

27897;2018.11.06 08:00:00;13,773;10,665;0,000;0,000;0,000;9,117;1,000;3,000;

27898;2018.11.06 09:00:00;11,025;12,771;0,000;0,000;0,000;9,117;1,000;3,000;

27899;2018.11.06 10:00:00;13,223;14,290;0,000;0,000;0,000;9,117;1,000;3,000;

27900;2018.11.06 11:00:00;11,607;15,613;0,000;0,000;0,000;9,117;1,000;3,000;

27901;2018.11.06 12:00:00;10,432;16,480;0,000;0,000;0,000;9,117;1,000;3,000;

27902;2018.11.06 13:00:00;9,538;16,895;0,000;0,000;0,000;9,117;1,000;3,000;

27903;2018.11.06 14:00:00;8,723;16,712;0,000;0,000;0,000;9,117;1,000;3,000;

27904;2018.11.06 15:00:00;9,093;15,286;0,000;0,000;0,000;9,117;1,000;3,000;

27905;2018.11.06 16:00:00;10,205;12,690;0,000;0,000;0,000;9,117;1,000;3,000;

27906;2018.11.06 17:00:00;11,445;10,455;0,000;0,000;0,000;9,117;1,000;3,000;

27907;2018.11.06 18:00:00;11,742;8,861;0,000;0,000;0,000;9,117;1,000;3,000;

27908;2018.11.06 19:00:00;11,853;8,802;0,000;0,000;0,000;9,117;1,000;3,000;

27909;2018.11.06 20:00:00;11,964;8,055;0,000;0,000;0,000;9,117;1,000;3,000;

27910;2018.11.06 21:00:00;11,227;8,499;0,000;0,000;0,000;9,117;1,000;3,000;

27911;2018.11.06 22:00:00;12,794;9,270;0,000;0,000;0,000;9,117;1,000;3,000;

27912;2018.11.06 23:00:00;9,927;9,205;0,000;0,000;0,000;9,117;1,000;3,000;

27913;2018.11.07 00:00:00;12,019;8,879;0,000;0,000;0,000;9,050;1,000;3,000;

27914;2018.11.07 01:00:00;12,575;8,691;0,000;0,000;0,000;9,050;1,000;3,000;

27915;2018.11.07 02:00:00;12,705;8,748;0,000;0,000;0,000;9,050;1,000;3,000;

27916;2018.11.07 03:00:00;12,853;8,181;0,000;0,000;0,000;9,050;1,000;3,000;

27917;2018.11.07 04:00:00;13,186;6,964;0,000;0,000;0,000;9,050;1,000;3,000;

27918;2018.11.07 05:00:00;13,057;7,231;0,000;0,000;0,000;9,050;1,000;3,000;

27919;2018.11.07 06:00:00;13,686;8,096;0,000;0,000;0,000;9,050;1,000;3,000;

27920;2018.11.07 07:00:00;13,538;8,275;0,000;0,000;0,000;9,050;1,000;3,000;

27921;2018.11.07 08:00:00;13,057;9,555;0,000;0,000;0,000;9,050;1,000;3,000;

27922;2018.11.07 09:00:00;13,131;11,997;0,000;0,000;0,000;9,050;1,000;3,000;

27923;2018.11.07 10:00:00;12,371;13,946;0,000;0,000;0,000;9,050;1,000;3,000;

27924;2018.11.07 11:00:00;11,316;14,998;0,000;0,000;0,000;9,050;1,000;3,000;

27925;2018.11.07 12:00:00;10,630;15,521;0,000;0,000;0,000;9,050;1,000;3,000;

27926;2018.11.07 13:00:00;9,871;15,975;0,000;0,000;0,000;9,050;1,000;3,000;

27927;2018.11.07 14:00:00;9,112;15,611;0,000;0,000;0,000;9,050;1,000;3,000;

27928;2018.11.07 15:00:00;9,704;13,859;0,000;0,000;0,000;9,050;1,000;3,000;

27929;2018.11.07 16:00:00;10,556;11,111;0,000;0,000;0,000;9,050;1,000;3,000;

27930;2018.11.07 17:00:00;11,242;10,028;0,000;0,000;0,000;9,050;1,000;3,000;

27931;2018.11.07 18:00:00;12,983;9,299;0,000;0,000;0,000;9,050;1,000;3,000;

27932;2018.11.07 19:00:00;12,590;9,105;0,000;0,000;0,000;9,050;1,000;3,000;

27933;2018.11.07 20:00:00;12,208;8,685;0,000;0,000;0,000;9,050;1,000;3,000;

27934;2018.11.07 21:00:00;13,668;8,266;0,000;0,000;0,000;9,050;1,000;3,000;

27935;2018.11.07 22:00:00;13,538;7,131;0,000;0,000;0,000;9,050;1,000;3,000;

27936;2018.11.07 23:00:00;12,353;6,074;0,000;0,000;0,000;9,050;1,000;3,000;

27937;2018.11.08 00:00:00;15,427;6,147;0,000;0,000;0,000;8,983;1,000;3,000;

27938;2018.11.08 01:00:00;15,205;5,946;0,000;0,000;0,000;8,983;1,000;3,000;

27939;2018.11.08 02:00:00;15,409;5,619;0,000;0,000;0,000;8,983;1,000;3,000;

27940;2018.11.08 03:00:00;15,223;5,047;0,000;0,000;0,000;8,983;1,000;3,000;

27941;2018.11.08 04:00:00;16,853;4,380;0,000;0,000;0,000;8,983;1,000;3,000;

27942;2018.11.08 05:00:00;15,983;3,977;0,000;0,000;0,000;8,983;1,000;3,000;

27943;2018.11.08 06:00:00;16,390;4,145;0,000;0,000;0,000;8,983;1,000;3,000;

27944;2018.11.08 07:00:00;16,316;4,610;0,000;0,000;0,000;8,983;1,000;3,000;

27945;2018.11.08 08:00:00;16,569;6,142;0,000;0,000;0,000;8,983;1,000;3,000;

27946;2018.11.08 09:00:00;16,582;7,842;0,000;0,000;0,000;8,983;1,000;3,000;

27947;2018.11.08 10:00:00;15,795;10,371;0,000;0,000;0,000;8,983;1,000;3,000;

27948;2018.11.08 11:00:00;14,326;12,069;0,000;0,000;0,000;8,983;1,000;3,000;

27949;2018.11.08 12:00:00;14,158;13,397;0,000;0,000;0,000;8,983;1,000;3,000;

27950;2018.11.08 13:00:00;12,892;13,104;0,000;0,000;0,000;8,983;1,000;3,000;

27951;2018.11.08 14:00:00;11,943;11,839;0,000;0,000;0,000;8,983;1,000;3,000;

27952;2018.11.08 15:00:00;12,605;10,992;0,000;0,000;0,000;8,983;1,000;3,000;

27953;2018.11.08 16:00:00;14,776;10,017;0,000;0,000;0,000;8,983;1,000;3,000;

27954;2018.11.08 17:00:00;13,865;9,510;0,000;0,000;0,000;8,983;1,000;3,000;

27955;2018.11.08 18:00:00;14,631;9,456;0,000;0,000;0,000;8,983;1,000;3,000;

27956;2018.11.08 19:00:00;13,983;9,398;0,000;0,000;0,000;8,983;1,000;3,000;

27957;2018.11.08 20:00:00;13,742;9,530;0,000;0,000;0,000;8,983;1,000;3,000;

27958;2018.11.08 21:00:00;13,205;9,500;0,000;0,000;0,000;8,983;1,000;3,000;

27959;2018.11.08 22:00:00;13,408;9,647;0,000;0,000;0,000;8,983;1,000;3,000;

27960;2018.11.08 23:00:00;10,945;10,028;0,000;0,000;0,000;8,983;1,000;3,000;

27961;2018.11.09 00:00:00;13,094;10,136;0,000;0,000;0,000;8,917;2,000;3,000;

27962;2018.11.09 01:00:00;12,427;10,158;0,000;0,000;0,000;8,917;2,000;3,000;

27963;2018.11.09 02:00:00;12,705;10,010;0,000;0,000;0,000;8,917;2,000;3,000;

27964;2018.11.09 03:00:00;12,983;10,010;0,000;0,000;0,000;8,917;2,000;3,000;

27965;2018.11.09 04:00:00;12,853;9,785;0,000;0,000;0,000;8,917;2,000;3,000;

27966;2018.11.09 05:00:00;12,501;9,693;0,000;0,000;0,000;8,917;2,000;3,000;

27967;2018.11.09 06:00:00;12,908;9,535;0,000;0,000;0,000;8,917;2,000;3,000;

27968;2018.11.09 07:00:00;13,408;9,554;0,000;0,000;0,000;8,917;2,000;3,000;

27969;2018.11.09 08:00:00;13,205;10,237;0,000;0,000;0,000;8,917;2,000;3,000;

27970;2018.11.09 09:00:00;12,631;10,299;0,000;0,000;0,000;8,917;2,000;3,000;

27971;2018.11.09 10:00:00;12,908;11,110;0,000;0,000;0,000;8,917;2,000;3,000;

27972;2018.11.09 11:00:00;13,408;11,051;0,000;0,000;0,000;8,917;2,000;3,000;

27973;2018.11.09 12:00:00;12,023;12,019;0,000;0,000;0,000;8,917;2,000;3,000;

27974;2018.11.09 13:00:00;12,368;11,297;0,000;0,000;0,000;8,917;2,000;3,000;

27975;2018.11.09 14:00:00;12,557;11,004;0,000;0,000;0,000;8,917;2,000;3,000;

27976;2018.11.09 15:00:00;13,408;10,184;0,000;0,000;0,000;8,917;2,000;3,000;

27977;2018.11.09 16:00:00;13,133;9,657;0,000;0,000;0,000;8,917;2,000;3,000;

27978;2018.11.09 17:00:00;12,906;9,159;0,000;0,000;0,000;8,917;2,000;3,000;

27979;2018.11.09 18:00:00;13,718;8,682;0,000;0,000;0,000;8,917;2,000;3,000;

27980;2018.11.09 19:00:00;13,321;8,391;0,000;0,000;0,000;8,917;2,000;3,000;

27981;2018.11.09 20:00:00;13,929;8,312;0,000;0,000;0,000;8,917;2,000;3,000;

27982;2018.11.09 21:00:00;14,857;8,176;0,000;0,000;0,000;8,917;2,000;3,000;

27983;2018.11.09 22:00:00;13,459;7,973;0,000;0,000;0,000;8,917;2,000;3,000;

27984;2018.11.09 23:00:00;12,334;7,889;0,000;0,000;0,000;8,917;2,000;3,000;

27985;2018.11.10 00:00:00;13,464;7,947;0,000;0,000;0,000;8,850;3,000;3,000;

27986;2018.11.10 01:00:00;13,575;8,355;0,000;0,000;0,000;8,850;3,000;3,000;

27987;2018.11.10 02:00:00;13,371;8,568;0,000;0,000;0,000;8,850;3,000;3,000;

27988;2018.11.10 03:00:00;13,408;8,527;0,000;0,000;0,000;8,850;3,000;3,000;

27989;2018.11.10 04:00:00;13,464;8,829;0,000;0,000;0,000;8,850;3,000;3,000;

27990;2018.11.10 05:00:00;14,094;9,361;0,000;0,000;0,000;8,850;3,000;3,000;

27991;2018.11.10 06:00:00;13,890;9,478;0,000;0,000;0,000;8,850;3,000;3,000;

27992;2018.11.10 07:00:00;14,038;9,619;0,000;0,000;0,000;8,850;3,000;3,000;

27993;2018.11.10 08:00:00;14,297;10,436;0,000;0,000;0,000;8,850;3,000;3,000;

27994;2018.11.10 09:00:00;12,178;11,122;0,000;0,000;0,000;8,850;3,000;3,000;

27995;2018.11.10 10:00:00;13,232;11,504;0,000;0,000;0,000;8,850;3,000;3,000;

27996;2018.11.10 11:00:00;12,797;12,064;0,000;0,000;0,000;8,850;3,000;3,000;

27997;2018.11.10 12:00:00;11,622;12,213;0,000;0,000;0,000;8,850;3,000;3,000;

27998;2018.11.10 13:00:00;12,067;12,185;0,000;0,000;0,000;8,850;3,000;3,000;

27999;2018.11.10 14:00:00;12,851;11,921;0,000;0,000;0,000;8,850;3,000;3,000;

28000;2018.11.10 15:00:00;12,516;10,892;0,000;0,000;0,000;8,850;3,000;3,000;

28001;2018.11.10 16:00:00;12,588;9,072;0,000;0,000;0,000;8,850;3,000;3,000;

28002;2018.11.10 17:00:00;13,436;8,444;0,000;0,000;0,000;8,850;3,000;3,000;

28003;2018.11.10 18:00:00;13,250;8,348;0,000;0,000;0,000;8,850;3,000;3,000;

28004;2018.11.10 19:00:00;14,567;8,469;0,000;0,000;0,000;8,850;3,000;3,000;

28005;2018.11.10 20:00:00;14,075;8,333;0,000;0,000;0,000;8,850;3,000;3,000;

28006;2018.11.10 21:00:00;13,255;9,387;0,000;0,000;0,000;8,850;3,000;3,000;

28007;2018.11.10 22:00:00;13,599;9,143;0,000;0,000;0,000;8,850;3,000;3,000;

28008;2018.11.10 23:00:00;11,662;8,662;0,000;0,000;0,000;8,850;3,000;3,000;

28009;2018.11.11 00:00:00;14,451;8,536;0,000;0,000;0,000;8,800;4,000;3,000;

28010;2018.11.11 01:00:00;13,890;8,517;0,000;0,000;0,000;8,800;4,000;3,000;

28011;2018.11.11 02:00:00;14,168;8,934;0,000;0,000;0,000;8,800;4,000;3,000;

28012;2018.11.11 03:00:00;14,446;8,864;0,000;0,000;0,000;8,800;4,000;3,000;

28013;2018.11.11 04:00:00;15,816;7,770;0,000;0,000;0,000;8,800;4,000;3,000;

28014;2018.11.11 05:00:00;15,149;7,764;0,000;0,000;0,000;8,800;4,000;3,000;

28015;2018.11.11 06:00:00;15,483;8,352;0,000;0,000;0,000;8,800;4,000;3,000;

28016;2018.11.11 07:00:00;15,353;8,466;0,000;0,000;0,000;8,800;4,000;3,000;

28017;2018.11.11 08:00:00;15,279;8,736;0,000;0,000;0,000;8,800;4,000;3,000;

28018;2018.11.11 09:00:00;15,001;9,338;0,000;0,000;0,000;8,800;4,000;3,000;

28019;2018.11.11 10:00:00;14,316;10,023;0,000;0,000;0,000;8,800;4,000;3,000;

28020;2018.11.11 11:00:00;15,335;10,745;0,000;0,000;0,000;8,800;4,000;3,000;

28021;2018.11.11 12:00:00;14,594;11,172;0,000;0,000;0,000;8,800;4,000;3,000;

28022;2018.11.11 13:00:00;15,131;10,705;0,000;0,000;0,000;8,800;4,000;3,000;

28023;2018.11.11 14:00:00;14,872;10,399;0,000;0,000;0,000;8,800;4,000;3,000;

28024;2018.11.11 15:00:00;14,723;9,952;0,000;0,000;0,000;8,800;4,000;3,000;

28025;2018.11.11 16:00:00;15,141;9,455;0,000;0,000;0,000;8,800;4,000;3,000;

28026;2018.11.11 17:00:00;14,472;8,961;0,000;0,000;0,000;8,800;4,000;3,000;

28027;2018.11.11 18:00:00;15,825;8,445;0,000;0,000;0,000;8,800;4,000;3,000;

28028;2018.11.11 19:00:00;16,110;8,330;0,000;0,000;0,000;8,800;4,000;3,000;

28029;2018.11.11 20:00:00;15,050;8,029;0,000;0,000;0,000;8,800;4,000;3,000;

28030;2018.11.11 21:00:00;14,675;7,262;0,000;0,000;0,000;8,800;4,000;3,000;

28031;2018.11.11 22:00:00;15,557;6,961;0,000;0,000;0,000;8,800;4,000;3,000;

28032;2018.11.11 23:00:00;14,476;7,098;0,000;0,000;0,000;8,800;4,000;3,000;

28033;2018.11.12 00:00:00;15,909;7,069;0,000;0,000;0,000;8,733;1,000;3,000;

28034;2018.11.12 01:00:00;16,946;7,201;0,000;0,000;0,000;8,733;1,000;3,000;

28035;2018.11.12 02:00:00;16,390;7,937;0,000;0,000;0,000;8,733;1,000;3,000;

28036;2018.11.12 03:00:00;15,649;8,806;0,000;0,000;0,000;8,733;1,000;3,000;

28037;2018.11.12 04:00:00;15,612;8,986;0,000;0,000;0,000;8,733;1,000;3,000;

28038;2018.11.12 05:00:00;15,279;9,116;0,000;0,000;0,000;8,733;1,000;3,000;

28039;2018.11.12 06:00:00;15,427;8,926;0,000;0,000;0,000;8,733;1,000;3,000;

28040;2018.11.12 07:00:00;14,168;8,853;0,000;0,000;0,000;8,733;1,000;3,000;

28041;2018.11.12 08:00:00;14,446;9,258;0,000;0,000;0,000;8,733;1,000;3,000;

28042;2018.11.12 09:00:00;14,168;9,556;0,000;0,000;0,000;8,733;1,000;3,000;

28043;2018.11.12 10:00:00;14,242;10,690;0,000;0,000;0,000;8,733;1,000;3,000;

28044;2018.11.12 11:00:00;14,168;12,306;0,000;0,000;0,000;8,733;1,000;3,000;

28045;2018.11.12 12:00:00;13,075;12,949;0,000;0,000;0,000;8,733;1,000;3,000;

28046;2018.11.12 13:00:00;12,149;13,293;0,000;0,000;0,000;8,733;1,000;3,000;

28047;2018.11.12 14:00:00;11,316;13,379;0,000;0,000;0,000;8,733;1,000;3,000;

28048;2018.11.12 15:00:00;13,464;13,115;0,000;0,000;0,000;8,733;1,000;3,000;

28049;2018.11.12 16:00:00;12,488;13,007;0,000;0,000;0,000;8,733;1,000;3,000;

28050;2018.11.12 17:00:00;11,606;12,855;0,000;0,000;0,000;8,733;1,000;3,000;

28051;2018.11.12 18:00:00;12,066;11,215;0,000;0,000;0,000;8,733;1,000;3,000;

28052;2018.11.12 19:00:00;13,124;10,984;0,000;0,000;0,000;8,733;1,000;3,000;

28053;2018.11.12 20:00:00;13,017;11,351;0,000;0,000;0,000;8,733;1,000;3,000;

28054;2018.11.12 21:00:00;12,664;12,115;0,000;0,000;0,000;8,733;1,000;3,000;

28055;2018.11.12 22:00:00;11,801;12,409;0,000;0,000;0,000;8,733;1,000;3,000;

28056;2018.11.12 23:00:00;11,174;12,419;0,000;0,000;0,000;8,733;1,000;3,000;

28057;2018.11.13 00:00:00;12,291;11,476;0,000;0,000;0,000;8,667;1,000;3,000;

28058;2018.11.13 01:00:00;12,094;11,239;0,000;0,000;0,000;8,667;1,000;3,000;

28059;2018.11.13 02:00:00;11,464;11,528;0,000;0,000;0,000;8,667;1,000;3,000;

28060;2018.11.13 03:00:00;12,760;11,241;0,000;0,000;0,000;8,667;1,000;3,000;

28061;2018.11.13 04:00:00;12,297;11,644;0,000;0,000;0,000;8,667;1,000;3,000;

28062;2018.11.13 05:00:00;12,149;11,670;0,000;0,000;0,000;8,667;1,000;3,000;

28063;2018.11.13 06:00:00;11,538;11,606;0,000;0,000;0,000;8,667;1,000;3,000;

28064;2018.11.13 07:00:00;11,742;11,421;0,000;0,000;0,000;8,667;1,000;3,000;

28065;2018.11.13 08:00:00;11,464;11,160;0,000;0,000;0,000;8,667;1,000;3,000;

28066;2018.11.13 09:00:00;11,117;11,343;0,000;0,000;0,000;8,667;1,000;3,000;

28067;2018.11.13 10:00:00;11,663;11,094;0,000;0,000;0,000;8,667;1,000;3,000;

28068;2018.11.13 11:00:00;12,001;11,214;0,000;0,000;0,000;8,667;1,000;3,000;

28069;2018.11.13 12:00:00;11,825;11,427;0,000;0,000;0,000;8,667;1,000;3,000;

28070;2018.11.13 13:00:00;11,936;11,470;0,000;0,000;0,000;8,667;1,000;3,000;

28071;2018.11.13 14:00:00;12,408;11,021;0,000;0,000;0,000;8,667;1,000;3,000;

28072;2018.11.13 15:00:00;13,398;10,614;0,000;0,000;0,000;8,667;1,000;3,000;

28073;2018.11.13 16:00:00;13,456;9,888;0,000;0,000;0,000;8,667;1,000;3,000;

28074;2018.11.13 17:00:00;14,922;9,590;0,000;0,000;0,000;8,667;1,000;3,000;

28075;2018.11.13 18:00:00;14,414;9,658;0,000;0,000;0,000;8,667;1,000;3,000;

28076;2018.11.13 19:00:00;15,430;9,749;0,000;0,000;0,000;8,667;1,000;3,000;

28077;2018.11.13 20:00:00;14,424;9,153;0,000;0,000;0,000;8,667;1,000;3,000;

28078;2018.11.13 21:00:00;13,964;9,475;0,000;0,000;0,000;8,667;1,000;3,000;

28079;2018.11.13 22:00:00;13,334;9,015;0,000;0,000;0,000;8,667;1,000;3,000;

28080;2018.11.13 23:00:00;11,631;8,691;0,000;0,000;0,000;8,667;1,000;3,000;

28081;2018.11.14 00:00:00;14,760;8,920;0,000;0,000;0,000;8,617;1,000;3,000;

28082;2018.11.14 01:00:00;14,131;9,082;0,000;0,000;0,000;8,617;1,000;3,000;

28083;2018.11.14 02:00:00;13,649;9,244;0,000;0,000;0,000;8,617;1,000;3,000;

28084;2018.11.14 03:00:00;14,094;9,355;0,000;0,000;0,000;8,617;1,000;3,000;

28085;2018.11.14 04:00:00;14,446;9,239;0,000;0,000;0,000;8,617;1,000;3,000;

28086;2018.11.14 05:00:00;14,094;9,238;0,000;0,000;0,000;8,617;1,000;3,000;

28087;2018.11.14 06:00:00;13,557;9,420;0,000;0,000;0,000;8,617;1,000;3,000;

28088;2018.11.14 07:00:00;14,094;9,544;0,000;0,000;0,000;8,617;1,000;3,000;

28089;2018.11.14 08:00:00;13,760;9,784;0,000;0,000;0,000;8,617;1,000;3,000;

28090;2018.11.14 09:00:00;13,186;10,314;0,000;0,000;0,000;8,617;1,000;3,000;

28091;2018.11.14 10:00:00;12,927;10,864;0,000;0,000;0,000;8,617;1,000;3,000;

28092;2018.11.14 11:00:00;13,334;11,066;0,000;0,000;0,000;8,617;1,000;3,000;

28093;2018.11.14 12:00:00;12,705;11,509;0,000;0,000;0,000;8,617;1,000;3,000;

28094;2018.11.14 13:00:00;12,427;11,473;0,000;0,000;0,000;8,617;1,000;3,000;

28095;2018.11.14 14:00:00;12,488;11,258;0,000;0,000;0,000;8,617;1,000;3,000;

28096;2018.11.14 15:00:00;14,033;10,617;0,000;0,000;0,000;8,617;1,000;3,000;

28097;2018.11.14 16:00:00;14,594;10,462;0,000;0,000;0,000;8,617;1,000;3,000;

28098;2018.11.14 17:00:00;14,649;10,315;0,000;0,000;0,000;8,617;1,000;3,000;

28099;2018.11.14 18:00:00;14,797;10,186;0,000;0,000;0,000;8,617;1,000;3,000;

28100;2018.11.14 19:00:00;14,446;9,747;0,000;0,000;0,000;8,617;1,000;3,000;

28101;2018.11.14 20:00:00;14,953;9,442;0,000;0,000;0,000;8,617;1,000;3,000;

28102;2018.11.14 21:00:00;14,023;8,944;0,000;0,000;0,000;8,617;1,000;3,000;

28103;2018.11.14 22:00:00;14,083;7,871;0,000;0,000;0,000;8,617;1,000;3,000;

28104;2018.11.14 23:00:00;12,075;7,306;0,000;0,000;0,000;8,617;1,000;3,000;

28105;2018.11.15 00:00:00;15,427;6,535;0,000;0,000;0,000;8,550;1,000;3,000;

28106;2018.11.15 01:00:00;14,649;7,223;0,000;0,000;0,000;8,550;1,000;3,000;

28107;2018.11.15 02:00:00;14,649;7,579;0,000;0,000;0,000;8,550;1,000;3,000;

28108;2018.11.15 03:00:00;14,723;8,058;0,000;0,000;0,000;8,550;1,000;3,000;

28109;2018.11.15 04:00:00;14,723;8,017;0,000;0,000;0,000;8,550;1,000;3,000;

28110;2018.11.15 05:00:00;15,029;7,682;0,000;0,000;0,000;8,550;1,000;3,000;

28111;2018.11.15 06:00:00;15,442;7,409;0,000;0,000;0,000;8,550;1,000;3,000;

28112;2018.11.15 07:00:00;15,785;7,185;0,000;0,000;0,000;8,550;1,000;3,000;

28113;2018.11.15 08:00:00;15,987;7,346;0,000;0,000;0,000;8,550;1,000;3,000;

28114;2018.11.15 09:00:00;15,319;7,523;0,000;0,000;0,000;8,550;1,000;3,000;

28115;2018.11.15 10:00:00;14,235;8,602;0,000;0,000;0,000;8,550;1,000;3,000;

28116;2018.11.15 11:00:00;16,619;9,783;0,000;0,000;0,000;8,550;1,000;3,000;

28117;2018.11.15 12:00:00;14,316;10,927;0,000;0,000;0,000;8,550;1,000;3,000;

28118;2018.11.15 13:00:00;13,192;11,575;0,000;0,000;0,000;8,550;1,000;3,000;

28119;2018.11.15 14:00:00;13,774;11,121;0,000;0,000;0,000;8,550;1,000;3,000;

28120;2018.11.15 15:00:00;13,583;10,058;0,000;0,000;0,000;8,550;1,000;3,000;

28121;2018.11.15 16:00:00;16,141;7,091;0,000;0,000;0,000;8,550;1,000;3,000;

28122;2018.11.15 17:00:00;14,657;5,156;0,000;0,000;0,000;8,550;1,000;3,000;

28123;2018.11.15 18:00:00;15,586;3,982;0,000;0,000;0,000;8,550;1,000;3,000;

28124;2018.11.15 19:00:00;16,877;3,463;0,000;0,000;0,000;8,550;1,000;3,000;

28125;2018.11.15 20:00:00;17,681;3,315;0,000;0,000;0,000;8,550;1,000;3,000;

28126;2018.11.15 21:00:00;17,197;4,334;0,000;0,000;0,000;8,550;1,000;3,000;

28127;2018.11.15 22:00:00;18,578;2,444;0,000;0,000;0,000;8,550;1,000;3,000;

28128;2018.11.15 23:00:00;16,377;1,579;0,000;0,000;0,000;8,550;1,000;3,000;

28129;2018.11.16 00:00:00;19,446;1,261;0,000;0,000;0,000;8,483;2,000;3,000;

28130;2018.11.16 01:00:00;19,909;1,107;0,000;0,000;0,000;8,483;2,000;3,000;

28131;2018.11.16 02:00:00;20,483;0,536;0,000;0,000;0,000;8,483;2,000;3,000;

28132;2018.11.16 03:00:00;20,372;-0,186;0,000;0,000;0,000;8,483;2,000;3,000;

28133;2018.11.16 04:00:00;21,872;-0,463;0,000;0,000;0,000;8,483;2,000;3,000;

28134;2018.11.16 05:00:00;22,280;-0,686;0,000;0,000;0,000;8,483;2,000;3,000;

28135;2018.11.16 06:00:00;23,687;-0,885;0,000;0,000;0,000;8,483;2,000;3,000;

28136;2018.11.16 07:00:00;22,280;-0,933;0,000;0,000;0,000;8,483;2,000;3,000;

28137;2018.11.16 08:00:00;22,298;0,653;0,000;0,000;0,000;8,483;2,000;3,000;

28138;2018.11.16 09:00:00;20,301;3,908;0,000;0,000;0,000;8,483;2,000;3,000;

28139;2018.11.16 10:00:00;20,295;6,580;0,000;0,000;0,000;8,483;2,000;3,000;

28140;2018.11.16 11:00:00;19,094;7,729;0,000;0,000;0,000;8,483;2,000;3,000;

28141;2018.11.16 12:00:00;18,409;8,684;0,000;0,000;0,000;8,483;2,000;3,000;

28142;2018.11.16 13:00:00;18,668;8,717;0,000;0,000;0,000;8,483;2,000;3,000;

28143;2018.11.16 14:00:00;18,510;8,052;0,000;0,000;0,000;8,483;2,000;3,000;

28144;2018.11.16 15:00:00;18,961;6,921;0,000;0,000;0,000;8,483;2,000;3,000;

28145;2018.11.16 16:00:00;19,700;5,931;0,000;0,000;0,000;8,483;2,000;3,000;

28146;2018.11.16 17:00:00;18,636;5,476;0,000;0,000;0,000;8,483;2,000;3,000;

28147;2018.11.16 18:00:00;19,662;5,224;0,000;0,000;0,000;8,483;2,000;3,000;

28148;2018.11.16 19:00:00;19,058;5,029;0,000;0,000;0,000;8,483;2,000;3,000;

28149;2018.11.16 20:00:00;18,804;4,846;0,000;0,000;0,000;8,483;2,000;3,000;

28150;2018.11.16 21:00:00;18,550;4,671;0,000;0,000;0,000;8,483;2,000;3,000;

28151;2018.11.16 22:00:00;17,854;4,433;0,000;0,000;0,000;8,483;2,000;3,000;

28152;2018.11.16 23:00:00;16,724;4,225;0,000;0,000;0,000;8,483;2,000;3,000;

28153;2018.11.17 00:00:00;18,631;3,694;0,000;0,000;0,000;8,433;3,000;3,000;

28154;2018.11.17 01:00:00;19,205;3,181;0,000;0,000;0,000;8,433;3,000;3,000;

28155;2018.11.17 02:00:00;19,076;1,432;0,000;0,000;0,000;8,433;3,000;3,000;

28156;2018.11.17 03:00:00;20,076;0,390;0,000;0,000;0,000;8,433;3,000;3,000;

28157;2018.11.17 04:00:00;20,687;-0,300;0,000;0,000;0,000;8,433;3,000;3,000;

28158;2018.11.17 05:00:00;22,428;-0,735;0,000;0,000;0,000;8,433;3,000;3,000;

28159;2018.11.17 06:00:00;22,965;-1,199;0,000;0,000;0,000;8,433;3,000;3,000;

28160;2018.11.17 07:00:00;25,169;-1,434;0,000;0,000;0,000;8,433;3,000;3,000;

28161;2018.11.17 08:00:00;23,076;-0,481;0,000;0,000;0,000;8,433;3,000;3,000;

28162;2018.11.17 09:00:00;22,854;1,242;0,000;0,000;0,000;8,433;3,000;3,000;

28163;2018.11.17 10:00:00;23,465;3,210;0,000;0,000;0,000;8,433;3,000;3,000;

28164;2018.11.17 11:00:00;21,094;5,391;0,000;0,000;0,000;8,433;3,000;3,000;

28165;2018.11.17 12:00:00;19,520;6,411;0,000;0,000;0,000;8,433;3,000;3,000;

28166;2018.11.17 13:00:00;18,870;7,102;0,000;0,000;0,000;8,433;3,000;3,000;

28167;2018.11.17 14:00:00;19,096;6,961;0,000;0,000;0,000;8,433;3,000;3,000;

28168;2018.11.17 15:00:00;22,057;6,106;0,000;0,000;0,000;8,433;3,000;3,000;

28169;2018.11.17 16:00:00;21,742;3,326;0,000;0,000;0,000;8,433;3,000;3,000;

28170;2018.11.17 17:00:00;22,576;2,034;0,000;0,000;0,000;8,433;3,000;3,000;

28171;2018.11.17 18:00:00;22,594;0,427;0,000;0,000;0,000;8,433;3,000;3,000;

28172;2018.11.17 19:00:00;21,242;-0,769;0,000;0,000;0,000;8,433;3,000;3,000;

28173;2018.11.17 20:00:00;22,557;-1,400;0,000;0,000;0,000;8,433;3,000;3,000;

28174;2018.11.17 21:00:00;23,356;-1,798;0,000;0,000;0,000;8,433;3,000;3,000;

28175;2018.11.17 22:00:00;22,833;-2,038;0,000;0,000;0,000;8,433;3,000;3,000;

28176;2018.11.17 23:00:00;21,576;-2,290;0,000;0,000;0,000;8,433;3,000;3,000;

28177;2018.11.18 00:00:00;23,483;-2,708;0,000;0,000;0,000;8,367;4,000;3,000;

28178;2018.11.18 01:00:00;24,243;-2,793;0,000;0,000;0,000;8,367;4,000;3,000;

28179;2018.11.18 02:00:00;23,557;-2,805;0,000;0,000;0,000;8,367;4,000;3,000;

28180;2018.11.18 03:00:00;24,039;-2,941;0,000;0,000;0,000;8,367;4,000;3,000;

28181;2018.11.18 04:00:00;25,335;-1,871;0,000;0,000;0,000;8,367;4,000;3,000;

28182;2018.11.18 05:00:00;25,206;-0,646;0,000;0,000;0,000;8,367;4,000;3,000;

28183;2018.11.18 06:00:00;25,484;0,303;0,000;0,000;0,000;8,367;4,000;3,000;

28184;2018.11.18 07:00:00;28,243;1,069;0,000;0,000;0,000;8,367;4,000;3,000;

28185;2018.11.18 08:00:00;24,539;1,719;0,000;0,000;0,000;8,367;4,000;3,000;

28186;2018.11.18 09:00:00;25,761;2,447;0,000;0,000;0,000;8,367;4,000;3,000;

28187;2018.11.18 10:00:00;23,150;3,277;0,000;0,000;0,000;8,367;4,000;3,000;

28188;2018.11.18 11:00:00;24,483;5,019;0,000;0,000;0,000;8,367;4,000;3,000;

28189;2018.11.18 12:00:00;20,944;6,499;0,000;0,000;0,000;8,367;4,000;3,000;

28190;2018.11.18 13:00:00;20,800;7,012;0,000;0,000;0,000;8,367;4,000;3,000;

28191;2018.11.18 14:00:00;20,465;7,732;0,000;0,000;0,000;8,367;4,000;3,000;

28192;2018.11.18 15:00:00;21,880;7,461;0,000;0,000;0,000;8,367;4,000;3,000;

28193;2018.11.18 16:00:00;22,012;6,857;0,000;0,000;0,000;8,367;4,000;3,000;

28194;2018.11.18 17:00:00;21,301;6,204;0,000;0,000;0,000;8,367;4,000;3,000;

28195;2018.11.18 18:00:00;21,156;5,595;0,000;0,000;0,000;8,367;4,000;3,000;

28196;2018.11.18 19:00:00;21,955;4,741;0,000;0,000;0,000;8,367;4,000;3,000;

28197;2018.11.18 20:00:00;21,937;3,950;0,000;0,000;0,000;8,367;4,000;3,000;

28198;2018.11.18 21:00:00;20,307;4,069;0,000;0,000;0,000;8,367;4,000;3,000;

28199;2018.11.18 22:00:00;21,361;3,810;0,000;0,000;0,000;8,367;4,000;3,000;

28200;2018.11.18 23:00:00;19,766;3,672;0,000;0,000;0,000;8,367;4,000;3,000;

28201;2018.11.19 00:00:00;20,726;4,188;0,000;0,000;0,000;8,317;1,000;3,000;

28202;2018.11.19 01:00:00;21,062;4,244;0,000;0,000;0,000;8,317;1,000;3,000;

28203;2018.11.19 02:00:00;20,372;3,608;0,000;0,000;0,000;8,317;1,000;3,000;

28204;2018.11.19 03:00:00;20,705;3,221;0,000;0,000;0,000;8,317;1,000;3,000;

28205;2018.11.19 04:00:00;21,946;3,458;0,000;0,000;0,000;8,317;1,000;3,000;

28206;2018.11.19 05:00:00;20,557;3,357;0,000;0,000;0,000;8,317;1,000;3,000;

28207;2018.11.19 06:00:00;20,585;3,375;0,000;0,000;0,000;8,317;1,000;3,000;

28208;2018.11.19 07:00:00;19,418;3,724;0,000;0,000;0,000;8,317;1,000;3,000;

28209;2018.11.19 08:00:00;19,270;4,128;0,000;0,000;0,000;8,317;1,000;3,000;

28210;2018.11.19 09:00:00;19,881;5,005;0,000;0,000;0,000;8,317;1,000;3,000;

28211;2018.11.19 10:00:00;19,853;6,003;0,000;0,000;0,000;8,317;1,000;3,000;

28212;2018.11.19 11:00:00;19,113;6,303;0,000;0,000;0,000;8,317;1,000;3,000;

28213;2018.11.19 12:00:00;18,427;6,337;0,000;0,000;0,000;8,317;1,000;3,000;

28214;2018.11.19 13:00:00;18,946;6,155;0,000;0,000;0,000;8,317;1,000;3,000;

28215;2018.11.19 14:00:00;20,298;5,845;0,000;0,000;0,000;8,317;1,000;3,000;

28216;2018.11.19 15:00:00;21,020;5,428;0,000;0,000;0,000;8,317;1,000;3,000;

28217;2018.11.19 16:00:00;19,946;5,153;0,000;0,000;0,000;8,317;1,000;3,000;

28218;2018.11.19 17:00:00;20,261;4,594;0,000;0,000;0,000;8,317;1,000;3,000;

28219;2018.11.19 18:00:00;22,150;4,205;0,000;0,000;0,000;8,317;1,000;3,000;

28220;2018.11.19 19:00:00;23,057;3,640;0,000;0,000;0,000;8,317;1,000;3,000;

28221;2018.11.19 20:00:00;21,576;3,204;0,000;0,000;0,000;8,317;1,000;3,000;

28222;2018.11.19 21:00:00;21,872;3,407;0,000;0,000;0,000;8,317;1,000;3,000;

28223;2018.11.19 22:00:00;22,428;3,156;0,000;0,000;0,000;8,317;1,000;3,000;

28224;2018.11.19 23:00:00;20,168;2,907;0,000;0,000;0,000;8,317;1,000;3,000;

28225;2018.11.20 00:00:00;22,854;3,481;0,000;0,000;0,000;8,283;1,000;3,000;

28226;2018.11.20 01:00:00;20,965;3,029;0,000;0,000;0,000;8,283;1,000;3,000;

28227;2018.11.20 02:00:00;22,280;3,067;0,000;0,000;0,000;8,283;1,000;3,000;

28228;2018.11.20 03:00:00;21,465;3,332;0,000;0,000;0,000;8,283;1,000;3,000;

28229;2018.11.20 04:00:00;21,668;3,904;0,000;0,000;0,000;8,283;1,000;3,000;

28230;2018.11.20 05:00:00;22,131;3,997;0,000;0,000;0,000;8,283;1,000;3,000;

28231;2018.11.20 06:00:00;23,076;3,981;0,000;0,000;0,000;8,283;1,000;3,000;

28232;2018.11.20 07:00:00;21,279;3,746;0,000;0,000;0,000;8,283;1,000;3,000;

28233;2018.11.20 08:00:00;21,197;4,072;0,000;0,000;0,000;8,283;1,000;3,000;

28234;2018.11.20 09:00:00;23,937;4,517;0,000;0,000;0,000;8,283;1,000;3,000;

28235;2018.11.20 10:00:00;21,872;4,850;0,000;0,000;0,000;8,283;1,000;3,000;

28236;2018.11.20 11:00:00;19,335;5,261;0,000;0,000;0,000;8,283;1,000;3,000;

28237;2018.11.20 12:00:00;20,335;5,196;0,000;0,000;0,000;8,283;1,000;3,000;

28238;2018.11.20 13:00:00;19,724;4,949;0,000;0,000;0,000;8,283;1,000;3,000;

28239;2018.11.20 14:00:00;21,150;4,208;0,000;0,000;0,000;8,283;1,000;3,000;

28240;2018.11.20 15:00:00;22,446;3,636;0,000;0,000;0,000;8,283;1,000;3,000;

28241;2018.11.20 16:00:00;22,502;3,409;0,000;0,000;0,000;8,283;1,000;3,000;

28242;2018.11.20 17:00:00;21,794;2,964;0,000;0,000;0,000;8,283;1,000;3,000;

28243;2018.11.20 18:00:00;24,263;1,980;0,000;0,000;0,000;8,283;1,000;3,000;

28244;2018.11.20 19:00:00;24,134;1,601;0,000;0,000;0,000;8,283;1,000;3,000;

28245;2018.11.20 20:00:00;23,483;1,413;0,000;0,000;0,000;8,283;1,000;3,000;

28246;2018.11.20 21:00:00;27,076;0,891;0,000;0,000;0,000;8,283;1,000;3,000;

28247;2018.11.20 22:00:00;24,422;0,403;0,000;0,000;0,000;8,283;1,000;3,000;

28248;2018.11.20 23:00:00;23,897;-0,227;0,000;0,000;0,000;8,283;1,000;3,000;

28249;2018.11.21 00:00:00;24,317;-0,495;0,000;0,000;0,000;8,217;1,000;3,000;

28250;2018.11.21 01:00:00;25,206;-0,524;0,000;0,000;0,000;8,217;1,000;3,000;

28251;2018.11.21 02:00:00;25,280;-0,789;0,000;0,000;0,000;8,217;1,000;3,000;

28252;2018.11.21 03:00:00;25,965;-1,279;0,000;0,000;0,000;8,217;1,000;3,000;

28253;2018.11.21 04:00:00;25,891;-1,370;0,000;0,000;0,000;8,217;1,000;3,000;

28254;2018.11.21 05:00:00;26,002;-1,377;0,000;0,000;0,000;8,217;1,000;3,000;

28255;2018.11.21 06:00:00;27,687;-1,731;0,000;0,000;0,000;8,217;1,000;3,000;

28256;2018.11.21 07:00:00;26,058;-2,026;0,000;0,000;0,000;8,217;1,000;3,000;

28257;2018.11.21 08:00:00;26,169;-1,331;0,000;0,000;0,000;8,217;1,000;3,000;

28258;2018.11.21 09:00:00;26,910;0,822;0,000;0,000;0,000;8,217;1,000;3,000;

28259;2018.11.21 10:00:00;24,345;1,941;0,000;0,000;0,000;8,217;1,000;3,000;

28260;2018.11.21 11:00:00;24,770;2,635;0,000;0,000;0,000;8,217;1,000;3,000;

28261;2018.11.21 12:00:00;25,891;2,876;0,000;0,000;0,000;8,217;1,000;3,000;

28262;2018.11.21 13:00:00;23,761;3,047;0,000;0,000;0,000;8,217;1,000;3,000;

28263;2018.11.21 14:00:00;27,521;2,532;0,000;0,000;0,000;8,217;1,000;3,000;

28264;2018.11.21 15:00:00;26,958;0,527;0,000;0,000;0,000;8,217;1,000;3,000;

28265;2018.11.21 16:00:00;29,224;-1,098;0,000;0,000;0,000;8,217;1,000;3,000;

28266;2018.11.21 17:00:00;28,256;9990,000;0,000;0,000;0,000;8,217;1,000;3,000;

28267;2018.11.21 18:00:00;30,479;-0,765;0,000;0,000;0,000;8,217;1,000;3,000;

28268;2018.11.21 19:00:00;28,928;0,038;0,000;0,000;0,000;8,217;1,000;3,000;

28269;2018.11.21 20:00:00;27,780;0,766;0,000;0,000;0,000;8,217;1,000;3,000;

28270;2018.11.21 21:00:00;27,373;0,774;0,000;0,000;0,000;8,217;1,000;3,000;

28271;2018.11.21 22:00:00;28,280;0,687;0,000;0,000;0,000;8,217;1,000;3,000;

28272;2018.11.21 23:00:00;26,182;0,472;0,000;0,000;0,000;8,217;1,000;3,000;

28273;2018.11.22 00:00:00;25,748;0,335;0,000;0,000;0,000;8,167;1,000;3,000;

28274;2018.11.22 01:00:00;26,595;0,055;0,000;0,000;0,000;8,167;1,000;3,000;

28275;2018.11.22 02:00:00;26,243;-0,116;0,000;0,000;0,000;8,167;1,000;3,000;

28276;2018.11.22 03:00:00;26,058;0,003;0,000;0,000;0,000;8,167;1,000;3,000;

28277;2018.11.22 04:00:00;27,132;-0,165;0,000;0,000;0,000;8,167;1,000;3,000;

28278;2018.11.22 05:00:00;27,743;-0,345;0,000;0,000;0,000;8,167;1,000;3,000;

28279;2018.11.22 06:00:00;26,261;-0,326;0,000;0,000;0,000;8,167;1,000;3,000;

28280;2018.11.22 07:00:00;26,521;-0,176;0,000;0,000;0,000;8,167;1,000;3,000;

28281;2018.11.22 08:00:00;26,539;0,163;0,000;0,000;0,000;8,167;1,000;3,000;

28282;2018.11.22 09:00:00;27,150;0,677;0,000;0,000;0,000;8,167;1,000;3,000;

28283;2018.11.22 10:00:00;27,780;1,424;0,000;0,000;0,000;8,167;1,000;3,000;

28284;2018.11.22 11:00:00;25,576;1,748;0,000;0,000;0,000;8,167;1,000;3,000;

28285;2018.11.22 12:00:00;24,113;2,110;0,000;0,000;0,000;8,167;1,000;3,000;

28286;2018.11.22 13:00:00;25,947;1,734;0,000;0,000;0,000;8,167;1,000;3,000;

28287;2018.11.22 14:00:00;27,910;1,947;0,000;0,000;0,000;8,167;1,000;3,000;

28288;2018.11.22 15:00:00;25,372;0,991;0,000;0,000;0,000;8,167;1,000;3,000;

28289;2018.11.22 16:00:00;24,502;0,477;0,000;0,000;0,000;8,167;1,000;3,000;

28290;2018.11.22 17:00:00;28,687;0,581;0,000;0,000;0,000;8,167;1,000;3,000;

28291;2018.11.22 18:00:00;28,373;0,598;0,000;0,000;0,000;8,167;1,000;3,000;

28292;2018.11.22 19:00:00;31,040;0,597;0,000;0,000;0,000;8,167;1,000;3,000;

28293;2018.11.22 20:00:00;30,336;0,690;0,000;0,000;0,000;8,167;1,000;3,000;

28294;2018.11.22 21:00:00;26,595;0,643;0,000;0,000;0,000;8,167;1,000;3,000;

28295;2018.11.22 22:00:00;26,947;0,563;0,000;0,000;0,000;8,167;1,000;3,000;

28296;2018.11.22 23:00:00;26,002;0,434;0,000;0,000;0,000;8,167;1,000;3,000;

28297;2018.11.23 00:00:00;26,521;0,384;0,000;0,000;0,000;8,117;2,000;3,000;

28298;2018.11.23 01:00:00;26,261;0,317;0,000;0,000;0,000;8,117;2,000;3,000;

28299;2018.11.23 02:00:00;26,798;0,067;0,000;0,000;0,000;8,117;2,000;3,000;

28300;2018.11.23 03:00:00;25,984;-0,067;0,000;0,000;0,000;8,117;2,000;3,000;

28301;2018.11.23 04:00:00;27,076;-0,070;0,000;0,000;0,000;8,117;2,000;3,000;

28302;2018.11.23 05:00:00;27,039;0,054;0,000;0,000;0,000;8,117;2,000;3,000;

28303;2018.11.23 06:00:00;25,706;0,201;0,000;0,000;0,000;8,117;2,000;3,000;

28304;2018.11.23 07:00:00;25,280;0,369;0,000;0,000;0,000;8,117;2,000;3,000;

28305;2018.11.23 08:00:00;26,951;0,753;0,000;0,000;0,000;8,117;2,000;3,000;

28306;2018.11.23 09:00:00;24,109;1,324;0,000;0,000;0,000;8,117;2,000;3,000;

28307;2018.11.23 10:00:00;24,243;1,656;0,000;0,000;0,000;8,117;2,000;3,000;

28308;2018.11.23 11:00:00;24,576;1,828;0,000;0,000;0,000;8,117;2,000;3,000;

28309;2018.11.23 12:00:00;23,557;9990,000;0,000;0,000;0,000;8,117;2,000;3,000;

28310;2018.11.23 13:00:00;23,131;9990,000;0,000;0,000;0,000;8,117;2,000;3,000;

28311;2018.11.23 14:00:00;28,910;2,599;0,000;0,000;0,000;8,117;2,000;3,000;

28312;2018.11.23 15:00:00;27,336;0,000;0,000;0,000;0,000;8,117;2,000;3,000;

28313;2018.11.23 16:00:00;23,113;0,000;0,000;0,000;0,000;8,117;2,000;3,000;

28314;2018.11.23 17:00:00;26,669;0,000;0,000;0,000;0,000;8,117;2,000;3,000;

28315;2018.11.23 18:00:00;26,447;0,000;0,000;0,000;0,000;8,117;2,000;3,000;

28316;2018.11.23 19:00:00;27,298;0,000;0,000;0,000;0,000;8,117;2,000;3,000;

28317;2018.11.23 20:00:00;25,558;0,000;0,000;0,000;0,000;8,117;2,000;3,000;

28318;2018.11.23 21:00:00;27,021;0,000;0,000;0,000;0,000;8,117;2,000;3,000;

28319;2018.11.23 22:00:00;23,780;0,000;0,000;0,000;0,000;8,117;2,000;3,000;

28320;2018.11.23 23:00:00;23,113;0,000;0,000;0,000;0,000;8,117;2,000;3,000;

28321;2018.11.24 00:00:00;26,132;0,000;0,000;0,000;0,000;8,067;3,000;3,000;

28322;2018.11.24 01:00:00;24,372;0,000;0,000;0,000;0,000;8,067;3,000;3,000;

28323;2018.11.24 02:00:00;25,409;0,000;0,000;0,000;0,000;8,067;3,000;3,000;

28324;2018.11.24 03:00:00;25,076;0,000;0,000;0,000;0,000;8,067;3,000;3,000;

28325;2018.11.24 04:00:00;24,928;0,000;0,000;0,000;0,000;8,067;3,000;3,000;

28326;2018.11.24 05:00:00;25,409;0,000;0,000;0,000;0,000;8,067;3,000;3,000;

28327;2018.11.24 06:00:00;26,317;0,000;0,000;0,000;0,000;8,067;3,000;3,000;

28328;2018.11.24 07:00:00;26,095;0,000;0,000;0,000;0,000;8,067;3,000;3,000;

28329;2018.11.24 08:00:00;25,521;0,000;0,000;0,000;0,000;8,067;3,000;3,000;

28330;2018.11.24 09:00:00;25,965;0,000;0,000;0,000;0,000;8,067;3,000;3,000;

28331;2018.11.24 10:00:00;23,576;0,000;0,000;0,000;0,000;8,067;3,000;3,000;

28332;2018.11.24 11:00:00;22,687;0,000;0,000;0,000;0,000;8,067;3,000;3,000;

28333;2018.11.24 12:00:00;22,168;0,000;0,000;0,000;0,000;8,067;3,000;3,000;

28334;2018.11.24 13:00:00;22,372;0,000;0,000;0,000;0,000;8,067;3,000;3,000;

28335;2018.11.24 14:00:00;21,039;5,217;0,000;0,000;0,000;8,067;3,000;3,000;

28336;2018.11.24 15:00:00;24,076;4,388;0,000;0,000;0,000;8,067;3,000;3,000;

28337;2018.11.24 16:00:00;24,354;3,941;0,000;0,000;0,000;8,067;3,000;3,000;

28338;2018.11.24 17:00:00;22,409;4,143;0,000;0,000;0,000;8,067;3,000;3,000;

28339;2018.11.24 18:00:00;27,113;3,844;0,000;0,000;0,000;8,067;3,000;3,000;

28340;2018.11.24 19:00:00;24,743;2,838;0,000;0,000;0,000;8,067;3,000;3,000;

28341;2018.11.24 20:00:00;25,169;2,277;0,000;0,000;0,000;8,067;3,000;3,000;

28342;2018.11.24 21:00:00;24,076;1,998;0,000;0,000;0,000;8,067;3,000;3,000;

28343;2018.11.24 22:00:00;23,076;1,696;0,000;0,000;0,000;8,067;3,000;3,000;

28344;2018.11.24 23:00:00;21,909;1,496;0,000;0,000;0,000;8,067;3,000;3,000;

28345;2018.11.25 00:00:00;25,224;1,326;0,000;0,000;0,000;8,017;4,000;3,000;

28346;2018.11.25 01:00:00;23,437;0,581;0,000;0,000;0,000;8,017;4,000;3,000;

28347;2018.11.25 02:00:00;24,622;0,357;0,000;0,000;0,000;8,017;4,000;3,000;

28348;2018.11.25 03:00:00;24,446;0,653;0,000;0,000;0,000;8,017;4,000;3,000;

28349;2018.11.25 04:00:00;24,650;1,094;0,000;0,000;0,000;8,017;4,000;3,000;

28350;2018.11.25 05:00:00;24,354;1,142;0,000;0,000;0,000;8,017;4,000;3,000;

28351;2018.11.25 06:00:00;25,298;1,091;0,000;0,000;0,000;8,017;4,000;3,000;

28352;2018.11.25 07:00:00;25,761;1,405;0,000;0,000;0,000;8,017;4,000;3,000;

28353;2018.11.25 08:00:00;26,132;1,992;0,000;0,000;0,000;8,017;4,000;3,000;

28354;2018.11.25 09:00:00;26,372;2,716;0,000;0,000;0,000;8,017;4,000;3,000;

28355;2018.11.25 10:00:00;24,187;3,857;0,000;0,000;0,000;8,017;4,000;3,000;

28356;2018.11.25 11:00:00;24,169;4,854;0,000;0,000;0,000;8,017;4,000;3,000;

28357;2018.11.25 12:00:00;23,669;5,862;0,000;0,000;0,000;8,017;4,000;3,000;

28358;2018.11.25 13:00:00;23,428;5,579;0,000;0,000;0,000;8,017;4,000;3,000;

28359;2018.11.25 14:00:00;22,780;4,102;0,000;0,000;0,000;8,017;4,000;3,000;

28360;2018.11.25 15:00:00;27,169;2,949;0,000;0,000;0,000;8,017;4,000;3,000;

28361;2018.11.25 16:00:00;24,761;1,128;0,000;0,000;0,000;8,017;4,000;3,000;

28362;2018.11.25 17:00:00;25,484;-0,167;0,000;0,000;0,000;8,017;4,000;3,000;

28363;2018.11.25 18:00:00;27,224;0,312;0,000;0,000;0,000;8,017;4,000;3,000;

28364;2018.11.25 19:00:00;25,261;1,697;0,000;0,000;0,000;8,017;4,000;3,000;

28365;2018.11.25 20:00:00;25,576;2,027;0,000;0,000;0,000;8,017;4,000;3,000;

28366;2018.11.25 21:00:00;24,261;2,481;0,000;0,000;0,000;8,017;4,000;3,000;

28367;2018.11.25 22:00:00;23,150;2,109;0,000;0,000;0,000;8,017;4,000;3,000;

28368;2018.11.25 23:00:00;21,557;1,928;0,000;0,000;0,000;8,017;4,000;3,000;

28369;2018.11.26 00:00:00;22,298;1,281;0,000;0,000;0,000;7,967;1,000;3,000;

28370;2018.11.26 01:00:00;23,465;0,322;0,000;0,000;0,000;7,967;1,000;3,000;

28371;2018.11.26 02:00:00;23,391;-0,914;0,000;0,000;0,000;7,967;1,000;3,000;

28372;2018.11.26 03:00:00;24,243;-0,526;0,000;0,000;0,000;7,967;1,000;3,000;

28373;2018.11.26 04:00:00;24,576;1,315;0,000;0,000;0,000;7,967;1,000;3,000;

28374;2018.11.26 05:00:00;23,280;0,289;0,000;0,000;0,000;7,967;1,000;3,000;

28375;2018.11.26 06:00:00;24,854;-0,997;0,000;0,000;0,000;7,967;1,000;3,000;

28376;2018.11.26 07:00:00;25,965;-0,777;0,000;0,000;0,000;7,967;1,000;3,000;

28377;2018.11.26 08:00:00;26,465;-0,802;0,000;0,000;0,000;7,967;1,000;3,000;

28378;2018.11.26 09:00:00;24,965;0,922;0,000;0,000;0,000;7,967;1,000;3,000;

28379;2018.11.26 10:00:00;23,428;2,390;0,000;0,000;0,000;7,967;1,000;3,000;

28380;2018.11.26 11:00:00;22,576;3,783;0,000;0,000;0,000;7,967;1,000;3,000;

28381;2018.11.26 12:00:00;22,372;4,367;0,000;0,000;0,000;7,967;1,000;3,000;

28382;2018.11.26 13:00:00;22,002;4,367;0,000;0,000;0,000;7,967;1,000;3,000;

28383;2018.11.26 14:00:00;24,197;3,736;0,000;0,000;0,000;7,967;1,000;3,000;

28384;2018.11.26 15:00:00;22,826;1,342;0,000;0,000;0,000;7,967;1,000;3,000;

28385;2018.11.26 16:00:00;24,095;-0,926;0,000;0,000;0,000;7,967;1,000;3,000;

28386;2018.11.26 17:00:00;25,891;-2,139;0,000;0,000;0,000;7,967;1,000;3,000;

28387;2018.11.26 18:00:00;28,021;-2,797;0,000;0,000;0,000;7,967;1,000;3,000;

28388;2018.11.26 19:00:00;29,799;-1,984;0,000;0,000;0,000;7,967;1,000;3,000;

28389;2018.11.26 20:00:00;28,521;-0,842;0,000;0,000;0,000;7,967;1,000;3,000;

28390;2018.11.26 21:00:00;27,947;-0,251;0,000;0,000;0,000;7,967;1,000;3,000;

28391;2018.11.26 22:00:00;26,058;0,161;0,000;0,000;0,000;7,967;1,000;3,000;

28392;2018.11.26 23:00:00;23,243;0,052;0,000;0,000;0,000;7,967;1,000;3,000;

28393;2018.11.27 00:00:00;27,224;0,561;0,000;0,000;0,000;7,917;1,000;3,000;

28394;2018.11.27 01:00:00;25,021;0,160;0,000;0,000;0,000;7,917;1,000;3,000;

28395;2018.11.27 02:00:00;25,076;-0,728;0,000;0,000;0,000;7,917;1,000;3,000;

28396;2018.11.27 03:00:00;25,891;-1,695;0,000;0,000;0,000;7,917;1,000;3,000;

28397;2018.11.27 04:00:00;25,150;-1,039;0,000;0,000;0,000;7,917;1,000;3,000;

28398;2018.11.27 05:00:00;24,669;-0,310;0,000;0,000;0,000;7,917;1,000;3,000;

28399;2018.11.27 06:00:00;24,798;0,239;0,000;0,000;0,000;7,917;1,000;3,000;

28400;2018.11.27 07:00:00;25,132;0,525;0,000;0,000;0,000;7,917;1,000;3,000;

28401;2018.11.27 08:00:00;24,798;1,153;0,000;0,000;0,000;7,917;1,000;3,000;

28402;2018.11.27 09:00:00;26,632;1,624;0,000;0,000;0,000;7,917;1,000;3,000;

28403;2018.11.27 10:00:00;24,761;2,563;0,000;0,000;0,000;7,917;1,000;3,000;

28404;2018.11.27 11:00:00;23,391;3,384;0,000;0,000;0,000;7,917;1,000;3,000;

28405;2018.11.27 12:00:00;23,243;4,029;0,000;0,000;0,000;7,917;1,000;3,000;

28406;2018.11.27 13:00:00;24,380;4,029;0,000;0,000;0,000;7,917;1,000;3,000;

28407;2018.11.27 14:00:00;23,475;4,162;0,000;0,000;0,000;7,917;1,000;3,000;

28408;2018.11.27 15:00:00;25,650;3,606;0,000;0,000;0,000;7,917;1,000;3,000;

28409;2018.11.27 16:00:00;26,595;2,713;0,000;0,000;0,000;7,917;1,000;3,000;

28410;2018.11.27 17:00:00;24,113;2,159;0,000;0,000;0,000;7,917;1,000;3,000;

28411;2018.11.27 18:00:00;25,947;1,772;0,000;0,000;0,000;7,917;1,000;3,000;

28412;2018.11.27 19:00:00;25,372;1,294;0,000;0,000;0,000;7,917;1,000;3,000;

28413;2018.11.27 20:00:00;29,947;-0,059;0,000;0,000;0,000;7,917;1,000;3,000;

28414;2018.11.27 21:00:00;26,169;-0,856;0,000;0,000;0,000;7,917;1,000;3,000;

28415;2018.11.27 22:00:00;27,336;-0,279;0,000;0,000;0,000;7,917;1,000;3,000;

28416;2018.11.27 23:00:00;24,270;-0,406;0,000;0,000;0,000;7,917;1,000;3,000;

28417;2018.11.28 00:00:00;28,826;-0,835;0,000;0,000;0,000;7,883;1,000;3,000;

28418;2018.11.28 01:00:00;28,132;-0,954;0,000;0,000;0,000;7,883;1,000;3,000;

28419;2018.11.28 02:00:00;28,613;-1,869;0,000;0,000;0,000;7,883;1,000;3,000;

28420;2018.11.28 03:00:00;29,150;-2,770;0,000;0,000;0,000;7,883;1,000;3,000;

28421;2018.11.28 04:00:00;29,725;-3,085;0,000;0,000;0,000;7,883;1,000;3,000;

28422;2018.11.28 05:00:00;30,410;-4,260;0,000;0,000;0,000;7,883;1,000;3,000;

28423;2018.11.28 06:00:00;31,132;-4,807;0,000;0,000;0,000;7,883;1,000;3,000;

28424;2018.11.28 07:00:00;31,095;-5,160;0,000;0,000;0,000;7,883;1,000;3,000;

28425;2018.11.28 08:00:00;30,095;-4,384;0,000;0,000;0,000;7,883;1,000;3,000;

28426;2018.11.28 09:00:00;28,650;-1,933;0,000;0,000;0,000;7,883;1,000;3,000;

28427;2018.11.28 10:00:00;30,132;0,279;0,000;0,000;0,000;7,883;1,000;3,000;

28428;2018.11.28 11:00:00;26,947;2,183;0,000;0,000;0,000;7,883;1,000;3,000;

28429;2018.11.28 12:00:00;24,470;3,043;0,000;0,000;0,000;7,883;1,000;3,000;

28430;2018.11.28 13:00:00;27,056;3,263;0,000;0,000;0,000;7,883;1,000;3,000;

28431;2018.11.28 14:00:00;27,388;2,693;0,000;0,000;0,000;7,883;1,000;3,000;

28432;2018.11.28 15:00:00;26,150;0,815;0,000;0,000;0,000;7,883;1,000;3,000;

28433;2018.11.28 16:00:00;27,817;-0,569;0,000;0,000;0,000;7,883;1,000;3,000;

28434;2018.11.28 17:00:00;27,520;-1,773;0,000;0,000;0,000;7,883;1,000;3,000;

28435;2018.11.28 18:00:00;29,392;-1,157;0,000;0,000;0,000;7,883;1,000;3,000;

28436;2018.11.28 19:00:00;31,354;-0,849;0,000;0,000;0,000;7,883;1,000;3,000;

28437;2018.11.28 20:00:00;30,317;-0,584;0,000;0,000;0,000;7,883;1,000;3,000;

28438;2018.11.28 21:00:00;27,298;-0,710;0,000;0,000;0,000;7,883;1,000;3,000;

28439;2018.11.28 22:00:00;27,984;-1,054;0,000;0,000;0,000;7,883;1,000;3,000;

28440;2018.11.28 23:00:00;26,113;-0,847;0,000;0,000;0,000;7,883;1,000;3,000;

28441;2018.11.29 00:00:00;27,373;-1,110;0,000;0,000;0,000;7,833;1,000;3,000;

28442;2018.11.29 01:00:00;27,280;-1,375;0,000;0,000;0,000;7,833;1,000;3,000;

28443;2018.11.29 02:00:00;27,502;-1,541;0,000;0,000;0,000;7,833;1,000;3,000;

28444;2018.11.29 03:00:00;28,039;-1,994;0,000;0,000;0,000;7,833;1,000;3,000;

28445;2018.11.29 04:00:00;28,206;-2,463;0,000;0,000;0,000;7,833;1,000;3,000;

28446;2018.11.29 05:00:00;28,336;-2,787;0,000;0,000;0,000;7,833;1,000;3,000;

28447;2018.11.29 06:00:00;28,762;-2,790;0,000;0,000;0,000;7,833;1,000;3,000;

28448;2018.11.29 07:00:00;29,595;-2,485;0,000;0,000;0,000;7,833;1,000;3,000;

28449;2018.11.29 08:00:00;28,780;-2,200;0,000;0,000;0,000;7,833;1,000;3,000;

28450;2018.11.29 09:00:00;27,502;-1,349;0,000;0,000;0,000;7,833;1,000;3,000;

28451;2018.11.29 10:00:00;29,076;-0,381;0,000;0,000;0,000;7,833;1,000;3,000;

28452;2018.11.29 11:00:00;28,632;0,239;0,000;0,000;0,000;7,833;1,000;3,000;

28453;2018.11.29 12:00:00;27,298;0,900;0,000;0,000;0,000;7,833;1,000;3,000;

28454;2018.11.29 13:00:00;27,132;1,034;0,000;0,000;0,000;7,833;1,000;3,000;

28455;2018.11.29 14:00:00;30,910;0,651;0,000;0,000;0,000;7,833;1,000;3,000;

28456;2018.11.29 15:00:00;32,225;-0,212;0,000;0,000;0,000;7,833;1,000;3,000;

28457;2018.11.29 16:00:00;34,744;-0,704;0,000;0,000;0,000;7,833;1,000;3,000;

28458;2018.11.29 17:00:00;32,391;-1,112;0,000;0,000;0,000;7,833;1,000;3,000;

28459;2018.11.29 18:00:00;34,762;-1,435;0,000;0,000;0,000;7,833;1,000;3,000;

28460;2018.11.29 19:00:00;32,447;-1,655;0,000;0,000;0,000;7,833;1,000;3,000;

28461;2018.11.29 20:00:00;33,336;-1,826;0,000;0,000;0,000;7,833;1,000;3,000;

28462;2018.11.29 21:00:00;31,206;-1,884;0,000;0,000;0,000;7,833;1,000;3,000;

28463;2018.11.29 22:00:00;30,632;-1,884;0,000;0,000;0,000;7,833;1,000;3,000;

28464;2018.11.29 23:00:00;29,262;-1,795;0,000;0,000;0,000;7,833;1,000;3,000;

28465;2018.11.30 00:00:00;31,725;-1,921;0,000;0,000;0,000;7,800;2,000;3,000;

28466;2018.11.30 01:00:00;31,799;-1,766;0,000;0,000;0,000;7,800;2,000;3,000;

28467;2018.11.30 02:00:00;30,854;-1,941;0,000;0,000;0,000;7,800;2,000;3,000;

28468;2018.11.30 03:00:00;31,317;-2,220;0,000;0,000;0,000;7,800;2,000;3,000;

28469;2018.11.30 04:00:00;31,299;-2,086;0,000;0,000;0,000;7,800;2,000;3,000;

28470;2018.11.30 05:00:00;31,521;-2,165;0,000;0,000;0,000;7,800;2,000;3,000;

28471;2018.11.30 06:00:00;32,669;-1,822;0,000;0,000;0,000;7,800;2,000;3,000;

28472;2018.11.30 07:00:00;31,706;-1,746;0,000;0,000;0,000;7,800;2,000;3,000;

28473;2018.11.30 08:00:00;31,465;-1,235;0,000;0,000;0,000;7,800;2,000;3,000;

28474;2018.11.30 09:00:00;30,928;-0,556;0,000;0,000;0,000;7,800;2,000;3,000;

28475;2018.11.30 10:00:00;29,521;0,013;0,000;0,000;0,000;7,800;2,000;3,000;

28476;2018.11.30 11:00:00;29,651;0,525;0,000;0,000;0,000;7,800;2,000;3,000;

28477;2018.11.30 12:00:00;29,021;0,772;0,000;0,000;0,000;7,800;2,000;3,000;

28478;2018.11.30 13:00:00;29,706;0,737;0,000;0,000;0,000;7,800;2,000;3,000;

28479;2018.11.30 14:00:00;33,262;1,095;0,000;0,000;0,000;7,800;2,000;3,000;

28480;2018.11.30 15:00:00;30,799;1,254;0,000;0,000;0,000;7,800;2,000;3,000;

28481;2018.11.30 16:00:00;29,799;1,156;0,000;0,000;0,000;7,800;2,000;3,000;

28482;2018.11.30 17:00:00;31,151;1,057;0,000;0,000;0,000;7,800;2,000;3,000;

28483;2018.11.30 18:00:00;30,299;0,935;0,000;0,000;0,000;7,800;2,000;3,000;

28484;2018.11.30 19:00:00;29,521;0,436;0,000;0,000;0,000;7,800;2,000;3,000;

28485;2018.11.30 20:00:00;30,688;-0,181;0,000;0,000;0,000;7,800;2,000;3,000;

28486;2018.11.30 21:00:00;30,206;-0,695;0,000;0,000;0,000;7,800;2,000;3,000;

28487;2018.11.30 22:00:00;28,465;-0,833;0,000;0,000;0,000;7,800;2,000;3,000;

28488;2018.11.30 23:00:00;26,669;-1,001;0,000;0,000;0,000;7,800;2,000;3,000;

28489;2018.12.01 00:00:00;28,669;-0,837;0,000;0,000;0,000;7,767;3,000;4,000;

28490;2018.12.01 01:00:00;28,687;-0,863;0,000;0,000;0,000;7,767;3,000;4,000;

28491;2018.12.01 02:00:00;28,687;-1,154;0,000;0,000;0,000;7,767;3,000;4,000;

28492;2018.12.01 03:00:00;28,743;-1,563;0,000;0,000;0,000;7,767;3,000;4,000;

28493;2018.12.01 04:00:00;28,391;-1,791;0,000;0,000;0,000;7,767;3,000;4,000;

28494;2018.12.01 05:00:00;29,169;-2,060;0,000;0,000;0,000;7,767;3,000;4,000;

28495;2018.12.01 06:00:00;32,447;-2,464;0,000;0,000;0,000;7,767;3,000;4,000;

28496;2018.12.01 07:00:00;30,039;-2,608;0,000;0,000;0,000;7,767;3,000;4,000;

28497;2018.12.01 08:00:00;30,614;-2,577;0,000;0,000;0,000;7,767;3,000;4,000;

28498;2018.12.01 09:00:00;28,706;-2,294;0,000;0,000;0,000;7,767;3,000;4,000;

28499;2018.12.01 10:00:00;17,946;-1,911;0,000;0,000;0,000;7,767;3,000;4,000;

28500;2018.12.01 11:00:00;0,000;-1,542;0,000;0,000;0,000;7,767;3,000;4,000;

28501;2018.12.01 12:00:00;0,000;-1,104;0,000;0,000;0,000;7,767;3,000;4,000;

28502;2018.12.01 13:00:00;0,000;-0,821;0,000;0,000;0,000;7,767;3,000;4,000;

28503;2018.12.01 14:00:00;0,000;-0,577;0,000;0,000;0,000;7,767;3,000;4,000;

28504;2018.12.01 15:00:00;0,000;-0,375;0,000;0,000;0,000;7,767;3,000;4,000;

28505;2018.12.01 16:00:00;0,000;-0,134;0,000;0,000;0,000;7,767;3,000;4,000;

28506;2018.12.01 17:00:00;0,000;0,380;0,000;0,000;0,000;7,767;3,000;4,000;

28507;2018.12.01 18:00:00;0,000;0,697;0,000;0,000;0,000;7,767;3,000;4,000;

28508;2018.12.01 19:00:00;0,000;0,814;0,000;0,000;0,000;7,767;3,000;4,000;

28509;2018.12.01 20:00:00;0,000;0,967;0,000;0,000;0,000;7,767;3,000;4,000;

28510;2018.12.01 21:00:00;0,000;0,998;0,000;0,000;0,000;7,767;3,000;4,000;

28511;2018.12.01 22:00:00;0,000;1,102;0,000;0,000;0,000;7,767;3,000;4,000;

28512;2018.12.01 23:00:00;0,000;1,463;0,000;0,000;0,000;7,767;3,000;4,000;

28513;2018.12.02 00:00:00;0,000;1,278;0,000;0,000;0,000;7,717;4,000;4,000;

28514;2018.12.02 01:00:00;0,000;1,488;0,000;0,000;0,000;7,717;4,000;4,000;

28515;2018.12.02 02:00:00;0,000;2,004;0,000;0,000;0,000;7,717;4,000;4,000;

28516;2018.12.02 03:00:00;0,000;2,140;0,000;0,000;0,000;7,717;4,000;4,000;

28517;2018.12.02 04:00:00;0,000;2,014;0,000;0,000;0,000;7,717;4,000;4,000;

28518;2018.12.02 05:00:00;0,000;2,120;0,000;0,000;0,000;7,717;4,000;4,000;

28519;2018.12.02 06:00:00;0,000;2,286;0,000;0,000;0,000;7,717;4,000;4,000;

28520;2018.12.02 07:00:00;0,000;2,421;0,000;0,000;0,000;7,717;4,000;4,000;

28521;2018.12.02 08:00:00;0,000;2,634;0,000;0,000;0,000;7,717;4,000;4,000;

28522;2018.12.02 09:00:00;0,000;3,202;0,000;0,000;0,000;7,717;4,000;4,000;

28523;2018.12.02 10:00:00;0,000;3,724;0,000;0,000;0,000;7,717;4,000;4,000;

28524;2018.12.02 11:00:00;0,000;4,027;0,000;0,000;0,000;7,717;4,000;4,000;

28525;2018.12.02 12:00:00;0,000;5,159;0,000;0,000;0,000;7,717;4,000;4,000;

28526;2018.12.02 13:00:00;0,000;5,226;0,000;0,000;0,000;7,717;4,000;4,000;

28527;2018.12.02 14:00:00;0,000;4,989;0,000;0,000;0,000;7,717;4,000;4,000;

28528;2018.12.02 15:00:00;0,000;4,761;0,000;0,000;0,000;7,717;4,000;4,000;

28529;2018.12.02 16:00:00;0,000;4,488;0,000;0,000;0,000;7,717;4,000;4,000;

28530;2018.12.02 17:00:00;0,000;3,996;0,000;0,000;0,000;7,717;4,000;4,000;

28531;2018.12.02 18:00:00;0,000;3,620;0,000;0,000;0,000;7,717;4,000;4,000;

28532;2018.12.02 19:00:00;0,000;3,682;0,000;0,000;0,000;7,717;4,000;4,000;

28533;2018.12.02 20:00:00;0,000;3,731;0,000;0,000;0,000;7,717;4,000;4,000;

28534;2018.12.02 21:00:00;0,000;3,906;0,000;0,000;0,000;7,717;4,000;4,000;

28535;2018.12.02 22:00:00;0,000;3,878;0,000;0,000;0,000;7,717;4,000;4,000;

28536;2018.12.02 23:00:00;0,000;4,098;0,000;0,000;0,000;7,717;4,000;4,000;

28537;2018.12.03 00:00:00;0,000;4,359;0,000;0,000;0,000;7,683;1,000;4,000;

28538;2018.12.03 01:00:00;0,000;5,038;0,000;0,000;0,000;7,683;1,000;4,000;

28539;2018.12.03 02:00:00;0,000;5,525;0,000;0,000;0,000;7,683;1,000;4,000;

28540;2018.12.03 03:00:00;0,000;6,027;0,000;0,000;0,000;7,683;1,000;4,000;

28541;2018.12.03 04:00:00;0,000;6,714;0,000;0,000;0,000;7,683;1,000;4,000;

28542;2018.12.03 05:00:00;0,000;7,547;0,000;0,000;0,000;7,683;1,000;4,000;

28543;2018.12.03 06:00:00;0,000;8,504;0,000;0,000;0,000;7,683;1,000;4,000;

28544;2018.12.03 07:00:00;0,000;9,235;0,000;0,000;0,000;7,683;1,000;4,000;

28545;2018.12.03 08:00:00;0,000;9,784;0,000;0,000;0,000;7,683;1,000;4,000;

28546;2018.12.03 09:00:00;16,038;10,132;0,000;0,000;0,000;7,683;1,000;4,000;

28547;2018.12.03 10:00:00;15,298;10,665;0,000;0,000;0,000;7,683;1,000;4,000;

28548;2018.12.03 11:00:00;16,594;11,012;0,000;0,000;0,000;7,683;1,000;4,000;

28549;2018.12.03 12:00:00;16,038;11,260;0,000;0,000;0,000;7,683;1,000;4,000;

28550;2018.12.03 13:00:00;15,427;11,135;0,000;0,000;0,000;7,683;1,000;4,000;

28551;2018.12.03 14:00:00;17,650;11,039;0,000;0,000;0,000;7,683;1,000;4,000;

28552;2018.12.03 15:00:00;17,816;10,998;0,000;0,000;0,000;7,683;1,000;4,000;

28553;2018.12.03 16:00:00;16,085;10,833;0,000;0,000;0,000;7,683;1,000;4,000;

28554;2018.12.03 17:00:00;17,251;10,670;0,000;0,000;0,000;7,683;1,000;4,000;

28555;2018.12.03 18:00:00;17,853;10,512;0,000;0,000;0,000;7,683;1,000;4,000;

28556;2018.12.03 19:00:00;15,372;10,139;0,000;0,000;0,000;7,683;1,000;4,000;

28557;2018.12.03 20:00:00;16,575;10,150;0,000;0,000;0,000;7,683;1,000;4,000;

28558;2018.12.03 21:00:00;16,668;10,054;0,000;0,000;0,000;7,683;1,000;4,000;

28559;2018.12.03 22:00:00;16,057;9,563;0,000;0,000;0,000;7,683;1,000;4,000;

28560;2018.12.03 23:00:00;14,779;9,506;0,000;0,000;0,000;7,683;1,000;4,000;

28561;2018.12.04 00:00:00;17,224;9,378;0,000;0,000;0,000;7,650;1,000;4,000;

28562;2018.12.04 01:00:00;15,983;9,314;0,000;0,000;0,000;7,650;1,000;4,000;

28563;2018.12.04 02:00:00;17,279;8,444;0,000;0,000;0,000;7,650;1,000;4,000;

28564;2018.12.04 03:00:00;17,298;8,020;0,000;0,000;0,000;7,650;1,000;4,000;

28565;2018.12.04 04:00:00;17,001;8,256;0,000;0,000;0,000;7,650;1,000;4,000;

28566;2018.12.04 05:00:00;18,557;8,352;0,000;0,000;0,000;7,650;1,000;4,000;

28567;2018.12.04 06:00:00;17,298;7,023;0,000;0,000;0,000;7,650;1,000;4,000;

28568;2018.12.04 07:00:00;17,150;6,784;0,000;0,000;0,000;7,650;1,000;4,000;

28569;2018.12.04 08:00:00;17,631;7,034;0,000;0,000;0,000;7,650;1,000;4,000;

28570;2018.12.04 09:00:00;16,890;7,387;0,000;0,000;0,000;7,650;1,000;4,000;

28571;2018.12.04 10:00:00;16,909;7,389;0,000;0,000;0,000;7,650;1,000;4,000;

28572;2018.12.04 11:00:00;17,520;7,783;0,000;0,000;0,000;7,650;1,000;4,000;

28573;2018.12.04 12:00:00;18,884;7,720;0,000;0,000;0,000;7,650;1,000;4,000;

28574;2018.12.04 13:00:00;19,631;7,332;0,000;0,000;0,000;7,650;1,000;4,000;

28575;2018.12.04 14:00:00;19,545;6,787;0,000;0,000;0,000;7,650;1,000;4,000;

28576;2018.12.04 15:00:00;20,770;6,392;0,000;0,000;0,000;7,650;1,000;4,000;

28577;2018.12.04 16:00:00;21,789;5,978;0,000;0,000;0,000;7,650;1,000;4,000;

28578;2018.12.04 17:00:00;22,993;5,289;0,000;0,000;0,000;7,650;1,000;4,000;

28579;2018.12.04 18:00:00;23,456;4,621;0,000;0,000;0,000;7,650;1,000;4,000;

28580;2018.12.04 19:00:00;22,909;5,005;0,000;0,000;0,000;7,650;1,000;4,000;

28581;2018.12.04 20:00:00;23,002;5,258;0,000;0,000;0,000;7,650;1,000;4,000;

28582;2018.12.04 21:00:00;21,039;3,940;0,000;0,000;0,000;7,650;1,000;4,000;

28583;2018.12.04 22:00:00;22,205;3,671;0,000;0,000;0,000;7,650;1,000;4,000;

28584;2018.12.04 23:00:00;10,371;3,783;0,000;0,000;0,000;7,650;1,000;4,000;

28585;2018.12.05 00:00:00;3,148;3,569;0,000;0,000;0,000;7,617;1,000;4,000;

28586;2018.12.05 01:00:00;1,741;2,964;0,000;0,000;0,000;7,617;1,000;4,000;

28587;2018.12.05 02:00:00;0,945;2,617;0,000;0,000;0,000;7,617;1,000;4,000;

28588;2018.12.05 03:00:00;37,799;2,567;0,000;0,000;0,000;7,617;1,000;4,000;

28589;2018.12.05 04:00:00;23,946;1,863;0,000;0,000;0,000;7,617;1,000;4,000;

28590;2018.12.05 05:00:00;24,761;2,204;0,000;0,000;0,000;7,617;1,000;4,000;

28591;2018.12.05 06:00:00;24,669;2,523;0,000;0,000;0,000;7,617;1,000;4,000;

28592;2018.12.05 07:00:00;23,261;2,248;0,000;0,000;0,000;7,617;1,000;4,000;

28593;2018.12.05 08:00:00;24,502;2,265;0,000;0,000;0,000;7,617;1,000;4,000;

28594;2018.12.05 09:00:00;22,697;3,709;0,000;0,000;0,000;7,617;1,000;4,000;

28595;2018.12.05 10:00:00;22,288;5,052;0,000;0,000;0,000;7,617;1,000;4,000;

28596;2018.12.05 11:00:00;21,205;5,346;0,000;0,000;0,000;7,617;1,000;4,000;

28597;2018.12.05 12:00:00;22,243;6,161;0,000;0,000;0,000;7,617;1,000;4,000;

28598;2018.12.05 13:00:00;19,965;6,456;0,000;0,000;0,000;7,617;1,000;4,000;

28599;2018.12.05 14:00:00;24,280;5,923;0,000;0,000;0,000;7,617;1,000;4,000;

28600;2018.12.05 15:00:00;22,224;4,994;0,000;0,000;0,000;7,617;1,000;4,000;

28601;2018.12.05 16:00:00;20,761;3,606;0,000;0,000;0,000;7,617;1,000;4,000;

28602;2018.12.05 17:00:00;21,465;1,745;0,000;0,000;0,000;7,617;1,000;4,000;

28603;2018.12.05 18:00:00;24,687;1,099;0,000;0,000;0,000;7,617;1,000;4,000;

28604;2018.12.05 19:00:00;24,669;0,555;0,000;0,000;0,000;7,617;1,000;4,000;

28605;2018.12.05 20:00:00;26,095;-0,010;0,000;0,000;0,000;7,617;1,000;4,000;

28606;2018.12.05 21:00:00;23,650;-0,511;0,000;0,000;0,000;7,617;1,000;4,000;

28607;2018.12.05 22:00:00;24,650;-0,218;0,000;0,000;0,000;7,617;1,000;4,000;

28608;2018.12.05 23:00:00;21,650;-0,403;0,000;0,000;0,000;7,617;1,000;4,000;

28609;2018.12.06 00:00:00;23,613;-0,417;0,000;0,000;0,000;7,583;1,000;4,000;

28610;2018.12.06 01:00:00;23,539;-0,500;0,000;0,000;0,000;7,583;1,000;4,000;

28611;2018.12.06 02:00:00;24,595;-0,344;0,000;0,000;0,000;7,583;1,000;4,000;

28612;2018.12.06 03:00:00;23,817;0,238;0,000;0,000;0,000;7,583;1,000;4,000;

28613;2018.12.06 04:00:00;24,576;1,405;0,000;0,000;0,000;7,583;1,000;4,000;

28614;2018.12.06 05:00:00;24,872;1,744;0,000;0,000;0,000;7,583;1,000;4,000;

28615;2018.12.06 06:00:00;24,206;2,202;0,000;0,000;0,000;7,583;1,000;4,000;

28616;2018.12.06 07:00:00;21,872;2,374;0,000;0,000;0,000;7,583;1,000;4,000;

28617;2018.12.06 08:00:00;21,668;2,544;0,000;0,000;0,000;7,583;1,000;4,000;

28618;2018.12.06 09:00:00;22,076;3,078;0,000;0,000;0,000;7,583;1,000;4,000;

28619;2018.12.06 10:00:00;22,428;3,378;0,000;0,000;0,000;7,583;1,000;4,000;

28620;2018.12.06 11:00:00;21,002;3,749;0,000;0,000;0,000;7,583;1,000;4,000;

28621;2018.12.06 12:00:00;22,668;3,524;0,000;0,000;0,000;7,583;1,000;4,000;

28622;2018.12.06 13:00:00;23,780;3,695;0,000;0,000;0,000;7,583;1,000;4,000;

28623;2018.12.06 14:00:00;24,002;3,561;0,000;0,000;0,000;7,583;1,000;4,000;

28624;2018.12.06 15:00:00;22,891;3,410;0,000;0,000;0,000;7,583;1,000;4,000;

28625;2018.12.06 16:00:00;22,965;3,334;0,000;0,000;0,000;7,583;1,000;4,000;

28626;2018.12.06 17:00:00;23,039;3,330;0,000;0,000;0,000;7,583;1,000;4,000;

28627;2018.12.06 18:00:00;24,780;3,057;0,000;0,000;0,000;7,583;1,000;4,000;

28628;2018.12.06 19:00:00;26,465;2,917;0,000;0,000;0,000;7,583;1,000;4,000;

28629;2018.12.06 20:00:00;24,335;3,423;0,000;0,000;0,000;7,583;1,000;4,000;

28630;2018.12.06 21:00:00;24,002;3,711;0,000;0,000;0,000;7,583;1,000;4,000;

28631;2018.12.06 22:00:00;21,224;4,192;0,000;0,000;0,000;7,583;1,000;4,000;

28632;2018.12.06 23:00:00;18,992;4,654;0,000;0,000;0,000;7,583;1,000;4,000;

28633;2018.12.07 00:00:00;21,289;5,401;0,000;0,000;0,000;7,550;2,000;4,000;

28634;2018.12.07 01:00:00;21,113;6,127;0,000;0,000;0,000;7,550;2,000;4,000;

28635;2018.12.07 02:00:00;20,020;6,816;0,000;0,000;0,000;7,550;2,000;4,000;

28636;2018.12.07 03:00:00;19,113;7,730;0,000;0,000;0,000;7,550;2,000;4,000;

28637;2018.12.07 04:00:00;21,094;8,343;0,000;0,000;0,000;7,550;2,000;4,000;

28638;2018.12.07 05:00:00;19,742;8,808;0,000;0,000;0,000;7,550;2,000;4,000;

28639;2018.12.07 06:00:00;18,594;9,094;0,000;0,000;0,000;7,550;2,000;4,000;

28640;2018.12.07 07:00:00;17,242;9,518;0,000;0,000;0,000;7,550;2,000;4,000;

28641;2018.12.07 08:00:00;18,113;9,952;0,000;0,000;0,000;7,550;2,000;4,000;

28642;2018.12.07 09:00:00;15,927;10,550;0,000;0,000;0,000;7,550;2,000;4,000;

28643;2018.12.07 10:00:00;14,519;10,889;0,000;0,000;0,000;7,550;2,000;4,000;

28644;2018.12.07 11:00:00;16,317;11,161;0,000;0,000;0,000;7,550;2,000;4,000;

28645;2018.12.07 12:00:00;14,668;11,083;0,000;0,000;0,000;7,550;2,000;4,000;

28646;2018.12.07 13:00:00;15,557;11,018;0,000;0,000;0,000;7,550;2,000;4,000;

28647;2018.12.07 14:00:00;17,001;10,835;0,000;0,000;0,000;7,550;2,000;4,000;

28648;2018.12.07 15:00:00;14,872;10,616;0,000;0,000;0,000;7,550;2,000;4,000;

28649;2018.12.07 16:00:00;15,761;10,646;0,000;0,000;0,000;7,550;2,000;4,000;

28650;2018.12.07 17:00:00;15,612;10,635;0,000;0,000;0,000;7,550;2,000;4,000;

28651;2018.12.07 18:00:00;16,131;10,543;0,000;0,000;0,000;7,550;2,000;4,000;

28652;2018.12.07 19:00:00;15,631;10,687;0,000;0,000;0,000;7,550;2,000;4,000;

28653;2018.12.07 20:00:00;14,853;10,735;0,000;0,000;0,000;7,550;2,000;4,000;

28654;2018.12.07 21:00:00;16,112;10,632;0,000;0,000;0,000;7,550;2,000;4,000;

28655;2018.12.07 22:00:00;14,316;10,470;0,000;0,000;0,000;7,550;2,000;4,000;

28656;2018.12.07 23:00:00;13,242;10,328;0,000;0,000;0,000;7,550;2,000;4,000;

28657;2018.12.08 00:00:00;14,890;10,148;0,000;0,000;0,000;7,533;3,000;4,000;

28658;2018.12.08 01:00:00;14,094;10,142;0,000;0,000;0,000;7,533;3,000;4,000;

28659;2018.12.08 02:00:00;14,853;9,901;0,000;0,000;0,000;7,533;3,000;4,000;

28660;2018.12.08 03:00:00;16,112;8,740;0,000;0,000;0,000;7,533;3,000;4,000;

28661;2018.12.08 04:00:00;16,242;6,543;0,000;0,000;0,000;7,533;3,000;4,000;

28662;2018.12.08 05:00:00;17,631;6,499;0,000;0,000;0,000;7,533;3,000;4,000;

28663;2018.12.08 06:00:00;19,427;6,729;0,000;0,000;0,000;7,533;3,000;4,000;

28664;2018.12.08 07:00:00;18,150;6,383;0,000;0,000;0,000;7,533;3,000;4,000;

28665;2018.12.08 08:00:00;19,076;6,056;0,000;0,000;0,000;7,533;3,000;4,000;

28666;2018.12.08 09:00:00;18,483;6,335;0,000;0,000;0,000;7,533;3,000;4,000;

28667;2018.12.08 10:00:00;18,650;6,755;0,000;0,000;0,000;7,533;3,000;4,000;

28668;2018.12.08 11:00:00;18,242;7,046;0,000;0,000;0,000;7,533;3,000;4,000;

28669;2018.12.08 12:00:00;18,668;6,818;0,000;0,000;0,000;7,533;3,000;4,000;

28670;2018.12.08 13:00:00;19,094;6,993;0,000;0,000;0,000;7,533;3,000;4,000;

28671;2018.12.08 14:00:00;19,779;7,027;0,000;0,000;0,000;7,533;3,000;4,000;

28672;2018.12.08 15:00:00;21,891;7,089;0,000;0,000;0,000;7,533;3,000;4,000;

28673;2018.12.08 16:00:00;19,798;7,132;0,000;0,000;0,000;7,533;3,000;4,000;

28674;2018.12.08 17:00:00;20,742;7,485;0,000;0,000;0,000;7,533;3,000;4,000;

28675;2018.12.08 18:00:00;20,576;7,637;0,000;0,000;0,000;7,533;3,000;4,000;

28676;2018.12.08 19:00:00;20,557;7,298;0,000;0,000;0,000;7,533;3,000;4,000;

28677;2018.12.08 20:00:00;19,242;7,349;0,000;0,000;0,000;7,533;3,000;4,000;

28678;2018.12.08 21:00:00;18,687;7,418;0,000;0,000;0,000;7,533;3,000;4,000;

28679;2018.12.08 22:00:00;18,279;7,508;0,000;0,000;0,000;7,533;3,000;4,000;

28680;2018.12.08 23:00:00;6,704;7,845;0,000;0,000;0,000;7,533;3,000;4,000;

28681;2018.12.09 00:00:00;2,204;7,757;0,000;0,000;0,000;7,500;4,000;4,000;

28682;2018.12.09 01:00:00;1,500;6,801;0,000;0,000;0,000;7,500;4,000;4,000;

28683;2018.12.09 02:00:00;24,215;6,222;0,000;0,000;0,000;7,500;4,000;4,000;

28684;2018.12.09 03:00:00;21,770;6,376;0,000;0,000;0,000;7,500;4,000;4,000;

28685;2018.12.09 04:00:00;18,094;5,983;0,000;0,000;0,000;7,500;4,000;4,000;

28686;2018.12.09 05:00:00;18,001;5,995;0,000;0,000;0,000;7,500;4,000;4,000;

28687;2018.12.09 06:00:00;20,131;6,013;0,000;0,000;0,000;7,500;4,000;4,000;

28688;2018.12.09 07:00:00;18,964;6,298;0,000;0,000;0,000;7,500;4,000;4,000;

28689;2018.12.09 08:00:00;18,483;6,775;0,000;0,000;0,000;7,500;4,000;4,000;

28690;2018.12.09 09:00:00;17,779;7,272;0,000;0,000;0,000;7,500;4,000;4,000;

28691;2018.12.09 10:00:00;17,501;7,378;0,000;0,000;0,000;7,500;4,000;4,000;

28692;2018.12.09 11:00:00;17,242;7,183;0,000;0,000;0,000;7,500;4,000;4,000;

28693;2018.12.09 12:00:00;17,224;7,654;0,000;0,000;0,000;7,500;4,000;4,000;

28694;2018.12.09 13:00:00;17,557;7,541;0,000;0,000;0,000;7,500;4,000;4,000;

28695;2018.12.09 14:00:00;18,113;7,090;0,000;0,000;0,000;7,500;4,000;4,000;

28696;2018.12.09 15:00:00;20,353;6,800;0,000;0,000;0,000;7,500;4,000;4,000;

28697;2018.12.09 16:00:00;19,020;6,774;0,000;0,000;0,000;7,500;4,000;4,000;

28698;2018.12.09 17:00:00;17,927;6,696;0,000;0,000;0,000;7,500;4,000;4,000;

28699;2018.12.09 18:00:00;18,057;6,546;0,000;0,000;0,000;7,500;4,000;4,000;

28700;2018.12.09 19:00:00;20,353;6,458;0,000;0,000;0,000;7,500;4,000;4,000;

28701;2018.12.09 20:00:00;17,909;6,375;0,000;0,000;0,000;7,500;4,000;4,000;

28702;2018.12.09 21:00:00;17,724;6,355;0,000;0,000;0,000;7,500;4,000;4,000;

28703;2018.12.09 22:00:00;17,909;6,368;0,000;0,000;0,000;7,500;4,000;4,000;

28704;2018.12.09 23:00:00;15,964;6,126;0,000;0,000;0,000;7,500;4,000;4,000;

28705;2018.12.10 00:00:00;18,613;5,055;0,000;0,000;0,000;7,467;1,000;4,000;

28706;2018.12.10 01:00:00;16,909;4,871;0,000;0,000;0,000;7,467;1,000;4,000;

28707;2018.12.10 02:00:00;18,335;4,489;0,000;0,000;0,000;7,467;1,000;4,000;

28708;2018.12.10 03:00:00;18,816;4,865;0,000;0,000;0,000;7,467;1,000;4,000;

28709;2018.12.10 04:00:00;18,057;5,098;0,000;0,000;0,000;7,467;1,000;4,000;

28710;2018.12.10 05:00:00;19,224;5,307;0,000;0,000;0,000;7,467;1,000;4,000;

28711;2018.12.10 06:00:00;17,724;4,986;0,000;0,000;0,000;7,467;1,000;4,000;

28712;2018.12.10 07:00:00;18,261;4,936;0,000;0,000;0,000;7,467;1,000;4,000;

28713;2018.12.10 08:00:00;18,316;5,252;0,000;0,000;0,000;7,467;1,000;4,000;

28714;2018.12.10 09:00:00;19,298;5,241;0,000;0,000;0,000;7,467;1,000;4,000;

28715;2018.12.10 10:00:00;18,261;5,040;0,000;0,000;0,000;7,467;1,000;4,000;

28716;2018.12.10 11:00:00;18,544;5,963;0,000;0,000;0,000;7,467;1,000;4,000;

28717;2018.12.10 12:00:00;18,903;5,351;0,000;0,000;0,000;7,467;1,000;4,000;

28718;2018.12.10 13:00:00;21,428;4,408;0,000;0,000;0,000;7,467;1,000;4,000;

28719;2018.12.10 14:00:00;22,057;4,279;0,000;0,000;0,000;7,467;1,000;4,000;

28720;2018.12.10 15:00:00;20,465;4,124;0,000;0,000;0,000;7,467;1,000;4,000;

28721;2018.12.10 16:00:00;22,094;3,196;0,000;0,000;0,000;7,467;1,000;4,000;

28722;2018.12.10 17:00:00;22,280;3,123;0,000;0,000;0,000;7,467;1,000;4,000;

28723;2018.12.10 18:00:00;21,409;3,140;0,000;0,000;0,000;7,467;1,000;4,000;

28724;2018.12.10 19:00:00;21,594;2,583;0,000;0,000;0,000;7,467;1,000;4,000;

28725;2018.12.10 20:00:00;23,391;2,462;0,000;0,000;0,000;7,467;1,000;4,000;

28726;2018.12.10 21:00:00;22,483;2,995;0,000;0,000;0,000;7,467;1,000;4,000;

28727;2018.12.10 22:00:00;22,557;2,975;0,000;0,000;0,000;7,467;1,000;4,000;

28728;2018.12.10 23:00:00;21,205;3,540;0,000;0,000;0,000;7,467;1,000;4,000;

28729;2018.12.11 00:00:00;22,520;2,579;0,000;0,000;0,000;7,450;1,000;4,000;

28730;2018.12.11 01:00:00;22,150;2,362;0,000;0,000;0,000;7,450;1,000;4,000;

28731;2018.12.11 02:00:00;22,576;2,727;0,000;0,000;0,000;7,450;1,000;4,000;

28732;2018.12.11 03:00:00;22,761;3,116;0,000;0,000;0,000;7,450;1,000;4,000;

28733;2018.12.11 04:00:00;22,020;2,602;0,000;0,000;0,000;7,450;1,000;4,000;

28734;2018.12.11 05:00:00;23,687;2,324;0,000;0,000;0,000;7,450;1,000;4,000;

28735;2018.12.11 06:00:00;22,150;2,089;0,000;0,000;0,000;7,450;1,000;4,000;

28736;2018.12.11 07:00:00;22,780;1,741;0,000;0,000;0,000;7,450;1,000;4,000;

28737;2018.12.11 08:00:00;21,872;2,359;0,000;0,000;0,000;7,450;1,000;4,000;

28738;2018.12.11 09:00:00;21,335;2,734;0,000;0,000;0,000;7,450;1,000;4,000;

28739;2018.12.11 10:00:00;23,372;1,365;0,000;0,000;0,000;7,450;1,000;4,000;

28740;2018.12.11 11:00:00;23,094;1,892;0,000;0,000;0,000;7,450;1,000;4,000;

28741;2018.12.11 12:00:00;22,613;3,162;0,000;0,000;0,000;7,450;1,000;4,000;

28742;2018.12.11 13:00:00;23,743;3,623;0,000;0,000;0,000;7,450;1,000;4,000;

28743;2018.12.11 14:00:00;24,743;3,891;0,000;0,000;0,000;7,450;1,000;4,000;

28744;2018.12.11 15:00:00;22,446;3,826;0,000;0,000;0,000;7,450;1,000;4,000;

28745;2018.12.11 16:00:00;23,113;3,436;0,000;0,000;0,000;7,450;1,000;4,000;

28746;2018.12.11 17:00:00;22,835;3,356;0,000;0,000;0,000;7,450;1,000;4,000;

28747;2018.12.11 18:00:00;23,335;3,633;0,000;0,000;0,000;7,450;1,000;4,000;

28748;2018.12.11 19:00:00;21,854;3,949;0,000;0,000;0,000;7,450;1,000;4,000;

28749;2018.12.11 20:00:00;22,131;3,904;0,000;0,000;0,000;7,450;1,000;4,000;

28750;2018.12.11 21:00:00;22,335;3,746;0,000;0,000;0,000;7,450;1,000;4,000;

28751;2018.12.11 22:00:00;21,835;3,167;0,000;0,000;0,000;7,450;1,000;4,000;

28752;2018.12.11 23:00:00;19,983;2,456;0,000;0,000;0,000;7,450;1,000;4,000;

28753;2018.12.12 00:00:00;21,631;2,556;0,000;0,000;0,000;7,433;1,000;4,000;

28754;2018.12.12 01:00:00;22,483;1,078;0,000;0,000;0,000;7,433;1,000;4,000;

28755;2018.12.12 02:00:00;22,094;-0,283;0,000;0,000;0,000;7,433;1,000;4,000;

28756;2018.12.12 03:00:00;23,446;0,155;0,000;0,000;0,000;7,433;1,000;4,000;

28757;2018.12.12 04:00:00;22,835;0,296;0,000;0,000;0,000;7,433;1,000;4,000;

28758;2018.12.12 05:00:00;24,539;0,536;0,000;0,000;0,000;7,433;1,000;4,000;

28759;2018.12.12 06:00:00;23,039;0,547;0,000;0,000;0,000;7,433;1,000;4,000;

28760;2018.12.12 07:00:00;23,632;0,523;0,000;0,000;0,000;7,433;1,000;4,000;

28761;2018.12.12 08:00:00;20,668;0,518;0,000;0,000;0,000;7,433;1,000;4,000;

28762;2018.12.12 09:00:00;2,445;1,092;0,000;0,000;0,000;7,433;1,000;4,000;

28763;2018.12.12 10:00:00;7,714;1,968;0,000;0,000;0,000;7,433;1,000;4,000;

28764;2018.12.12 11:00:00;30,980;3,611;0,000;0,000;0,000;7,433;1,000;4,000;

28765;2018.12.12 12:00:00;21,830;3,944;0,000;0,000;0,000;7,433;1,000;4,000;

28766;2018.12.12 13:00:00;20,428;4,291;0,000;0,000;0,000;7,433;1,000;4,000;

28767;2018.12.12 14:00:00;22,585;4,012;0,000;0,000;0,000;7,433;1,000;4,000;

28768;2018.12.12 15:00:00;22,807;3,724;0,000;0,000;0,000;7,433;1,000;4,000;

28769;2018.12.12 16:00:00;24,872;3,427;0,000;0,000;0,000;7,433;1,000;4,000;

28770;2018.12.12 17:00:00;24,354;3,110;0,000;0,000;0,000;7,433;1,000;4,000;

28771;2018.12.12 18:00:00;25,002;2,492;0,000;0,000;0,000;7,433;1,000;4,000;

28772;2018.12.12 19:00:00;25,632;1,995;0,000;0,000;0,000;7,433;1,000;4,000;

28773;2018.12.12 20:00:00;23,780;0,808;0,000;0,000;0,000;7,433;1,000;4,000;

28774;2018.12.12 21:00:00;22,557;-0,331;0,000;0,000;0,000;7,433;1,000;4,000;

28775;2018.12.12 22:00:00;23,483;0,166;0,000;0,000;0,000;7,433;1,000;4,000;

28776;2018.12.12 23:00:00;9,649;-0,829;0,000;0,000;0,000;7,433;1,000;4,000;

28777;2018.12.13 00:00:00;3,324;-1,620;0,000;0,000;0,000;7,417;1,000;4,000;

28778;2018.12.13 01:00:00;7,084;-0,641;0,000;0,000;0,000;7,417;1,000;4,000;

28779;2018.12.13 02:00:00;33,733;0,160;0,000;0,000;0,000;7,417;1,000;4,000;

28780;2018.12.13 03:00:00;24,463;0,927;0,000;0,000;0,000;7,417;1,000;4,000;

28781;2018.12.13 04:00:00;24,792;1,311;0,000;0,000;0,000;7,417;1,000;4,000;

28782;2018.12.13 05:00:00;24,669;1,052;0,000;0,000;0,000;7,417;1,000;4,000;

28783;2018.12.13 06:00:00;25,465;0,287;0,000;0,000;0,000;7,417;1,000;4,000;

28784;2018.12.13 07:00:00;22,726;0,605;0,000;0,000;0,000;7,417;1,000;4,000;

28785;2018.12.13 08:00:00;24,500;0,895;0,000;0,000;0,000;7,417;1,000;4,000;

28786;2018.12.13 09:00:00;23,057;1,247;0,000;0,000;0,000;7,417;1,000;4,000;

28787;2018.12.13 10:00:00;21,483;1,994;0,000;0,000;0,000;7,417;1,000;4,000;

28788;2018.12.13 11:00:00;20,650;2,342;0,000;0,000;0,000;7,417;1,000;4,000;

28789;2018.12.13 12:00:00;20,557;2,402;0,000;0,000;0,000;7,417;1,000;4,000;

28790;2018.12.13 13:00:00;20,002;2,548;0,000;0,000;0,000;7,417;1,000;4,000;

28791;2018.12.13 14:00:00;23,706;2,388;0,000;0,000;0,000;7,417;1,000;4,000;

28792;2018.12.13 15:00:00;23,594;1,869;0,000;0,000;0,000;7,417;1,000;4,000;

28793;2018.12.13 16:00:00;21,548;1,607;0,000;0,000;0,000;7,417;1,000;4,000;

28794;2018.12.13 17:00:00;22,567;1,390;0,000;0,000;0,000;7,417;1,000;4,000;

28795;2018.12.13 18:00:00;23,604;1,254;0,000;0,000;0,000;7,417;1,000;4,000;

28796;2018.12.13 19:00:00;23,011;1,132;0,000;0,000;0,000;7,417;1,000;4,000;

28797;2018.12.13 20:00:00;21,483;1,171;0,000;0,000;0,000;7,417;1,000;4,000;

28798;2018.12.13 21:00:00;22,150;1,159;0,000;0,000;0,000;7,417;1,000;4,000;

28799;2018.12.13 22:00:00;22,243;1,031;0,000;0,000;0,000;7,417;1,000;4,000;

28800;2018.12.13 23:00:00;20,409;0,947;0,000;0,000;0,000;7,417;1,000;4,000;

28801;2018.12.14 00:00:00;21,613;1,046;0,000;0,000;0,000;7,400;2,000;4,000;

28802;2018.12.14 01:00:00;21,668;0,993;0,000;0,000;0,000;7,400;2,000;4,000;

28803;2018.12.14 02:00:00;22,076;0,711;0,000;0,000;0,000;7,400;2,000;4,000;

28804;2018.12.14 03:00:00;22,780;0,268;0,000;0,000;0,000;7,400;2,000;4,000;

28805;2018.12.14 04:00:00;24,057;0,071;0,000;0,000;0,000;7,400;2,000;4,000;

28806;2018.12.14 05:00:00;24,743;0,095;0,000;0,000;0,000;7,400;2,000;4,000;

28807;2018.12.14 06:00:00;22,854;-0,073;0,000;0,000;0,000;7,400;2,000;4,000;

28808;2018.12.14 07:00:00;20,985;-0,136;0,000;0,000;0,000;7,400;2,000;4,000;

28809;2018.12.14 08:00:00;23,370;-0,122;0,000;0,000;0,000;7,400;2,000;4,000;

28810;2018.12.14 09:00:00;22,349;-0,330;0,000;0,000;0,000;7,400;2,000;4,000;

28811;2018.12.14 10:00:00;24,464;-0,199;0,000;0,000;0,000;7,400;2,000;4,000;

28812;2018.12.14 11:00:00;21,879;0,682;0,000;0,000;0,000;7,400;2,000;4,000;

28813;2018.12.14 12:00:00;21,064;0,632;0,000;0,000;0,000;7,400;2,000;4,000;

28814;2018.12.14 13:00:00;23,030;0,958;0,000;0,000;0,000;7,400;2,000;4,000;

28815;2018.12.14 14:00:00;23,983;0,775;0,000;0,000;0,000;7,400;2,000;4,000;

28816;2018.12.14 15:00:00;24,743;0,431;0,000;0,000;0,000;7,400;2,000;4,000;

28817;2018.12.14 16:00:00;25,521;0,006;0,000;0,000;0,000;7,400;2,000;4,000;

28818;2018.12.14 17:00:00;27,632;-0,063;0,000;0,000;0,000;7,400;2,000;4,000;

28819;2018.12.14 18:00:00;25,409;-0,014;0,000;0,000;0,000;7,400;2,000;4,000;

28820;2018.12.14 19:00:00;25,385;-0,141;0,000;0,000;0,000;7,400;2,000;4,000;

28821;2018.12.14 20:00:00;24,101;-0,079;0,000;0,000;0,000;7,400;2,000;4,000;

28822;2018.12.14 21:00:00;24,835;-0,039;0,000;0,000;0,000;7,400;2,000;4,000;

28823;2018.12.14 22:00:00;23,298;0,231;0,000;0,000;0,000;7,400;2,000;4,000;

28824;2018.12.14 23:00:00;23,224;0,166;0,000;0,000;0,000;7,400;2,000;4,000;

28825;2018.12.15 00:00:00;23,922;0,325;0,000;0,000;0,000;7,383;3,000;4,000;

28826;2018.12.15 01:00:00;23,656;0,600;0,000;0,000;0,000;7,383;3,000;4,000;

28827;2018.12.15 02:00:00;22,928;0,937;0,000;0,000;0,000;7,383;3,000;4,000;

28828;2018.12.15 03:00:00;23,261;0,924;0,000;0,000;0,000;7,383;3,000;4,000;

28829;2018.12.15 04:00:00;22,835;0,174;0,000;0,000;0,000;7,383;3,000;4,000;

28830;2018.12.15 05:00:00;23,002;-0,061;0,000;0,000;0,000;7,383;3,000;4,000;

28831;2018.12.15 06:00:00;24,576;-0,216;0,000;0,000;0,000;7,383;3,000;4,000;

28832;2018.12.15 07:00:00;23,780;-0,152;0,000;0,000;0,000;7,383;3,000;4,000;

28833;2018.12.15 08:00:00;25,613;-0,283;0,000;0,000;0,000;7,383;3,000;4,000;

28834;2018.12.15 09:00:00;22,187;0,348;0,000;0,000;0,000;7,383;3,000;4,000;

28835;2018.12.15 10:00:00;24,169;0,812;0,000;0,000;0,000;7,383;3,000;4,000;

28836;2018.12.15 11:00:00;22,896;1,195;0,000;0,000;0,000;7,383;3,000;4,000;

28837;2018.12.15 12:00:00;22,961;1,514;0,000;0,000;0,000;7,383;3,000;4,000;

28838;2018.12.15 13:00:00;23,544;1,470;0,000;0,000;0,000;7,383;3,000;4,000;

28839;2018.12.15 14:00:00;23,699;0,787;0,000;0,000;0,000;7,383;3,000;4,000;

28840;2018.12.15 15:00:00;29,928;0,202;0,000;0,000;0,000;7,383;3,000;4,000;

28841;2018.12.15 16:00:00;23,909;0,857;0,000;0,000;0,000;7,383;3,000;4,000;

28842;2018.12.15 17:00:00;27,243;0,408;0,000;0,000;0,000;7,383;3,000;4,000;

28843;2018.12.15 18:00:00;24,428;0,312;0,000;0,000;0,000;7,383;3,000;4,000;

28844;2018.12.15 19:00:00;25,382;0,289;0,000;0,000;0,000;7,383;3,000;4,000;

28845;2018.12.15 20:00:00;24,530;0,417;0,000;0,000;0,000;7,383;3,000;4,000;

28846;2018.12.15 21:00:00;23,502;0,383;0,000;0,000;0,000;7,383;3,000;4,000;

28847;2018.12.15 22:00:00;22,724;0,341;0,000;0,000;0,000;7,383;3,000;4,000;

28848;2018.12.15 23:00:00;21,224;-0,105;0,000;0,000;0,000;7,383;3,000;4,000;

28849;2018.12.16 00:00:00;23,724;-1,023;0,000;0,000;0,000;7,367;4,000;4,000;

28850;2018.12.16 01:00:00;24,743;-1,837;0,000;0,000;0,000;7,367;4,000;4,000;

28851;2018.12.16 02:00:00;24,317;-2,092;0,000;0,000;0,000;7,367;4,000;4,000;

28852;2018.12.16 03:00:00;24,928;-2,545;0,000;0,000;0,000;7,367;4,000;4,000;

28853;2018.12.16 04:00:00;24,928;-2,111;0,000;0,000;0,000;7,367;4,000;4,000;

28854;2018.12.16 05:00:00;25,317;-1,499;0,000;0,000;0,000;7,367;4,000;4,000;

28855;2018.12.16 06:00:00;27,947;-1,121;0,000;0,000;0,000;7,367;4,000;4,000;

28856;2018.12.16 07:00:00;25,484;-0,540;0,000;0,000;0,000;7,367;4,000;4,000;

28857;2018.12.16 08:00:00;26,873;-0,246;0,000;0,000;0,000;7,367;4,000;4,000;

28858;2018.12.16 09:00:00;24,761;0,443;0,000;0,000;0,000;7,367;4,000;4,000;

28859;2018.12.16 10:00:00;24,446;1,163;0,000;0,000;0,000;7,367;4,000;4,000;

28860;2018.12.16 11:00:00;23,770;1,738;0,000;0,000;0,000;7,367;4,000;4,000;

28861;2018.12.16 12:00:00;23,604;1,631;0,000;0,000;0,000;7,367;4,000;4,000;

28862;2018.12.16 13:00:00;22,354;1,180;0,000;0,000;0,000;7,367;4,000;4,000;

28863;2018.12.16 14:00:00;30,280;1,151;0,000;0,000;0,000;7,367;4,000;4,000;

28864;2018.12.16 15:00:00;26,780;0,955;0,000;0,000;0,000;7,367;4,000;4,000;

28865;2018.12.16 16:00:00;23,576;0,619;0,000;0,000;0,000;7,367;4,000;4,000;

28866;2018.12.16 17:00:00;26,835;0,509;0,000;0,000;0,000;7,367;4,000;4,000;

28867;2018.12.16 18:00:00;26,206;0,454;0,000;0,000;0,000;7,367;4,000;4,000;

28868;2018.12.16 19:00:00;23,983;0,447;0,000;0,000;0,000;7,367;4,000;4,000;

28869;2018.12.16 20:00:00;25,058;0,412;0,000;0,000;0,000;7,367;4,000;4,000;

28870;2018.12.16 21:00:00;21,631;0,215;0,000;0,000;0,000;7,367;4,000;4,000;

28871;2018.12.16 22:00:00;23,113;0,004;0,000;0,000;0,000;7,367;4,000;4,000;

28872;2018.12.16 23:00:00;8,945;-0,053;0,000;0,000;0,000;7,367;4,000;4,000;

28873;2018.12.17 00:00:00;3,778;-0,155;0,000;0,000;0,000;7,350;1,000;4,000;

28874;2018.12.17 01:00:00;8,741;-0,119;0,000;0,000;0,000;7,350;1,000;4,000;

28875;2018.12.17 02:00:00;34,355;-0,073;0,000;0,000;0,000;7,350;1,000;4,000;

28876;2018.12.17 03:00:00;21,909;-0,124;0,000;0,000;0,000;7,350;1,000;4,000;

28877;2018.12.17 04:00:00;23,057;-0,232;0,000;0,000;0,000;7,350;1,000;4,000;

28878;2018.12.17 05:00:00;24,502;-0,260;0,000;0,000;0,000;7,350;1,000;4,000;

28879;2018.12.17 06:00:00;24,014;-0,369;0,000;0,000;0,000;7,350;1,000;4,000;

28880;2018.12.17 07:00:00;22,965;-0,540;0,000;0,000;0,000;7,350;1,000;4,000;

28881;2018.12.17 08:00:00;23,664;-0,826;0,000;0,000;0,000;7,350;1,000;4,000;

28882;2018.12.17 09:00:00;23,383;-0,386;0,000;0,000;0,000;7,350;1,000;4,000;

28883;2018.12.17 10:00:00;23,706;0,123;0,000;0,000;0,000;7,350;1,000;4,000;

28884;2018.12.17 11:00:00;23,706;1,083;0,000;0,000;0,000;7,350;1,000;4,000;

28885;2018.12.17 12:00:00;24,076;1,370;0,000;0,000;0,000;7,350;1,000;4,000;

28886;2018.12.17 13:00:00;22,872;1,509;0,000;0,000;0,000;7,350;1,000;4,000;

28887;2018.12.17 14:00:00;28,336;1,001;0,000;0,000;0,000;7,350;1,000;4,000;

28888;2018.12.17 15:00:00;26,854;0,570;0,000;0,000;0,000;7,350;1,000;4,000;

28889;2018.12.17 16:00:00;26,854;0,594;0,000;0,000;0,000;7,350;1,000;4,000;

28890;2018.12.17 17:00:00;26,113;0,491;0,000;0,000;0,000;7,350;1,000;4,000;

28891;2018.12.17 18:00:00;26,854;0,267;0,000;0,000;0,000;7,350;1,000;4,000;

28892;2018.12.17 19:00:00;24,724;0,220;0,000;0,000;0,000;7,350;1,000;4,000;

28893;2018.12.17 20:00:00;25,650;0,139;0,000;0,000;0,000;7,350;1,000;4,000;

28894;2018.12.17 21:00:00;25,002;0,115;0,000;0,000;0,000;7,350;1,000;4,000;

28895;2018.12.17 22:00:00;23,706;0,322;0,000;0,000;0,000;7,350;1,000;4,000;

28896;2018.12.17 23:00:00;22,224;0,449;0,000;0,000;0,000;7,350;1,000;4,000;

28897;2018.12.18 00:00:00;24,632;0,406;0,000;0,000;0,000;7,350;1,000;4,000;

28898;2018.12.18 01:00:00;23,428;0,250;0,000;0,000;0,000;7,350;1,000;4,000;

28899;2018.12.18 02:00:00;23,891;0,242;0,000;0,000;0,000;7,350;1,000;4,000;

28900;2018.12.18 03:00:00;23,798;0,352;0,000;0,000;0,000;7,350;1,000;4,000;

28901;2018.12.18 04:00:00;23,057;0,343;0,000;0,000;0,000;7,350;1,000;4,000;

28902;2018.12.18 05:00:00;24,354;0,333;0,000;0,000;0,000;7,350;1,000;4,000;

28903;2018.12.18 06:00:00;24,724;0,422;0,000;0,000;0,000;7,350;1,000;4,000;

28904;2018.12.18 07:00:00;24,539;0,211;0,000;0,000;0,000;7,350;1,000;4,000;

28905;2018.12.18 08:00:00;22,687;0,144;0,000;0,000;0,000;7,350;1,000;4,000;

28906;2018.12.18 09:00:00;22,872;0,488;0,000;0,000;0,000;7,350;1,000;4,000;

28907;2018.12.18 10:00:00;22,502;1,081;0,000;0,000;0,000;7,350;1,000;4,000;

28908;2018.12.18 11:00:00;24,817;1,470;0,000;0,000;0,000;7,350;1,000;4,000;

28909;2018.12.18 12:00:00;22,502;1,863;0,000;0,000;0,000;7,350;1,000;4,000;

28910;2018.12.18 13:00:00;22,502;2,082;0,000;0,000;0,000;7,350;1,000;4,000;

28911;2018.12.18 14:00:00;25,280;2,086;0,000;0,000;0,000;7,350;1,000;4,000;

28912;2018.12.18 15:00:00;24,169;1,671;0,000;0,000;0,000;7,350;1,000;4,000;

28913;2018.12.18 16:00:00;23,613;1,762;0,000;0,000;0,000;7,350;1,000;4,000;

28914;2018.12.18 17:00:00;23,057;1,772;0,000;0,000;0,000;7,350;1,000;4,000;

28915;2018.12.18 18:00:00;23,057;1,555;0,000;0,000;0,000;7,350;1,000;4,000;

28916;2018.12.18 19:00:00;23,057;1,573;0,000;0,000;0,000;7,350;1,000;4,000;

28917;2018.12.18 20:00:00;26,206;1,635;0,000;0,000;0,000;7,350;1,000;4,000;

28918;2018.12.18 21:00:00;26,206;1,607;0,000;0,000;0,000;7,350;1,000;4,000;

28919;2018.12.18 22:00:00;26,021;1,682;0,000;0,000;0,000;7,350;1,000;4,000;

28920;2018.12.18 23:00:00;23,428;1,849;0,000;0,000;0,000;7,350;1,000;4,000;

28921;2018.12.19 00:00:00;23,706;2,240;0,000;0,000;0,000;7,333;1,000;4,000;

28922;2018.12.19 01:00:00;23,706;2,394;0,000;0,000;0,000;7,333;1,000;4,000;

28923;2018.12.19 02:00:00;22,687;2,401;0,000;0,000;0,000;7,333;1,000;4,000;

28924;2018.12.19 03:00:00;23,983;2,487;0,000;0,000;0,000;7,333;1,000;4,000;

28925;2018.12.19 04:00:00;24,169;2,290;0,000;0,000;0,000;7,333;1,000;4,000;

28926;2018.12.19 05:00:00;25,465;1,996;0,000;0,000;0,000;7,333;1,000;4,000;

28927;2018.12.19 06:00:00;24,354;1,325;0,000;0,000;0,000;7,333;1,000;4,000;

28928;2018.12.19 07:00:00;21,576;2,117;0,000;0,000;0,000;7,333;1,000;4,000;

28929;2018.12.19 08:00:00;24,076;1,361;0,000;0,000;0,000;7,333;1,000;4,000;

28930;2018.12.19 09:00:00;22,525;1,522;0,000;0,000;0,000;7,333;1,000;4,000;

28931;2018.12.19 10:00:00;22,349;2,389;0,000;0,000;0,000;7,333;1,000;4,000;

28932;2018.12.19 11:00:00;21,168;3,396;0,000;0,000;0,000;7,333;1,000;4,000;

28933;2018.12.19 12:00:00;21,946;3,476;0,000;0,000;0,000;7,333;1,000;4,000;

28934;2018.12.19 13:00:00;22,280;2,738;0,000;0,000;0,000;7,333;1,000;4,000;

28935;2018.12.19 14:00:00;27,058;1,931;0,000;0,000;0,000;7,333;1,000;4,000;

28936;2018.12.19 15:00:00;24,446;1,245;0,000;0,000;0,000;7,333;1,000;4,000;

28937;2018.12.19 16:00:00;26,761;1,039;0,000;0,000;0,000;7,333;1,000;4,000;

28938;2018.12.19 17:00:00;28,891;1,042;0,000;0,000;0,000;7,333;1,000;4,000;

28939;2018.12.19 18:00:00;27,363;1,092;0,000;0,000;0,000;7,333;1,000;4,000;

28940;2018.12.19 19:00:00;26,530;1,170;0,000;0,000;0,000;7,333;1,000;4,000;

28941;2018.12.19 20:00:00;26,947;1,257;0,000;0,000;0,000;7,333;1,000;4,000;

28942;2018.12.19 21:00:00;24,724;1,204;0,000;0,000;0,000;7,333;1,000;4,000;

28943;2018.12.19 22:00:00;25,187;1,197;0,000;0,000;0,000;7,333;1,000;4,000;

28944;2018.12.19 23:00:00;22,965;1,129;0,000;0,000;0,000;7,333;1,000;4,000;

28945;2018.12.20 00:00:00;24,169;1,186;0,000;0,000;0,000;7,333;1,000;4,000;

28946;2018.12.20 01:00:00;24,446;1,235;0,000;0,000;0,000;7,333;1,000;4,000;

28947;2018.12.20 02:00:00;24,632;1,207;0,000;0,000;0,000;7,333;1,000;4,000;

28948;2018.12.20 03:00:00;24,909;0,960;0,000;0,000;0,000;7,333;1,000;4,000;

28949;2018.12.20 04:00:00;24,261;0,464;0,000;0,000;0,000;7,333;1,000;4,000;

28950;2018.12.20 05:00:00;25,743;0,526;0,000;0,000;0,000;7,333;1,000;4,000;

28951;2018.12.20 06:00:00;24,169;0,584;0,000;0,000;0,000;7,333;1,000;4,000;

28952;2018.12.20 07:00:00;23,891;0,653;0,000;0,000;0,000;7,333;1,000;4,000;

28953;2018.12.20 08:00:00;23,891;0,671;0,000;0,000;0,000;7,333;1,000;4,000;

28954;2018.12.20 09:00:00;21,391;0,980;0,000;0,000;0,000;7,333;1,000;4,000;

28955;2018.12.20 10:00:00;22,965;1,323;0,000;0,000;0,000;7,333;1,000;4,000;

28956;2018.12.20 11:00:00;22,317;1,626;0,000;0,000;0,000;7,333;1,000;4,000;

28957;2018.12.20 12:00:00;22,780;1,755;0,000;0,000;0,000;7,333;1,000;4,000;

28958;2018.12.20 13:00:00;23,891;2,024;0,000;0,000;0,000;7,333;1,000;4,000;

28959;2018.12.20 14:00:00;27,086;1,739;0,000;0,000;0,000;7,333;1,000;4,000;

28960;2018.12.20 15:00:00;28,660;1,722;0,000;0,000;0,000;7,333;1,000;4,000;

28961;2018.12.20 16:00:00;27,687;1,745;0,000;0,000;0,000;7,333;1,000;4,000;

28962;2018.12.20 17:00:00;26,669;9990,000;0,000;0,000;0,000;7,333;1,000;4,000;

28963;2018.12.20 18:00:00;27,317;1,633;0,000;0,000;0,000;7,333;1,000;4,000;

28964;2018.12.20 19:00:00;25,882;1,842;0,000;0,000;0,000;7,333;1,000;4,000;

28965;2018.12.20 20:00:00;25,182;1,957;0,000;0,000;0,000;7,333;1,000;4,000;

28966;2018.12.20 21:00:00;23,977;2,065;0,000;0,000;0,000;7,333;1,000;4,000;

28967;2018.12.20 22:00:00;23,977;2,204;0,000;0,000;0,000;7,333;1,000;4,000;

28968;2018.12.20 23:00:00;23,492;2,304;0,000;0,000;0,000;7,333;1,000;4,000;

28969;2018.12.21 00:00:00;24,169;2,195;0,000;0,000;0,000;7,333;2,000;4,000;

28970;2018.12.21 01:00:00;23,188;2,259;0,000;0,000;0,000;7,333;2,000;4,000;

28971;2018.12.21 02:00:00;23,761;2,403;0,000;0,000;0,000;7,333;2,000;4,000;

28972;2018.12.21 03:00:00;23,455;2,515;0,000;0,000;0,000;7,333;2,000;4,000;

28973;2018.12.21 04:00:00;23,862;2,880;0,000;0,000;0,000;7,333;2,000;4,000;

28974;2018.12.21 05:00:00;24,632;3,240;0,000;0,000;0,000;7,333;2,000;4,000;

28975;2018.12.21 06:00:00;22,451;3,564;0,000;0,000;0,000;7,333;2,000;4,000;

28976;2018.12.21 07:00:00;22,254;3,871;0,000;0,000;0,000;7,333;2,000;4,000;

28977;2018.12.21 08:00:00;19,986;4,130;0,000;0,000;0,000;7,333;2,000;4,000;

28978;2018.12.21 09:00:00;21,613;4,420;0,000;0,000;0,000;7,333;2,000;4,000;

28979;2018.12.21 10:00:00;21,784;5,039;0,000;0,000;0,000;7,333;2,000;4,000;

28980;2018.12.21 11:00:00;20,747;5,360;0,000;0,000;0,000;7,333;2,000;4,000;

28981;2018.12.21 12:00:00;20,266;5,746;0,000;0,000;0,000;7,333;2,000;4,000;

28982;2018.12.21 13:00:00;21,303;5,697;0,000;0,000;0,000;7,333;2,000;4,000;

28983;2018.12.21 14:00:00;24,562;5,501;0,000;0,000;0,000;7,333;2,000;4,000;

28984;2018.12.21 15:00:00;21,920;5,064;0,000;0,000;0,000;7,333;2,000;4,000;

28985;2018.12.21 16:00:00;24,894;4,718;0,000;0,000;0,000;7,333;2,000;4,000;

28986;2018.12.21 17:00:00;22,131;4,668;0,000;0,000;0,000;7,333;2,000;4,000;

28987;2018.12.21 18:00:00;24,354;4,517;0,000;0,000;0,000;7,333;2,000;4,000;

28988;2018.12.21 19:00:00;24,354;4,469;0,000;0,000;0,000;7,333;2,000;4,000;

28989;2018.12.21 20:00:00;23,335;4,489;0,000;0,000;0,000;7,333;2,000;4,000;

28990;2018.12.21 21:00:00;24,076;4,469;0,000;0,000;0,000;7,333;2,000;4,000;

28991;2018.12.21 22:00:00;23,335;4,395;0,000;0,000;0,000;7,333;2,000;4,000;

28992;2018.12.21 23:00:00;10,371;4,325;0,000;0,000;0,000;7,333;2,000;4,000;

28993;2018.12.22 00:00:00;10,228;4,148;0,000;0,000;0,000;7,333;3,000;4,000;

28994;2018.12.22 01:00:00;38,850;4,133;0,000;0,000;0,000;7,333;3,000;4,000;

28995;2018.12.22 02:00:00;21,863;4,414;0,000;0,000;0,000;7,333;3,000;4,000;

28996;2018.12.22 03:00:00;32,096;5,772;0,000;0,000;0,000;7,333;3,000;4,000;

28997;2018.12.22 04:00:00;26,418;7,446;0,000;0,000;0,000;7,333;3,000;4,000;

28998;2018.12.22 05:00:00;26,113;6,886;0,000;0,000;0,000;7,333;3,000;4,000;

28999;2018.12.22 06:00:00;26,484;6,644;0,000;0,000;0,000;7,333;3,000;4,000;

29000;2018.12.22 07:00:00;24,817;6,119;0,000;0,000;0,000;7,333;3,000;4,000;

29001;2018.12.22 08:00:00;25,928;5,240;0,000;0,000;0,000;7,333;3,000;4,000;

29002;2018.12.22 09:00:00;25,187;3,669;0,000;0,000;0,000;7,333;3,000;4,000;

29003;2018.12.22 10:00:00;24,400;3,339;0,000;0,000;0,000;7,333;3,000;4,000;

29004;2018.12.22 11:00:00;25,974;3,802;0,000;0,000;0,000;7,333;3,000;4,000;

29005;2018.12.22 12:00:00;26,391;4,324;0,000;0,000;0,000;7,333;3,000;4,000;

29006;2018.12.22 13:00:00;25,650;4,301;0,000;0,000;0,000;7,333;3,000;4,000;

29007;2018.12.22 14:00:00;25,002;4,194;0,000;0,000;0,000;7,333;3,000;4,000;

29008;2018.12.22 15:00:00;28,799;3,957;0,000;0,000;0,000;7,333;3,000;4,000;

29009;2018.12.22 16:00:00;25,558;3,995;0,000;0,000;0,000;7,333;3,000;4,000;

29010;2018.12.22 17:00:00;25,372;3,930;0,000;0,000;0,000;7,333;3,000;4,000;

29011;2018.12.22 18:00:00;26,530;3,690;0,000;0,000;0,000;7,333;3,000;4,000;

29012;2018.12.22 19:00:00;25,974;3,669;0,000;0,000;0,000;7,333;3,000;4,000;

29013;2018.12.22 20:00:00;26,021;3,567;0,000;0,000;0,000;7,333;3,000;4,000;

29014;2018.12.22 21:00:00;26,669;3,442;0,000;0,000;0,000;7,333;3,000;4,000;

29015;2018.12.22 22:00:00;26,669;3,374;0,000;0,000;0,000;7,333;3,000;4,000;

29016;2018.12.22 23:00:00;24,868;3,293;0,000;0,000;0,000;7,333;3,000;4,000;

29017;2018.12.23 00:00:00;24,858;3,319;0,000;0,000;0,000;7,333;4,000;4,000;

29018;2018.12.23 01:00:00;25,226;3,324;0,000;0,000;0,000;7,333;4,000;4,000;

29019;2018.12.23 02:00:00;25,861;3,191;0,000;0,000;0,000;7,333;4,000;4,000;

29020;2018.12.23 03:00:00;26,419;3,268;0,000;0,000;0,000;7,333;4,000;4,000;

29021;2018.12.23 04:00:00;25,465;3,481;0,000;0,000;0,000;7,333;4,000;4,000;

29022;2018.12.23 05:00:00;25,319;3,215;0,000;0,000;0,000;7,333;4,000;4,000;

29023;2018.12.23 06:00:00;27,463;3,146;0,000;0,000;0,000;7,333;4,000;4,000;

29024;2018.12.23 07:00:00;27,224;3,263;0,000;0,000;0,000;7,333;4,000;4,000;

29025;2018.12.23 08:00:00;28,521;3,307;0,000;0,000;0,000;7,333;4,000;4,000;

29026;2018.12.23 09:00:00;26,298;3,715;0,000;0,000;0,000;7,333;4,000;4,000;

29027;2018.12.23 10:00:00;24,539;4,250;0,000;0,000;0,000;7,333;4,000;4,000;

29028;2018.12.23 11:00:00;24,076;4,904;0,000;0,000;0,000;7,333;4,000;4,000;

29029;2018.12.23 12:00:00;23,983;5,380;0,000;0,000;0,000;7,333;4,000;4,000;

29030;2018.12.23 13:00:00;22,317;6,284;0,000;0,000;0,000;7,333;4,000;4,000;

29031;2018.12.23 14:00:00;24,261;6,419;0,000;0,000;0,000;7,333;4,000;4,000;

29032;2018.12.23 15:00:00;24,817;6,128;0,000;0,000;0,000;7,333;4,000;4,000;

29033;2018.12.23 16:00:00;24,354;4,756;0,000;0,000;0,000;7,333;4,000;4,000;

29034;2018.12.23 17:00:00;27,132;3,165;0,000;0,000;0,000;7,333;4,000;4,000;

29035;2018.12.23 18:00:00;29,076;2,638;0,000;0,000;0,000;7,333;4,000;4,000;

29036;2018.12.23 19:00:00;29,169;2,615;0,000;0,000;0,000;7,333;4,000;4,000;

29037;2018.12.23 20:00:00;28,336;2,591;0,000;0,000;0,000;7,333;4,000;4,000;

29038;2018.12.23 21:00:00;26,761;2,321;0,000;0,000;0,000;7,333;4,000;4,000;

29039;2018.12.23 22:00:00;24,817;2,009;0,000;0,000;0,000;7,333;4,000;4,000;

29040;2018.12.23 23:00:00;26,021;1,681;0,000;0,000;0,000;7,333;4,000;4,000;

29041;2018.12.24 00:00:00;26,669;1,534;0,000;0,000;0,000;7,333;1,000;4,000;

29042;2018.12.24 01:00:00;25,835;1,155;0,000;0,000;0,000;7,333;1,000;4,000;

29043;2018.12.24 02:00:00;27,317;0,887;0,000;0,000;0,000;7,333;1,000;4,000;

29044;2018.12.24 03:00:00;26,854;0,725;0,000;0,000;0,000;7,333;1,000;4,000;

29045;2018.12.24 04:00:00;27,780;0,445;0,000;0,000;0,000;7,333;1,000;4,000;

29046;2018.12.24 05:00:00;29,076;-0,088;0,000;0,000;0,000;7,333;1,000;4,000;

29047;2018.12.24 06:00:00;30,558;0,090;0,000;0,000;0,000;7,333;1,000;4,000;

29048;2018.12.24 07:00:00;28,613;0,157;0,000;0,000;0,000;7,333;1,000;4,000;

29049;2018.12.24 08:00:00;28,243;0,260;0,000;0,000;0,000;7,333;1,000;4,000;

29050;2018.12.24 09:00:00;29,169;0,175;0,000;0,000;0,000;7,333;1,000;4,000;

29051;2018.12.24 10:00:00;29,076;0,295;0,000;0,000;0,000;7,333;1,000;4,000;

29052;2018.12.24 11:00:00;28,521;0,533;0,000;0,000;0,000;7,333;1,000;4,000;

29053;2018.12.24 12:00:00;30,188;0,577;0,000;0,000;0,000;7,333;1,000;4,000;

29054;2018.12.24 13:00:00;32,040;0,417;0,000;0,000;0,000;7,333;1,000;4,000;

29055;2018.12.24 14:00:00;31,854;0,358;0,000;0,000;0,000;7,333;1,000;4,000;

29056;2018.12.24 15:00:00;30,836;0,180;0,000;0,000;0,000;7,333;1,000;4,000;

29057;2018.12.24 16:00:00;29,169;0,211;0,000;0,000;0,000;7,333;1,000;4,000;

29058;2018.12.24 17:00:00;27,595;0,646;0,000;0,000;0,000;7,333;1,000;4,000;

29059;2018.12.24 18:00:00;27,687;1,150;0,000;0,000;0,000;7,333;1,000;4,000;

29060;2018.12.24 19:00:00;28,428;0,845;0,000;0,000;0,000;7,333;1,000;4,000;

29061;2018.12.24 20:00:00;26,947;0,871;0,000;0,000;0,000;7,333;1,000;4,000;

29062;2018.12.24 21:00:00;26,808;0,879;0,000;0,000;0,000;7,333;1,000;4,000;

29063;2018.12.24 22:00:00;26,342;0,843;0,000;0,000;0,000;7,333;1,000;4,000;

29064;2018.12.24 23:00:00;26,880;1,039;0,000;0,000;0,000;7,333;1,000;4,000;

29065;2018.12.25 00:00:00;25,188;1,068;0,000;0,000;0,000;7,350;5,000;4,000;

29066;2018.12.25 01:00:00;28,226;0,779;0,000;0,000;0,000;7,350;5,000;4,000;

29067;2018.12.25 02:00:00;26,755;0,570;0,000;0,000;0,000;7,350;5,000;4,000;

29068;2018.12.25 03:00:00;27,224;1,169;0,000;0,000;0,000;7,350;5,000;4,000;

29069;2018.12.25 04:00:00;25,928;1,702;0,000;0,000;0,000;7,350;5,000;4,000;

29070;2018.12.25 05:00:00;27,965;2,288;0,000;0,000;0,000;7,350;5,000;4,000;

29071;2018.12.25 06:00:00;26,956;3,740;0,000;0,000;0,000;7,350;5,000;4,000;

29072;2018.12.25 07:00:00;26,381;4,398;0,000;0,000;0,000;7,350;5,000;4,000;

29073;2018.12.25 08:00:00;27,965;4,727;0,000;0,000;0,000;7,350;5,000;4,000;

29074;2018.12.25 09:00:00;25,465;5,007;0,000;0,000;0,000;7,350;5,000;4,000;

29075;2018.12.25 10:00:00;24,817;4,990;0,000;0,000;0,000;7,350;5,000;4,000;

29076;2018.12.25 11:00:00;23,613;5,195;0,000;0,000;0,000;7,350;5,000;4,000;

29077;2018.12.25 12:00:00;23,831;5,750;0,000;0,000;0,000;7,350;5,000;4,000;

29078;2018.12.25 13:00:00;24,114;5,960;0,000;0,000;0,000;7,350;5,000;4,000;

29079;2018.12.25 14:00:00;26,691;5,964;0,000;0,000;0,000;7,350;5,000;4,000;

29080;2018.12.25 15:00:00;23,520;5,941;0,000;0,000;0,000;7,350;5,000;4,000;

29081;2018.12.25 16:00:00;23,428;5,952;0,000;0,000;0,000;7,350;5,000;4,000;

29082;2018.12.25 17:00:00;25,928;6,002;0,000;0,000;0,000;7,350;5,000;4,000;

29083;2018.12.25 18:00:00;24,940;5,923;0,000;0,000;0,000;7,350;5,000;4,000;

29084;2018.12.25 19:00:00;24,508;5,741;0,000;0,000;0,000;7,350;5,000;4,000;

29085;2018.12.25 20:00:00;25,743;5,817;0,000;0,000;0,000;7,350;5,000;4,000;

29086;2018.12.25 21:00:00;22,780;6,003;0,000;0,000;0,000;7,350;5,000;4,000;

29087;2018.12.25 22:00:00;21,761;6,054;0,000;0,000;0,000;7,350;5,000;4,000;

29088;2018.12.25 23:00:00;20,874;5,914;0,000;0,000;0,000;7,350;5,000;4,000;

29089;2018.12.26 00:00:00;21,630;5,750;0,000;0,000;0,000;7,350;5,000;4,000;

29090;2018.12.26 01:00:00;21,113;5,743;0,000;0,000;0,000;7,350;5,000;4,000;

29091;2018.12.26 02:00:00;21,483;5,777;0,000;0,000;0,000;7,350;5,000;4,000;

29092;2018.12.26 03:00:00;20,928;5,748;0,000;0,000;0,000;7,350;5,000;4,000;

29093;2018.12.26 04:00:00;22,965;5,767;0,000;0,000;0,000;7,350;5,000;4,000;

29094;2018.12.26 05:00:00;23,243;5,759;0,000;0,000;0,000;7,350;5,000;4,000;

29095;2018.12.26 06:00:00;22,224;5,726;0,000;0,000;0,000;7,350;5,000;4,000;

29096;2018.12.26 07:00:00;22,547;5,681;0,000;0,000;0,000;7,350;5,000;4,000;

29097;2018.12.26 08:00:00;22,039;5,649;0,000;0,000;0,000;7,350;5,000;4,000;

29098;2018.12.26 09:00:00;22,827;5,736;0,000;0,000;0,000;7,350;5,000;4,000;

29099;2018.12.26 10:00:00;22,594;6,132;0,000;0,000;0,000;7,350;5,000;4,000;

29100;2018.12.26 11:00:00;22,834;6,476;0,000;0,000;0,000;7,350;5,000;4,000;

29101;2018.12.26 12:00:00;22,262;6,557;0,000;0,000;0,000;7,350;5,000;4,000;

29102;2018.12.26 13:00:00;22,409;6,487;0,000;0,000;0,000;7,350;5,000;4,000;

29103;2018.12.26 14:00:00;24,076;6,174;0,000;0,000;0,000;7,350;5,000;4,000;

29104;2018.12.26 15:00:00;24,354;5,766;0,000;0,000;0,000;7,350;5,000;4,000;

29105;2018.12.26 16:00:00;22,872;5,605;0,000;0,000;0,000;7,350;5,000;4,000;

29106;2018.12.26 17:00:00;24,909;5,350;0,000;0,000;0,000;7,350;5,000;4,000;

29107;2018.12.26 18:00:00;24,539;5,680;0,000;0,000;0,000;7,350;5,000;4,000;

29108;2018.12.26 19:00:00;23,798;5,875;0,000;0,000;0,000;7,350;5,000;4,000;

29109;2018.12.26 20:00:00;24,034;6,117;0,000;0,000;0,000;7,350;5,000;4,000;

29110;2018.12.26 21:00:00;21,803;6,228;0,000;0,000;0,000;7,350;5,000;4,000;

29111;2018.12.26 22:00:00;22,178;6,522;0,000;0,000;0,000;7,350;5,000;4,000;

29112;2018.12.26 23:00:00;19,863;6,673;0,000;0,000;0,000;7,350;5,000;4,000;

29113;2018.12.27 00:00:00;19,076;7,140;0,000;0,000;0,000;7,367;1,000;4,000;

29114;2018.12.27 01:00:00;17,964;7,625;0,000;0,000;0,000;7,367;1,000;4,000;

29115;2018.12.27 02:00:00;18,335;7,704;0,000;0,000;0,000;7,367;1,000;4,000;

29116;2018.12.27 03:00:00;18,798;7,688;0,000;0,000;0,000;7,367;1,000;4,000;

29117;2018.12.27 04:00:00;20,835;7,745;0,000;0,000;0,000;7,367;1,000;4,000;

29118;2018.12.27 05:00:00;20,187;7,536;0,000;0,000;0,000;7,367;1,000;4,000;

29119;2018.12.27 06:00:00;20,928;7,396;0,000;0,000;0,000;7,367;1,000;4,000;

29120;2018.12.27 07:00:00;19,446;7,283;0,000;0,000;0,000;7,367;1,000;4,000;

29121;2018.12.27 08:00:00;19,515;7,312;0,000;0,000;0,000;7,367;1,000;4,000;

29122;2018.12.27 09:00:00;18,822;7,285;0,000;0,000;0,000;7,367;1,000;4,000;

29123;2018.12.27 10:00:00;21,576;7,400;0,000;0,000;0,000;7,367;1,000;4,000;

29124;2018.12.27 11:00:00;20,742;7,500;0,000;0,000;0,000;7,367;1,000;4,000;

29125;2018.12.27 12:00:00;20,557;7,215;0,000;0,000;0,000;7,367;1,000;4,000;

29126;2018.12.27 13:00:00;19,816;6,907;0,000;0,000;0,000;7,367;1,000;4,000;

29127;2018.12.27 14:00:00;21,113;6,693;0,000;0,000;0,000;7,367;1,000;4,000;

29128;2018.12.27 15:00:00;22,965;6,577;0,000;0,000;0,000;7,367;1,000;4,000;

29129;2018.12.27 16:00:00;20,279;6,777;0,000;0,000;0,000;7,367;1,000;4,000;

29130;2018.12.27 17:00:00;23,057;7,350;0,000;0,000;0,000;7,367;1,000;4,000;

29131;2018.12.27 18:00:00;20,742;7,367;0,000;0,000;0,000;7,367;1,000;4,000;

29132;2018.12.27 19:00:00;23,428;7,089;0,000;0,000;0,000;7,367;1,000;4,000;

29133;2018.12.27 20:00:00;20,650;7,076;0,000;0,000;0,000;7,367;1,000;4,000;

29134;2018.12.27 21:00:00;19,446;7,504;0,000;0,000;0,000;7,367;1,000;4,000;

29135;2018.12.27 22:00:00;20,002;7,557;0,000;0,000;0,000;7,367;1,000;4,000;

29136;2018.12.27 23:00:00;20,002;7,463;0,000;0,000;0,000;7,367;1,000;4,000;

29137;2018.12.28 00:00:00;20,187;7,387;0,000;0,000;0,000;7,367;2,000;4,000;

29138;2018.12.28 01:00:00;19,261;7,324;0,000;0,000;0,000;7,367;2,000;4,000;

29139;2018.12.28 02:00:00;19,353;7,187;0,000;0,000;0,000;7,367;2,000;4,000;

29140;2018.12.28 03:00:00;19,446;6,973;0,000;0,000;0,000;7,367;2,000;4,000;

29141;2018.12.28 04:00:00;21,113;7,001;0,000;0,000;0,000;7,367;2,000;4,000;

29142;2018.12.28 05:00:00;21,761;6,954;0,000;0,000;0,000;7,367;2,000;4,000;

29143;2018.12.28 06:00:00;22,594;6,937;0,000;0,000;0,000;7,367;2,000;4,000;

29144;2018.12.28 07:00:00;22,039;6,828;0,000;0,000;0,000;7,367;2,000;4,000;

29145;2018.12.28 08:00:00;22,224;6,835;0,000;0,000;0,000;7,367;2,000;4,000;

29146;2018.12.28 09:00:00;20,557;6,944;0,000;0,000;0,000;7,367;2,000;4,000;

29147;2018.12.28 10:00:00;21,391;7,193;0,000;0,000;0,000;7,367;2,000;4,000;

29148;2018.12.28 11:00:00;21,576;7,175;0,000;0,000;0,000;7,367;2,000;4,000;

29149;2018.12.28 12:00:00;22,687;6,783;0,000;0,000;0,000;7,367;2,000;4,000;

29150;2018.12.28 13:00:00;24,817;6,557;0,000;0,000;0,000;7,367;2,000;4,000;

29151;2018.12.28 14:00:00;24,909;6,191;0,000;0,000;0,000;7,367;2,000;4,000;

29152;2018.12.28 15:00:00;23,520;5,996;0,000;0,000;0,000;7,367;2,000;4,000;

29153;2018.12.28 16:00:00;22,687;5,803;0,000;0,000;0,000;7,367;2,000;4,000;

29154;2018.12.28 17:00:00;24,909;5,783;0,000;0,000;0,000;7,367;2,000;4,000;

29155;2018.12.28 18:00:00;24,817;5,775;0,000;0,000;0,000;7,367;2,000;4,000;

29156;2018.12.28 19:00:00;25,280;5,782;0,000;0,000;0,000;7,367;2,000;4,000;

29157;2018.12.28 20:00:00;21,946;5,878;0,000;0,000;0,000;7,367;2,000;4,000;

29158;2018.12.28 21:00:00;21,483;5,949;0,000;0,000;0,000;7,367;2,000;4,000;

29159;2018.12.28 22:00:00;19,076;5,951;0,000;0,000;0,000;7,367;2,000;4,000;

29160;2018.12.28 23:00:00;21,020;5,927;0,000;0,000;0,000;7,367;2,000;4,000;

29161;2018.12.29 00:00:00;22,502;5,938;0,000;0,000;0,000;7,383;3,000;4,000;

29162;2018.12.29 01:00:00;20,835;6,056;0,000;0,000;0,000;7,383;3,000;4,000;

29163;2018.12.29 02:00:00;20,465;5,941;0,000;0,000;0,000;7,383;3,000;4,000;

29164;2018.12.29 03:00:00;20,650;5,897;0,000;0,000;0,000;7,383;3,000;4,000;

29165;2018.12.29 04:00:00;21,252;5,916;0,000;0,000;0,000;7,383;3,000;4,000;

29166;2018.12.29 05:00:00;20,141;6,060;0,000;0,000;0,000;7,383;3,000;4,000;

29167;2018.12.29 06:00:00;21,205;6,453;0,000;0,000;0,000;7,383;3,000;4,000;

29168;2018.12.29 07:00:00;20,742;6,711;0,000;0,000;0,000;7,383;3,000;4,000;

29169;2018.12.29 08:00:00;20,187;6,786;0,000;0,000;0,000;7,383;3,000;4,000;

29170;2018.12.29 09:00:00;19,631;6,926;0,000;0,000;0,000;7,383;3,000;4,000;

29171;2018.12.29 10:00:00;22,131;7,185;0,000;0,000;0,000;7,383;3,000;4,000;

29172;2018.12.29 11:00:00;20,279;7,396;0,000;0,000;0,000;7,383;3,000;4,000;

29173;2018.12.29 12:00:00;20,557;7,648;0,000;0,000;0,000;7,383;3,000;4,000;

29174;2018.12.29 13:00:00;20,928;7,687;0,000;0,000;0,000;7,383;3,000;4,000;

29175;2018.12.29 14:00:00;15,395;7,502;0,000;0,000;0,000;7,383;3,000;4,000;

29176;2018.12.29 15:00:00;17,386;7,352;0,000;0,000;0,000;7,383;3,000;4,000;

29177;2018.12.29 16:00:00;29,354;7,165;0,000;0,000;0,000;7,383;3,000;4,000;

29178;2018.12.29 17:00:00;20,928;7,047;0,000;0,000;0,000;7,383;3,000;4,000;

29179;2018.12.29 18:00:00;21,020;7,103;0,000;0,000;0,000;7,383;3,000;4,000;

29180;2018.12.29 19:00:00;22,224;7,128;0,000;0,000;0,000;7,383;3,000;4,000;

29181;2018.12.29 20:00:00;20,465;7,129;0,000;0,000;0,000;7,383;3,000;4,000;

29182;2018.12.29 21:00:00;20,279;7,030;0,000;0,000;0,000;7,383;3,000;4,000;

29183;2018.12.29 22:00:00;18,242;6,873;0,000;0,000;0,000;7,383;3,000;4,000;

29184;2018.12.29 23:00:00;18,798;6,580;0,000;0,000;0,000;7,383;3,000;4,000;

29185;2018.12.30 00:00:00;19,677;6,405;0,000;0,000;0,000;7,400;4,000;4,000;

29186;2018.12.30 01:00:00;19,214;6,096;0,000;0,000;0,000;7,400;4,000;4,000;

29187;2018.12.30 02:00:00;17,964;6,024;0,000;0,000;0,000;7,400;4,000;4,000;

29188;2018.12.30 03:00:00;17,964;5,891;0,000;0,000;0,000;7,400;4,000;4,000;

29189;2018.12.30 04:00:00;18,427;5,658;0,000;0,000;0,000;7,400;4,000;4,000;

29190;2018.12.30 05:00:00;18,705;5,811;0,000;0,000;0,000;7,400;4,000;4,000;

29191;2018.12.30 06:00:00;20,279;5,996;0,000;0,000;0,000;7,400;4,000;4,000;

29192;2018.12.30 07:00:00;19,631;6,406;0,000;0,000;0,000;7,400;4,000;4,000;

29193;2018.12.30 08:00:00;21,205;6,886;0,000;0,000;0,000;7,400;4,000;4,000;

29194;2018.12.30 09:00:00;21,020;6,599;0,000;0,000;0,000;7,400;4,000;4,000;

29195;2018.12.30 10:00:00;21,668;5,802;0,000;0,000;0,000;7,400;4,000;4,000;

29196;2018.12.30 11:00:00;21,205;5,379;0,000;0,000;0,000;7,400;4,000;4,000;

29197;2018.12.30 12:00:00;22,317;5,290;0,000;0,000;0,000;7,400;4,000;4,000;

29198;2018.12.30 13:00:00;22,872;5,119;0,000;0,000;0,000;7,400;4,000;4,000;

29199;2018.12.30 14:00:00;26,021;5,055;0,000;0,000;0,000;7,400;4,000;4,000;

29200;2018.12.30 15:00:00;26,391;4,645;0,000;0,000;0,000;7,400;4,000;4,000;

29201;2018.12.30 16:00:00;26,206;3,578;0,000;0,000;0,000;7,400;4,000;4,000;

29202;2018.12.30 17:00:00;25,002;3,431;0,000;0,000;0,000;7,400;4,000;4,000;

29203;2018.12.30 18:00:00;25,527;3,479;0,000;0,000;0,000;7,400;4,000;4,000;

29204;2018.12.30 19:00:00;25,125;3,487;0,000;0,000;0,000;7,400;4,000;4,000;

29205;2018.12.30 20:00:00;25,743;3,679;0,000;0,000;0,000;7,400;4,000;4,000;

29206;2018.12.30 21:00:00;21,483;3,841;0,000;0,000;0,000;7,400;4,000;4,000;

29207;2018.12.30 22:00:00;22,205;2,961;0,000;0,000;0,000;7,400;4,000;4,000;

29208;2018.12.30 23:00:00;22,984;2,212;0,000;0,000;0,000;7,400;4,000;4,000;

29209;2018.12.31 00:00:00;23,057;2,042;0,000;0,000;0,000;7,417;1,000;4,000;

29210;2018.12.31 01:00:00;23,798;1,972;0,000;0,000;0,000;7,417;1,000;4,000;

29211;2018.12.31 02:00:00;22,965;2,193;0,000;0,000;0,000;7,417;1,000;4,000;

29212;2018.12.31 03:00:00;23,335;2,480;0,000;0,000;0,000;7,417;1,000;4,000;

29213;2018.12.31 04:00:00;23,150;3,703;0,000;0,000;0,000;7,417;1,000;4,000;

29214;2018.12.31 05:00:00;22,131;4,036;0,000;0,000;0,000;7,417;1,000;4,000;

29215;2018.12.31 06:00:00;21,668;4,154;0,000;0,000;0,000;7,417;1,000;4,000;

29216;2018.12.31 07:00:00;22,224;4,106;0,000;0,000;0,000;7,417;1,000;4,000;

29217;2018.12.31 08:00:00;21,946;3,895;0,000;0,000;0,000;7,417;1,000;4,000;

29218;2018.12.31 09:00:00;22,131;4,175;0,000;0,000;0,000;7,417;1,000;4,000;

29219;2018.12.31 10:00:00;21,391;4,873;0,000;0,000;0,000;7,417;1,000;4,000;

29220;2018.12.31 11:00:00;22,409;5,367;0,000;0,000;0,000;7,417;1,000;4,000;

29221;2018.12.31 12:00:00;22,502;5,809;0,000;0,000;0,000;7,417;1,000;4,000;

29222;2018.12.31 13:00:00;21,391;5,551;0,000;0,000;0,000;7,417;1,000;4,000;

29223;2018.12.31 14:00:00;22,687;4,924;0,000;0,000;0,000;7,417;1,000;4,000;

29224;2018.12.31 15:00:00;23,057;4,621;0,000;0,000;0,000;7,417;1,000;4,000;

29225;2018.12.31 16:00:00;22,780;4,061;0,000;0,000;0,000;7,417;1,000;4,000;

29226;2018.12.31 17:00:00;21,946;3,867;0,000;0,000;0,000;7,417;1,000;4,000;

29227;2018.12.31 18:00:00;22,317;3,705;0,000;0,000;0,000;7,417;1,000;4,000;

29228;2018.12.31 19:00:00;21,576;4,025;0,000;0,000;0,000;7,417;1,000;4,000;

29229;2018.12.31 20:00:00;20,465;4,369;0,000;0,000;0,000;7,417;1,000;4,000;

29230;2018.12.31 21:00:00;20,094;5,011;0,000;0,000;0,000;7,417;1,000;4,000;

29231;2018.12.31 22:00:00;20,002;5,501;0,000;0,000;0,000;7,417;1,000;4,000;

29232;2018.12.31 23:00:00;20,187;6,142;0,000;0,000;0,000;7,417;1,000;4,000;

29233;2019.01.01 00:00:00;18,890;6,609;0,000;0,000;0,000;7,433;5,000;4,000;

29234;2019.01.01 01:00:00;20,002;7,000;0,000;0,000;0,000;7,433;5,000;4,000;

29235;2019.01.01 02:00:00;19,261;7,440;0,000;0,000;0,000;7,433;5,000;4,000;

29236;2019.01.01 03:00:00;18,699;7,403;0,000;0,000;0,000;7,433;5,000;4,000;

29237;2019.01.01 04:00:00;19,545;7,370;0,000;0,000;0,000;7,433;5,000;4,000;

29238;2019.01.01 05:00:00;20,094;7,211;0,000;0,000;0,000;7,433;5,000;4,000;

29239;2019.01.01 06:00:00;20,650;6,965;0,000;0,000;0,000;7,433;5,000;4,000;

29240;2019.01.01 07:00:00;20,557;6,868;0,000;0,000;0,000;7,433;5,000;4,000;

29241;2019.01.01 08:00:00;20,187;6,906;0,000;0,000;0,000;7,433;5,000;4,000;

29242;2019.01.01 09:00:00;19,816;7,629;0,000;0,000;0,000;7,433;5,000;4,000;

29243;2019.01.01 10:00:00;20,279;9990,000;0,000;0,000;0,000;7,433;5,000;4,000;

29244;2019.01.01 11:00:00;21,946;9990,000;0,000;0,000;0,000;7,433;5,000;4,000;

29245;2019.01.01 12:00:00;20,465;7,373;0,000;0,000;0,000;7,433;5,000;4,000;

29246;2019.01.01 13:00:00;20,002;7,041;0,000;0,000;0,000;7,433;5,000;4,000;

29247;2019.01.01 14:00:00;21,668;6,673;0,000;0,000;0,000;7,433;5,000;4,000;

29248;2019.01.01 15:00:00;21,946;6,368;0,000;0,000;0,000;7,433;5,000;4,000;

29249;2019.01.01 16:00:00;21,854;6,030;0,000;0,000;0,000;7,433;5,000;4,000;

29250;2019.01.01 17:00:00;22,224;5,176;0,000;0,000;0,000;7,433;5,000;4,000;

29251;2019.01.01 18:00:00;22,780;4,117;0,000;0,000;0,000;7,433;5,000;4,000;

29252;2019.01.01 19:00:00;23,335;4,719;0,000;0,000;0,000;7,433;5,000;4,000;

29253;2019.01.01 20:00:00;23,613;3,844;0,000;0,000;0,000;7,433;5,000;4,000;

29254;2019.01.01 21:00:00;22,502;4,651;0,000;0,000;0,000;7,433;5,000;4,000;

29255;2019.01.01 22:00:00;22,131;5,801;0,000;0,000;0,000;7,433;5,000;4,000;

29256;2019.01.01 23:00:00;22,965;6,091;0,000;0,000;0,000;7,433;5,000;4,000;

29257;2019.01.02 00:00:00;21,020;5,990;0,000;0,000;0,000;7,483;1,000;4,000;

29258;2019.01.02 01:00:00;21,298;5,684;0,000;0,000;0,000;7,483;1,000;4,000;

29259;2019.01.02 02:00:00;21,668;5,461;0,000;0,000;0,000;7,483;1,000;4,000;

29260;2019.01.02 03:00:00;21,668;3,979;0,000;0,000;0,000;7,483;1,000;4,000;

29261;2019.01.02 04:00:00;22,780;2,211;0,000;0,000;0,000;7,483;1,000;4,000;

29262;2019.01.02 05:00:00;24,076;1,399;0,000;0,000;0,000;7,483;1,000;4,000;

29263;2019.01.02 06:00:00;24,632;1,366;0,000;0,000;0,000;7,483;1,000;4,000;

29264;2019.01.02 07:00:00;24,261;1,694;0,000;0,000;0,000;7,483;1,000;4,000;

29265;2019.01.02 08:00:00;24,261;2,032;0,000;0,000;0,000;7,483;1,000;4,000;

29266;2019.01.02 09:00:00;25,002;1,482;0,000;0,000;0,000;7,483;1,000;4,000;

29267;2019.01.02 10:00:00;23,335;2,059;0,000;0,000;0,000;7,483;1,000;4,000;

29268;2019.01.02 11:00:00;23,150;2,377;0,000;0,000;0,000;7,483;1,000;4,000;

29269;2019.01.02 12:00:00;23,798;2,074;0,000;0,000;0,000;7,483;1,000;4,000;

29270;2019.01.02 13:00:00;28,336;1,414;0,000;0,000;0,000;7,483;1,000;4,000;

29271;2019.01.02 14:00:00;18,798;0,829;0,000;0,000;0,000;7,483;1,000;4,000;

29272;2019.01.02 15:00:00;0,000;0,574;0,000;0,000;0,000;7,483;1,000;4,000;

29273;2019.01.02 16:00:00;0,000;0,251;0,000;0,000;0,000;7,483;1,000;4,000;

29274;2019.01.02 17:00:00;0,000;0,853;0,000;0,000;0,000;7,483;1,000;4,000;

29275;2019.01.02 18:00:00;0,000;1,160;0,000;0,000;0,000;7,483;1,000;4,000;

29276;2019.01.02 19:00:00;0,000;1,215;0,000;0,000;0,000;7,483;1,000;4,000;

29277;2019.01.02 20:00:00;0,000;1,156;0,000;0,000;0,000;7,483;1,000;4,000;

29278;2019.01.02 21:00:00;0,000;0,858;0,000;0,000;0,000;7,483;1,000;4,000;

29279;2019.01.02 22:00:00;0,000;0,750;0,000;0,000;0,000;7,483;1,000;4,000;

29280;2019.01.02 23:00:00;0,000;0,940;0,000;0,000;0,000;7,483;1,000;4,000;

29281;2019.01.03 00:00:00;0,000;1,346;0,000;0,000;0,000;7,500;1,000;4,000;

29282;2019.01.03 01:00:00;0,000;1,474;0,000;0,000;0,000;7,500;1,000;4,000;

29283;2019.01.03 02:00:00;0,000;2,091;0,000;0,000;0,000;7,500;1,000;4,000;

29284;2019.01.03 03:00:00;0,000;2,157;0,000;0,000;0,000;7,500;1,000;4,000;

29285;2019.01.03 04:00:00;0,000;1,235;0,000;0,000;0,000;7,500;1,000;4,000;

29286;2019.01.03 05:00:00;0,000;1,184;0,000;0,000;0,000;7,500;1,000;4,000;

29287;2019.01.03 06:00:00;0,000;1,565;0,000;0,000;0,000;7,500;1,000;4,000;

29288;2019.01.03 07:00:00;0,000;1,579;0,000;0,000;0,000;7,500;1,000;4,000;

29289;2019.01.03 08:00:00;0,000;0,119;0,000;0,000;0,000;7,500;1,000;4,000;

29290;2019.01.03 09:00:00;0,000;-0,226;0,000;0,000;0,000;7,500;1,000;4,000;

29291;2019.01.03 10:00:00;0,000;1,181;0,000;0,000;0,000;7,500;1,000;4,000;

29292;2019.01.03 11:00:00;0,000;1,213;0,000;0,000;0,000;7,500;1,000;4,000;

29293;2019.01.03 12:00:00;0,000;0,566;0,000;0,000;0,000;7,500;1,000;4,000;

29294;2019.01.03 13:00:00;0,000;0,750;0,000;0,000;0,000;7,500;1,000;4,000;

29295;2019.01.03 14:00:00;0,000;0,539;0,000;0,000;0,000;7,500;1,000;4,000;

29296;2019.01.03 15:00:00;0,000;0,047;0,000;0,000;0,000;7,500;1,000;4,000;

29297;2019.01.03 16:00:00;0,000;-0,339;0,000;0,000;0,000;7,500;1,000;4,000;

29298;2019.01.03 17:00:00;0,000;-0,368;0,000;0,000;0,000;7,500;1,000;4,000;

29299;2019.01.03 18:00:00;0,000;-0,340;0,000;0,000;0,000;7,500;1,000;4,000;

29300;2019.01.03 19:00:00;0,000;-0,351;0,000;0,000;0,000;7,500;1,000;4,000;

29301;2019.01.03 20:00:00;0,000;-0,025;0,000;0,000;0,000;7,500;1,000;4,000;

29302;2019.01.03 21:00:00;0,000;-0,088;0,000;0,000;0,000;7,500;1,000;4,000;

29303;2019.01.03 22:00:00;0,000;-0,728;0,000;0,000;0,000;7,500;1,000;4,000;

29304;2019.01.03 23:00:00;0,000;-2,411;0,000;0,000;0,000;7,500;1,000;4,000;

29305;2019.01.04 00:00:00;0,000;-1,721;0,000;0,000;0,000;7,517;2,000;4,000;

29306;2019.01.04 01:00:00;0,000;-0,961;0,000;0,000;0,000;7,517;2,000;4,000;

29307;2019.01.04 02:00:00;0,000;-0,428;0,000;0,000;0,000;7,517;2,000;4,000;

29308;2019.01.04 03:00:00;0,000;-0,252;0,000;0,000;0,000;7,517;2,000;4,000;

29309;2019.01.04 04:00:00;0,000;-0,155;0,000;0,000;0,000;7,517;2,000;4,000;

29310;2019.01.04 05:00:00;0,000;-0,101;0,000;0,000;0,000;7,517;2,000;4,000;

29311;2019.01.04 06:00:00;0,000;0,213;0,000;0,000;0,000;7,517;2,000;4,000;

29312;2019.01.04 07:00:00;0,000;0,790;0,000;0,000;0,000;7,517;2,000;4,000;

29313;2019.01.04 08:00:00;0,000;1,036;0,000;0,000;0,000;7,517;2,000;4,000;

29314;2019.01.04 09:00:00;0,000;1,224;0,000;0,000;0,000;7,517;2,000;4,000;

29315;2019.01.04 10:00:00;0,000;1,643;0,000;0,000;0,000;7,517;2,000;4,000;

29316;2019.01.04 11:00:00;0,000;2,131;0,000;0,000;0,000;7,517;2,000;4,000;

29317;2019.01.04 12:00:00;0,000;2,961;0,000;0,000;0,000;7,517;2,000;4,000;

29318;2019.01.04 13:00:00;0,000;4,192;0,000;0,000;0,000;7,517;2,000;4,000;

29319;2019.01.04 14:00:00;0,000;4,324;0,000;0,000;0,000;7,517;2,000;4,000;

29320;2019.01.04 15:00:00;0,000;4,033;0,000;0,000;0,000;7,517;2,000;4,000;

29321;2019.01.04 16:00:00;0,000;4,125;0,000;0,000;0,000;7,517;2,000;4,000;

29322;2019.01.04 17:00:00;0,000;4,149;0,000;0,000;0,000;7,517;2,000;4,000;

29323;2019.01.04 18:00:00;0,000;4,130;0,000;0,000;0,000;7,517;2,000;4,000;

29324;2019.01.04 19:00:00;0,000;4,229;0,000;0,000;0,000;7,517;2,000;4,000;

29325;2019.01.04 20:00:00;0,000;4,199;0,000;0,000;0,000;7,517;2,000;4,000;

29326;2019.01.04 21:00:00;0,000;4,198;0,000;0,000;0,000;7,517;2,000;4,000;

29327;2019.01.04 22:00:00;0,000;4,469;0,000;0,000;0,000;7,517;2,000;4,000;

29328;2019.01.04 23:00:00;0,000;5,083;0,000;0,000;0,000;7,517;2,000;4,000;

29329;2019.01.05 00:00:00;0,000;5,296;0,000;0,000;0,000;7,550;3,000;4,000;

29330;2019.01.05 01:00:00;0,000;5,296;0,000;0,000;0,000;7,550;3,000;4,000;

29331;2019.01.05 02:00:00;0,000;5,522;0,000;0,000;0,000;7,550;3,000;4,000;

29332;2019.01.05 03:00:00;0,000;5,592;0,000;0,000;0,000;7,550;3,000;4,000;

29333;2019.01.05 04:00:00;0,000;5,487;0,000;0,000;0,000;7,550;3,000;4,000;

29334;2019.01.05 05:00:00;0,000;5,365;0,000;0,000;0,000;7,550;3,000;4,000;

29335;2019.01.05 06:00:00;0,000;5,320;0,000;0,000;0,000;7,550;3,000;4,000;

29336;2019.01.05 07:00:00;0,000;5,366;0,000;0,000;0,000;7,550;3,000;4,000;

29337;2019.01.05 08:00:00;0,000;5,025;0,000;0,000;0,000;7,550;3,000;4,000;

29338;2019.01.05 09:00:00;0,000;4,762;0,000;0,000;0,000;7,550;3,000;4,000;

29339;2019.01.05 10:00:00;0,000;5,537;0,000;0,000;0,000;7,550;3,000;4,000;

29340;2019.01.05 11:00:00;0,000;5,585;0,000;0,000;0,000;7,550;3,000;4,000;

29341;2019.01.05 12:00:00;0,000;5,387;0,000;0,000;0,000;7,550;3,000;4,000;

29342;2019.01.05 13:00:00;0,000;4,282;0,000;0,000;0,000;7,550;3,000;4,000;

29343;2019.01.05 14:00:00;0,000;3,739;0,000;0,000;0,000;7,550;3,000;4,000;

29344;2019.01.05 15:00:00;0,000;2,708;0,000;0,000;0,000;7,550;3,000;4,000;

29345;2019.01.05 16:00:00;0,000;2,827;0,000;0,000;0,000;7,550;3,000;4,000;

29346;2019.01.05 17:00:00;0,000;2,299;0,000;0,000;0,000;7,550;3,000;4,000;

29347;2019.01.05 18:00:00;0,000;2,203;0,000;0,000;0,000;7,550;3,000;4,000;

29348;2019.01.05 19:00:00;0,000;2,003;0,000;0,000;0,000;7,550;3,000;4,000;

29349;2019.01.05 20:00:00;0,000;1,806;0,000;0,000;0,000;7,550;3,000;4,000;

29350;2019.01.05 21:00:00;0,000;1,910;0,000;0,000;0,000;7,550;3,000;4,000;

29351;2019.01.05 22:00:00;0,000;2,000;0,000;0,000;0,000;7,550;3,000;4,000;

29352;2019.01.05 23:00:00;0,000;1,584;0,000;0,000;0,000;7,550;3,000;4,000;

29353;2019.01.06 00:00:00;0,000;1,243;0,000;0,000;0,000;7,583;4,000;4,000;

29354;2019.01.06 01:00:00;0,000;1,253;0,000;0,000;0,000;7,583;4,000;4,000;

29355;2019.01.06 02:00:00;0,000;0,399;0,000;0,000;0,000;7,583;4,000;4,000;

29356;2019.01.06 03:00:00;0,000;-0,689;0,000;0,000;0,000;7,583;4,000;4,000;

29357;2019.01.06 04:00:00;0,000;0,351;0,000;0,000;0,000;7,583;4,000;4,000;

29358;2019.01.06 05:00:00;0,000;0,366;0,000;0,000;0,000;7,583;4,000;4,000;

29359;2019.01.06 06:00:00;0,000;0,319;0,000;0,000;0,000;7,583;4,000;4,000;

29360;2019.01.06 07:00:00;0,000;-0,766;0,000;0,000;0,000;7,583;4,000;4,000;

29361;2019.01.06 08:00:00;0,000;-0,966;0,000;0,000;0,000;7,583;4,000;4,000;

29362;2019.01.06 09:00:00;0,000;0,154;0,000;0,000;0,000;7,583;4,000;4,000;

29363;2019.01.06 10:00:00;0,000;1,534;0,000;0,000;0,000;7,583;4,000;4,000;

29364;2019.01.06 11:00:00;0,000;2,285;0,000;0,000;0,000;7,583;4,000;4,000;

29365;2019.01.06 12:00:00;0,000;2,559;0,000;0,000;0,000;7,583;4,000;4,000;

29366;2019.01.06 13:00:00;0,000;2,140;0,000;0,000;0,000;7,583;4,000;4,000;

29367;2019.01.06 14:00:00;0,000;2,010;0,000;0,000;0,000;7,583;4,000;4,000;

29368;2019.01.06 15:00:00;0,000;1,723;0,000;0,000;0,000;7,583;4,000;4,000;

29369;2019.01.06 16:00:00;0,000;1,507;0,000;0,000;0,000;7,583;4,000;4,000;

29370;2019.01.06 17:00:00;0,000;1,195;0,000;0,000;0,000;7,583;4,000;4,000;

29371;2019.01.06 18:00:00;0,000;0,114;0,000;0,000;0,000;7,583;4,000;4,000;

29372;2019.01.06 19:00:00;0,000;0,363;0,000;0,000;0,000;7,583;4,000;4,000;

29373;2019.01.06 20:00:00;0,000;0,693;0,000;0,000;0,000;7,583;4,000;4,000;

29374;2019.01.06 21:00:00;0,000;1,055;0,000;0,000;0,000;7,583;4,000;4,000;

29375;2019.01.06 22:00:00;0,000;1,102;0,000;0,000;0,000;7,583;4,000;4,000;

29376;2019.01.06 23:00:00;0,000;1,285;0,000;0,000;0,000;7,583;4,000;4,000;

29377;2019.01.07 00:00:00;0,000;1,067;0,000;0,000;0,000;7,600;1,000;4,000;

29378;2019.01.07 01:00:00;0,000;0,914;0,000;0,000;0,000;7,600;1,000;4,000;

29379;2019.01.07 02:00:00;0,000;0,216;0,000;0,000;0,000;7,600;1,000;4,000;

29380;2019.01.07 03:00:00;0,000;0,123;0,000;0,000;0,000;7,600;1,000;4,000;

29381;2019.01.07 04:00:00;0,000;0,240;0,000;0,000;0,000;7,600;1,000;4,000;

29382;2019.01.07 05:00:00;0,000;0,533;0,000;0,000;0,000;7,600;1,000;4,000;

29383;2019.01.07 06:00:00;0,000;0,563;0,000;0,000;0,000;7,600;1,000;4,000;

29384;2019.01.07 07:00:00;0,000;0,374;0,000;0,000;0,000;7,600;1,000;4,000;

29385;2019.01.07 08:00:00;0,000;0,244;0,000;0,000;0,000;7,600;1,000;4,000;

29386;2019.01.07 09:00:00;0,000;0,732;0,000;0,000;0,000;7,600;1,000;4,000;

29387;2019.01.07 10:00:00;0,000;1,428;0,000;0,000;0,000;7,600;1,000;4,000;

29388;2019.01.07 11:00:00;0,000;2,125;0,000;0,000;0,000;7,600;1,000;4,000;

29389;2019.01.07 12:00:00;0,000;2,964;0,000;0,000;0,000;7,600;1,000;4,000;

29390;2019.01.07 13:00:00;0,000;3,002;0,000;0,000;0,000;7,600;1,000;4,000;

29391;2019.01.07 14:00:00;23,483;2,596;0,000;0,000;0,000;7,600;1,000;4,000;

29392;2019.01.07 15:00:00;25,669;2,465;0,000;0,000;0,000;7,600;1,000;4,000;

29393;2019.01.07 16:00:00;25,372;2,055;0,000;0,000;0,000;7,600;1,000;4,000;

29394;2019.01.07 17:00:00;24,520;2,030;0,000;0,000;0,000;7,600;1,000;4,000;

29395;2019.01.07 18:00:00;26,298;2,058;0,000;0,000;0,000;7,600;1,000;4,000;

29396;2019.01.07 19:00:00;27,854;2,210;0,000;0,000;0,000;7,600;1,000;4,000;

29397;2019.01.07 20:00:00;26,058;2,535;0,000;0,000;0,000;7,600;1,000;4,000;

29398;2019.01.07 21:00:00;25,150;3,087;0,000;0,000;0,000;7,600;1,000;4,000;

29399;2019.01.07 22:00:00;25,891;3,431;0,000;0,000;0,000;7,600;1,000;4,000;

29400;2019.01.07 23:00:00;25,021;3,835;0,000;0,000;0,000;7,600;1,000;4,000;

29401;2019.01.08 00:00:00;24,724;4,217;0,000;0,000;0,000;7,650;1,000;4,000;

29402;2019.01.08 01:00:00;23,761;4,611;0,000;0,000;0,000;7,650;1,000;4,000;

29403;2019.01.08 02:00:00;23,891;4,894;0,000;0,000;0,000;7,650;1,000;4,000;

29404;2019.01.08 03:00:00;23,761;5,193;0,000;0,000;0,000;7,650;1,000;4,000;

29405;2019.01.08 04:00:00;24,298;5,515;0,000;0,000;0,000;7,650;1,000;4,000;

29406;2019.01.08 05:00:00;24,150;5,489;0,000;0,000;0,000;7,650;1,000;4,000;

29407;2019.01.08 06:00:00;23,280;5,251;0,000;0,000;0,000;7,650;1,000;4,000;

29408;2019.01.08 07:00:00;24,539;5,281;0,000;0,000;0,000;7,650;1,000;4,000;

29409;2019.01.08 08:00:00;23,446;5,407;0,000;0,000;0,000;7,650;1,000;4,000;

29410;2019.01.08 09:00:00;23,743;5,772;0,000;0,000;0,000;7,650;1,000;4,000;

29411;2019.01.08 10:00:00;20,242;5,854;0,000;0,000;0,000;7,650;1,000;4,000;

29412;2019.01.08 11:00:00;21,335;5,714;0,000;0,000;0,000;7,650;1,000;4,000;

29413;2019.01.08 12:00:00;21,224;5,411;0,000;0,000;0,000;7,650;1,000;4,000;

29414;2019.01.08 13:00:00;20,483;5,564;0,000;0,000;0,000;7,650;1,000;4,000;

29415;2019.01.08 14:00:00;23,446;5,625;0,000;0,000;0,000;7,650;1,000;4,000;

29416;2019.01.08 15:00:00;22,743;5,507;0,000;0,000;0,000;7,650;1,000;4,000;

29417;2019.01.08 16:00:00;21,261;5,446;0,000;0,000;0,000;7,650;1,000;4,000;

29418;2019.01.08 17:00:00;24,965;5,493;0,000;0,000;0,000;7,650;1,000;4,000;

29419;2019.01.08 18:00:00;26,243;5,355;0,000;0,000;0,000;7,650;1,000;4,000;

29420;2019.01.08 19:00:00;24,187;5,108;0,000;0,000;0,000;7,650;1,000;4,000;

29421;2019.01.08 20:00:00;22,721;5,005;0,000;0,000;0,000;7,650;1,000;4,000;

29422;2019.01.08 21:00:00;23,690;4,978;0,000;0,000;0,000;7,650;1,000;4,000;

29423;2019.01.08 22:00:00;21,668;4,772;0,000;0,000;0,000;7,650;1,000;4,000;

29424;2019.01.08 23:00:00;20,779;4,661;0,000;0,000;0,000;7,650;1,000;4,000;

29425;2019.01.09 00:00:00;21,465;4,580;0,000;0,000;0,000;7,683;1,000;4,000;

29426;2019.01.09 01:00:00;21,539;4,329;0,000;0,000;0,000;7,683;1,000;4,000;

29427;2019.01.09 02:00:00;22,150;3,735;0,000;0,000;0,000;7,683;1,000;4,000;

29428;2019.01.09 03:00:00;21,668;3,816;0,000;0,000;0,000;7,683;1,000;4,000;

29429;2019.01.09 04:00:00;22,687;3,901;0,000;0,000;0,000;7,683;1,000;4,000;

29430;2019.01.09 05:00:00;22,854;3,880;0,000;0,000;0,000;7,683;1,000;4,000;

29431;2019.01.09 06:00:00;23,761;3,693;0,000;0,000;0,000;7,683;1,000;4,000;

29432;2019.01.09 07:00:00;24,113;3,483;0,000;0,000;0,000;7,683;1,000;4,000;

29433;2019.01.09 08:00:00;24,187;3,419;0,000;0,000;0,000;7,683;1,000;4,000;

29434;2019.01.09 09:00:00;24,095;3,456;0,000;0,000;0,000;7,683;1,000;4,000;

29435;2019.01.09 10:00:00;22,965;3,825;0,000;0,000;0,000;7,683;1,000;4,000;

29436;2019.01.09 11:00:00;22,909;4,341;0,000;0,000;0,000;7,683;1,000;4,000;

29437;2019.01.09 12:00:00;24,483;4,080;0,000;0,000;0,000;7,683;1,000;4,000;

29438;2019.01.09 13:00:00;22,909;4,147;0,000;0,000;0,000;7,683;1,000;4,000;

29439;2019.01.09 14:00:00;24,465;3,917;0,000;0,000;0,000;7,683;1,000;4,000;

29440;2019.01.09 15:00:00;23,224;3,622;0,000;0,000;0,000;7,683;1,000;4,000;

29441;2019.01.09 16:00:00;24,835;3,291;0,000;0,000;0,000;7,683;1,000;4,000;

29442;2019.01.09 17:00:00;26,150;2,867;0,000;0,000;0,000;7,683;1,000;4,000;

29443;2019.01.09 18:00:00;28,187;2,956;0,000;0,000;0,000;7,683;1,000;4,000;

29444;2019.01.09 19:00:00;24,909;2,964;0,000;0,000;0,000;7,683;1,000;4,000;

29445;2019.01.09 20:00:00;25,947;3,088;0,000;0,000;0,000;7,683;1,000;4,000;

29446;2019.01.09 21:00:00;23,613;2,561;0,000;0,000;0,000;7,683;1,000;4,000;

29447;2019.01.09 22:00:00;23,613;2,810;0,000;0,000;0,000;7,683;1,000;4,000;

29448;2019.01.09 23:00:00;23,057;2,939;0,000;0,000;0,000;7,683;1,000;4,000;

29449;2019.01.10 00:00:00;22,780;3,040;0,000;0,000;0,000;7,717;1,000;4,000;

29450;2019.01.10 01:00:00;23,057;2,618;0,000;0,000;0,000;7,717;1,000;4,000;

29451;2019.01.10 02:00:00;22,983;2,174;0,000;0,000;0,000;7,717;1,000;4,000;

29452;2019.01.10 03:00:00;23,613;2,493;0,000;0,000;0,000;7,717;1,000;4,000;

29453;2019.01.10 04:00:00;23,669;2,350;0,000;0,000;0,000;7,717;1,000;4,000;

29454;2019.01.10 05:00:00;24,872;2,047;0,000;0,000;0,000;7,717;1,000;4,000;

29455;2019.01.10 06:00:00;24,446;2,156;0,000;0,000;0,000;7,717;1,000;4,000;

29456;2019.01.10 07:00:00;23,909;1,769;0,000;0,000;0,000;7,717;1,000;4,000;

29457;2019.01.10 08:00:00;20,372;1,395;0,000;0,000;0,000;7,717;1,000;4,000;

29458;2019.01.10 09:00:00;17,668;0,621;0,000;0,000;0,000;7,717;1,000;4,000;

29459;2019.01.10 10:00:00;18,890;1,447;0,000;0,000;0,000;7,717;1,000;4,000;

29460;2019.01.10 11:00:00;16,279;2,390;0,000;0,000;0,000;7,717;1,000;4,000;

29461;2019.01.10 12:00:00;17,131;2,978;0,000;0,000;0,000;7,717;1,000;4,000;

29462;2019.01.10 13:00:00;18,742;3,021;0,000;0,000;0,000;7,717;1,000;4,000;

29463;2019.01.10 14:00:00;21,854;2,735;0,000;0,000;0,000;7,717;1,000;4,000;

29464;2019.01.10 15:00:00;22,780;1,561;0,000;0,000;0,000;7,717;1,000;4,000;

29465;2019.01.10 16:00:00;21,391;1,290;0,000;0,000;0,000;7,717;1,000;4,000;

29466;2019.01.10 17:00:00;22,354;0,798;0,000;0,000;0,000;7,717;1,000;4,000;

29467;2019.01.10 18:00:00;23,483;0,794;0,000;0,000;0,000;7,717;1,000;4,000;

29468;2019.01.10 19:00:00;22,428;0,805;0,000;0,000;0,000;7,717;1,000;4,000;

29469;2019.01.10 20:00:00;20,854;0,557;0,000;0,000;0,000;7,717;1,000;4,000;

29470;2019.01.10 21:00:00;21,798;0,204;0,000;0,000;0,000;7,717;1,000;4,000;

29471;2019.01.10 22:00:00;22,428;-0,535;0,000;0,000;0,000;7,717;1,000;4,000;

29472;2019.01.10 23:00:00;23,539;-1,071;0,000;0,000;0,000;7,717;1,000;4,000;

29473;2019.01.11 00:00:00;22,372;-0,860;0,000;0,000;0,000;7,750;2,000;4,000;

29474;2019.01.11 01:00:00;23,113;-0,767;0,000;0,000;0,000;7,750;2,000;4,000;

29475;2019.01.11 02:00:00;23,057;-0,583;0,000;0,000;0,000;7,750;2,000;4,000;

29476;2019.01.11 03:00:00;23,613;-0,457;0,000;0,000;0,000;7,750;2,000;4,000;

29477;2019.01.11 04:00:00;23,335;-0,410;0,000;0,000;0,000;7,750;2,000;4,000;

29478;2019.01.11 05:00:00;23,335;-0,303;0,000;0,000;0,000;7,750;2,000;4,000;

29479;2019.01.11 06:00:00;24,928;0,111;0,000;0,000;0,000;7,750;2,000;4,000;

29480;2019.01.11 07:00:00;23,131;0,434;0,000;0,000;0,000;7,750;2,000;4,000;

29481;2019.01.11 08:00:00;23,409;0,526;0,000;0,000;0,000;7,750;2,000;4,000;

29482;2019.01.11 09:00:00;22,153;0,646;0,000;0,000;0,000;7,750;2,000;4,000;

29483;2019.01.11 10:00:00;24,091;0,898;0,000;0,000;0,000;7,750;2,000;4,000;

29484;2019.01.11 11:00:00;22,446;1,061;0,000;0,000;0,000;7,750;2,000;4,000;

29485;2019.01.11 12:00:00;23,409;1,373;0,000;0,000;0,000;7,750;2,000;4,000;

29486;2019.01.11 13:00:00;23,057;1,754;0,000;0,000;0,000;7,750;2,000;4,000;

29487;2019.01.11 14:00:00;24,502;2,040;0,000;0,000;0,000;7,750;2,000;4,000;

29488;2019.01.11 15:00:00;22,724;2,279;0,000;0,000;0,000;7,750;2,000;4,000;

29489;2019.01.11 16:00:00;22,539;2,884;0,000;0,000;0,000;7,750;2,000;4,000;

29490;2019.01.11 17:00:00;22,909;3,406;0,000;0,000;0,000;7,750;2,000;4,000;

29491;2019.01.11 18:00:00;21,983;4,639;0,000;0,000;0,000;7,750;2,000;4,000;

29492;2019.01.11 19:00:00;21,205;5,149;0,000;0,000;0,000;7,750;2,000;4,000;

29493;2019.01.11 20:00:00;18,964;4,926;0,000;0,000;0,000;7,750;2,000;4,000;

29494;2019.01.11 21:00:00;19,576;4,360;0,000;0,000;0,000;7,750;2,000;4,000;

29495;2019.01.11 22:00:00;20,891;2,946;0,000;0,000;0,000;7,750;2,000;4,000;

29496;2019.01.11 23:00:00;22,909;2,106;0,000;0,000;0,000;7,750;2,000;4,000;

29497;2019.01.12 00:00:00;22,983;1,909;0,000;0,000;0,000;7,800;3,000;4,000;

29498;2019.01.12 01:00:00;23,131;2,114;0,000;0,000;0,000;7,800;3,000;4,000;

29499;2019.01.12 02:00:00;23,261;1,118;0,000;0,000;0,000;7,800;3,000;4,000;

29500;2019.01.12 03:00:00;23,057;0,391;0,000;0,000;0,000;7,800;3,000;4,000;

29501;2019.01.12 04:00:00;23,335;1,328;0,000;0,000;0,000;7,800;3,000;4,000;

29502;2019.01.12 05:00:00;22,854;1,912;0,000;0,000;0,000;7,800;3,000;4,000;

29503;2019.01.12 06:00:00;22,780;1,996;0,000;0,000;0,000;7,800;3,000;4,000;

29504;2019.01.12 07:00:00;21,613;2,053;0,000;0,000;0,000;7,800;3,000;4,000;

29505;2019.01.12 08:00:00;20,909;1,925;0,000;0,000;0,000;7,800;3,000;4,000;

29506;2019.01.12 09:00:00;21,520;2,057;0,000;0,000;0,000;7,800;3,000;4,000;

29507;2019.01.12 10:00:00;20,983;2,943;0,000;0,000;0,000;7,800;3,000;4,000;

29508;2019.01.12 11:00:00;20,279;3,798;0,000;0,000;0,000;7,800;3,000;4,000;

29509;2019.01.12 12:00:00;18,020;4,297;0,000;0,000;0,000;7,800;3,000;4,000;

29510;2019.01.12 13:00:00;18,038;4,920;0,000;0,000;0,000;7,800;3,000;4,000;

29511;2019.01.12 14:00:00;21,909;4,679;0,000;0,000;0,000;7,800;3,000;4,000;

29512;2019.01.12 15:00:00;22,724;4,714;0,000;0,000;0,000;7,800;3,000;4,000;

29513;2019.01.12 16:00:00;20,150;5,005;0,000;0,000;0,000;7,800;3,000;4,000;

29514;2019.01.12 17:00:00;21,039;4,959;0,000;0,000;0,000;7,800;3,000;4,000;

29515;2019.01.12 18:00:00;21,113;4,653;0,000;0,000;0,000;7,800;3,000;4,000;

29516;2019.01.12 19:00:00;21,724;4,539;0,000;0,000;0,000;7,800;3,000;4,000;

29517;2019.01.12 20:00:00;22,020;4,865;0,000;0,000;0,000;7,800;3,000;4,000;

29518;2019.01.12 21:00:00;21,057;5,229;0,000;0,000;0,000;7,800;3,000;4,000;

29519;2019.01.12 22:00:00;20,631;5,225;0,000;0,000;0,000;7,800;3,000;4,000;

29520;2019.01.12 23:00:00;19,724;5,162;0,000;0,000;0,000;7,800;3,000;4,000;

29521;2019.01.13 00:00:00;19,872;5,134;0,000;0,000;0,000;7,833;4,000;4,000;

29522;2019.01.13 01:00:00;19,308;5,120;0,000;0,000;0,000;7,833;4,000;4,000;

29523;2019.01.13 02:00:00;19,139;4,910;0,000;0,000;0,000;7,833;4,000;4,000;

29524;2019.01.13 03:00:00;19,539;4,890;0,000;0,000;0,000;7,833;4,000;4,000;

29525;2019.01.13 04:00:00;18,890;4,871;0,000;0,000;0,000;7,833;4,000;4,000;

29526;2019.01.13 05:00:00;20,002;4,758;0,000;0,000;0,000;7,833;4,000;4,000;

29527;2019.01.13 06:00:00;20,279;4,858;0,000;0,000;0,000;7,833;4,000;4,000;

29528;2019.01.13 07:00:00;20,002;4,824;0,000;0,000;0,000;7,833;4,000;4,000;

29529;2019.01.13 08:00:00;19,909;5,001;0,000;0,000;0,000;7,833;4,000;4,000;

29530;2019.01.13 09:00:00;20,002;5,104;0,000;0,000;0,000;7,833;4,000;4,000;

29531;2019.01.13 10:00:00;20,928;5,577;0,000;0,000;0,000;7,833;4,000;4,000;

29532;2019.01.13 11:00:00;20,094;5,742;0,000;0,000;0,000;7,833;4,000;4,000;

29533;2019.01.13 12:00:00;18,798;5,930;0,000;0,000;0,000;7,833;4,000;4,000;

29534;2019.01.13 13:00:00;19,076;5,921;0,000;0,000;0,000;7,833;4,000;4,000;

29535;2019.01.13 14:00:00;21,205;5,676;0,000;0,000;0,000;7,833;4,000;4,000;

29536;2019.01.13 15:00:00;22,780;5,695;0,000;0,000;0,000;7,833;4,000;4,000;

29537;2019.01.13 16:00:00;20,658;6,187;0,000;0,000;0,000;7,833;4,000;4,000;

29538;2019.01.13 17:00:00;21,076;6,623;0,000;0,000;0,000;7,833;4,000;4,000;

29539;2019.01.13 18:00:00;19,938;6,997;0,000;0,000;0,000;7,833;4,000;4,000;

29540;2019.01.13 19:00:00;18,705;6,851;0,000;0,000;0,000;7,833;4,000;4,000;

29541;2019.01.13 20:00:00;18,150;6,357;0,000;0,000;0,000;7,833;4,000;4,000;

29542;2019.01.13 21:00:00;18,613;5,635;0,000;0,000;0,000;7,833;4,000;4,000;

29543;2019.01.13 22:00:00;20,279;5,640;0,000;0,000;0,000;7,833;4,000;4,000;

29544;2019.01.13 23:00:00;18,983;5,398;0,000;0,000;0,000;7,833;4,000;4,000;

29545;2019.01.14 00:00:00;19,076;5,638;0,000;0,000;0,000;7,883;1,000;4,000;

29546;2019.01.14 01:00:00;18,890;5,582;0,000;0,000;0,000;7,883;1,000;4,000;

29547;2019.01.14 02:00:00;19,168;4,936;0,000;0,000;0,000;7,883;1,000;4,000;

29548;2019.01.14 03:00:00;20,372;3,716;0,000;0,000;0,000;7,883;1,000;4,000;

29549;2019.01.14 04:00:00;22,224;2,332;0,000;0,000;0,000;7,883;1,000;4,000;

29550;2019.01.14 05:00:00;22,224;2,647;0,000;0,000;0,000;7,883;1,000;4,000;

29551;2019.01.14 06:00:00;21,298;2,313;0,000;0,000;0,000;7,883;1,000;4,000;

29552;2019.01.14 07:00:00;23,428;1,534;0,000;0,000;0,000;7,883;1,000;4,000;

29553;2019.01.14 08:00:00;24,446;1,414;0,000;0,000;0,000;7,883;1,000;4,000;

29554;2019.01.14 09:00:00;24,539;0,376;0,000;0,000;0,000;7,883;1,000;4,000;

29555;2019.01.14 10:00:00;23,243;1,383;0,000;0,000;0,000;7,883;1,000;4,000;

29556;2019.01.14 11:00:00;21,576;2,447;0,000;0,000;0,000;7,883;1,000;4,000;

29557;2019.01.14 12:00:00;21,113;1,134;0,000;0,000;0,000;7,883;1,000;4,000;

29558;2019.01.14 13:00:00;24,632;2,074;0,000;0,000;0,000;7,883;1,000;4,000;

29559;2019.01.14 14:00:00;24,817;2,206;0,000;0,000;0,000;7,883;1,000;4,000;

29560;2019.01.14 15:00:00;23,150;1,709;0,000;0,000;0,000;7,883;1,000;4,000;

29561;2019.01.14 16:00:00;28,428;1,973;0,000;0,000;0,000;7,883;1,000;4,000;

29562;2019.01.14 17:00:00;24,446;2,190;0,000;0,000;0,000;7,883;1,000;4,000;

29563;2019.01.14 18:00:00;24,632;2,284;0,000;0,000;0,000;7,883;1,000;4,000;

29564;2019.01.14 19:00:00;25,928;2,530;0,000;0,000;0,000;7,883;1,000;4,000;

29565;2019.01.14 20:00:00;23,520;2,277;0,000;0,000;0,000;7,883;1,000;4,000;

29566;2019.01.14 21:00:00;25,280;2,061;0,000;0,000;0,000;7,883;1,000;4,000;

29567;2019.01.14 22:00:00;25,928;2,052;0,000;0,000;0,000;7,883;1,000;4,000;

29568;2019.01.14 23:00:00;24,724;2,336;0,000;0,000;0,000;7,883;1,000;4,000;

29569;2019.01.15 00:00:00;23,891;2,378;0,000;0,000;0,000;7,933;1,000;4,000;

29570;2019.01.15 01:00:00;24,724;2,869;0,000;0,000;0,000;7,933;1,000;4,000;

29571;2019.01.15 02:00:00;25,372;2,923;0,000;0,000;0,000;7,933;1,000;4,000;

29572;2019.01.15 03:00:00;24,724;2,879;0,000;0,000;0,000;7,933;1,000;4,000;

29573;2019.01.15 04:00:00;24,632;2,763;0,000;0,000;0,000;7,933;1,000;4,000;

29574;2019.01.15 05:00:00;24,354;2,594;0,000;0,000;0,000;7,933;1,000;4,000;

29575;2019.01.15 06:00:00;22,409;2,307;0,000;0,000;0,000;7,933;1,000;4,000;

29576;2019.01.15 07:00:00;22,502;2,598;0,000;0,000;0,000;7,933;1,000;4,000;

29577;2019.01.15 08:00:00;22,502;2,938;0,000;0,000;0,000;7,933;1,000;4,000;

29578;2019.01.15 09:00:00;20,094;2,503;0,000;0,000;0,000;7,933;1,000;4,000;

29579;2019.01.15 10:00:00;20,002;1,820;0,000;0,000;0,000;7,933;1,000;4,000;

29580;2019.01.15 11:00:00;21,854;1,968;0,000;0,000;0,000;7,933;1,000;4,000;

29581;2019.01.15 12:00:00;20,279;2,881;0,000;0,000;0,000;7,933;1,000;4,000;

29582;2019.01.15 13:00:00;19,816;3,370;0,000;0,000;0,000;7,933;1,000;4,000;

29583;2019.01.15 14:00:00;22,317;2,738;0,000;0,000;0,000;7,933;1,000;4,000;

29584;2019.01.15 15:00:00;20,372;9990,000;0,000;0,000;0,000;7,933;1,000;4,000;

29585;2019.01.15 16:00:00;24,632;2,221;0,000;0,000;0,000;7,933;1,000;4,000;

29586;2019.01.15 17:00:00;22,317;4,006;0,000;0,000;0,000;7,933;1,000;4,000;

29587;2019.01.15 18:00:00;23,335;5,130;0,000;0,000;0,000;7,933;1,000;4,000;

29588;2019.01.15 19:00:00;21,576;6,097;0,000;0,000;0,000;7,933;1,000;4,000;

29589;2019.01.15 20:00:00;20,094;6,511;0,000;0,000;0,000;7,933;1,000;4,000;

29590;2019.01.15 21:00:00;20,279;6,585;0,000;0,000;0,000;7,933;1,000;4,000;

29591;2019.01.15 22:00:00;19,631;6,522;0,000;0,000;0,000;7,933;1,000;4,000;

29592;2019.01.15 23:00:00;19,261;6,416;0,000;0,000;0,000;7,933;1,000;4,000;

29593;2019.01.16 00:00:00;18,705;6,305;0,000;0,000;0,000;7,967;1,000;4,000;

29594;2019.01.16 01:00:00;18,242;6,398;0,000;0,000;0,000;7,967;1,000;4,000;

29595;2019.01.16 02:00:00;18,983;6,519;0,000;0,000;0,000;7,967;1,000;4,000;

29596;2019.01.16 03:00:00;18,613;6,208;0,000;0,000;0,000;7,967;1,000;4,000;

29597;2019.01.16 04:00:00;18,613;6,091;0,000;0,000;0,000;7,967;1,000;4,000;

29598;2019.01.16 05:00:00;18,150;5,945;0,000;0,000;0,000;7,967;1,000;4,000;

29599;2019.01.16 06:00:00;18,613;5,355;0,000;0,000;0,000;7,967;1,000;4,000;

29600;2019.01.16 07:00:00;17,872;5,001;0,000;0,000;0,000;7,967;1,000;4,000;

29601;2019.01.16 08:00:00;17,224;5,289;0,000;0,000;0,000;7,967;1,000;4,000;

29602;2019.01.16 09:00:00;16,020;6,124;0,000;0,000;0,000;7,967;1,000;4,000;

29603;2019.01.16 10:00:00;15,372;6,978;0,000;0,000;0,000;7,967;1,000;4,000;

29604;2019.01.16 11:00:00;17,038;7,719;0,000;0,000;0,000;7,967;1,000;4,000;

29605;2019.01.16 12:00:00;14,168;8,048;0,000;0,000;0,000;7,967;1,000;4,000;

29606;2019.01.16 13:00:00;14,168;7,759;0,000;0,000;0,000;7,967;1,000;4,000;

29607;2019.01.16 14:00:00;9,723;9990,000;0,000;0,000;0,000;7,967;1,000;4,000;

29608;2019.01.16 15:00:00;3,797;9990,000;0,000;0,000;0,000;7,967;1,000;4,000;

29609;2019.01.16 16:00:00;2,871;9990,000;0,000;0,000;0,000;7,967;1,000;4,000;

29610;2019.01.16 17:00:00;2,037;0,000;0,000;0,000;0,000;7,967;1,000;4,000;

29611;2019.01.16 18:00:00;1,759;9990,000;0,000;0,000;0,000;7,967;1,000;4,000;

29612;2019.01.16 19:00:00;25,928;6,429;0,000;0,000;0,000;7,967;1,000;4,000;

29613;2019.01.16 20:00:00;22,409;6,246;0,000;0,000;0,000;7,967;1,000;4,000;

29614;2019.01.16 21:00:00;21,668;5,906;0,000;0,000;0,000;7,967;1,000;4,000;

29615;2019.01.16 22:00:00;19,909;6,130;0,000;0,000;0,000;7,967;1,000;4,000;

29616;2019.01.16 23:00:00;19,168;5,848;0,000;0,000;0,000;7,967;1,000;4,000;

29617;2019.01.17 00:00:00;18,705;5,396;0,000;0,000;0,000;8,017;1,000;4,000;

29618;2019.01.17 01:00:00;20,187;4,995;0,000;0,000;0,000;8,017;1,000;4,000;

29619;2019.01.17 02:00:00;20,094;4,610;0,000;0,000;0,000;8,017;1,000;4,000;

29620;2019.01.17 03:00:00;20,094;4,041;0,000;0,000;0,000;8,017;1,000;4,000;

29621;2019.01.17 04:00:00;20,928;3,760;0,000;0,000;0,000;8,017;1,000;4,000;

29622;2019.01.17 05:00:00;22,224;3,521;0,000;0,000;0,000;8,017;1,000;4,000;

29623;2019.01.17 06:00:00;22,224;3,285;0,000;0,000;0,000;8,017;1,000;4,000;

29624;2019.01.17 07:00:00;21,761;3,413;0,000;0,000;0,000;8,017;1,000;4,000;

29625;2019.01.17 08:00:00;21,854;3,752;0,000;0,000;0,000;8,017;1,000;4,000;

29626;2019.01.17 09:00:00;18,520;4,413;0,000;0,000;0,000;8,017;1,000;4,000;

29627;2019.01.17 10:00:00;18,150;5,569;0,000;0,000;0,000;8,017;1,000;4,000;

29628;2019.01.17 11:00:00;18,983;5,790;0,000;0,000;0,000;8,017;1,000;4,000;

29629;2019.01.17 12:00:00;16,761;6,182;0,000;0,000;0,000;8,017;1,000;4,000;

29630;2019.01.17 13:00:00;17,316;6,151;0,000;0,000;0,000;8,017;1,000;4,000;

29631;2019.01.17 14:00:00;18,335;5,756;0,000;0,000;0,000;8,017;1,000;4,000;

29632;2019.01.17 15:00:00;20,187;5,327;0,000;0,000;0,000;8,017;1,000;4,000;

29633;2019.01.17 16:00:00;22,872;5,224;0,000;0,000;0,000;8,017;1,000;4,000;

29634;2019.01.17 17:00:00;22,780;5,115;0,000;0,000;0,000;8,017;1,000;4,000;

29635;2019.01.17 18:00:00;20,902;5,127;0,000;0,000;0,000;8,017;1,000;4,000;

29636;2019.01.17 19:00:00;22,712;5,060;0,000;0,000;0,000;8,017;1,000;4,000;

29637;2019.01.17 20:00:00;22,224;4,879;0,000;0,000;0,000;8,017;1,000;4,000;

29638;2019.01.17 21:00:00;21,576;4,822;0,000;0,000;0,000;8,017;1,000;4,000;

29639;2019.01.17 22:00:00;21,946;4,399;0,000;0,000;0,000;8,017;1,000;4,000;

29640;2019.01.17 23:00:00;21,854;3,063;0,000;0,000;0,000;8,017;1,000;4,000;

29641;2019.01.18 00:00:00;23,520;2,528;0,000;0,000;0,000;8,067;2,000;4,000;

29642;2019.01.18 01:00:00;23,520;1,164;0,000;0,000;0,000;8,067;2,000;4,000;

29643;2019.01.18 02:00:00;25,928;0,280;0,000;0,000;0,000;8,067;2,000;4,000;

29644;2019.01.18 03:00:00;26,298;0,198;0,000;0,000;0,000;8,067;2,000;4,000;

29645;2019.01.18 04:00:00;26,113;0,140;0,000;0,000;0,000;8,067;2,000;4,000;

29646;2019.01.18 05:00:00;25,187;0,061;0,000;0,000;0,000;8,067;2,000;4,000;

29647;2019.01.18 06:00:00;25,187;-0,383;0,000;0,000;0,000;8,067;2,000;4,000;

29648;2019.01.18 07:00:00;25,002;-0,695;0,000;0,000;0,000;8,067;2,000;4,000;

29649;2019.01.18 08:00:00;24,817;-1,043;0,000;0,000;0,000;8,067;2,000;4,000;

29650;2019.01.18 09:00:00;23,428;-0,424;0,000;0,000;0,000;8,067;2,000;4,000;

29651;2019.01.18 10:00:00;22,780;0,443;0,000;0,000;0,000;8,067;2,000;4,000;

29652;2019.01.18 11:00:00;22,409;1,730;0,000;0,000;0,000;8,067;2,000;4,000;

29653;2019.01.18 12:00:00;19,261;2,257;0,000;0,000;0,000;8,067;2,000;4,000;

29654;2019.01.18 13:00:00;20,985;2,309;0,000;0,000;0,000;8,067;2,000;4,000;

29655;2019.01.18 14:00:00;24,111;2,221;0,000;0,000;0,000;8,067;2,000;4,000;

29656;2019.01.18 15:00:00;23,243;1,140;0,000;0,000;0,000;8,067;2,000;4,000;

29657;2019.01.18 16:00:00;27,780;-0,185;0,000;0,000;0,000;8,067;2,000;4,000;

29658;2019.01.18 17:00:00;23,983;-0,847;0,000;0,000;0,000;8,067;2,000;4,000;

29659;2019.01.18 18:00:00;24,724;-1,311;0,000;0,000;0,000;8,067;2,000;4,000;

29660;2019.01.18 19:00:00;27,873;-1,197;0,000;0,000;0,000;8,067;2,000;4,000;

29661;2019.01.18 20:00:00;28,150;-1,852;0,000;0,000;0,000;8,067;2,000;4,000;

29662;2019.01.18 21:00:00;28,799;-1,867;0,000;0,000;0,000;8,067;2,000;4,000;

29663;2019.01.18 22:00:00;28,243;-1,896;0,000;0,000;0,000;8,067;2,000;4,000;

29664;2019.01.18 23:00:00;27,873;-1,519;0,000;0,000;0,000;8,067;2,000;4,000;

29665;2019.01.19 00:00:00;28,150;-1,969;0,000;0,000;0,000;8,117;3,000;4,000;

29666;2019.01.19 01:00:00;28,613;-2,271;0,000;0,000;0,000;8,117;3,000;4,000;

29667;2019.01.19 02:00:00;28,521;-2,068;0,000;0,000;0,000;8,117;3,000;4,000;

29668;2019.01.19 03:00:00;28,150;-1,722;0,000;0,000;0,000;8,117;3,000;4,000;

29669;2019.01.19 04:00:00;27,502;-0,861;0,000;0,000;0,000;8,117;3,000;4,000;

29670;2019.01.19 05:00:00;26,761;-0,160;0,000;0,000;0,000;8,117;3,000;4,000;

29671;2019.01.19 06:00:00;26,021;0,012;0,000;0,000;0,000;8,117;3,000;4,000;

29672;2019.01.19 07:00:00;26,761;-0,198;0,000;0,000;0,000;8,117;3,000;4,000;

29673;2019.01.19 08:00:00;25,531;0,218;0,000;0,000;0,000;8,117;3,000;4,000;

29674;2019.01.19 09:00:00;26,788;0,601;0,000;0,000;0,000;8,117;3,000;4,000;

29675;2019.01.19 10:00:00;24,909;0,953;0,000;0,000;0,000;8,117;3,000;4,000;

29676;2019.01.19 11:00:00;23,243;1,369;0,000;0,000;0,000;8,117;3,000;4,000;

29677;2019.01.19 12:00:00;23,057;1,661;0,000;0,000;0,000;8,117;3,000;4,000;

29678;2019.01.19 13:00:00;23,798;1,695;0,000;0,000;0,000;8,117;3,000;4,000;

29679;2019.01.19 14:00:00;24,169;1,295;0,000;0,000;0,000;8,117;3,000;4,000;

29680;2019.01.19 15:00:00;28,336;1,088;0,000;0,000;0,000;8,117;3,000;4,000;

29681;2019.01.19 16:00:00;23,983;0,709;0,000;0,000;0,000;8,117;3,000;4,000;

29682;2019.01.19 17:00:00;26,391;0,614;0,000;0,000;0,000;8,117;3,000;4,000;

29683;2019.01.19 18:00:00;26,576;0,459;0,000;0,000;0,000;8,117;3,000;4,000;

29684;2019.01.19 19:00:00;26,298;0,387;0,000;0,000;0,000;8,117;3,000;4,000;

29685;2019.01.19 20:00:00;29,169;0,281;0,000;0,000;0,000;8,117;3,000;4,000;

29686;2019.01.19 21:00:00;26,437;0,156;0,000;0,000;0,000;8,117;3,000;4,000;

29687;2019.01.19 22:00:00;26,160;-0,056;0,000;0,000;0,000;8,117;3,000;4,000;

29688;2019.01.19 23:00:00;26,391;-0,233;0,000;0,000;0,000;8,117;3,000;4,000;

29689;2019.01.20 00:00:00;26,669;-0,470;0,000;0,000;0,000;8,167;4,000;4,000;

29690;2019.01.20 01:00:00;26,854;-0,446;0,000;0,000;0,000;8,167;4,000;4,000;

29691;2019.01.20 02:00:00;27,502;-0,765;0,000;0,000;0,000;8,167;4,000;4,000;

29692;2019.01.20 03:00:00;26,854;-1,169;0,000;0,000;0,000;8,167;4,000;4,000;

29693;2019.01.20 04:00:00;26,761;-1,297;0,000;0,000;0,000;8,167;4,000;4,000;

29694;2019.01.20 05:00:00;27,317;-1,691;0,000;0,000;0,000;8,167;4,000;4,000;

29695;2019.01.20 06:00:00;27,965;-1,773;0,000;0,000;0,000;8,167;4,000;4,000;

29696;2019.01.20 07:00:00;28,706;-1,623;0,000;0,000;0,000;8,167;4,000;4,000;

29697;2019.01.20 08:00:00;27,410;-1,770;0,000;0,000;0,000;8,167;4,000;4,000;

29698;2019.01.20 09:00:00;28,150;-1,433;0,000;0,000;0,000;8,167;4,000;4,000;

29699;2019.01.20 10:00:00;27,595;-0,595;0,000;0,000;0,000;8,167;4,000;4,000;

29700;2019.01.20 11:00:00;26,298;0,306;0,000;0,000;0,000;8,167;4,000;4,000;

29701;2019.01.20 12:00:00;24,076;1,109;0,000;0,000;0,000;8,167;4,000;4,000;

29702;2019.01.20 13:00:00;23,520;0,939;0,000;0,000;0,000;8,167;4,000;4,000;

29703;2019.01.20 14:00:00;25,095;1,142;0,000;0,000;0,000;8,167;4,000;4,000;

29704;2019.01.20 15:00:00;25,372;0,491;0,000;0,000;0,000;8,167;4,000;4,000;

29705;2019.01.20 16:00:00;26,021;-0,121;0,000;0,000;0,000;8,167;4,000;4,000;

29706;2019.01.20 17:00:00;30,651;-0,205;0,000;0,000;0,000;8,167;4,000;4,000;

29707;2019.01.20 18:00:00;27,039;-0,981;0,000;0,000;0,000;8,167;4,000;4,000;

29708;2019.01.20 19:00:00;28,382;-1,940;0,000;0,000;0,000;8,167;4,000;4,000;

29709;2019.01.20 20:00:00;29,400;-1,375;0,000;0,000;0,000;8,167;4,000;4,000;

29710;2019.01.20 21:00:00;28,150;-0,974;0,000;0,000;0,000;8,167;4,000;4,000;

29711;2019.01.20 22:00:00;27,873;-0,885;0,000;0,000;0,000;8,167;4,000;4,000;

29712;2019.01.20 23:00:00;28,336;-1,014;0,000;0,000;0,000;8,167;4,000;4,000;

29713;2019.01.21 00:00:00;27,132;-0,993;0,000;0,000;0,000;8,200;1,000;4,000;

29714;2019.01.21 01:00:00;26,947;-0,861;0,000;0,000;0,000;8,200;1,000;4,000;

29715;2019.01.21 02:00:00;26,761;-0,921;0,000;0,000;0,000;8,200;1,000;4,000;

29716;2019.01.21 03:00:00;26,947;-1,274;0,000;0,000;0,000;8,200;1,000;4,000;

29717;2019.01.21 04:00:00;27,873;-1,677;0,000;0,000;0,000;8,200;1,000;4,000;

29718;2019.01.21 05:00:00;30,651;-2,022;0,000;0,000;0,000;8,200;1,000;4,000;

29719;2019.01.21 06:00:00;29,632;-2,210;0,000;0,000;0,000;8,200;1,000;4,000;

29720;2019.01.21 07:00:00;28,058;-2,260;0,000;0,000;0,000;8,200;1,000;4,000;

29721;2019.01.21 08:00:00;27,132;-2,219;0,000;0,000;0,000;8,200;1,000;4,000;

29722;2019.01.21 09:00:00;25,558;-1,757;0,000;0,000;0,000;8,200;1,000;4,000;

29723;2019.01.21 10:00:00;26,021;-1,225;0,000;0,000;0,000;8,200;1,000;4,000;

29724;2019.01.21 11:00:00;25,558;-0,531;0,000;0,000;0,000;8,200;1,000;4,000;

29725;2019.01.21 12:00:00;24,169;-0,491;0,000;0,000;0,000;8,200;1,000;4,000;

29726;2019.01.21 13:00:00;23,798;-0,724;0,000;0,000;0,000;8,200;1,000;4,000;

29727;2019.01.21 14:00:00;27,595;-0,770;0,000;0,000;0,000;8,200;1,000;4,000;

29728;2019.01.21 15:00:00;29,447;-1,328;0,000;0,000;0,000;8,200;1,000;4,000;

29729;2019.01.21 16:00:00;29,817;-1,348;0,000;0,000;0,000;8,200;1,000;4,000;

29730;2019.01.21 17:00:00;28,984;-1,435;0,000;0,000;0,000;8,200;1,000;4,000;

29731;2019.01.21 18:00:00;30,095;-1,362;0,000;0,000;0,000;8,200;1,000;4,000;

29732;2019.01.21 19:00:00;31,299;-1,306;0,000;0,000;0,000;8,200;1,000;4,000;

29733;2019.01.21 20:00:00;30,373;-1,392;0,000;0,000;0,000;8,200;1,000;4,000;

29734;2019.01.21 21:00:00;27,965;-1,561;0,000;0,000;0,000;8,200;1,000;4,000;

29735;2019.01.21 22:00:00;25,650;-1,560;0,000;0,000;0,000;8,200;1,000;4,000;

29736;2019.01.21 23:00:00;27,317;-1,696;0,000;0,000;0,000;8,200;1,000;4,000;

29737;2019.01.22 00:00:00;26,206;-1,898;0,000;0,000;0,000;8,267;1,000;4,000;

29738;2019.01.22 01:00:00;27,965;-1,831;0,000;0,000;0,000;8,267;1,000;4,000;

29739;2019.01.22 02:00:00;29,539;-1,827;0,000;0,000;0,000;8,267;1,000;4,000;

29740;2019.01.22 03:00:00;27,502;-1,976;0,000;0,000;0,000;8,267;1,000;4,000;

29741;2019.01.22 04:00:00;27,039;-2,044;0,000;0,000;0,000;8,267;1,000;4,000;

29742;2019.01.22 05:00:00;26,484;-1,961;0,000;0,000;0,000;8,267;1,000;4,000;

29743;2019.01.22 06:00:00;27,317;-2,147;0,000;0,000;0,000;8,267;1,000;4,000;

29744;2019.01.22 07:00:00;25,743;-2,302;0,000;0,000;0,000;8,267;1,000;4,000;

29745;2019.01.22 08:00:00;27,780;-1,971;0,000;0,000;0,000;8,267;1,000;4,000;

29746;2019.01.22 09:00:00;25,187;-1,419;0,000;0,000;0,000;8,267;1,000;4,000;

29747;2019.01.22 10:00:00;24,261;-0,855;0,000;0,000;0,000;8,267;1,000;4,000;

29748;2019.01.22 11:00:00;22,594;0,213;0,000;0,000;0,000;8,267;1,000;4,000;

29749;2019.01.22 12:00:00;22,224;0,792;0,000;0,000;0,000;8,267;1,000;4,000;

29750;2019.01.22 13:00:00;23,706;0,746;0,000;0,000;0,000;8,267;1,000;4,000;

29751;2019.01.22 14:00:00;28,706;0,529;0,000;0,000;0,000;8,267;1,000;4,000;

29752;2019.01.22 15:00:00;25,835;0,039;0,000;0,000;0,000;8,267;1,000;4,000;

29753;2019.01.22 16:00:00;31,577;-1,189;0,000;0,000;0,000;8,267;1,000;4,000;

29754;2019.01.22 17:00:00;29,632;-2,591;0,000;0,000;0,000;8,267;1,000;4,000;

29755;2019.01.22 18:00:00;30,743;-3,259;0,000;0,000;0,000;8,267;1,000;4,000;

29756;2019.01.22 19:00:00;31,577;-3,827;0,000;0,000;0,000;8,267;1,000;4,000;

29757;2019.01.22 20:00:00;32,595;-4,506;0,000;0,000;0,000;8,267;1,000;4,000;

29758;2019.01.22 21:00:00;31,577;-4,735;0,000;0,000;0,000;8,267;1,000;4,000;

29759;2019.01.22 22:00:00;32,966;-4,348;0,000;0,000;0,000;8,267;1,000;4,000;

29760;2019.01.22 23:00:00;33,336;-4,988;0,000;0,000;0,000;8,267;1,000;4,000;

29761;2019.01.23 00:00:00;31,484;-4,851;0,000;0,000;0,000;8,317;1,000;4,000;

29762;2019.01.23 01:00:00;32,040;-5,697;0,000;0,000;0,000;8,317;1,000;4,000;

29763;2019.01.23 02:00:00;33,429;-6,287;0,000;0,000;0,000;8,317;1,000;4,000;

29764;2019.01.23 03:00:00;32,873;-6,346;0,000;0,000;0,000;8,317;1,000;4,000;

29765;2019.01.23 04:00:00;32,780;-6,310;0,000;0,000;0,000;8,317;1,000;4,000;

29766;2019.01.23 05:00:00;33,892;-6,510;0,000;0,000;0,000;8,317;1,000;4,000;

29767;2019.01.23 06:00:00;33,336;-6,658;0,000;0,000;0,000;8,317;1,000;4,000;

29768;2019.01.23 07:00:00;35,095;-6,846;0,000;0,000;0,000;8,317;1,000;4,000;

29769;2019.01.23 08:00:00;32,225;-6,002;0,000;0,000;0,000;8,317;1,000;4,000;

29770;2019.01.23 09:00:00;33,799;-4,592;0,000;0,000;0,000;8,317;1,000;4,000;

29771;2019.01.23 10:00:00;31,577;-3,149;0,000;0,000;0,000;8,317;1,000;4,000;

29772;2019.01.23 11:00:00;29,447;-2,286;0,000;0,000;0,000;8,317;1,000;4,000;

29773;2019.01.23 12:00:00;27,687;-2,099;0,000;0,000;0,000;8,317;1,000;4,000;

29774;2019.01.23 13:00:00;29,604;-1,746;0,000;0,000;0,000;8,317;1,000;4,000;

29775;2019.01.23 14:00:00;29,331;-2,010;0,000;0,000;0,000;8,317;1,000;4,000;

29776;2019.01.23 15:00:00;36,225;-3,054;0,000;0,000;0,000;8,317;1,000;4,000;

29777;2019.01.23 16:00:00;29,238;9990,000;0,000;0,000;0,000;8,317;1,000;4,000;

29778;2019.01.23 17:00:00;26,771;9990,000;0,000;0,000;0,000;8,317;1,000;4,000;

29779;2019.01.23 18:00:00;41,374;-6,631;0,000;0,000;0,000;8,317;1,000;4,000;

29780;2019.01.23 19:00:00;36,873;-7,156;0,000;0,000;0,000;8,317;1,000;4,000;

29781;2019.01.23 20:00:00;35,790;-7,684;0,000;0,000;0,000;8,317;1,000;4,000;

29782;2019.01.23 21:00:00;33,512;-8,095;0,000;0,000;0,000;8,317;1,000;4,000;

29783;2019.01.23 22:00:00;35,781;-8,662;0,000;0,000;0,000;8,317;1,000;4,000;

29784;2019.01.23 23:00:00;35,132;-8,957;0,000;0,000;0,000;8,317;1,000;4,000;

29785;2019.01.24 00:00:00;35,003;-9,107;0,000;0,000;0,000;8,367;1,000;4,000;

29786;2019.01.24 01:00:00;35,154;-9,771;0,000;0,000;0,000;8,367;1,000;4,000;

29787;2019.01.24 02:00:00;34,777;-9,945;0,000;0,000;0,000;8,367;1,000;4,000;

29788;2019.01.24 03:00:00;35,480;-9,330;0,000;0,000;0,000;8,367;1,000;4,000;

29789;2019.01.24 04:00:00;36,646;-9,824;0,000;0,000;0,000;8,367;1,000;4,000;

29790;2019.01.24 05:00:00;36,828;-10,692;0,000;0,000;0,000;8,367;1,000;4,000;

29791;2019.01.24 06:00:00;36,828;-10,793;0,000;0,000;0,000;8,367;1,000;4,000;

29792;2019.01.24 07:00:00;36,778;-10,914;0,000;0,000;0,000;8,367;1,000;4,000;

29793;2019.01.24 08:00:00;37,151;-10,556;0,000;0,000;0,000;8,367;1,000;4,000;

29794;2019.01.24 09:00:00;35,947;-8,230;0,000;0,000;0,000;8,367;1,000;4,000;

29795;2019.01.24 10:00:00;29,437;-5,941;0,000;0,000;0,000;8,367;1,000;4,000;

29796;2019.01.24 11:00:00;31,328;-5,603;0,000;0,000;0,000;8,367;1,000;4,000;

29797;2019.01.24 12:00:00;32,503;-5,455;0,000;0,000;0,000;8,367;1,000;4,000;

29798;2019.01.24 13:00:00;35,003;-5,232;0,000;0,000;0,000;8,367;1,000;4,000;

29799;2019.01.24 14:00:00;35,651;-5,548;0,000;0,000;0,000;8,367;1,000;4,000;

29800;2019.01.24 15:00:00;34,632;-5,794;0,000;0,000;0,000;8,367;1,000;4,000;

29801;2019.01.24 16:00:00;35,003;-5,744;0,000;0,000;0,000;8,367;1,000;4,000;

29802;2019.01.24 17:00:00;38,799;-5,390;0,000;0,000;0,000;8,367;1,000;4,000;

29803;2019.01.24 18:00:00;37,133;-4,992;0,000;0,000;0,000;8,367;1,000;4,000;

29804;2019.01.24 19:00:00;34,262;-4,841;0,000;0,000;0,000;8,367;1,000;4,000;

29805;2019.01.24 20:00:00;33,984;-4,798;0,000;0,000;0,000;8,367;1,000;4,000;

29806;2019.01.24 21:00:00;35,744;-4,656;0,000;0,000;0,000;8,367;1,000;4,000;

29807;2019.01.24 22:00:00;33,799;-4,308;0,000;0,000;0,000;8,367;1,000;4,000;

29808;2019.01.24 23:00:00;33,984;-4,054;0,000;0,000;0,000;8,367;1,000;4,000;

29809;2019.01.25 00:00:00;32,780;-3,981;0,000;0,000;0,000;8,433;2,000;4,000;

29810;2019.01.25 01:00:00;32,966;-4,162;0,000;0,000;0,000;8,433;2,000;4,000;

29811;2019.01.25 02:00:00;32,882;-4,374;0,000;0,000;0,000;8,433;2,000;4,000;

29812;2019.01.25 03:00:00;32,774;-4,618;0,000;0,000;0,000;8,433;2,000;4,000;

29813;2019.01.25 04:00:00;32,584;-4,886;0,000;0,000;0,000;8,433;2,000;4,000;

29814;2019.01.25 05:00:00;33,896;-5,513;0,000;0,000;0,000;8,433;2,000;4,000;

29815;2019.01.25 06:00:00;33,710;-6,060;0,000;0,000;0,000;8,433;2,000;4,000;

29816;2019.01.25 07:00:00;33,058;-5,959;0,000;0,000;0,000;8,433;2,000;4,000;

29817;2019.01.25 08:00:00;31,854;-5,499;0,000;0,000;0,000;8,433;2,000;4,000;

29818;2019.01.25 09:00:00;32,966;-3,160;0,000;0,000;0,000;8,433;2,000;4,000;

29819;2019.01.25 10:00:00;27,247;-2,206;0,000;0,000;0,000;8,433;2,000;4,000;

29820;2019.01.25 11:00:00;27,758;-1,373;0,000;0,000;0,000;8,433;2,000;4,000;

29821;2019.01.25 12:00:00;30,223;-1,997;0,000;0,000;0,000;8,433;2,000;4,000;

29822;2019.01.25 13:00:00;33,578;-2,482;0,000;0,000;0,000;8,433;2,000;4,000;

29823;2019.01.25 14:00:00;31,206;-2,784;0,000;0,000;0,000;8,433;2,000;4,000;

29824;2019.01.25 15:00:00;28,984;-3,171;0,000;0,000;0,000;8,433;2,000;4,000;

29825;2019.01.25 16:00:00;33,892;-3,354;0,000;0,000;0,000;8,433;2,000;4,000;

29826;2019.01.25 17:00:00;33,984;-3,503;0,000;0,000;0,000;8,433;2,000;4,000;

29827;2019.01.25 18:00:00;34,910;-3,733;0,000;0,000;0,000;8,433;2,000;4,000;

29828;2019.01.25 19:00:00;33,151;-3,793;0,000;0,000;0,000;8,433;2,000;4,000;

29829;2019.01.25 20:00:00;32,317;-3,812;0,000;0,000;0,000;8,433;2,000;4,000;

29830;2019.01.25 21:00:00;32,966;-3,807;0,000;0,000;0,000;8,433;2,000;4,000;

29831;2019.01.25 22:00:00;33,429;-3,913;0,000;0,000;0,000;8,433;2,000;4,000;

29832;2019.01.25 23:00:00;33,521;-3,999;0,000;0,000;0,000;8,433;2,000;4,000;

29833;2019.01.26 00:00:00;32,962;-4,014;0,000;0,000;0,000;8,483;3,000;4,000;

29834;2019.01.26 01:00:00;32,321;-3,972;0,000;0,000;0,000;8,483;3,000;4,000;

29835;2019.01.26 02:00:00;32,410;-3,812;0,000;0,000;0,000;8,483;3,000;4,000;

29836;2019.01.26 03:00:00;31,614;-3,741;0,000;0,000;0,000;8,483;3,000;4,000;

29837;2019.01.26 04:00:00;31,827;-3,804;0,000;0,000;0,000;8,483;3,000;4,000;

29838;2019.01.26 05:00:00;32,586;-4,003;0,000;0,000;0,000;8,483;3,000;4,000;

29839;2019.01.26 06:00:00;33,647;-4,050;0,000;0,000;0,000;8,483;3,000;4,000;

29840;2019.01.26 07:00:00;33,399;-3,921;0,000;0,000;0,000;8,483;3,000;4,000;

29841;2019.01.26 08:00:00;33,228;-3,742;0,000;0,000;0,000;8,483;3,000;4,000;

29842;2019.01.26 09:00:00;33,163;-2,868;0,000;0,000;0,000;8,483;3,000;4,000;

29843;2019.01.26 10:00:00;30,131;-1,769;0,000;0,000;0,000;8,483;3,000;4,000;

29844;2019.01.26 11:00:00;27,940;-0,449;0,000;0,000;0,000;8,483;3,000;4,000;

29845;2019.01.26 12:00:00;27,453;-0,176;0,000;0,000;0,000;8,483;3,000;4,000;

29846;2019.01.26 13:00:00;27,911;0,080;0,000;0,000;0,000;8,483;3,000;4,000;

29847;2019.01.26 14:00:00;29,262;-0,799;0,000;0,000;0,000;8,483;3,000;4,000;

29848;2019.01.26 15:00:00;37,873;-1,014;0,000;0,000;0,000;8,483;3,000;4,000;

29849;2019.01.26 16:00:00;31,299;-1,209;0,000;0,000;0,000;8,483;3,000;4,000;

29850;2019.01.26 17:00:00;31,630;-1,375;0,000;0,000;0,000;8,483;3,000;4,000;

29851;2019.01.26 18:00:00;32,912;-1,292;0,000;0,000;0,000;8,483;3,000;4,000;

29852;2019.01.26 19:00:00;30,280;-1,406;0,000;0,000;0,000;8,483;3,000;4,000;

29853;2019.01.26 20:00:00;31,252;-1,182;0,000;0,000;0,000;8,483;3,000;4,000;

29854;2019.01.26 21:00:00;29,586;-1,195;0,000;0,000;0,000;8,483;3,000;4,000;

29855;2019.01.26 22:00:00;29,396;-1,150;0,000;0,000;0,000;8,483;3,000;4,000;

29856;2019.01.26 23:00:00;29,465;-1,012;0,000;0,000;0,000;8,483;3,000;4,000;

29857;2019.01.27 00:00:00;28,554;-0,890;0,000;0,000;0,000;8,550;4,000;4,000;

29858;2019.01.27 01:00:00;28,243;-0,763;0,000;0,000;0,000;8,550;4,000;4,000;

29859;2019.01.27 02:00:00;27,630;-0,585;0,000;0,000;0,000;8,550;4,000;4,000;

29860;2019.01.27 03:00:00;27,221;-0,490;0,000;0,000;0,000;8,550;4,000;4,000;

29861;2019.01.27 04:00:00;27,285;-0,339;0,000;0,000;0,000;8,550;4,000;4,000;

29862;2019.01.27 05:00:00;27,070;0,039;0,000;0,000;0,000;8,550;4,000;4,000;

29863;2019.01.27 06:00:00;27,471;0,235;0,000;0,000;0,000;8,550;4,000;4,000;

29864;2019.01.27 07:00:00;28,428;0,294;0,000;0,000;0,000;8,550;4,000;4,000;

29865;2019.01.27 08:00:00;30,465;0,573;0,000;0,000;0,000;8,550;4,000;4,000;

29866;2019.01.27 09:00:00;28,799;0,857;0,000;0,000;0,000;8,550;4,000;4,000;

29867;2019.01.27 10:00:00;26,113;1,550;0,000;0,000;0,000;8,550;4,000;4,000;

29868;2019.01.27 11:00:00;26,391;2,335;0,000;0,000;0,000;8,550;4,000;4,000;

29869;2019.01.27 12:00:00;26,484;2,868;0,000;0,000;0,000;8,550;4,000;4,000;

29870;2019.01.27 13:00:00;25,234;3,076;0,000;0,000;0,000;8,550;4,000;4,000;

29871;2019.01.27 14:00:00;28,382;2,986;0,000;0,000;0,000;8,550;4,000;4,000;

29872;2019.01.27 15:00:00;25,835;2,901;0,000;0,000;0,000;8,550;4,000;4,000;

29873;2019.01.27 16:00:00;25,002;2,806;0,000;0,000;0,000;8,550;4,000;4,000;

29874;2019.01.27 17:00:00;25,280;2,782;0,000;0,000;0,000;8,550;4,000;4,000;

29875;2019.01.27 18:00:00;23,654;2,737;0,000;0,000;0,000;8,550;4,000;4,000;

29876;2019.01.27 19:00:00;24,936;2,847;0,000;0,000;0,000;8,550;4,000;4,000;

29877;2019.01.27 20:00:00;26,924;3,088;0,000;0,000;0,000;8,550;4,000;4,000;

29878;2019.01.27 21:00:00;24,553;3,040;0,000;0,000;0,000;8,550;4,000;4,000;

29879;2019.01.27 22:00:00;22,476;3,147;0,000;0,000;0,000;8,550;4,000;4,000;

29880;2019.01.27 23:00:00;22,068;3,430;0,000;0,000;0,000;8,550;4,000;4,000;

29881;2019.01.28 00:00:00;22,514;3,254;0,000;0,000;0,000;8,600;1,000;4,000;

29882;2019.01.28 01:00:00;22,983;2,924;0,000;0,000;0,000;8,600;1,000;4,000;

29883;2019.01.28 02:00:00;22,468;3,032;0,000;0,000;0,000;8,600;1,000;4,000;

29884;2019.01.28 03:00:00;22,183;3,091;0,000;0,000;0,000;8,600;1,000;4,000;

29885;2019.01.28 04:00:00;23,131;3,236;0,000;0,000;0,000;8,600;1,000;4,000;

29886;2019.01.28 05:00:00;22,352;3,591;0,000;0,000;0,000;8,600;1,000;4,000;

29887;2019.01.28 06:00:00;20,663;3,624;0,000;0,000;0,000;8,600;1,000;4,000;

29888;2019.01.28 07:00:00;20,805;3,600;0,000;0,000;0,000;8,600;1,000;4,000;

29889;2019.01.28 08:00:00;19,752;3,716;0,000;0,000;0,000;8,600;1,000;4,000;

29890;2019.01.28 09:00:00;22,253;3,997;0,000;0,000;0,000;8,600;1,000;4,000;

29891;2019.01.28 10:00:00;21,562;4,719;0,000;0,000;0,000;8,600;1,000;4,000;

29892;2019.01.28 11:00:00;20,830;4,497;0,000;0,000;0,000;8,600;1,000;4,000;

29893;2019.01.28 12:00:00;19,836;4,685;0,000;0,000;0,000;8,600;1,000;4,000;

29894;2019.01.28 13:00:00;19,230;4,920;0,000;0,000;0,000;8,600;1,000;4,000;

29895;2019.01.28 14:00:00;21,529;5,274;0,000;0,000;0,000;8,600;1,000;4,000;

29896;2019.01.28 15:00:00;20,576;4,727;0,000;0,000;0,000;8,600;1,000;4,000;

29897;2019.01.28 16:00:00;21,451;2,777;0,000;0,000;0,000;8,600;1,000;4,000;

29898;2019.01.28 17:00:00;22,913;1,373;0,000;0,000;0,000;8,600;1,000;4,000;

29899;2019.01.28 18:00:00;23,031;2,066;0,000;0,000;0,000;8,600;1,000;4,000;

29900;2019.01.28 19:00:00;24,724;1,747;0,000;0,000;0,000;8,600;1,000;4,000;

29901;2019.01.28 20:00:00;23,335;1,913;0,000;0,000;0,000;8,600;1,000;4,000;

29902;2019.01.28 21:00:00;22,965;1,838;0,000;0,000;0,000;8,600;1,000;4,000;

29903;2019.01.28 22:00:00;22,780;1,742;0,000;0,000;0,000;8,600;1,000;4,000;

29904;2019.01.28 23:00:00;22,409;1,789;0,000;0,000;0,000;8,600;1,000;4,000;

29905;2019.01.29 00:00:00;23,520;1,761;0,000;0,000;0,000;8,667;1,000;4,000;

29906;2019.01.29 01:00:00;23,243;1,453;0,000;0,000;0,000;8,667;1,000;4,000;

29907;2019.01.29 02:00:00;23,428;1,258;0,000;0,000;0,000;8,667;1,000;4,000;

29908;2019.01.29 03:00:00;23,891;1,411;0,000;0,000;0,000;8,667;1,000;4,000;

29909;2019.01.29 04:00:00;23,428;1,502;0,000;0,000;0,000;8,667;1,000;4,000;

29910;2019.01.29 05:00:00;23,057;1,760;0,000;0,000;0,000;8,667;1,000;4,000;

29911;2019.01.29 06:00:00;23,520;1,945;0,000;0,000;0,000;8,667;1,000;4,000;

29912;2019.01.29 07:00:00;21,946;1,599;0,000;0,000;0,000;8,667;1,000;4,000;

29913;2019.01.29 08:00:00;22,409;1,586;0,000;0,000;0,000;8,667;1,000;4,000;

29914;2019.01.29 09:00:00;27,224;1,431;0,000;0,000;0,000;8,667;1,000;4,000;

29915;2019.01.29 10:00:00;25,372;1,309;0,000;0,000;0,000;8,667;1,000;4,000;

29916;2019.01.29 11:00:00;22,965;1,450;0,000;0,000;0,000;8,667;1,000;4,000;

29917;2019.01.29 12:00:00;22,800;2,232;0,000;0,000;0,000;8,667;1,000;4,000;

29918;2019.01.29 13:00:00;22,852;2,454;0,000;0,000;0,000;8,667;1,000;4,000;

29919;2019.01.29 14:00:00;23,983;2,343;0,000;0,000;0,000;8,667;1,000;4,000;

29920;2019.01.29 15:00:00;24,971;1,584;0,000;0,000;0,000;8,667;1,000;4,000;

29921;2019.01.29 16:00:00;24,910;0,634;0,000;0,000;0,000;8,667;1,000;4,000;

29922;2019.01.29 17:00:00;28,870;-0,276;0,000;0,000;0,000;8,667;1,000;4,000;

29923;2019.01.29 18:00:00;27,303;-0,177;0,000;0,000;0,000;8,667;1,000;4,000;

29924;2019.01.29 19:00:00;28,382;0,318;0,000;0,000;0,000;8,667;1,000;4,000;

29925;2019.01.29 20:00:00;26,623;0,750;0,000;0,000;0,000;8,667;1,000;4,000;

29926;2019.01.29 21:00:00;26,113;0,950;0,000;0,000;0,000;8,667;1,000;4,000;

29927;2019.01.29 22:00:00;27,289;1,193;0,000;0,000;0,000;8,667;1,000;4,000;

29928;2019.01.29 23:00:00;26,761;1,041;0,000;0,000;0,000;8,667;1,000;4,000;

29929;2019.01.30 00:00:00;26,669;0,867;0,000;0,000;0,000;8,733;1,000;4,000;

29930;2019.01.30 01:00:00;26,332;0,852;0,000;0,000;0,000;8,733;1,000;4,000;

29931;2019.01.30 02:00:00;26,557;0,878;0,000;0,000;0,000;8,733;1,000;4,000;

29932;2019.01.30 03:00:00;26,595;0,948;0,000;0,000;0,000;8,733;1,000;4,000;

29933;2019.01.30 04:00:00;26,099;0,741;0,000;0,000;0,000;8,733;1,000;4,000;

29934;2019.01.30 05:00:00;25,817;0,607;0,000;0,000;0,000;8,733;1,000;4,000;

29935;2019.01.30 06:00:00;24,076;0,571;0,000;0,000;0,000;8,733;1,000;4,000;

29936;2019.01.30 07:00:00;23,150;0,650;0,000;0,000;0,000;8,733;1,000;4,000;

29937;2019.01.30 08:00:00;22,553;0,994;0,000;0,000;0,000;8,733;1,000;4,000;

29938;2019.01.30 09:00:00;22,335;1,695;0,000;0,000;0,000;8,733;1,000;4,000;

29939;2019.01.30 10:00:00;24,229;2,199;0,000;0,000;0,000;8,733;1,000;4,000;

29940;2019.01.30 11:00:00;24,795;3,098;0,000;0,000;0,000;8,733;1,000;4,000;

29941;2019.01.30 12:00:00;20,257;4,315;0,000;0,000;0,000;8,733;1,000;4,000;

29942;2019.01.30 13:00:00;21,676;3,619;0,000;0,000;0,000;8,733;1,000;4,000;

29943;2019.01.30 14:00:00;23,613;3,301;0,000;0,000;0,000;8,733;1,000;4,000;

29944;2019.01.30 15:00:00;22,409;2,062;0,000;0,000;0,000;8,733;1,000;4,000;

29945;2019.01.30 16:00:00;26,621;0,201;0,000;0,000;0,000;8,733;1,000;4,000;

29946;2019.01.30 17:00:00;26,491;-1,205;0,000;0,000;0,000;8,733;1,000;4,000;

29947;2019.01.30 18:00:00;26,484;-1,664;0,000;0,000;0,000;8,733;1,000;4,000;

29948;2019.01.30 19:00:00;28,931;-1,908;0,000;0,000;0,000;8,733;1,000;4,000;

29949;2019.01.30 20:00:00;29,323;-1,976;0,000;0,000;0,000;8,733;1,000;4,000;

29950;2019.01.30 21:00:00;28,459;-2,417;0,000;0,000;0,000;8,733;1,000;4,000;

29951;2019.01.30 22:00:00;31,206;-2,483;0,000;0,000;0,000;8,733;1,000;4,000;

29952;2019.01.30 23:00:00;28,759;-1,815;0,000;0,000;0,000;8,733;1,000;4,000;

29953;2019.01.31 00:00:00;28,653;-0,838;0,000;0,000;0,000;8,783;1,000;4,000;

29954;2019.01.31 01:00:00;27,358;-0,230;0,000;0,000;0,000;8,783;1,000;4,000;

29955;2019.01.31 02:00:00;27,646;0,039;0,000;0,000;0,000;8,783;1,000;4,000;

29956;2019.01.31 03:00:00;26,555;0,339;0,000;0,000;0,000;8,783;1,000;4,000;

29957;2019.01.31 04:00:00;27,338;0,673;0,000;0,000;0,000;8,783;1,000;4,000;

29958;2019.01.31 05:00:00;27,224;0,707;0,000;0,000;0,000;8,783;1,000;4,000;

29959;2019.01.31 06:00:00;28,428;0,890;0,000;0,000;0,000;8,783;1,000;4,000;

29960;2019.01.31 07:00:00;28,049;0,936;0,000;0,000;0,000;8,783;1,000;4,000;

29961;2019.01.31 08:00:00;25,937;1,050;0,000;0,000;0,000;8,783;1,000;4,000;

29962;2019.01.31 09:00:00;26,298;1,698;0,000;0,000;0,000;8,783;1,000;4,000;

29963;2019.01.31 10:00:00;23,983;2,598;0,000;0,000;0,000;8,783;1,000;4,000;

29964;2019.01.31 11:00:00;23,243;3,434;0,000;0,000;0,000;8,783;1,000;4,000;

29965;2019.01.31 12:00:00;22,594;4,081;0,000;0,000;0,000;8,783;1,000;4,000;

29966;2019.01.31 13:00:00;22,594;3,781;0,000;0,000;0,000;8,783;1,000;4,000;

29967;2019.01.31 14:00:00;22,559;3,570;0,000;0,000;0,000;8,783;1,000;4,000;

29968;2019.01.31 15:00:00;19,822;2,769;0,000;0,000;0,000;8,783;1,000;4,000;

29969;2019.01.31 16:00:00;23,513;1,577;0,000;0,000;0,000;8,783;1,000;4,000;

29970;2019.01.31 17:00:00;25,008;1,384;0,000;0,000;0,000;8,783;1,000;4,000;

29971;2019.01.31 18:00:00;26,219;-0,645;0,000;0,000;0,000;8,783;1,000;4,000;

29972;2019.01.31 19:00:00;28,789;-1,423;0,000;0,000;0,000;8,783;1,000;4,000;

29973;2019.01.31 20:00:00;29,483;-2,023;0,000;0,000;0,000;8,783;1,000;4,000;

29974;2019.01.31 21:00:00;28,882;-2,437;0,000;0,000;0,000;8,783;1,000;4,000;

29975;2019.01.31 22:00:00;28,644;-2,711;0,000;0,000;0,000;8,783;1,000;4,000;

29976;2019.01.31 23:00:00;19,137;-1,418;0,000;0,000;0,000;8,783;1,000;4,000;

29977;2019.02.01 00:00:00;26,455;-0,229;0,000;0,000;0,000;8,850;2,000;4,000;

29978;2019.02.01 01:00:00;26,660;0,044;0,000;0,000;0,000;8,850;2,000;4,000;

29979;2019.02.01 02:00:00;26,297;0,266;0,000;0,000;0,000;8,850;2,000;4,000;

29980;2019.02.01 03:00:00;26,216;-0,215;0,000;0,000;0,000;8,850;2,000;4,000;

29981;2019.02.01 04:00:00;26,630;-1,238;0,000;0,000;0,000;8,850;2,000;4,000;

29982;2019.02.01 05:00:00;26,113;-1,053;0,000;0,000;0,000;8,850;2,000;4,000;

29983;2019.02.01 06:00:00;24,539;-0,726;0,000;0,000;0,000;8,850;2,000;4,000;

29984;2019.02.01 07:00:00;26,021;-0,880;0,000;0,000;0,000;8,850;2,000;4,000;

29985;2019.02.01 08:00:00;25,576;0,063;0,000;0,000;0,000;8,850;2,000;4,000;

29986;2019.02.01 09:00:00;23,594;0,735;0,000;0,000;0,000;8,850;2,000;4,000;

29987;2019.02.01 10:00:00;22,520;1,636;0,000;0,000;0,000;8,850;2,000;4,000;

29988;2019.02.01 11:00:00;25,132;2,274;0,000;0,000;0,000;8,850;2,000;4,000;

29989;2019.02.01 12:00:00;21,131;2,397;0,000;0,000;0,000;8,850;2,000;4,000;

29990;2019.02.01 13:00:00;22,104;2,636;0,000;0,000;0,000;8,850;2,000;4,000;

29991;2019.02.01 14:00:00;23,307;2,754;0,000;0,000;0,000;8,850;2,000;4,000;

29992;2019.02.01 15:00:00;21,399;2,353;0,000;0,000;0,000;8,850;2,000;4,000;

29993;2019.02.01 16:00:00;23,958;2,112;0,000;0,000;0,000;8,850;2,000;4,000;

29994;2019.02.01 17:00:00;24,704;1,932;0,000;0,000;0,000;8,850;2,000;4,000;

29995;2019.02.01 18:00:00;24,650;1,317;0,000;0,000;0,000;8,850;2,000;4,000;

29996;2019.02.01 19:00:00;25,585;0,296;0,000;0,000;0,000;8,850;2,000;4,000;

29997;2019.02.01 20:00:00;25,530;-0,227;0,000;0,000;0,000;8,850;2,000;4,000;

29998;2019.02.01 21:00:00;25,002;-0,247;0,000;0,000;0,000;8,850;2,000;4,000;

29999;2019.02.01 22:00:00;24,039;0,369;0,000;0,000;0,000;8,850;2,000;4,000;

30000;2019.02.01 23:00:00;15,409;0,615;0,000;0,000;0,000;8,850;2,000;4,000;

30001;2019.02.02 00:00:00;23,261;0,607;0,000;0,000;0,000;8,917;3,000;4,000;

30002;2019.02.02 01:00:00;24,909;0,437;0,000;0,000;0,000;8,917;3,000;4,000;

30003;2019.02.02 02:00:00;24,669;0,498;0,000;0,000;0,000;8,917;3,000;4,000;

30004;2019.02.02 03:00:00;23,965;0,446;0,000;0,000;0,000;8,917;3,000;4,000;

30005;2019.02.02 04:00:00;23,858;0,603;0,000;0,000;0,000;8,917;3,000;4,000;

30006;2019.02.02 05:00:00;24,331;0,699;0,000;0,000;0,000;8,917;3,000;4,000;

30007;2019.02.02 06:00:00;25,181;0,854;0,000;0,000;0,000;8,917;3,000;4,000;

30008;2019.02.02 07:00:00;24,693;0,973;0,000;0,000;0,000;8,917;3,000;4,000;

30009;2019.02.02 08:00:00;23,687;1,032;0,000;0,000;0,000;8,917;3,000;4,000;

30010;2019.02.02 09:00:00;25,132;1,239;0,000;0,000;0,000;8,917;3,000;4,000;

30011;2019.02.02 10:00:00;23,256;1,540;0,000;0,000;0,000;8,917;3,000;4,000;

30012;2019.02.02 11:00:00;23,474;1,938;0,000;0,000;0,000;8,917;3,000;4,000;

30013;2019.02.02 12:00:00;23,627;2,586;0,000;0,000;0,000;8,917;3,000;4,000;

30014;2019.02.02 13:00:00;23,891;3,118;0,000;0,000;0,000;8,917;3,000;4,000;

30015;2019.02.02 14:00:00;23,891;3,191;0,000;0,000;0,000;8,917;3,000;4,000;

30016;2019.02.02 15:00:00;23,929;3,030;0,000;0,000;0,000;8,917;3,000;4,000;

30017;2019.02.02 16:00:00;23,995;3,015;0,000;0,000;0,000;8,917;3,000;4,000;

30018;2019.02.02 17:00:00;24,694;3,038;0,000;0,000;0,000;8,917;3,000;4,000;

30019;2019.02.02 18:00:00;24,420;2,461;0,000;0,000;0,000;8,917;3,000;4,000;

30020;2019.02.02 19:00:00;23,686;2,244;0,000;0,000;0,000;8,917;3,000;4,000;

30021;2019.02.02 20:00:00;23,686;1,982;0,000;0,000;0,000;8,917;3,000;4,000;

30022;2019.02.02 21:00:00;23,686;1,708;0,000;0,000;0,000;8,917;3,000;4,000;

30023;2019.02.02 22:00:00;23,382;1,508;0,000;0,000;0,000;8,917;3,000;4,000;

30024;2019.02.02 23:00:00;14,501;1,451;0,000;0,000;0,000;8,917;3,000;4,000;

30025;2019.02.03 00:00:00;23,613;1,375;0,000;0,000;0,000;8,983;4,000;4,000;

30026;2019.02.03 01:00:00;23,437;1,317;0,000;0,000;0,000;8,983;4,000;4,000;

30027;2019.02.03 02:00:00;23,104;1,572;0,000;0,000;0,000;8,983;4,000;4,000;

30028;2019.02.03 03:00:00;22,739;1,779;0,000;0,000;0,000;8,983;4,000;4,000;

30029;2019.02.03 04:00:00;22,820;1,895;0,000;0,000;0,000;8,983;4,000;4,000;

30030;2019.02.03 05:00:00;22,983;1,825;0,000;0,000;0,000;8,983;4,000;4,000;

30031;2019.02.03 06:00:00;22,631;1,823;0,000;0,000;0,000;8,983;4,000;4,000;

30032;2019.02.03 07:00:00;22,344;1,906;0,000;0,000;0,000;8,983;4,000;4,000;

30033;2019.02.03 08:00:00;21,437;2,003;0,000;0,000;0,000;8,983;4,000;4,000;

30034;2019.02.03 09:00:00;20,865;2,409;0,000;0,000;0,000;8,983;4,000;4,000;

30035;2019.02.03 10:00:00;21,212;2,641;0,000;0,000;0,000;8,983;4,000;4,000;

30036;2019.02.03 11:00:00;22,631;3,113;0,000;0,000;0,000;8,983;4,000;4,000;

30037;2019.02.03 12:00:00;20,705;3,123;0,000;0,000;0,000;8,983;4,000;4,000;

30038;2019.02.03 13:00:00;20,909;3,389;0,000;0,000;0,000;8,983;4,000;4,000;

30039;2019.02.03 14:00:00;21,946;3,710;0,000;0,000;0,000;8,983;4,000;4,000;

30040;2019.02.03 15:00:00;23,391;3,269;0,000;0,000;0,000;8,983;4,000;4,000;

30041;2019.02.03 16:00:00;23,928;2,864;0,000;0,000;0,000;8,983;4,000;4,000;

30042;2019.02.03 17:00:00;24,261;2,550;0,000;0,000;0,000;8,983;4,000;4,000;

30043;2019.02.03 18:00:00;23,891;2,376;0,000;0,000;0,000;8,983;4,000;4,000;

30044;2019.02.03 19:00:00;23,335;2,298;0,000;0,000;0,000;8,983;4,000;4,000;

30045;2019.02.03 20:00:00;23,483;1,742;0,000;0,000;0,000;8,983;4,000;4,000;

30046;2019.02.03 21:00:00;23,817;1,162;0,000;0,000;0,000;8,983;4,000;4,000;

30047;2019.02.03 22:00:00;21,687;1,270;0,000;0,000;0,000;8,983;4,000;4,000;

30048;2019.02.03 23:00:00;15,316;1,478;0,000;0,000;0,000;8,983;4,000;4,000;

30049;2019.02.04 00:00:00;23,613;1,566;0,000;0,000;0,000;9,033;1,000;4,000;

30050;2019.02.04 01:00:00;23,280;1,462;0,000;0,000;0,000;9,033;1,000;4,000;

30051;2019.02.04 02:00:00;23,243;1,338;0,000;0,000;0,000;9,033;1,000;4,000;

30052;2019.02.04 03:00:00;23,669;1,220;0,000;0,000;0,000;9,033;1,000;4,000;

30053;2019.02.04 04:00:00;23,972;1,327;0,000;0,000;0,000;9,033;1,000;4,000;

30054;2019.02.04 05:00:00;22,852;1,190;0,000;0,000;0,000;9,033;1,000;4,000;

30055;2019.02.04 06:00:00;22,239;0,156;0,000;0,000;0,000;9,033;1,000;4,000;

30056;2019.02.04 07:00:00;24,759;-1,296;0,000;0,000;0,000;9,033;1,000;4,000;

30057;2019.02.04 08:00:00;24,113;-0,827;0,000;0,000;0,000;9,033;1,000;4,000;

30058;2019.02.04 09:00:00;22,974;1,252;0,000;0,000;0,000;9,033;1,000;4,000;

30059;2019.02.04 10:00:00;23,057;1,888;0,000;0,000;0,000;9,033;1,000;4,000;

30060;2019.02.04 11:00:00;23,567;1,516;0,000;0,000;0,000;9,033;1,000;4,000;

30061;2019.02.04 12:00:00;24,246;1,658;0,000;0,000;0,000;9,033;1,000;4,000;

30062;2019.02.04 13:00:00;24,658;1,897;0,000;0,000;0,000;9,033;1,000;4,000;

30063;2019.02.04 14:00:00;24,476;1,663;0,000;0,000;0,000;9,033;1,000;4,000;

30064;2019.02.04 15:00:00;26,146;1,388;0,000;0,000;0,000;9,033;1,000;4,000;

30065;2019.02.04 16:00:00;24,308;0,755;0,000;0,000;0,000;9,033;1,000;4,000;

30066;2019.02.04 17:00:00;27,520;0,203;0,000;0,000;0,000;9,033;1,000;4,000;

30067;2019.02.04 18:00:00;28,725;-0,372;0,000;0,000;0,000;9,033;1,000;4,000;

30068;2019.02.04 19:00:00;30,697;0,131;0,000;0,000;0,000;9,033;1,000;4,000;

30069;2019.02.04 20:00:00;30,039;0,329;0,000;0,000;0,000;9,033;1,000;4,000;

30070;2019.02.04 21:00:00;27,873;0,627;0,000;0,000;0,000;9,033;1,000;4,000;

30071;2019.02.04 22:00:00;25,632;0,735;0,000;0,000;0,000;9,033;1,000;4,000;

30072;2019.02.04 23:00:00;16,186;0,580;0,000;0,000;0,000;9,033;1,000;4,000;

30073;2019.02.05 00:00:00;25,530;0,749;0,000;0,000;0,000;9,100;1,000;4,000;

30074;2019.02.05 01:00:00;24,896;0,806;0,000;0,000;0,000;9,100;1,000;4,000;

30075;2019.02.05 02:00:00;25,096;0,975;0,000;0,000;0,000;9,100;1,000;4,000;

30076;2019.02.05 03:00:00;24,255;1,077;0,000;0,000;0,000;9,100;1,000;4,000;

30077;2019.02.05 04:00:00;24,817;1,029;0,000;0,000;0,000;9,100;1,000;4,000;

30078;2019.02.05 05:00:00;24,194;1,073;0,000;0,000;0,000;9,100;1,000;4,000;

30079;2019.02.05 06:00:00;23,034;1,104;0,000;0,000;0,000;9,100;1,000;4,000;

30080;2019.02.05 07:00:00;22,046;0,966;0,000;0,000;0,000;9,100;1,000;4,000;

30081;2019.02.05 08:00:00;21,484;0,728;0,000;0,000;0,000;9,100;1,000;4,000;

30082;2019.02.05 09:00:00;21,995;0,632;0,000;0,000;0,000;9,100;1,000;4,000;

30083;2019.02.05 10:00:00;22,129;1,363;0,000;0,000;0,000;9,100;1,000;4,000;

30084;2019.02.05 11:00:00;21,699;2,187;0,000;0,000;0,000;9,100;1,000;4,000;

30085;2019.02.05 12:00:00;19,628;3,034;0,000;0,000;0,000;9,100;1,000;4,000;

30086;2019.02.05 13:00:00;20,827;3,156;0,000;0,000;0,000;9,100;1,000;4,000;

30087;2019.02.05 14:00:00;23,706;3,558;0,000;0,000;0,000;9,100;1,000;4,000;

30088;2019.02.05 15:00:00;22,305;3,212;0,000;0,000;0,000;9,100;1,000;4,000;

30089;2019.02.05 16:00:00;22,078;3,225;0,000;0,000;0,000;9,100;1,000;4,000;

30090;2019.02.05 17:00:00;22,493;3,255;0,000;0,000;0,000;9,100;1,000;4,000;

30091;2019.02.05 18:00:00;28,354;3,234;0,000;0,000;0,000;9,100;1,000;4,000;

30092;2019.02.05 19:00:00;25,737;3,124;0,000;0,000;0,000;9,100;1,000;4,000;

30093;2019.02.05 20:00:00;23,406;3,033;0,000;0,000;0,000;9,100;1,000;4,000;

30094;2019.02.05 21:00:00;23,586;3,284;0,000;0,000;0,000;9,100;1,000;4,000;

30095;2019.02.05 22:00:00;23,817;3,209;0,000;0,000;0,000;9,100;1,000;4,000;

30096;2019.02.05 23:00:00;14,853;3,382;0,000;0,000;0,000;9,100;1,000;4,000;

30097;2019.02.06 00:00:00;23,016;3,559;0,000;0,000;0,000;9,167;1,000;4,000;

30098;2019.02.06 01:00:00;22,851;3,655;0,000;0,000;0,000;9,167;1,000;4,000;

30099;2019.02.06 02:00:00;24,019;3,589;0,000;0,000;0,000;9,167;1,000;4,000;

30100;2019.02.06 03:00:00;22,900;3,396;0,000;0,000;0,000;9,167;1,000;4,000;

30101;2019.02.06 04:00:00;22,780;3,357;0,000;0,000;0,000;9,167;1,000;4,000;

30102;2019.02.06 05:00:00;22,071;3,433;0,000;0,000;0,000;9,167;1,000;4,000;

30103;2019.02.06 06:00:00;21,946;3,249;0,000;0,000;0,000;9,167;1,000;4,000;

30104;2019.02.06 07:00:00;21,815;3,228;0,000;0,000;0,000;9,167;1,000;4,000;

30105;2019.02.06 08:00:00;21,091;3,263;0,000;0,000;0,000;9,167;1,000;4,000;

30106;2019.02.06 09:00:00;19,736;3,948;0,000;0,000;0,000;9,167;1,000;4,000;

30107;2019.02.06 10:00:00;19,378;4,767;0,000;0,000;0,000;9,167;1,000;4,000;

30108;2019.02.06 11:00:00;19,954;5,149;0,000;0,000;0,000;9,167;1,000;4,000;

30109;2019.02.06 12:00:00;19,200;5,020;0,000;0,000;0,000;9,167;1,000;4,000;

30110;2019.02.06 13:00:00;19,464;5,298;0,000;0,000;0,000;9,167;1,000;4,000;

30111;2019.02.06 14:00:00;20,905;5,191;0,000;0,000;0,000;9,167;1,000;4,000;

30112;2019.02.06 15:00:00;21,163;4,971;0,000;0,000;0,000;9,167;1,000;4,000;

30113;2019.02.06 16:00:00;21,859;4,587;0,000;0,000;0,000;9,167;1,000;4,000;

30114;2019.02.06 17:00:00;21,966;4,450;0,000;0,000;0,000;9,167;1,000;4,000;

30115;2019.02.06 18:00:00;22,325;4,178;0,000;0,000;0,000;9,167;1,000;4,000;

30116;2019.02.06 19:00:00;22,530;4,037;0,000;0,000;0,000;9,167;1,000;4,000;

30117;2019.02.06 20:00:00;22,539;3,472;0,000;0,000;0,000;9,167;1,000;4,000;

30118;2019.02.06 21:00:00;21,156;3,210;0,000;0,000;0,000;9,167;1,000;4,000;

30119;2019.02.06 22:00:00;21,483;3,229;0,000;0,000;0,000;9,167;1,000;4,000;

30120;2019.02.06 23:00:00;13,976;2,797;0,000;0,000;0,000;9,167;1,000;4,000;

30121;2019.02.07 00:00:00;22,391;2,252;0,000;0,000;0,000;9,233;1,000;4,000;

30122;2019.02.07 01:00:00;22,983;2,158;0,000;0,000;0,000;9,233;1,000;4,000;

30123;2019.02.07 02:00:00;22,668;1,775;0,000;0,000;0,000;9,233;1,000;4,000;

30124;2019.02.07 03:00:00;23,028;1,707;0,000;0,000;0,000;9,233;1,000;4,000;

30125;2019.02.07 04:00:00;23,935;1,908;0,000;0,000;0,000;9,233;1,000;4,000;

30126;2019.02.07 05:00:00;22,943;1,903;0,000;0,000;0,000;9,233;1,000;4,000;

30127;2019.02.07 06:00:00;23,156;1,935;0,000;0,000;0,000;9,233;1,000;4,000;

30128;2019.02.07 07:00:00;23,156;2,101;0,000;0,000;0,000;9,233;1,000;4,000;

30129;2019.02.07 08:00:00;22,878;2,695;0,000;0,000;0,000;9,233;1,000;4,000;

30130;2019.02.07 09:00:00;22,349;3,084;0,000;0,000;0,000;9,233;1,000;4,000;

30131;2019.02.07 10:00:00;20,231;3,748;0,000;0,000;0,000;9,233;1,000;4,000;

30132;2019.02.07 11:00:00;19,718;4,055;0,000;0,000;0,000;9,233;1,000;4,000;

30133;2019.02.07 12:00:00;19,280;5,113;0,000;0,000;0,000;9,233;1,000;4,000;

30134;2019.02.07 13:00:00;19,492;6,271;0,000;0,000;0,000;9,233;1,000;4,000;

30135;2019.02.07 14:00:00;20,886;6,339;0,000;0,000;0,000;9,233;1,000;4,000;

30136;2019.02.07 15:00:00;20,095;6,288;0,000;0,000;0,000;9,233;1,000;4,000;

30137;2019.02.07 16:00:00;19,561;5,792;0,000;0,000;0,000;9,233;1,000;4,000;

30138;2019.02.07 17:00:00;20,503;5,028;0,000;0,000;0,000;9,233;1,000;4,000;

30139;2019.02.07 18:00:00;22,093;4,610;0,000;0,000;0,000;9,233;1,000;4,000;

30140;2019.02.07 19:00:00;20,627;4,574;0,000;0,000;0,000;9,233;1,000;4,000;

30141;2019.02.07 20:00:00;20,184;4,493;0,000;0,000;0,000;9,233;1,000;4,000;

30142;2019.02.07 21:00:00;19,675;4,151;0,000;0,000;0,000;9,233;1,000;4,000;

30143;2019.02.07 22:00:00;21,614;3,246;0,000;0,000;0,000;9,233;1,000;4,000;

30144;2019.02.07 23:00:00;3,647;2,971;0,000;0,000;0,000;9,233;1,000;4,000;

30145;2019.02.08 00:00:00;21,530;2,414;0,000;0,000;0,000;9,300;2,000;4,000;

30146;2019.02.08 01:00:00;21,189;2,463;0,000;0,000;0,000;9,300;2,000;4,000;

30147;2019.02.08 02:00:00;21,742;2,922;0,000;0,000;0,000;9,300;2,000;4,000;

30148;2019.02.08 03:00:00;21,391;3,001;0,000;0,000;0,000;9,300;2,000;4,000;

30149;2019.02.08 04:00:00;22,881;2,749;0,000;0,000;0,000;9,300;2,000;4,000;

30150;2019.02.08 05:00:00;21,641;2,722;0,000;0,000;0,000;9,300;2,000;4,000;

30151;2019.02.08 06:00:00;22,983;1,697;0,000;0,000;0,000;9,300;2,000;4,000;

30152;2019.02.08 07:00:00;23,057;2,512;0,000;0,000;0,000;9,300;2,000;4,000;

30153;2019.02.08 08:00:00;21,926;3,816;0,000;0,000;0,000;9,300;2,000;4,000;

30154;2019.02.08 09:00:00;19,975;4,534;0,000;0,000;0,000;9,300;2,000;4,000;

30155;2019.02.08 10:00:00;18,937;6,251;0,000;0,000;0,000;9,300;2,000;4,000;

30156;2019.02.08 11:00:00;16,020;6,589;0,000;0,000;0,000;9,300;2,000;4,000;

30157;2019.02.08 12:00:00;16,390;7,664;0,000;0,000;0,000;9,300;2,000;4,000;

30158;2019.02.08 13:00:00;16,483;7,516;0,000;0,000;0,000;9,300;2,000;4,000;

30159;2019.02.08 14:00:00;18,798;7,651;0,000;0,000;0,000;9,300;2,000;4,000;

30160;2019.02.08 15:00:00;18,427;7,770;0,000;0,000;0,000;9,300;2,000;4,000;

30161;2019.02.08 16:00:00;16,668;7,322;0,000;0,000;0,000;9,300;2,000;4,000;

30162;2019.02.08 17:00:00;18,335;7,144;0,000;0,000;0,000;9,300;2,000;4,000;

30163;2019.02.08 18:00:00;19,492;7,114;0,000;0,000;0,000;9,300;2,000;4,000;

30164;2019.02.08 19:00:00;19,400;7,093;0,000;0,000;0,000;9,300;2,000;4,000;

30165;2019.02.08 20:00:00;18,890;7,044;0,000;0,000;0,000;9,300;2,000;4,000;

30166;2019.02.08 21:00:00;18,427;6,733;0,000;0,000;0,000;9,300;2,000;4,000;

30167;2019.02.08 22:00:00;17,844;6,171;0,000;0,000;0,000;9,300;2,000;4,000;

30168;2019.02.08 23:00:00;3,361;5,927;0,000;0,000;0,000;9,300;2,000;4,000;

30169;2019.02.09 00:00:00;19,510;5,448;0,000;0,000;0,000;9,367;3,000;4,000;

30170;2019.02.09 01:00:00;19,155;5,100;0,000;0,000;0,000;9,367;3,000;4,000;

30171;2019.02.09 02:00:00;20,025;5,246;0,000;0,000;0,000;9,367;3,000;4,000;

30172;2019.02.09 03:00:00;20,628;5,735;0,000;0,000;0,000;9,367;3,000;4,000;

30173;2019.02.09 04:00:00;19,074;5,851;0,000;0,000;0,000;9,367;3,000;4,000;

30174;2019.02.09 05:00:00;19,181;5,628;0,000;0,000;0,000;9,367;3,000;4,000;

30175;2019.02.09 06:00:00;19,272;6,215;0,000;0,000;0,000;9,367;3,000;4,000;

30176;2019.02.09 07:00:00;19,261;6,487;0,000;0,000;0,000;9,367;3,000;4,000;

30177;2019.02.09 08:00:00;19,250;6,751;0,000;0,000;0,000;9,367;3,000;4,000;

30178;2019.02.09 09:00:00;18,497;6,731;0,000;0,000;0,000;9,367;3,000;4,000;

30179;2019.02.09 10:00:00;19,492;5,114;0,000;0,000;0,000;9,367;3,000;4,000;

30180;2019.02.09 11:00:00;19,636;4,578;0,000;0,000;0,000;9,367;3,000;4,000;

30181;2019.02.09 12:00:00;20,499;5,459;0,000;0,000;0,000;9,367;3,000;4,000;

30182;2019.02.09 13:00:00;18,160;7,242;0,000;0,000;0,000;9,367;3,000;4,000;

30183;2019.02.09 14:00:00;17,356;7,972;0,000;0,000;0,000;9,367;3,000;4,000;

30184;2019.02.09 15:00:00;15,644;8,477;0,000;0,000;0,000;9,367;3,000;4,000;

30185;2019.02.09 16:00:00;18,793;7,543;0,000;0,000;0,000;9,367;3,000;4,000;

30186;2019.02.09 17:00:00;18,324;6,932;0,000;0,000;0,000;9,367;3,000;4,000;

30187;2019.02.09 18:00:00;19,303;6,244;0,000;0,000;0,000;9,367;3,000;4,000;

30188;2019.02.09 19:00:00;21,113;6,081;0,000;0,000;0,000;9,367;3,000;4,000;

30189;2019.02.09 20:00:00;20,615;7,327;0,000;0,000;0,000;9,367;3,000;4,000;

30190;2019.02.09 21:00:00;19,810;7,494;0,000;0,000;0,000;9,367;3,000;4,000;

30191;2019.02.09 22:00:00;18,524;6,765;0,000;0,000;0,000;9,367;3,000;4,000;

30192;2019.02.09 23:00:00;12,427;6,462;0,000;0,000;0,000;9,367;3,000;4,000;

30193;2019.02.10 00:00:00;18,668;6,248;0,000;0,000;0,000;9,433;4,000;4,000;

30194;2019.02.10 01:00:00;18,668;6,621;0,000;0,000;0,000;9,433;4,000;4,000;

30195;2019.02.10 02:00:00;18,306;7,011;0,000;0,000;0,000;9,433;4,000;4,000;

30196;2019.02.10 03:00:00;18,533;6,942;0,000;0,000;0,000;9,433;4,000;4,000;

30197;2019.02.10 04:00:00;18,578;6,714;0,000;0,000;0,000;9,433;4,000;4,000;

30198;2019.02.10 05:00:00;19,446;5,627;0,000;0,000;0,000;9,433;4,000;4,000;

30199;2019.02.10 06:00:00;18,992;5,219;0,000;0,000;0,000;9,433;4,000;4,000;

30200;2019.02.10 07:00:00;19,459;5,192;0,000;0,000;0,000;9,433;4,000;4,000;

30201;2019.02.10 08:00:00;20,459;5,770;0,000;0,000;0,000;9,433;4,000;4,000;

30202;2019.02.10 09:00:00;19,460;6,619;0,000;0,000;0,000;9,433;4,000;4,000;

30203;2019.02.10 10:00:00;18,888;7,231;0,000;0,000;0,000;9,433;4,000;4,000;

30204;2019.02.10 11:00:00;16,566;8,447;0,000;0,000;0,000;9,433;4,000;4,000;

30205;2019.02.10 12:00:00;15,677;8,644;0,000;0,000;0,000;9,433;4,000;4,000;

30206;2019.02.10 13:00:00;15,368;8,420;0,000;0,000;0,000;9,433;4,000;4,000;

30207;2019.02.10 14:00:00;18,097;6,735;0,000;0,000;0,000;9,433;4,000;4,000;

30208;2019.02.10 15:00:00;22,298;6,607;0,000;0,000;0,000;9,433;4,000;4,000;

30209;2019.02.10 16:00:00;21,636;6,724;0,000;0,000;0,000;9,433;4,000;4,000;

30210;2019.02.10 17:00:00;22,005;7,148;0,000;0,000;0,000;9,433;4,000;4,000;

30211;2019.02.10 18:00:00;20,281;7,068;0,000;0,000;0,000;9,433;4,000;4,000;

30212;2019.02.10 19:00:00;19,658;6,994;0,000;0,000;0,000;9,433;4,000;4,000;

30213;2019.02.10 20:00:00;19,234;7,379;0,000;0,000;0,000;9,433;4,000;4,000;

30214;2019.02.10 21:00:00;18,739;7,469;0,000;0,000;0,000;9,433;4,000;4,000;

30215;2019.02.10 22:00:00;17,505;7,624;0,000;0,000;0,000;9,433;4,000;4,000;

30216;2019.02.10 23:00:00;3,158;7,755;0,000;0,000;0,000;9,433;4,000;4,000;

30217;2019.02.11 00:00:00;18,185;7,735;0,000;0,000;0,000;9,500;1,000;4,000;

30218;2019.02.11 01:00:00;18,026;7,489;0,000;0,000;0,000;9,500;1,000;4,000;

30219;2019.02.11 02:00:00;17,964;7,259;0,000;0,000;0,000;9,500;1,000;4,000;

30220;2019.02.11 03:00:00;17,770;6,689;0,000;0,000;0,000;9,500;1,000;4,000;

30221;2019.02.11 04:00:00;18,143;5,968;0,000;0,000;0,000;9,500;1,000;4,000;

30222;2019.02.11 05:00:00;19,092;5,168;0,000;0,000;0,000;9,500;1,000;4,000;

30223;2019.02.11 06:00:00;22,502;3,141;0,000;0,000;0,000;9,500;1,000;4,000;

30224;2019.02.11 07:00:00;21,761;3,206;0,000;0,000;0,000;9,500;1,000;4,000;

30225;2019.02.11 08:00:00;20,650;4,341;0,000;0,000;0,000;9,500;1,000;4,000;

30226;2019.02.11 09:00:00;19,701;5,014;0,000;0,000;0,000;9,500;1,000;4,000;

30227;2019.02.11 10:00:00;19,561;5,215;0,000;0,000;0,000;9,500;1,000;4,000;

30228;2019.02.11 11:00:00;19,456;4,797;0,000;0,000;0,000;9,500;1,000;4,000;

30229;2019.02.11 12:00:00;19,417;4,537;0,000;0,000;0,000;9,500;1,000;4,000;

30230;2019.02.11 13:00:00;20,881;4,379;0,000;0,000;0,000;9,500;1,000;4,000;

30231;2019.02.11 14:00:00;24,301;3,624;0,000;0,000;0,000;9,500;1,000;4,000;

30232;2019.02.11 15:00:00;22,390;3,485;0,000;0,000;0,000;9,500;1,000;4,000;

30233;2019.02.11 16:00:00;23,195;3,939;0,000;0,000;0,000;9,500;1,000;4,000;

30234;2019.02.11 17:00:00;21,854;3,934;0,000;0,000;0,000;9,500;1,000;4,000;

30235;2019.02.11 18:00:00;22,409;3,899;0,000;0,000;0,000;9,500;1,000;4,000;

30236;2019.02.11 19:00:00;24,446;3,721;0,000;0,000;0,000;9,500;1,000;4,000;

30237;2019.02.11 20:00:00;22,741;3,450;0,000;0,000;0,000;9,500;1,000;4,000;

30238;2019.02.11 21:00:00;24,577;2,697;0,000;0,000;0,000;9,500;1,000;4,000;

30239;2019.02.11 22:00:00;24,724;2,266;0,000;0,000;0,000;9,500;1,000;4,000;

30240;2019.02.11 23:00:00;17,131;2,022;0,000;0,000;0,000;9,500;1,000;4,000;

30241;2019.02.12 00:00:00;24,909;1,794;0,000;0,000;0,000;9,567;1,000;4,000;

30242;2019.02.12 01:00:00;24,539;1,802;0,000;0,000;0,000;9,567;1,000;4,000;

30243;2019.02.12 02:00:00;25,187;1,218;0,000;0,000;0,000;9,567;1,000;4,000;

30244;2019.02.12 03:00:00;25,743;1,825;0,000;0,000;0,000;9,567;1,000;4,000;

30245;2019.02.12 04:00:00;25,187;2,090;0,000;0,000;0,000;9,567;1,000;4,000;

30246;2019.02.12 05:00:00;26,669;1,794;0,000;0,000;0,000;9,567;1,000;4,000;

30247;2019.02.12 06:00:00;25,928;1,168;0,000;0,000;0,000;9,567;1,000;4,000;

30248;2019.02.12 07:00:00;26,298;1,303;0,000;0,000;0,000;9,567;1,000;4,000;

30249;2019.02.12 08:00:00;26,206;2,712;0,000;0,000;0,000;9,567;1,000;4,000;

30250;2019.02.12 09:00:00;24,169;3,629;0,000;0,000;0,000;9,567;1,000;4,000;

30251;2019.02.12 10:00:00;24,169;3,860;0,000;0,000;0,000;9,567;1,000;4,000;

30252;2019.02.12 11:00:00;23,613;4,284;0,000;0,000;0,000;9,567;1,000;4,000;

30253;2019.02.12 12:00:00;23,706;4,449;0,000;0,000;0,000;9,567;1,000;4,000;

30254;2019.02.12 13:00:00;23,335;5,205;0,000;0,000;0,000;9,567;1,000;4,000;

30255;2019.02.12 14:00:00;26,298;4,511;0,000;0,000;0,000;9,567;1,000;4,000;

30256;2019.02.12 15:00:00;23,951;4,085;0,000;0,000;0,000;9,567;1,000;4,000;

30257;2019.02.12 16:00:00;22,997;2,718;0,000;0,000;0,000;9,567;1,000;4,000;

30258;2019.02.12 17:00:00;24,909;1,281;0,000;0,000;0,000;9,567;1,000;4,000;

30259;2019.02.12 18:00:00;25,650;1,343;0,000;0,000;0,000;9,567;1,000;4,000;

30260;2019.02.12 19:00:00;26,298;1,684;0,000;0,000;0,000;9,567;1,000;4,000;

30261;2019.02.12 20:00:00;25,558;1,095;0,000;0,000;0,000;9,567;1,000;4,000;

30262;2019.02.12 21:00:00;27,224;0,565;0,000;0,000;0,000;9,567;1,000;4,000;

30263;2019.02.12 22:00:00;26,206;0,499;0,000;0,000;0,000;9,567;1,000;4,000;

30264;2019.02.12 23:00:00;17,687;0,630;0,000;0,000;0,000;9,567;1,000;4,000;

30265;2019.02.13 00:00:00;25,743;1,034;0,000;0,000;0,000;9,633;1,000;4,000;

30266;2019.02.13 01:00:00;24,909;0,827;0,000;0,000;0,000;9,633;1,000;4,000;

30267;2019.02.13 02:00:00;24,724;0,976;0,000;0,000;0,000;9,633;1,000;4,000;

30268;2019.02.13 03:00:00;24,673;1,831;0,000;0,000;0,000;9,633;1,000;4,000;

30269;2019.02.13 04:00:00;24,960;2,749;0,000;0,000;0,000;9,633;1,000;4,000;

30270;2019.02.13 05:00:00;23,335;3,535;0,000;0,000;0,000;9,633;1,000;4,000;

30271;2019.02.13 06:00:00;21,946;3,927;0,000;0,000;0,000;9,633;1,000;4,000;

30272;2019.02.13 07:00:00;21,262;4,571;0,000;0,000;0,000;9,633;1,000;4,000;

30273;2019.02.13 08:00:00;21,519;5,117;0,000;0,000;0,000;9,633;1,000;4,000;

30274;2019.02.13 09:00:00;20,886;6,171;0,000;0,000;0,000;9,633;1,000;4,000;

30275;2019.02.13 10:00:00;18,492;7,194;0,000;0,000;0,000;9,633;1,000;4,000;

30276;2019.02.13 11:00:00;18,914;7,663;0,000;0,000;0,000;9,633;1,000;4,000;

30277;2019.02.13 12:00:00;17,631;8,904;0,000;0,000;0,000;9,633;1,000;4,000;

30278;2019.02.13 13:00:00;16,770;9,639;0,000;0,000;0,000;9,633;1,000;4,000;

30279;2019.02.13 14:00:00;17,284;8,683;0,000;0,000;0,000;9,633;1,000;4,000;

30280;2019.02.13 15:00:00;18,877;7,476;0,000;0,000;0,000;9,633;1,000;4,000;

30281;2019.02.13 16:00:00;21,488;6,679;0,000;0,000;0,000;9,633;1,000;4,000;

30282;2019.02.13 17:00:00;23,081;6,491;0,000;0,000;0,000;9,633;1,000;4,000;

30283;2019.02.13 18:00:00;23,335;6,717;0,000;0,000;0,000;9,633;1,000;4,000;

30284;2019.02.13 19:00:00;21,293;7,002;0,000;0,000;0,000;9,633;1,000;4,000;

30285;2019.02.13 20:00:00;20,256;7,039;0,000;0,000;0,000;9,633;1,000;4,000;

30286;2019.02.13 21:00:00;19,446;6,933;0,000;0,000;0,000;9,633;1,000;4,000;

30287;2019.02.13 22:00:00;19,446;7,280;0,000;0,000;0,000;9,633;1,000;4,000;

30288;2019.02.13 23:00:00;3,565;7,364;0,000;0,000;0,000;9,633;1,000;4,000;

30289;2019.02.14 00:00:00;19,017;7,313;0,000;0,000;0,000;9,700;1,000;4,000;

30290;2019.02.14 01:00:00;18,890;7,072;0,000;0,000;0,000;9,700;1,000;4,000;

30291;2019.02.14 02:00:00;19,475;6,886;0,000;0,000;0,000;9,700;1,000;4,000;

30292;2019.02.14 03:00:00;18,866;6,681;0,000;0,000;0,000;9,700;1,000;4,000;

30293;2019.02.14 04:00:00;18,886;6,468;0,000;0,000;0,000;9,700;1,000;4,000;

30294;2019.02.14 05:00:00;18,437;6,545;0,000;0,000;0,000;9,700;1,000;4,000;

30295;2019.02.14 06:00:00;17,325;6,471;0,000;0,000;0,000;9,700;1,000;4,000;

30296;2019.02.14 07:00:00;17,867;6,460;0,000;0,000;0,000;9,700;1,000;4,000;

30297;2019.02.14 08:00:00;17,793;6,923;0,000;0,000;0,000;9,700;1,000;4,000;

30298;2019.02.14 09:00:00;17,233;7,354;0,000;0,000;0,000;9,700;1,000;4,000;

30299;2019.02.14 10:00:00;18,890;7,645;0,000;0,000;0,000;9,700;1,000;4,000;

30300;2019.02.14 11:00:00;18,613;7,643;0,000;0,000;0,000;9,700;1,000;4,000;

30301;2019.02.14 12:00:00;18,705;7,251;0,000;0,000;0,000;9,700;1,000;4,000;

30302;2019.02.14 13:00:00;18,335;7,185;0,000;0,000;0,000;9,700;1,000;4,000;

30303;2019.02.14 14:00:00;20,372;7,183;0,000;0,000;0,000;9,700;1,000;4,000;

30304;2019.02.14 15:00:00;19,990;7,472;0,000;0,000;0,000;9,700;1,000;4,000;

30305;2019.02.14 16:00:00;18,254;7,324;0,000;0,000;0,000;9,700;1,000;4,000;

30306;2019.02.14 17:00:00;17,687;7,023;0,000;0,000;0,000;9,700;1,000;4,000;

30307;2019.02.14 18:00:00;18,427;5,804;0,000;0,000;0,000;9,700;1,000;4,000;

30308;2019.02.14 19:00:00;18,520;4,624;0,000;0,000;0,000;9,700;1,000;4,000;

30309;2019.02.14 20:00:00;18,890;5,305;0,000;0,000;0,000;9,700;1,000;4,000;

30310;2019.02.14 21:00:00;19,724;5,522;0,000;0,000;0,000;9,700;1,000;4,000;

30311;2019.02.14 22:00:00;19,168;4,581;0,000;0,000;0,000;9,700;1,000;4,000;

30312;2019.02.14 23:00:00;12,316;4,935;0,000;0,000;0,000;9,700;1,000;4,000;

30313;2019.02.15 00:00:00;18,890;3,373;0,000;0,000;0,000;9,767;2,000;4,000;

30314;2019.02.15 01:00:00;20,835;1,220;0,000;0,000;0,000;9,767;2,000;4,000;

30315;2019.02.15 02:00:00;21,668;2,675;0,000;0,000;0,000;9,767;2,000;4,000;

30316;2019.02.15 03:00:00;20,465;3,782;0,000;0,000;0,000;9,767;2,000;4,000;

30317;2019.02.15 04:00:00;20,279;4,020;0,000;0,000;0,000;9,767;2,000;4,000;

30318;2019.02.15 05:00:00;20,094;4,355;0,000;0,000;0,000;9,767;2,000;4,000;

30319;2019.02.15 06:00:00;18,705;4,454;0,000;0,000;0,000;9,767;2,000;4,000;

30320;2019.02.15 07:00:00;18,427;4,486;0,000;0,000;0,000;9,767;2,000;4,000;

30321;2019.02.15 08:00:00;19,631;4,416;0,000;0,000;0,000;9,767;2,000;4,000;

30322;2019.02.15 09:00:00;19,076;4,245;0,000;0,000;0,000;9,767;2,000;4,000;

30323;2019.02.15 10:00:00;19,724;4,331;0,000;0,000;0,000;9,767;2,000;4,000;

30324;2019.02.15 11:00:00;18,983;4,809;0,000;0,000;0,000;9,767;2,000;4,000;

30325;2019.02.15 12:00:00;18,520;5,159;0,000;0,000;0,000;9,767;2,000;4,000;

30326;2019.02.15 13:00:00;18,233;5,460;0,000;0,000;0,000;9,767;2,000;4,000;

30327;2019.02.15 14:00:00;17,233;6,481;0,000;0,000;0,000;9,767;2,000;4,000;

30328;2019.02.15 15:00:00;18,798;6,310;0,000;0,000;0,000;9,767;2,000;4,000;

30329;2019.02.15 16:00:00;20,187;4,944;0,000;0,000;0,000;9,767;2,000;4,000;

30330;2019.02.15 17:00:00;21,205;3,136;0,000;0,000;0,000;9,767;2,000;4,000;

30331;2019.02.15 18:00:00;22,039;2,135;0,000;0,000;0,000;9,767;2,000;4,000;

30332;2019.02.15 19:00:00;22,965;1,280;0,000;0,000;0,000;9,767;2,000;4,000;

30333;2019.02.15 20:00:00;24,354;0,056;0,000;0,000;0,000;9,767;2,000;4,000;

30334;2019.02.15 21:00:00;23,706;-0,721;0,000;0,000;0,000;9,767;2,000;4,000;

30335;2019.02.15 22:00:00;24,354;-0,839;0,000;0,000;0,000;9,767;2,000;4,000;

30336;2019.02.15 23:00:00;17,131;-0,578;0,000;0,000;0,000;9,767;2,000;4,000;

30337;2019.02.16 00:00:00;24,909;-0,952;0,000;0,000;0,000;9,833;3,000;4,000;

30338;2019.02.16 01:00:00;24,169;-1,047;0,000;0,000;0,000;9,833;3,000;4,000;

30339;2019.02.16 02:00:00;24,076;-1,157;0,000;0,000;0,000;9,833;3,000;4,000;

30340;2019.02.16 03:00:00;24,169;-1,020;0,000;0,000;0,000;9,833;3,000;4,000;

30341;2019.02.16 04:00:00;23,983;-1,064;0,000;0,000;0,000;9,833;3,000;4,000;

30342;2019.02.16 05:00:00;23,849;-1,321;0,000;0,000;0,000;9,833;3,000;4,000;

30343;2019.02.16 06:00:00;23,496;-0,709;0,000;0,000;0,000;9,833;3,000;4,000;

30344;2019.02.16 07:00:00;23,255;-0,190;0,000;0,000;0,000;9,833;3,000;4,000;

30345;2019.02.16 08:00:00;21,352;2,137;0,000;0,000;0,000;9,833;3,000;4,000;

30346;2019.02.16 09:00:00;18,983;6,698;0,000;0,000;0,000;9,833;3,000;4,000;

30347;2019.02.16 10:00:00;15,094;9,961;0,000;0,000;0,000;9,833;3,000;4,000;

30348;2019.02.16 11:00:00;14,260;11,778;0,000;0,000;0,000;9,833;3,000;4,000;

30349;2019.02.16 12:00:00;12,613;12,772;0,000;0,000;0,000;9,833;3,000;4,000;

30350;2019.02.16 13:00:00;11,556;13,704;0,000;0,000;0,000;9,833;3,000;4,000;

30351;2019.02.16 14:00:00;9,908;14,018;0,000;0,000;0,000;9,833;3,000;4,000;

30352;2019.02.16 15:00:00;10,975;13,281;0,000;0,000;0,000;9,833;3,000;4,000;

30353;2019.02.16 16:00:00;13,432;11,686;0,000;0,000;0,000;9,833;3,000;4,000;

30354;2019.02.16 17:00:00;14,491;9,607;0,000;0,000;0,000;9,833;3,000;4,000;

30355;2019.02.16 18:00:00;15,551;8,324;0,000;0,000;0,000;9,833;3,000;4,000;

30356;2019.02.16 19:00:00;16,668;7,673;0,000;0,000;0,000;9,833;3,000;4,000;

30357;2019.02.16 20:00:00;16,112;7,148;0,000;0,000;0,000;9,833;3,000;4,000;

30358;2019.02.16 21:00:00;15,939;6,656;0,000;0,000;0,000;9,833;3,000;4,000;

30359;2019.02.16 22:00:00;16,378;6,153;0,000;0,000;0,000;9,833;3,000;4,000;

30360;2019.02.16 23:00:00;10,649;5,627;0,000;0,000;0,000;9,833;3,000;4,000;

30361;2019.02.17 00:00:00;16,028;5,326;0,000;0,000;0,000;9,900;4,000;4,000;

30362;2019.02.17 01:00:00;15,449;5,440;0,000;0,000;0,000;9,900;4,000;4,000;

30363;2019.02.17 02:00:00;15,091;6,446;0,000;0,000;0,000;9,900;4,000;4,000;

30364;2019.02.17 03:00:00;15,252;6,772;0,000;0,000;0,000;9,900;4,000;4,000;

30365;2019.02.17 04:00:00;15,423;6,918;0,000;0,000;0,000;9,900;4,000;4,000;

30366;2019.02.17 05:00:00;13,959;6,857;0,000;0,000;0,000;9,900;4,000;4,000;

30367;2019.02.17 06:00:00;14,909;6,742;0,000;0,000;0,000;9,900;4,000;4,000;

30368;2019.02.17 07:00:00;16,217;7,076;0,000;0,000;0,000;9,900;4,000;4,000;

30369;2019.02.17 08:00:00;15,278;7,833;0,000;0,000;0,000;9,900;4,000;4,000;

30370;2019.02.17 09:00:00;14,815;8,838;0,000;0,000;0,000;9,900;4,000;4,000;

30371;2019.02.17 10:00:00;14,066;10,106;0,000;0,000;0,000;9,900;4,000;4,000;

30372;2019.02.17 11:00:00;14,353;11,055;0,000;0,000;0,000;9,900;4,000;4,000;

30373;2019.02.17 12:00:00;13,334;11,772;0,000;0,000;0,000;9,900;4,000;4,000;

30374;2019.02.17 13:00:00;12,919;11,426;0,000;0,000;0,000;9,900;4,000;4,000;

30375;2019.02.17 14:00:00;13,236;11,297;0,000;0,000;0,000;9,900;4,000;4,000;

30376;2019.02.17 15:00:00;12,575;11,296;0,000;0,000;0,000;9,900;4,000;4,000;

30377;2019.02.17 16:00:00;13,885;9,857;0,000;0,000;0,000;9,900;4,000;4,000;

30378;2019.02.17 17:00:00;15,733;7,240;0,000;0,000;0,000;9,900;4,000;4,000;

30379;2019.02.17 18:00:00;17,196;5,148;0,000;0,000;0,000;9,900;4,000;4,000;

30380;2019.02.17 19:00:00;18,535;3,680;0,000;0,000;0,000;9,900;4,000;4,000;

30381;2019.02.17 20:00:00;18,705;3,362;0,000;0,000;0,000;9,900;4,000;4,000;

30382;2019.02.17 21:00:00;18,705;4,265;0,000;0,000;0,000;9,900;4,000;4,000;

30383;2019.02.17 22:00:00;12,041;3,629;0,000;0,000;0,000;9,900;4,000;4,000;

30384;2019.02.17 23:00:00;0,000;2,665;0,000;0,000;0,000;9,900;4,000;4,000;

30385;2019.02.18 00:00:00;18,811;2,466;0,000;0,000;0,000;9,983;1,000;4,000;

30386;2019.02.18 01:00:00;18,811;1,897;0,000;0,000;0,000;9,983;1,000;4,000;

30387;2019.02.18 02:00:00;19,330;1,554;0,000;0,000;0,000;9,983;1,000;4,000;

30388;2019.02.18 03:00:00;20,353;1,442;0,000;0,000;0,000;9,983;1,000;4,000;

30389;2019.02.18 04:00:00;22,474;0,887;0,000;0,000;0,000;9,983;1,000;4,000;

30390;2019.02.18 05:00:00;21,543;0,849;0,000;0,000;0,000;9,983;1,000;4,000;

30391;2019.02.18 06:00:00;19,978;1,063;0,000;0,000;0,000;9,983;1,000;4,000;

30392;2019.02.18 07:00:00;20,002;1,554;0,000;0,000;0,000;9,983;1,000;4,000;

30393;2019.02.18 08:00:00;18,844;3,060;0,000;0,000;0,000;9,983;1,000;4,000;

30394;2019.02.18 09:00:00;17,224;5,263;0,000;0,000;0,000;9,983;1,000;4,000;

30395;2019.02.18 10:00:00;14,488;7,563;0,000;0,000;0,000;9,983;1,000;4,000;

30396;2019.02.18 11:00:00;13,874;9,970;0,000;0,000;0,000;9,983;1,000;4,000;

30397;2019.02.18 12:00:00;13,874;12,039;0,000;0,000;0,000;9,983;1,000;4,000;

30398;2019.02.18 13:00:00;11,910;13,131;0,000;0,000;0,000;9,983;1,000;4,000;

30399;2019.02.18 14:00:00;11,638;13,472;0,000;0,000;0,000;9,983;1,000;4,000;

30400;2019.02.18 15:00:00;11,478;13,027;0,000;0,000;0,000;9,983;1,000;4,000;

30401;2019.02.18 16:00:00;12,522;11,182;0,000;0,000;0,000;9,983;1,000;4,000;

30402;2019.02.18 17:00:00;15,325;8,020;0,000;0,000;0,000;9,983;1,000;4,000;

30403;2019.02.18 18:00:00;16,668;6,006;0,000;0,000;0,000;9,983;1,000;4,000;

30404;2019.02.18 19:00:00;16,390;4,507;0,000;0,000;0,000;9,983;1,000;4,000;

30405;2019.02.18 20:00:00;18,680;3,391;0,000;0,000;0,000;9,983;1,000;4,000;

30406;2019.02.18 21:00:00;20,096;2,415;0,000;0,000;0,000;9,983;1,000;4,000;

30407;2019.02.18 22:00:00;18,810;1,434;0,000;0,000;0,000;9,983;1,000;4,000;

30408;2019.02.18 23:00:00;12,698;0,868;0,000;0,000;0,000;9,983;1,000;4,000;

30409;2019.02.19 00:00:00;18,714;0,638;0,000;0,000;0,000;10,050;1,000;4,000;

30410;2019.02.19 01:00:00;18,233;0,871;0,000;0,000;0,000;10,050;1,000;4,000;

30411;2019.02.19 02:00:00;19,900;0,752;0,000;0,000;0,000;10,050;1,000;4,000;

30412;2019.02.19 03:00:00;18,918;0,795;0,000;0,000;0,000;10,050;1,000;4,000;

30413;2019.02.19 04:00:00;18,914;1,016;0,000;0,000;0,000;10,050;1,000;4,000;

30414;2019.02.19 05:00:00;19,571;0,885;0,000;0,000;0,000;10,050;1,000;4,000;

30415;2019.02.19 06:00:00;19,941;1,293;0,000;0,000;0,000;10,050;1,000;4,000;

30416;2019.02.19 07:00:00;19,543;2,172;0,000;0,000;0,000;10,050;1,000;4,000;

30417;2019.02.19 08:00:00;18,447;4,732;0,000;0,000;0,000;10,050;1,000;4,000;

30418;2019.02.19 09:00:00;16,761;6,386;0,000;0,000;0,000;10,050;1,000;4,000;

30419;2019.02.19 10:00:00;14,909;8,145;0,000;0,000;0,000;10,050;1,000;4,000;

30420;2019.02.19 11:00:00;15,186;7,899;0,000;0,000;0,000;10,050;1,000;4,000;

30421;2019.02.19 12:00:00;14,816;7,652;0,000;0,000;0,000;10,050;1,000;4,000;

30422;2019.02.19 13:00:00;14,723;9,066;0,000;0,000;0,000;10,050;1,000;4,000;

30423;2019.02.19 14:00:00;13,828;9,426;0,000;0,000;0,000;10,050;1,000;4,000;

30424;2019.02.19 15:00:00;13,581;9,414;0,000;0,000;0,000;10,050;1,000;4,000;

30425;2019.02.19 16:00:00;13,057;8,490;0,000;0,000;0,000;10,050;1,000;4,000;

30426;2019.02.19 17:00:00;13,890;8,019;0,000;0,000;0,000;10,050;1,000;4,000;

30427;2019.02.19 18:00:00;15,001;6,913;0,000;0,000;0,000;10,050;1,000;4,000;

30428;2019.02.19 19:00:00;21,113;6,263;0,000;0,000;0,000;10,050;1,000;4,000;

30429;2019.02.19 20:00:00;21,113;6,207;0,000;0,000;0,000;10,050;1,000;4,000;

30430;2019.02.19 21:00:00;20,854;5,961;0,000;0,000;0,000;10,050;1,000;4,000;

30431;2019.02.19 22:00:00;19,928;5,988;0,000;0,000;0,000;10,050;1,000;4,000;

30432;2019.02.19 23:00:00;13,668;6,073;0,000;0,000;0,000;10,050;1,000;4,000;

30433;2019.02.20 00:00:00;20,117;6,129;0,000;0,000;0,000;10,117;1,000;4,000;

30434;2019.02.20 01:00:00;20,002;6,008;0,000;0,000;0,000;10,117;1,000;4,000;

30435;2019.02.20 02:00:00;19,887;6,047;0,000;0,000;0,000;10,117;1,000;4,000;

30436;2019.02.20 03:00:00;19,820;5,664;0,000;0,000;0,000;10,117;1,000;4,000;

30437;2019.02.20 04:00:00;19,349;5,484;0,000;0,000;0,000;10,117;1,000;4,000;

30438;2019.02.20 05:00:00;19,053;5,501;0,000;0,000;0,000;10,117;1,000;4,000;

30439;2019.02.20 06:00:00;20,076;5,490;0,000;0,000;0,000;10,117;1,000;4,000;

30440;2019.02.20 07:00:00;19,853;5,298;0,000;0,000;0,000;10,117;1,000;4,000;

30441;2019.02.20 08:00:00;18,335;6,023;0,000;0,000;0,000;10,117;1,000;4,000;

30442;2019.02.20 09:00:00;17,983;6,345;0,000;0,000;0,000;10,117;1,000;4,000;

30443;2019.02.20 10:00:00;16,997;7,156;0,000;0,000;0,000;10,117;1,000;4,000;

30444;2019.02.20 11:00:00;17,173;7,759;0,000;0,000;0,000;10,117;1,000;4,000;

30445;2019.02.20 12:00:00;16,770;8,021;0,000;0,000;0,000;10,117;1,000;4,000;

30446;2019.02.20 13:00:00;15,761;8,323;0,000;0,000;0,000;10,117;1,000;4,000;

30447;2019.02.20 14:00:00;16,436;8,008;0,000;0,000;0,000;10,117;1,000;4,000;

30448;2019.02.20 15:00:00;18,335;8,114;0,000;0,000;0,000;10,117;1,000;4,000;

30449;2019.02.20 16:00:00;13,571;9990,000;0,000;0,000;0,000;10,117;1,000;4,000;

30450;2019.02.20 17:00:00;16,923;6,969;0,000;0,000;0,000;10,117;1,000;4,000;

30451;2019.02.20 18:00:00;15,927;6,708;0,000;0,000;0,000;10,117;1,000;4,000;

30452;2019.02.20 19:00:00;18,412;6,680;0,000;0,000;0,000;10,117;1,000;4,000;

30453;2019.02.20 20:00:00;16,686;6,631;0,000;0,000;0,000;10,117;1,000;4,000;

30454;2019.02.20 21:00:00;15,183;6,688;0,000;0,000;0,000;10,117;1,000;4,000;

30455;2019.02.20 22:00:00;16,850;6,337;0,000;0,000;0,000;10,117;1,000;4,000;

30456;2019.02.20 23:00:00;10,652;6,321;0,000;0,000;0,000;10,117;1,000;4,000;

30457;2019.02.21 00:00:00;15,547;6,434;0,000;0,000;0,000;10,183;1,000;4,000;

30458;2019.02.21 01:00:00;15,001;6,469;0,000;0,000;0,000;10,183;1,000;4,000;

30459;2019.02.21 02:00:00;15,927;6,611;0,000;0,000;0,000;10,183;1,000;4,000;

30460;2019.02.21 03:00:00;15,660;6,648;0,000;0,000;0,000;10,183;1,000;4,000;

30461;2019.02.21 04:00:00;15,741;6,640;0,000;0,000;0,000;10,183;1,000;4,000;

30462;2019.02.21 05:00:00;15,810;6,593;0,000;0,000;0,000;10,183;1,000;4,000;

30463;2019.02.21 06:00:00;16,399;6,628;0,000;0,000;0,000;10,183;1,000;4,000;

30464;2019.02.21 07:00:00;16,554;6,668;0,000;0,000;0,000;10,183;1,000;4,000;

30465;2019.02.21 08:00:00;16,124;6,872;0,000;0,000;0,000;10,183;1,000;4,000;

30466;2019.02.21 09:00:00;15,742;7,076;0,000;0,000;0,000;10,183;1,000;4,000;

30467;2019.02.21 10:00:00;16,850;7,446;0,000;0,000;0,000;10,183;1,000;4,000;

30468;2019.02.21 11:00:00;17,779;7,763;0,000;0,000;0,000;10,183;1,000;4,000;

30469;2019.02.21 12:00:00;15,964;7,733;0,000;0,000;0,000;10,183;1,000;4,000;

30470;2019.02.21 13:00:00;17,372;7,963;0,000;0,000;0,000;10,183;1,000;4,000;

30471;2019.02.21 14:00:00;17,779;7,981;0,000;0,000;0,000;10,183;1,000;4,000;

30472;2019.02.21 15:00:00;17,552;7,873;0,000;0,000;0,000;10,183;1,000;4,000;

30473;2019.02.21 16:00:00;18,182;7,539;0,000;0,000;0,000;10,183;1,000;4,000;

30474;2019.02.21 17:00:00;18,511;6,635;0,000;0,000;0,000;10,183;1,000;4,000;

30475;2019.02.21 18:00:00;18,964;6,474;0,000;0,000;0,000;10,183;1,000;4,000;

30476;2019.02.21 19:00:00;20,705;6,113;0,000;0,000;0,000;10,183;1,000;4,000;

30477;2019.02.21 20:00:00;20,560;5,707;0,000;0,000;0,000;10,183;1,000;4,000;

30478;2019.02.21 21:00:00;19,952;5,338;0,000;0,000;0,000;10,183;1,000;4,000;

30479;2019.02.21 22:00:00;3,565;4,950;0,000;0,000;0,000;10,183;1,000;4,000;

30480;2019.02.21 23:00:00;0,000;3,311;0,000;0,000;0,000;10,183;1,000;4,000;

30481;2019.02.22 00:00:00;22,321;1,549;0,000;0,000;0,000;10,267;2,000;4,000;

30482;2019.02.22 01:00:00;22,838;1,305;0,000;0,000;0,000;10,267;2,000;4,000;

30483;2019.02.22 02:00:00;22,965;0,749;0,000;0,000;0,000;10,267;2,000;4,000;

30484;2019.02.22 03:00:00;24,402;-0,024;0,000;0,000;0,000;10,267;2,000;4,000;

30485;2019.02.22 04:00:00;25,303;-0,853;0,000;0,000;0,000;10,267;2,000;4,000;

30486;2019.02.22 05:00:00;26,398;-1,389;0,000;0,000;0,000;10,267;2,000;4,000;

30487;2019.02.22 06:00:00;26,590;-1,829;0,000;0,000;0,000;10,267;2,000;4,000;

30488;2019.02.22 07:00:00;25,663;-1,731;0,000;0,000;0,000;10,267;2,000;4,000;

30489;2019.02.22 08:00:00;25,381;-0,774;0,000;0,000;0,000;10,267;2,000;4,000;

30490;2019.02.22 09:00:00;24,340;-0,161;0,000;0,000;0,000;10,267;2,000;4,000;

30491;2019.02.22 10:00:00;23,187;0,868;0,000;0,000;0,000;10,267;2,000;4,000;

30492;2019.02.22 11:00:00;22,467;1,699;0,000;0,000;0,000;10,267;2,000;4,000;

30493;2019.02.22 12:00:00;21,704;2,046;0,000;0,000;0,000;10,267;2,000;4,000;

30494;2019.02.22 13:00:00;20,824;2,147;0,000;0,000;0,000;10,267;2,000;4,000;

30495;2019.02.22 14:00:00;23,087;2,595;0,000;0,000;0,000;10,267;2,000;4,000;

30496;2019.02.22 15:00:00;22,668;2,285;0,000;0,000;0,000;10,267;2,000;4,000;

30497;2019.02.22 16:00:00;20,639;1,300;0,000;0,000;0,000;10,267;2,000;4,000;

30498;2019.02.22 17:00:00;27,605;-0,501;0,000;0,000;0,000;10,267;2,000;4,000;

30499;2019.02.22 18:00:00;27,962;-1,744;0,000;0,000;0,000;10,267;2,000;4,000;

30500;2019.02.22 19:00:00;26,394;-2,521;0,000;0,000;0,000;10,267;2,000;4,000;

30501;2019.02.22 20:00:00;29,130;-3,401;0,000;0,000;0,000;10,267;2,000;4,000;

30502;2019.02.22 21:00:00;30,236;-4,235;0,000;0,000;0,000;10,267;2,000;4,000;

30503;2019.02.22 22:00:00;28,796;-5,013;0,000;0,000;0,000;10,267;2,000;4,000;

30504;2019.02.22 23:00:00;20,643;-5,114;0,000;0,000;0,000;10,267;2,000;4,000;

30505;2019.02.23 00:00:00;31,404;-4,481;0,000;0,000;0,000;10,333;3,000;4,000;

30506;2019.02.23 01:00:00;28,755;-4,023;0,000;0,000;0,000;10,333;3,000;4,000;

30507;2019.02.23 02:00:00;29,076;-3,123;0,000;0,000;0,000;10,333;3,000;4,000;

30508;2019.02.23 03:00:00;29,015;-3,065;0,000;0,000;0,000;10,333;3,000;4,000;

30509;2019.02.23 04:00:00;28,058;-2,645;0,000;0,000;0,000;10,333;3,000;4,000;

30510;2019.02.23 05:00:00;28,521;-2,539;0,000;0,000;0,000;10,333;3,000;4,000;

30511;2019.02.23 06:00:00;26,854;-2,178;0,000;0,000;0,000;10,333;3,000;4,000;

30512;2019.02.23 07:00:00;27,965;-1,773;0,000;0,000;0,000;10,333;3,000;4,000;

30513;2019.02.23 08:00:00;27,502;-1,021;0,000;0,000;0,000;10,333;3,000;4,000;

30514;2019.02.23 09:00:00;26,113;-0,178;0,000;0,000;0,000;10,333;3,000;4,000;

30515;2019.02.23 10:00:00;24,909;1,047;0,000;0,000;0,000;10,333;3,000;4,000;

30516;2019.02.23 11:00:00;23,520;2,272;0,000;0,000;0,000;10,333;3,000;4,000;

30517;2019.02.23 12:00:00;23,520;3,453;0,000;0,000;0,000;10,333;3,000;4,000;

30518;2019.02.23 13:00:00;21,761;4,541;0,000;0,000;0,000;10,333;3,000;4,000;

30519;2019.02.23 14:00:00;22,733;5,258;0,000;0,000;0,000;10,333;3,000;4,000;

30520;2019.02.23 15:00:00;21,529;4,679;0,000;0,000;0,000;10,333;3,000;4,000;

30521;2019.02.23 16:00:00;21,761;3,862;0,000;0,000;0,000;10,333;3,000;4,000;

30522;2019.02.23 17:00:00;22,594;2,590;0,000;0,000;0,000;10,333;3,000;4,000;

30523;2019.02.23 18:00:00;24,724;0,954;0,000;0,000;0,000;10,333;3,000;4,000;

30524;2019.02.23 19:00:00;26,576;-0,034;0,000;0,000;0,000;10,333;3,000;4,000;

30525;2019.02.23 20:00:00;25,187;-0,426;0,000;0,000;0,000;10,333;3,000;4,000;

30526;2019.02.23 21:00:00;25,187;-0,437;0,000;0,000;0,000;10,333;3,000;4,000;

30527;2019.02.23 22:00:00;25,558;0,387;0,000;0,000;0,000;10,333;3,000;4,000;

30528;2019.02.23 23:00:00;16,020;0,788;0,000;0,000;0,000;10,333;3,000;4,000;

30529;2019.02.24 00:00:00;25,465;1,058;0,000;0,000;0,000;10,400;4,000;4,000;

30530;2019.02.24 01:00:00;25,002;1,454;0,000;0,000;0,000;10,400;4,000;4,000;

30531;2019.02.24 02:00:00;24,169;1,475;0,000;0,000;0,000;10,400;4,000;4,000;

30532;2019.02.24 03:00:00;23,428;1,568;0,000;0,000;0,000;10,400;4,000;4,000;

30533;2019.02.24 04:00:00;23,706;1,599;0,000;0,000;0,000;10,400;4,000;4,000;

30534;2019.02.24 05:00:00;23,520;1,395;0,000;0,000;0,000;10,400;4,000;4,000;

30535;2019.02.24 06:00:00;24,169;1,078;0,000;0,000;0,000;10,400;4,000;4,000;

30536;2019.02.24 07:00:00;24,632;0,824;0,000;0,000;0,000;10,400;4,000;4,000;

30537;2019.02.24 08:00:00;23,461;2,493;0,000;0,000;0,000;10,400;4,000;4,000;

30538;2019.02.24 09:00:00;21,357;4,662;0,000;0,000;0,000;10,400;4,000;4,000;

30539;2019.02.24 10:00:00;19,446;6,067;0,000;0,000;0,000;10,400;4,000;4,000;

30540;2019.02.24 11:00:00;16,946;8,287;0,000;0,000;0,000;10,400;4,000;4,000;

30541;2019.02.24 12:00:00;15,001;9,789;0,000;0,000;0,000;10,400;4,000;4,000;

30542;2019.02.24 13:00:00;14,446;10,959;0,000;0,000;0,000;10,400;4,000;4,000;

30543;2019.02.24 14:00:00;12,871;11,465;0,000;0,000;0,000;10,400;4,000;4,000;

30544;2019.02.24 15:00:00;12,501;11,934;0,000;0,000;0,000;10,400;4,000;4,000;

30545;2019.02.24 16:00:00;11,992;10,781;0,000;0,000;0,000;10,400;4,000;4,000;

30546;2019.02.24 17:00:00;14,955;8,341;0,000;0,000;0,000;10,400;4,000;4,000;

30547;2019.02.24 18:00:00;16,761;6,657;0,000;0,000;0,000;10,400;4,000;4,000;

30548;2019.02.24 19:00:00;19,503;5,417;0,000;0,000;0,000;10,400;4,000;4,000;

30549;2019.02.24 20:00:00;20,963;4,673;0,000;0,000;0,000;10,400;4,000;4,000;

30550;2019.02.24 21:00:00;22,039;3,272;0,000;0,000;0,000;10,400;4,000;4,000;

30551;2019.02.24 22:00:00;21,298;3,540;0,000;0,000;0,000;10,400;4,000;4,000;

30552;2019.02.24 23:00:00;13,427;3,570;0,000;0,000;0,000;10,400;4,000;4,000;

30553;2019.02.25 00:00:00;20,771;2,968;0,000;0,000;0,000;10,467;1,000;4,000;

30554;2019.02.25 01:00:00;20,557;1,330;0,000;0,000;0,000;10,467;1,000;4,000;

30555;2019.02.25 02:00:00;21,298;1,193;0,000;0,000;0,000;10,467;1,000;4,000;

30556;2019.02.25 03:00:00;20,418;2,520;0,000;0,000;0,000;10,467;1,000;4,000;

30557;2019.02.25 04:00:00;19,863;3,577;0,000;0,000;0,000;10,467;1,000;4,000;

30558;2019.02.25 05:00:00;19,076;3,868;0,000;0,000;0,000;10,467;1,000;4,000;

30559;2019.02.25 06:00:00;19,076;3,508;0,000;0,000;0,000;10,467;1,000;4,000;

30560;2019.02.25 07:00:00;19,539;3,417;0,000;0,000;0,000;10,467;1,000;4,000;

30561;2019.02.25 08:00:00;21,205;3,685;0,000;0,000;0,000;10,467;1,000;4,000;

30562;2019.02.25 09:00:00;18,242;4,305;0,000;0,000;0,000;10,467;1,000;4,000;

30563;2019.02.25 10:00:00;17,406;4,768;0,000;0,000;0,000;10,467;1,000;4,000;

30564;2019.02.25 11:00:00;16,023;6,146;0,000;0,000;0,000;10,467;1,000;4,000;

30565;2019.02.25 12:00:00;16,112;7,118;0,000;0,000;0,000;10,467;1,000;4,000;

30566;2019.02.25 13:00:00;15,760;8,415;0,000;0,000;0,000;10,467;1,000;4,000;

30567;2019.02.25 14:00:00;13,999;8,115;0,000;0,000;0,000;10,467;1,000;4,000;

30568;2019.02.25 15:00:00;13,670;8,344;0,000;0,000;0,000;10,467;1,000;4,000;

30569;2019.02.25 16:00:00;15,835;7,903;0,000;0,000;0,000;10,467;1,000;4,000;

30570;2019.02.25 17:00:00;19,585;6,652;0,000;0,000;0,000;10,467;1,000;4,000;

30571;2019.02.25 18:00:00;18,844;6,287;0,000;0,000;0,000;10,467;1,000;4,000;

30572;2019.02.25 19:00:00;18,890;6,759;0,000;0,000;0,000;10,467;1,000;4,000;

30573;2019.02.25 20:00:00;18,427;6,612;0,000;0,000;0,000;10,467;1,000;4,000;

30574;2019.02.25 21:00:00;18,705;6,369;0,000;0,000;0,000;10,467;1,000;4,000;

30575;2019.02.25 22:00:00;18,474;6,356;0,000;0,000;0,000;10,467;1,000;4,000;

30576;2019.02.25 23:00:00;11,899;7,017;0,000;0,000;0,000;10,467;1,000;4,000;

30577;2019.02.26 00:00:00;17,372;7,136;0,000;0,000;0,000;10,550;1,000;4,000;

30578;2019.02.26 01:00:00;17,909;7,008;0,000;0,000;0,000;10,550;1,000;4,000;

30579;2019.02.26 02:00:00;17,409;6,238;0,000;0,000;0,000;10,550;1,000;4,000;

30580;2019.02.26 03:00:00;17,594;5,819;0,000;0,000;0,000;10,550;1,000;4,000;

30581;2019.02.26 04:00:00;18,613;5,653;0,000;0,000;0,000;10,550;1,000;4,000;

30582;2019.02.26 05:00:00;18,307;5,611;0,000;0,000;0,000;10,550;1,000;4,000;

30583;2019.02.26 06:00:00;17,992;5,445;0,000;0,000;0,000;10,550;1,000;4,000;

30584;2019.02.26 07:00:00;17,409;5,481;0,000;0,000;0,000;10,550;1,000;4,000;

30585;2019.02.26 08:00:00;16,390;6,072;0,000;0,000;0,000;10,550;1,000;4,000;

30586;2019.02.26 09:00:00;16,205;6,873;0,000;0,000;0,000;10,550;1,000;4,000;

30587;2019.02.26 10:00:00;16,112;7,782;0,000;0,000;0,000;10,550;1,000;4,000;

30588;2019.02.26 11:00:00;14,668;8,615;0,000;0,000;0,000;10,550;1,000;4,000;

30589;2019.02.26 12:00:00;14,501;9,411;0,000;0,000;0,000;10,550;1,000;4,000;

30590;2019.02.26 13:00:00;13,334;10,129;0,000;0,000;0,000;10,550;1,000;4,000;

30591;2019.02.26 14:00:00;12,223;9,775;0,000;0,000;0,000;10,550;1,000;4,000;

30592;2019.02.26 15:00:00;12,271;9,216;0,000;0,000;0,000;10,550;1,000;4,000;

30593;2019.02.26 16:00:00;13,935;8,194;0,000;0,000;0,000;10,550;1,000;4,000;

30594;2019.02.26 17:00:00;18,705;5,899;0,000;0,000;0,000;10,550;1,000;4,000;

30595;2019.02.26 18:00:00;21,205;3,563;0,000;0,000;0,000;10,550;1,000;4,000;

30596;2019.02.26 19:00:00;21,113;1,614;0,000;0,000;0,000;10,550;1,000;4,000;

30597;2019.02.26 20:00:00;22,317;0,436;0,000;0,000;0,000;10,550;1,000;4,000;

30598;2019.02.26 21:00:00;24,261;-0,325;0,000;0,000;0,000;10,550;1,000;4,000;

30599;2019.02.26 22:00:00;19,909;-0,788;0,000;0,000;0,000;10,550;1,000;4,000;

30600;2019.02.26 23:00:00;5,556;-1,014;0,000;0,000;0,000;10,550;1,000;4,000;

30601;2019.02.27 00:00:00;21,544;-1,346;0,000;0,000;0,000;10,617;1,000;4,000;

30602;2019.02.27 01:00:00;22,812;-0,337;0,000;0,000;0,000;10,617;1,000;4,000;

30603;2019.02.27 02:00:00;22,687;-0,758;0,000;0,000;0,000;10,617;1,000;4,000;

30604;2019.02.27 03:00:00;22,780;-0,992;0,000;0,000;0,000;10,617;1,000;4,000;

30605;2019.02.27 04:00:00;22,502;0,851;0,000;0,000;0,000;10,617;1,000;4,000;

30606;2019.02.27 05:00:00;22,131;1,985;0,000;0,000;0,000;10,617;1,000;4,000;

30607;2019.02.27 06:00:00;20,630;2,459;0,000;0,000;0,000;10,617;1,000;4,000;

30608;2019.02.27 07:00:00;19,447;3,094;0,000;0,000;0,000;10,617;1,000;4,000;

30609;2019.02.27 08:00:00;19,187;3,913;0,000;0,000;0,000;10,617;1,000;4,000;

30610;2019.02.27 09:00:00;17,131;5,971;0,000;0,000;0,000;10,617;1,000;4,000;

30611;2019.02.27 10:00:00;15,372;8,616;0,000;0,000;0,000;10,617;1,000;4,000;

30612;2019.02.27 11:00:00;13,149;11,368;0,000;0,000;0,000;10,617;1,000;4,000;

30613;2019.02.27 12:00:00;11,390;12,674;0,000;0,000;0,000;10,617;1,000;4,000;

30614;2019.02.27 13:00:00;10,248;14,398;0,000;0,000;0,000;10,617;1,000;4,000;

30615;2019.02.27 14:00:00;9,939;15,341;0,000;0,000;0,000;10,617;1,000;4,000;

30616;2019.02.27 15:00:00;9,167;15,054;0,000;0,000;0,000;10,617;1,000;4,000;

30617;2019.02.27 16:00:00;9,723;13,994;0,000;0,000;0,000;10,617;1,000;4,000;

30618;2019.02.27 17:00:00;11,297;11,619;0,000;0,000;0,000;10,617;1,000;4,000;

30619;2019.02.27 18:00:00;13,612;9,613;0,000;0,000;0,000;10,617;1,000;4,000;

30620;2019.02.27 19:00:00;15,279;8,723;0,000;0,000;0,000;10,617;1,000;4,000;

30621;2019.02.27 20:00:00;15,186;7,825;0,000;0,000;0,000;10,617;1,000;4,000;

30622;2019.02.27 21:00:00;15,742;7,459;0,000;0,000;0,000;10,617;1,000;4,000;

30623;2019.02.27 22:00:00;16,112;6,663;0,000;0,000;0,000;10,617;1,000;4,000;

30624;2019.02.27 23:00:00;10,464;6,242;0,000;0,000;0,000;10,617;1,000;4,000;

30625;2019.02.28 00:00:00;15,835;6,655;0,000;0,000;0,000;10,683;1,000;4,000;

30626;2019.02.28 01:00:00;16,112;6,202;0,000;0,000;0,000;10,683;1,000;4,000;

30627;2019.02.28 02:00:00;15,835;5,987;0,000;0,000;0,000;10,683;1,000;4,000;

30628;2019.02.28 03:00:00;15,927;6,391;0,000;0,000;0,000;10,683;1,000;4,000;

30629;2019.02.28 04:00:00;15,464;5,499;0,000;0,000;0,000;10,683;1,000;4,000;

30630;2019.02.28 05:00:00;16,946;4,531;0,000;0,000;0,000;10,683;1,000;4,000;

30631;2019.02.28 06:00:00;17,501;5,121;0,000;0,000;0,000;10,683;1,000;4,000;

30632;2019.02.28 07:00:00;16,020;5,758;0,000;0,000;0,000;10,683;1,000;4,000;

30633;2019.02.28 08:00:00;17,038;6,735;0,000;0,000;0,000;10,683;1,000;4,000;

30634;2019.02.28 09:00:00;17,779;5,925;0,000;0,000;0,000;10,683;1,000;4,000;

30635;2019.02.28 10:00:00;17,548;6,395;0,000;0,000;0,000;10,683;1,000;4,000;

30636;2019.02.28 11:00:00;16,437;6,768;0,000;0,000;0,000;10,683;1,000;4,000;

30637;2019.02.28 12:00:00;15,835;7,795;0,000;0,000;0,000;10,683;1,000;4,000;

30638;2019.02.28 13:00:00;15,649;7,617;0,000;0,000;0,000;10,683;1,000;4,000;

30639;2019.02.28 14:00:00;14,260;6,853;0,000;0,000;0,000;10,683;1,000;4,000;

30640;2019.02.28 15:00:00;15,835;6,122;0,000;0,000;0,000;10,683;1,000;4,000;

30641;2019.02.28 16:00:00;17,594;5,486;0,000;0,000;0,000;10,683;1,000;4,000;

30642;2019.02.28 17:00:00;19,816;4,908;0,000;0,000;0,000;10,683;1,000;4,000;

30643;2019.02.28 18:00:00;19,539;3,872;0,000;0,000;0,000;10,683;1,000;4,000;

30644;2019.02.28 19:00:00;21,761;3,517;0,000;0,000;0,000;10,683;1,000;4,000;

30645;2019.02.28 20:00:00;23,057;3,268;0,000;0,000;0,000;10,683;1,000;4,000;

30646;2019.02.28 21:00:00;22,224;2,764;0,000;0,000;0,000;10,683;1,000;4,000;

30647;2019.02.28 22:00:00;20,650;1,958;0,000;0,000;0,000;10,683;1,000;4,000;

30648;2019.02.28 23:00:00;13,334;1,445;0,000;0,000;0,000;10,683;1,000;4,000;



